date,000300.SH_对_932000.CSI_相对强弱
2014-01-02,2.284392434398357
2014-01-03,2.2614216760853947
2014-01-06,2.2776830935036236
2014-01-07,2.2588992060043496
2014-01-08,2.249785699906814
2014-01-09,2.270635025895131
2014-01-10,2.2905458162976546
2014-01-13,2.2714825000359826
2014-01-14,2.2446723108262816
2014-01-15,2.2214149111505836
2014-01-16,2.217037187908958
2014-01-17,2.193931301826688
2014-01-20,2.1929980161707294
2014-01-21,2.173266166462048
2014-01-22,2.190069221849586
2014-01-23,2.15426002458797
2014-01-24,2.1453568241873513
2014-01-27,2.1177065470105987
2014-01-28,2.1286898141963926
2014-01-29,2.1138136786108563
2014-01-30,2.0974236101455705
2014-02-07,2.0693720574355474
2014-02-10,2.06524115097283
2014-02-11,2.0709814038073127
2014-02-12,2.0412573008762833
2014-02-13,2.068420025860309
2014-02-14,2.034495875394899
2014-02-17,2.0038924099133615
2014-02-18,1.9748766806346416
2014-02-19,1.99592041894811
2014-02-20,2.0116891423702787
2014-02-21,1.9903949541952146
2014-02-24,1.923351309436916
2014-02-25,1.9502098913792119
2014-02-26,1.9425729217418073
2014-02-27,1.9655380171562609
2014-02-28,1.966574290295499
2014-03-03,1.9330274135528926
2014-03-04,1.9252860265767324
2014-03-05,1.906553524440719
2014-03-06,1.909180100077557
2014-03-07,1.9087981064468695
2014-03-10,1.9196930448718448
2014-03-11,1.9379573806919188
2014-03-12,1.9488583400687902
2014-03-13,1.9481818736227177
2014-03-14,1.9334534601927371
2014-03-17,1.9052847554495245
2014-03-18,1.8867821132533609
2014-03-19,1.8618007921346253
2014-03-20,1.8859235853609893
2014-03-21,1.921504150712714
2014-03-24,1.9379525115918115
2014-03-25,1.9392497317795125
2014-03-26,1.9220782785067432
2014-03-27,1.9522190129593882
2014-03-28,2.0033047618825974
2014-03-31,2.008493992358888
2014-04-01,1.987939372818713
2014-04-02,2.010743750216106
2014-04-03,1.9884537849687591
2014-04-04,1.9871189760791637
2014-04-08,2.0168009959083744
2014-04-09,1.990843765693673
2014-04-10,2.0149315564625176
2014-04-11,2.0151827438774164
2014-04-14,1.992144745882257
2014-04-15,1.966036519238377
2014-04-16,1.9675577521048877
2014-04-17,1.9568757862279686
2014-04-18,1.945680155676874
2014-04-21,1.944296833706711
2014-04-22,1.9718152212489783
2014-04-23,1.9753176647295128
2014-04-24,1.9804061774940553
2014-04-25,2.0023015384876848
2014-04-28,2.0397780651024444
2014-04-29,2.0352009323301603
2014-04-30,2.015294571699525
2014-05-05,1.9824969696746828
2014-05-06,1.9660437403284805
2014-05-07,1.983484480902249
2014-05-08,1.978859935466157
2014-05-09,1.9919690613952523
2014-05-12,1.9959821325570317
2014-05-13,1.9911725087065935
2014-05-14,1.9821015492507577
2014-05-15,1.9950095080251788
2014-05-16,2.0023388512718823
2014-05-19,1.9787604946735182
2014-05-20,1.9641864797727242
2014-05-21,1.961124306747073
2014-05-22,1.9574901602696744
2014-05-23,1.9532606074888204
2014-05-26,1.929859392603114
2014-05-27,1.9191315323853446
2014-05-28,1.9172895815622197
2014-05-29,1.9265783666629868
2014-05-30,1.922135328786447
2014-06-03,1.9209185736233525
2014-06-04,1.9110150897778615
2014-06-05,1.905628670354281
2014-06-06,1.8940981101218097
2014-06-09,1.89671767964035
2014-06-10,1.8958536129866272
2014-06-11,1.8827113700896516
2014-06-12,1.8722821538882888
2014-06-13,1.876820608924342
2014-06-16,1.8793924702029707
2014-06-17,1.872413879105183
2014-06-18,1.8819591571184504
2014-06-19,1.9044154733404648
2014-06-20,1.8907335932617988
2014-06-23,1.8664658847038327
2014-06-24,1.8625403453828764
2014-06-25,1.8577773474002912
2014-06-26,1.8428806438689211
2014-06-27,1.8247815659092268
2014-06-30,1.8196631411389126
2014-07-01,1.8089149288283042
2014-07-02,1.8003002232227086
2014-07-03,1.801109137684237
2014-07-04,1.7958939243879692
2014-07-07,1.7873070092058727
2014-07-08,1.7752356887608969
2014-07-09,1.7736456647702301
2014-07-10,1.7604279944631696
2014-07-11,1.7510732615657172
2014-07-14,1.7466814180644354
2014-07-15,1.759284656449977
2014-07-16,1.7756052986106006
2014-07-17,1.7674308085351846
2014-07-18,1.7751022871540523
2014-07-21,1.7802616414571242
2014-07-22,1.7797194425212672
2014-07-23,1.801779371829687
2014-07-24,1.846174960753571
2014-07-25,1.8519053466631725
2014-07-28,1.8768634186983295
2014-07-29,1.8614556818508454
2014-07-30,1.8426146339729232
2014-07-31,1.8504336874606435
2014-08-01,1.8515537490632548
2014-08-04,1.8636597950477871
2014-08-05,1.8438590664194652
2014-08-06,1.8339410330183281
2014-08-07,1.8235461093817245
2014-08-08,1.812133100093882
2014-08-11,1.812430889717095
2014-08-12,1.7945238613494812
2014-08-13,1.7887835003389654
2014-08-14,1.7781149543369177
2014-08-15,1.7729923033777235
2014-08-18,1.7492781515375306
2014-08-19,1.7392267265067936
2014-08-20,1.730708858159612
2014-08-21,1.7191970297924808
2014-08-22,1.712494857876112
2014-08-25,1.7040045867532696
2014-08-26,1.7238842797249043
2014-08-27,1.7114807546237505
2014-08-28,1.7112703398998919
2014-08-29,1.7113884631883294
2014-09-01,1.688817189744731
2014-09-02,1.6832162785435663
2014-09-03,1.6822602214657014
2014-09-04,1.677417347636847
2014-09-05,1.6857830353412608
2014-09-09,1.6645157012758691
2014-09-10,1.638384420228991
2014-09-11,1.627900384443009
2014-09-12,1.6131303557343162
2014-09-15,1.5876827004538256
2014-09-16,1.609914246278434
2014-09-17,1.600309808840588
2014-09-18,1.5893229054632037
2014-09-19,1.5784046431387901
2014-09-22,1.558288193968403
2014-09-23,1.5440016884870151
2014-09-24,1.5471438842849325
2014-09-25,1.5387304716702837
2014-09-26,1.5260558016989856
2014-09-29,1.5132595418601464
2014-09-30,1.5017456730089946
2014-10-08,1.4920326151994159
2014-10-09,1.4886853662214403
2014-10-10,1.484479155997502
2014-10-13,1.4776320410640267
2014-10-14,1.475497887253951
2014-10-15,1.4791385474392815
2014-10-16,1.4836966629260566
2014-10-17,1.5072297872159184
2014-10-20,1.4904484100234527
2014-10-21,1.4880599775879018
2014-10-22,1.4972855736262811
2014-10-23,1.515510775246848
2014-10-24,1.5090319187191383
2014-10-27,1.4790454840927023
2014-10-28,1.4629074293376907
2014-10-29,1.4618703045294779
2014-10-30,1.472356604271598
2014-10-31,1.5012544144507778
2014-11-03,1.485695640854176
2014-11-04,1.4996206750420886
2014-11-05,1.4903734816002472
2014-11-06,1.4765966570769011
2014-11-07,1.48805542792418
2014-11-10,1.5198378969106192
2014-11-11,1.5760791896923698
2014-11-12,1.5736158442357373
2014-11-13,1.5936732700143061
2014-11-14,1.599312487708168
2014-11-17,1.5620665808486733
2014-11-18,1.5389235172422355
2014-11-19,1.5201890261106215
2014-11-20,1.5212714862967989
2014-11-21,1.5320426353513712
2014-11-24,1.558500921067292
2014-11-25,1.563326195926107
2014-11-26,1.5717137719772962
2014-11-27,1.5746783259790909
2014-11-28,1.604280374771251
2014-12-01,1.6289228174156167
2014-12-02,1.6746426692244247
2014-12-03,1.6966323875400005
2014-12-04,1.760529700730747
2014-12-05,1.8297426508389958
2014-12-08,1.9162045438506434
2014-12-09,1.9250089205317087
2014-12-10,1.9405286896880818
2014-12-11,1.89145501723339
2014-12-12,1.8744961145567376
2014-12-15,1.8539448539763177
2014-12-16,1.9161522359233605
2014-12-17,1.9841245147213848
2014-12-18,1.9873187764501508
2014-12-19,2.0507639339893915
2014-12-22,2.1919116747312724
2014-12-23,2.176770791140386
2014-12-24,2.0627108120160873
2014-12-25,2.1042313457774204
2014-12-26,2.1723749757440416
2014-12-29,2.230270721795486
2014-12-30,2.2689480782884126
2014-12-31,2.301439047023093
2015-01-05,2.3616904207957683
2015-01-06,2.315983288807087
2015-01-07,2.3239007966260425
2015-01-08,2.264075846555808
2015-01-09,2.270339351664112
2015-01-12,2.284207073210975
2015-01-13,2.246867576797526
2015-01-14,2.245802005229483
2015-01-15,2.297453653902777
2015-01-16,2.2874564763598197
2015-01-19,2.145074774619318
2015-01-20,2.0936878881599887
2015-01-21,2.145533035629215
2015-01-22,2.1243755545977887
2015-01-23,2.148144437106338
2015-01-26,2.1303425514134746
2015-01-27,2.096732863511434
2015-01-28,2.0701578877797706
2015-01-29,2.051599966649255
2015-01-30,2.04575660333841
2015-02-02,1.9979468676805485
2015-02-03,2.018032428289281
2015-02-04,1.9953472742266314
2015-02-05,1.980057961877833
2015-02-06,1.9805594945143308
2015-02-09,2.018953752980305
2015-02-10,2.040331445920311
2015-02-11,2.0286193953585636
2015-02-12,2.0123246684087186
2015-02-13,1.9962835067913536
2015-02-16,1.9746234683122037
2015-02-17,1.9759442643924032
2015-02-25,1.9455914547038125
2015-02-26,1.9807377798976966
2015-02-27,1.957850605324634
2015-03-02,1.926758187277066
2015-03-03,1.8773922984047062
2015-03-04,1.8488065982736062
2015-03-05,1.811130237651713
2015-03-06,1.8216058757749962
2015-03-09,1.8259308660329066
2015-03-10,1.7873518874967902
2015-03-11,1.7800336517558892
2015-03-12,1.830484478901413
2015-03-13,1.8184438857345988
2015-03-16,1.8034741422066818
2015-03-17,1.797870762316474
2015-03-18,1.8073381579079688
2015-03-19,1.7900690011281466
2015-03-20,1.7902396014811544
2015-03-23,1.7750063020246605
2015-03-24,1.75878411301135
2015-03-25,1.7145496701403409
2015-03-26,1.7424107516034042
2015-03-27,1.7380330555171073
2015-03-30,1.784464728412627
2015-03-31,1.7525627181238046
2015-04-01,1.7403733254916067
2015-04-02,1.6958058244986984
2015-04-03,1.6703869034208754
2015-04-07,1.6702171483344126
2015-04-08,1.6949027958656364
2015-04-09,1.6980082872232638
2015-04-10,1.684504784404034
2015-04-13,1.67433524288727
2015-04-14,1.674875467906954
2015-04-15,1.7134616391088506
2015-04-16,1.7506155890583976
2015-04-17,1.7754307967326708
2015-04-20,1.7858346965936112
2015-04-21,1.7587733937303383
2015-04-22,1.7467421519830706
2015-04-23,1.7241061164394191
2015-04-24,1.706950457561529
2015-04-27,1.7359342637474062
2015-04-28,1.765707502909202
2015-04-29,1.7342327092749759
2015-04-30,1.7127230758158132
2015-05-04,1.7081633432149101
2015-05-05,1.678013707416018
2015-05-06,1.6725805818854715
2015-05-07,1.673256683731923
2015-05-08,1.6363331695469994
2015-05-11,1.6078579067111474
2015-05-12,1.5827194629992707
2015-05-13,1.5457688259162232
2015-05-14,1.5142166240555026
2015-05-15,1.4887550145254105
2015-05-18,1.4259959871986572
2015-05-19,1.4318405081388037
2015-05-20,1.3938956882158404
2015-05-21,1.3635281534892465
2015-05-22,1.3792771761757925
2015-05-25,1.3995970188595437
2015-05-26,1.3721214258200165
2015-05-27,1.340242691646153
2015-05-28,1.309256571394058
2015-05-29,1.2903172754637355
2015-06-01,1.2863188545293602
2015-06-02,1.2478188003503456
2015-06-03,1.2280633897394575
2015-06-04,1.2540848880260604
2015-06-05,1.2549156371826282
2015-06-08,1.3187144955508805
2015-06-09,1.3076608263699936
2015-06-10,1.2743033309355942
2015-06-11,1.2455087397366975
2015-06-12,1.2279970803071587
2015-06-15,1.2144358815863923
2015-06-16,1.235465497633555
2015-06-17,1.228211540798282
2015-06-18,1.2151473253802871
2015-06-19,1.2285009303068621
2015-06-23,1.2764098561404515
2015-06-24,1.268724604390433
2015-06-25,1.2660595949575248
2015-06-26,1.267997741334227
2015-06-29,1.3233718460647974
2015-06-30,1.3702404986268943
2015-07-01,1.3868436696100128
2015-07-02,1.4344583552739094
2015-07-03,1.450370009021151
2015-07-06,1.5806632652314974
2015-07-07,1.6482011331123816
2015-07-08,1.587333795329551
2015-07-09,1.6339185639455178
2015-07-10,1.6585113100525655
2015-07-13,1.62156769181382
2015-07-14,1.5394740827198528
2015-07-15,1.5518234977516163
2015-07-16,1.554617989036815
2015-07-17,1.5383191576723783
2015-07-20,1.5004402387007956
2015-07-21,1.4626445447891971
2015-07-22,1.4318478270041866
2015-07-23,1.4146981264790157
2015-07-24,1.4028763428218236
2015-07-27,1.3707315838734777
2015-07-28,1.4251342018625315
2015-07-29,1.4044218226100467
2015-07-30,1.4004469861761253
2015-07-31,1.4348369544173114
2015-08-03,1.5212948319360584
2015-08-04,1.4793123611466332
2015-08-05,1.4533277463767247
2015-08-06,1.441912766844626
2015-08-07,1.4182692209958214
2015-08-10,1.414790389318053
2015-08-11,1.3900398601657231
2015-08-12,1.3902067168274597
2015-08-13,1.372129099750567
2015-08-14,1.3515880032587766
2015-08-17,1.328508623783487
2015-08-18,1.3334505249046034
2015-08-19,1.3225097663561451
2015-08-20,1.3283617541708648
2015-08-21,1.336168486206371
2015-08-24,1.311693847805618
2015-08-25,1.3053455296070702
2015-08-26,1.3492546125592895
2015-08-27,1.392925190806923
2015-08-28,1.374180028723741
2015-08-31,1.42925442240524
2015-09-01,1.5122627004677103
2015-09-02,1.5794731991862163
2015-09-07,1.500431436613992
2015-09-08,1.472202069493634
2015-09-09,1.442972985719162
2015-09-10,1.444016859789392
2015-09-11,1.425225181034319
2015-09-14,1.4928091661810265
2015-09-15,1.5116094526376675
2015-09-16,1.4979996483654332
2015-09-17,1.4954031002394494
2015-09-18,1.491466441544956
2015-09-21,1.4696081010059003
2015-09-22,1.4698062514317167
2015-09-23,1.4453941086533861
2015-09-24,1.4349393723752562
2015-09-25,1.468607208234321
2015-09-28,1.441468338506435
2015-09-29,1.4358338296950812
2015-09-30,1.4503395901516751
2015-10-08,1.4402168048201762
2015-10-09,1.436065260968073
2015-10-12,1.4218279149023
2015-10-13,1.3976296173686877
2015-10-14,1.3937662471155794
2015-10-15,1.3862486459305678
2015-10-16,1.383020052207064
2015-10-19,1.3764562704186707
2015-10-20,1.3685167110043508
2015-10-21,1.4165187512872328
2015-10-22,1.3843718509967518
2015-10-23,1.359483820836469
2015-10-26,1.352706278542702
2015-10-27,1.3465325940410129
2015-10-28,1.3488469564614451
2015-10-29,1.335820486139768
2015-10-30,1.3388981863751694
2015-11-02,1.3484986112951718
2015-11-03,1.343701290483279
2015-11-04,1.3427382502095033
2015-11-05,1.3698840180024783
2015-11-06,1.3620116419153618
2015-11-09,1.3555340956990687
2015-11-10,1.3413988756674602
2015-11-11,1.311893032988604
2015-11-12,1.2881374840875999
2015-11-13,1.2998716555147827
2015-11-16,1.271560770611608
2015-11-17,1.2785166610514789
2015-11-18,1.2849763288257123
2015-11-19,1.2685756282273333
2015-11-20,1.2403925920392695
2015-11-23,1.2369003743785896
2015-11-24,1.219878189244138
2015-11-25,1.202572022614902
2015-11-26,1.1994666156688252
2015-11-27,1.2054494565349818
2015-11-30,1.1951071013561223
2015-12-01,1.2049225385948354
2015-12-02,1.2684808277275985
2015-12-03,1.2383018034632964
2015-12-04,1.2075265285531738
2015-12-07,1.1879760987774592
2015-12-08,1.185199799429851
2015-12-09,1.19757110271099
2015-12-10,1.1976117208920178
2015-12-11,1.2050397160668025
2015-12-14,1.2184478603403663
2015-12-15,1.1956370052358474
2015-12-16,1.1775343794214175
2015-12-17,1.1620481405469176
2015-12-18,1.1680245266027771
2015-12-21,1.1891529079004424
2015-12-22,1.1771449717168143
2015-12-23,1.1850880847990635
2015-12-24,1.167955853038701
2015-12-25,1.1610953595675313
2015-12-28,1.1591290746885
2015-12-29,1.156579991396381
2015-12-30,1.1450317983190743
2015-12-31,1.15830328868309
2016-01-04,1.1747004223998534
2016-01-05,1.211216196215105
2016-01-06,1.1959302787573975
2016-01-07,1.2133554835140632
2016-01-08,1.23243120136704
2016-01-11,1.2619284846690972
2016-01-12,1.2706605280639787
2016-01-13,1.2991047646827842
2016-01-14,1.2790972897992234
2016-01-15,1.2866822718413622
2016-01-18,1.2599770673170552
2016-01-19,1.2477814702623367
2016-01-20,1.2311829564690588
2016-01-21,1.2494170344856808
2016-01-22,1.2395296506737752
2016-01-25,1.2287249364261885
2016-01-26,1.2478008131199096
2016-01-27,1.259516113336992
2016-01-28,1.2897297825946266
2016-01-29,1.2844504592903363
2016-02-01,1.2775464272158625
2016-02-02,1.2553294940659618
2016-02-03,1.239482173439648
2016-02-04,1.2236649694003792
2016-02-05,1.2264884209031321
2016-02-15,1.2177968625817657
2016-02-16,1.2066538578226256
2016-02-17,1.1980026223466846
2016-02-18,1.1952419273084949
2016-02-19,1.185367100276622
2016-02-22,1.1856607720336703
2016-02-23,1.1802166980685573
2016-02-24,1.1887088566328334
2016-02-25,1.2097130243740537
2016-02-26,1.224259047535517
2016-02-29,1.2763433109275375
2016-03-01,1.2743096713515811
2016-03-02,1.2670487191683653
2016-03-03,1.2680520221002007
2016-03-04,1.3328614157604732
2016-03-07,1.3036582581336311
2016-03-08,1.2930378555479662
2016-03-09,1.305634651368631
2016-03-10,1.3038312611510479
2016-03-11,1.3080833188762864
2016-03-14,1.2802874949134129
2016-03-15,1.2922225530642473
2016-03-16,1.3113438441165677
2016-03-17,1.2810256442217929
2016-03-18,1.254532357523586
2016-03-21,1.2521263149555246
2016-03-22,1.243948055738203
2016-03-23,1.23409052565874
2016-03-24,1.22693478030513
2016-03-25,1.2249835644374034
2016-03-28,1.219029497043004
2016-03-29,1.2318199865370048
2016-03-30,1.216738582144974
2016-03-31,1.204329502437634
2016-04-01,1.207951021722983
2016-04-05,1.1921414656834133
2016-04-06,1.1813264317618506
2016-04-07,1.1834216185346966
2016-04-08,1.1857068710853373
2016-04-11,1.1767365065200017
2016-04-12,1.1796973425147244
2016-04-13,1.1778703189623911
2016-04-14,1.164450359258102
2016-04-15,1.1593206240509146
2016-04-18,1.1561553660462194
2016-04-19,1.1550038536355376
2016-04-20,1.1853835410581814
2016-04-21,1.1940727343149007
2016-04-22,1.1893771788990954
2016-04-25,1.1874483665339093
2016-04-26,1.1778736545121602
2016-04-27,1.1742619691028826
2016-04-28,1.1752735541400325
2016-04-29,1.1711144103482194
2016-05-03,1.158646135381486
2016-05-04,1.1547860439432769
2016-05-05,1.1474728191403523
2016-05-06,1.165463316206189
2016-05-09,1.1962904256701972
2016-05-10,1.204056812766097
2016-05-11,1.2256577624635923
2016-05-12,1.2382649352564457
2016-05-13,1.2348601345805081
2016-05-16,1.2181273522616836
2016-05-17,1.2150205646280208
2016-05-18,1.2508421273820254
2016-05-19,1.241299534536011
2016-05-20,1.2362129362717988
2016-05-23,1.2178549120592241
2016-05-24,1.2200735838173749
2016-05-25,1.221687574258264
2016-05-26,1.2193007179332174
2016-05-27,1.2155931683211703
2016-05-30,1.2222104608249622
2016-05-31,1.2171580604008523
2016-06-01,1.200581178251574
2016-06-02,1.1895494292370703
2016-06-03,1.1946889527647822
2016-06-06,1.1850094411915093
2016-06-07,1.1787846679100156
2016-06-08,1.1753583939096854
2016-06-13,1.2028172524576752
2016-06-14,1.2021092676324705
2016-06-15,1.1754202498415858
2016-06-16,1.1643898415104539
2016-06-17,1.1629743418246383
2016-06-20,1.1592216529950727
2016-06-21,1.1698020446094906
2016-06-22,1.16003499544031
2016-06-23,1.1598929464727528
2016-06-24,1.1524467339578677
2016-06-27,1.141558193655858
2016-06-28,1.1317953567324457
2016-06-29,1.133066373584777
2016-06-30,1.1336989490196527
2016-07-01,1.1352885787611504
2016-07-04,1.1337897154569008
2016-07-05,1.1284102940816894
2016-07-06,1.126922010726837
2016-07-07,1.123921068523154
2016-07-08,1.1187965778205724
2016-07-11,1.1320807488054474
2016-07-12,1.1493506600673102
2016-07-13,1.14512473640667
2016-07-14,1.1400707688120808
2016-07-15,1.1434546136003942
2016-07-18,1.1434592350968786
2016-07-19,1.130902525386549
2016-07-20,1.1227157680423496
2016-07-21,1.1272387359570948
2016-07-22,1.1286623734391252
2016-07-25,1.129648036903569
2016-07-26,1.130316184415471
2016-07-27,1.1718531636845293
2016-07-28,1.1771892608781693
2016-07-29,1.1797313769888838
2016-08-01,1.1903033642497336
2016-08-02,1.1829370924563696
2016-08-03,1.1778283675450478
2016-08-04,1.1715981766877825
2016-08-05,1.1813134427377519
2016-08-08,1.1829628115347481
2016-08-09,1.1773401459678814
2016-08-10,1.1742935102247296
2016-08-11,1.189814760639854
2016-08-12,1.2024902485287787
2016-08-15,1.2139831022355176
2016-08-16,1.1971258519600823
2016-08-17,1.1888193488139183
2016-08-18,1.1840893513663895
2016-08-19,1.181907618637278
2016-08-22,1.1867539519699655
2016-08-23,1.1836240006687002
2016-08-24,1.1728527801786635
2016-08-25,1.1712427638249223
2016-08-26,1.164036866896666
2016-08-29,1.16065035386563
2016-08-30,1.1607503102180279
2016-08-31,1.164040871279814
2016-09-01,1.1610506738755284
2016-09-02,1.171018620003171
2016-09-05,1.16636635110959
2016-09-06,1.1559459099246177
2016-09-07,1.15269671435168
2016-09-08,1.1469498844194095
2016-09-09,1.1457829995199724
2016-09-12,1.1605607294455702
2016-09-13,1.1452421244193234
2016-09-14,1.1434741599715714
2016-09-19,1.137918413204401
2016-09-20,1.1334058409831942
2016-09-21,1.132554131159031
2016-09-22,1.132751763057564
2016-09-23,1.1303403754450996
2016-09-26,1.1375936369891937
2016-09-27,1.1373899076921177
2016-09-28,1.1358713048960247
2016-09-29,1.1377635586004515
2016-09-30,1.1338294422305397
2016-10-10,1.1223113542360048
2016-10-11,1.116421027909333
2016-10-12,1.111676795696247
2016-10-13,1.1073657922567341
2016-10-14,1.107819406282047
2016-10-17,1.1095547470949187
2016-10-18,1.1038103701994246
2016-10-19,1.1004318018564823
2016-10-20,1.097296067816021
2016-10-21,1.1051442239547833
2016-10-24,1.110587781039824
2016-10-25,1.1055034458193433
2016-10-26,1.104329975136448
2016-10-27,1.09861543775525
2016-10-28,1.108820365936732
2016-10-31,1.1076438592038935
2016-11-01,1.0985588038653895
2016-11-02,1.0933915128002996
2016-11-03,1.0955599784891499
2016-11-04,1.094899639759589
2016-11-07,1.0947730928196782
2016-11-08,1.0922274674957844
2016-11-09,1.0931438568518055
2016-11-10,1.087919508998551
2016-11-11,1.09163404967409
2016-11-14,1.091327791486083
2016-11-15,1.0832111805789215
2016-11-16,1.082604463948093
2016-11-17,1.0883336633295873
2016-11-18,1.081871877092939
2016-11-21,1.0833838067126582
2016-11-22,1.0809464857012911
2016-11-23,1.0889410179769827
2016-11-24,1.0981409472074988
2016-11-25,1.1091333819408198
2016-11-28,1.117172897188878
2016-11-29,1.144924316349154
2016-11-30,1.1395809796064666
2016-12-01,1.1428693064725532
2016-12-02,1.154444473632153
2016-12-05,1.1418339102828619
2016-12-06,1.133474261509857
2016-12-07,1.1241102801311191
2016-12-08,1.1285713914030462
2016-12-09,1.140596629551547
2016-12-12,1.1796116669461276
2016-12-13,1.170587710724218
2016-12-14,1.1645469432370847
2016-12-15,1.1368792666787713
2016-12-16,1.1247762485457207
2016-12-19,1.118656464090336
2016-12-20,1.1096561859451304
2016-12-21,1.1099567449018426
2016-12-22,1.111912682537781
2016-12-23,1.1171577453780777
2016-12-26,1.1149368693622692
2016-12-27,1.106898967849822
2016-12-28,1.1058908793883861
2016-12-29,1.1083544122222366
2016-12-30,1.112505282590618
2017-01-03,1.1108543667551798
2017-01-04,1.1048369635578914
2017-01-05,1.1035200331076733
2017-01-06,1.1074977657612664
2017-01-09,1.1091853526791833
2017-01-10,1.1092596832140535
2017-01-11,1.1156095622776303
2017-01-12,1.121169962231081
2017-01-13,1.1451195232865523
2017-01-16,1.2002582938956705
2017-01-17,1.1884459343246372
2017-01-18,1.1986946605735558
2017-01-19,1.2031308390731255
2017-01-20,1.1915658712461814
2017-01-23,1.181439248527161
2017-01-24,1.184873454760012
2017-01-25,1.187570470025307
2017-01-26,1.1848390319053095
2017-02-03,1.180144766860631
2017-02-06,1.1675473215573173
2017-02-07,1.159950027183489
2017-02-08,1.1560367542629715
2017-02-09,1.148833287047952
2017-02-10,1.1577469665114588
2017-02-13,1.158573574255993
2017-02-14,1.16076246574863
2017-02-15,1.16750327121106
2017-02-16,1.166088649131371
2017-02-17,1.1713305918402797
2017-02-20,1.1823491523249674
2017-02-21,1.1765474310539583
2017-02-22,1.1729795573054747
2017-02-23,1.1704366683424627
2017-02-24,1.166536782887995
2017-02-27,1.1661511422991069
2017-02-28,1.1640991582423017
2017-03-01,1.1618257450986598
2017-03-02,1.1614986665963363
2017-03-03,1.1559028348572606
2017-03-06,1.1486468966726247
2017-03-07,1.146616330438937
2017-03-08,1.1485831926772698
2017-03-09,1.1483682230880083
2017-03-10,1.1483589304648019
2017-03-13,1.1520345326057175
2017-03-14,1.151901228821399
2017-03-15,1.15707228985051
2017-03-16,1.1501699549219466
2017-03-17,1.145210350415636
2017-03-20,1.1428300810092489
2017-03-21,1.1451511615134238
2017-03-22,1.14687231527746
2017-03-23,1.1510003243234797
2017-03-24,1.1593787807683844
2017-03-27,1.1582824001104053
2017-03-28,1.158739313173122
2017-03-29,1.1685297522271727
2017-03-30,1.1901481622361318
2017-03-31,1.1974947810392642
2017-04-05,1.1923141171061695
2017-04-06,1.1901182421219558
2017-04-07,1.192638177343735
2017-04-10,1.2059168290346545
2017-04-11,1.2036297568114402
2017-04-12,1.2129348777558373
2017-04-13,1.2123725976321011
2017-04-14,1.2224981230391492
2017-04-17,1.245695414851265
2017-04-18,1.2534451124028827
2017-04-19,1.2668091136774495
2017-04-20,1.2817230280012692
2017-04-21,1.2925116464633575
2017-04-24,1.32493298028134
2017-04-25,1.323782752278387
2017-04-26,1.3204542044264866
2017-04-27,1.3126262772248776
2017-04-28,1.299305626144269
2017-05-02,1.2901716159101317
2017-05-03,1.2865539580176988
2017-05-04,1.2859983032339752
2017-05-05,1.2936173770257577
2017-05-08,1.31548954981231
2017-05-09,1.3066311562632744
2017-05-10,1.3218401998224978
2017-05-11,1.340633895566982
2017-05-12,1.3554036561136642
2017-05-15,1.3568444430766335
2017-05-16,1.339777807015285
2017-05-17,1.325523111700394
2017-05-18,1.3296155026617253
2017-05-19,1.3349937563529242
2017-05-22,1.369546586940089
2017-05-23,1.4205964358159533
2017-05-24,1.4145244420099066
2017-05-25,1.4335993717537263
2017-05-26,1.4308331959548652
2017-05-31,1.4401310550226178
2017-06-01,1.4864248191179246
2017-06-02,1.4661002103122909
2017-06-05,1.444927685588079
2017-06-06,1.4510707732350667
2017-06-07,1.4336356180258591
2017-06-08,1.4432288087872047
2017-06-09,1.4469666068877267
2017-06-12,1.4764771672439196
2017-06-13,1.4557346849713604
2017-06-14,1.4345229291448964
2017-06-15,1.4127190944230628
2017-06-16,1.4127485059441245
2017-06-19,1.4186908769065953
2017-06-20,1.4148881594146994
2017-06-21,1.4313857931103762
2017-06-22,1.464549733485534
2017-06-23,1.476072732683403
2017-06-26,1.476985216908045
2017-06-27,1.4751963146699913
2017-06-28,1.4784689049538773
2017-06-29,1.4829370969124038
2017-06-30,1.479607288059076
2017-07-03,1.4604615492809114
2017-07-04,1.4495118587208242
2017-07-05,1.454071127946262
2017-07-06,1.450926310707819
2017-07-07,1.4417006734126365
2017-07-10,1.4518939621227445
2017-07-11,1.47910701762268
2017-07-12,1.475335487666242
2017-07-13,1.4873351708053897
2017-07-14,1.5032007458414296
2017-07-17,1.581837372312948
2017-07-18,1.5684355055771877
2017-07-19,1.5760011868560009
2017-07-20,1.5786998592521198
2017-07-21,1.573047086899369
2017-07-24,1.5683504681650255
2017-07-25,1.5620578369250084
2017-07-26,1.5551001308161676
2017-07-27,1.534410745668803
2017-07-28,1.5398189902787092
2017-07-31,1.536521093824731
2017-08-01,1.5499314605210874
2017-08-02,1.5620008882281609
2017-08-03,1.5402956257492402
2017-08-04,1.5381553915555486
2017-08-07,1.5346379063998048
2017-08-08,1.5339990339481089
2017-08-09,1.5273117869337174
2017-08-10,1.53500222530496
2017-08-11,1.528639348267883
2017-08-14,1.5213210745376209
2017-08-15,1.5188015207946202
2017-08-16,1.5082203539420587
2017-08-17,1.5057632328163162
2017-08-18,1.511044611229652
2017-08-21,1.5058240988588565
2017-08-22,1.5199876271815072
2017-08-23,1.5270333010641983
2017-08-24,1.527907994114112
2017-08-25,1.5383691081331896
2017-08-28,1.540154843057958
2017-08-29,1.53577253567397
2017-08-30,1.532251077666733
2017-08-31,1.5203592320359518
2017-09-01,1.514859753586332
2017-09-04,1.5130895898610521
2017-09-05,1.5170020372891684
2017-09-06,1.5104568568551286
2017-09-07,1.5053558666868645
2017-09-08,1.499450794266282
2017-09-11,1.4854119296004777
2017-09-12,1.4959620803350888
2017-09-13,1.4903606483977736
2017-09-14,1.485979446065418
2017-09-15,1.4947602388809527
2017-09-18,1.4886349097596556
2017-09-19,1.488583296589255
2017-09-20,1.4802870599428308
2017-09-21,1.492328317412399
2017-09-22,1.4967246999583514
2017-09-25,1.5086593596620228
2017-09-26,1.5110698222582113
2017-09-27,1.4987543653691882
2017-09-28,1.507169024982873
2017-09-29,1.49854206144243
2017-10-09,1.4999339902064417
2017-10-10,1.4897621984298732
2017-10-11,1.4978252733146022
2017-10-12,1.5037904577464842
2017-10-13,1.5020117601991956
2017-10-16,1.533960995345255
2017-10-17,1.5328478865012103
2017-10-18,1.5616719574834124
2017-10-19,1.5757312466113007
2017-10-20,1.5543856167163352
2017-10-23,1.5455639819091702
2017-10-24,1.569572823088232
2017-10-25,1.5648145076887598
2017-10-26,1.5636608230405853
2017-10-27,1.5863482706199428
2017-10-30,1.6233617230819954
2017-10-31,1.6079162322204796
2017-11-01,1.6028166762596112
2017-11-02,1.6233618739489066
2017-11-03,1.6349186993284779
2017-11-06,1.6319692601768925
2017-11-07,1.6413627826816393
2017-11-08,1.6328789474883731
2017-11-09,1.6337935004204838
2017-11-10,1.6467435363820238
2017-11-13,1.6556955919732599
2017-11-14,1.657278114757107
2017-11-15,1.6589375382163836
2017-11-16,1.6778709830181568
2017-11-17,1.7553496654491656
2017-11-20,1.7647864192521752
2017-11-21,1.7997581291841578
2017-11-22,1.8074870814274318
2017-11-23,1.7907334356801665
2017-11-24,1.787018891650368
2017-11-27,1.7816343843528768
2017-11-28,1.760290552592097
2017-11-29,1.7548767790584983
2017-11-30,1.7389946203629225
2017-12-01,1.7187041241386463
2017-12-04,1.752141315766711
2017-12-05,1.8114787490670603
2017-12-06,1.7851452230990834
2017-12-07,1.7659768248992138
2017-12-08,1.7617360420396744
2017-12-11,1.7761550027605801
2017-12-12,1.7730506576971388
2017-12-13,1.7760599699892203
2017-12-14,1.7630139554859678
2017-12-15,1.7441940900480155
2017-12-18,1.7570962318354444
2017-12-19,1.768788235691189
2017-12-20,1.7857845342825642
2017-12-21,1.8018789939151982
2017-12-22,1.7993337767248057
2017-12-25,1.8181849713915945
2017-12-26,1.8074862137354906
2017-12-27,1.787217096137698
2017-12-28,1.792499684776936
2017-12-29,1.7849214451307973
2018-01-02,1.7949782693690082
2018-01-03,1.7908295196356971
2018-01-04,1.7980053816330324
2018-01-05,1.8018404173207747
2018-01-08,1.8114372637547478
2018-01-09,1.8268389224134416
2018-01-10,1.8505480644905925
2018-01-11,1.839724665076806
2018-01-12,1.8569841266352993
2018-01-15,1.9044402405399414
2018-01-16,1.9080532500108205
2018-01-17,1.9026858397919717
2018-01-18,1.9067232375367218
2018-01-19,1.9176977611901895
2018-01-22,1.9314725458245097
2018-01-23,1.9493747194162552
2018-01-24,1.9452648866392745
2018-01-25,1.9365913409189248
2018-01-26,1.9516207545240118
2018-01-29,1.9419911799122218
2018-01-30,1.9242612049582897
2018-01-31,1.9841474184103274
2018-02-01,2.0595209078175345
2018-02-02,2.0955510405456006
2018-02-05,2.109791486290774
2018-02-06,2.1583364754668044
2018-02-07,2.0966819241512558
2018-02-08,2.0494680181009013
2018-02-09,2.017111600527679
2018-02-12,1.9939945983164886
2018-02-13,2.0171728905799324
2018-02-14,2.0263265646795228
2018-02-22,2.039372391521067
2018-02-23,2.040990220105285
2018-02-26,2.0220997258315396
2018-02-27,1.9885510061606673
2018-02-28,1.9672587009938918
2018-03-01,1.9536914548592297
2018-03-02,1.9460723648451368
2018-03-05,1.9355780229622028
2018-03-06,1.937369667929212
2018-03-07,1.9321485315511941
2018-03-08,1.9324633551858652
2018-03-09,1.918178618212511
2018-03-12,1.898185738606872
2018-03-13,1.8895336018266238
2018-03-14,1.89872866797113
2018-03-15,1.9276430779302998
2018-03-16,1.9078530545561847
2018-03-19,1.9082877176183302
2018-03-20,1.9024647337317195
2018-03-21,1.9042883941364026
2018-03-22,1.8806125212661506
2018-03-23,1.9328361267442713
2018-03-26,1.896476323135435
2018-03-27,1.8637886977484428
2018-03-28,1.8355447481429912
2018-03-29,1.8424060815466703
2018-03-30,1.8172616794034326
2018-04-02,1.8052674036726697
2018-04-03,1.8103277387778656
2018-04-04,1.8102890733252868
2018-04-09,1.8035038703258295
2018-04-10,1.8380952742015986
2018-04-11,1.8270815756513294
2018-04-12,1.8166694897029847
2018-04-13,1.8113402046901903
2018-04-16,1.7949595214764569
2018-04-17,1.8084847036951521
2018-04-18,1.8000570278074126
2018-04-19,1.8187873971355113
2018-04-20,1.8367778688849252
2018-04-23,1.8527079441782015
2018-04-24,1.8476612149883145
2018-04-25,1.830531709800668
2018-04-26,1.8319693420875798
2018-04-27,1.8311785529918916
2018-05-02,1.8445284372998132
2018-05-03,1.8403211192878364
2018-05-04,1.830979582816239
2018-05-07,1.8237129968244974
2018-05-08,1.8304970848591304
2018-05-09,1.825065456925235
2018-05-10,1.8217230086266434
2018-05-11,1.8353248679605623
2018-05-14,1.867359720886731
2018-05-15,1.8521049305593542
2018-05-16,1.845218857497899
2018-05-17,1.8335389157122683
2018-05-18,1.8427444196750524
2018-05-21,1.8252267346950268
2018-05-22,1.808953099855282
2018-05-23,1.8027782254681255
2018-05-24,1.789142925715323
2018-05-25,1.7971868936433517
2018-05-28,1.819808840452562
2018-05-29,1.823272200980855
2018-05-30,1.8585078727613973
2018-05-31,1.8624884206013763
2018-06-01,1.8650266526067936
2018-06-04,1.8877502519221068
2018-06-05,1.876255127256475
2018-06-06,1.8655168997352831
2018-06-07,1.8796966745916888
2018-06-08,1.873443050267305
2018-06-11,1.8903066757301807
2018-06-12,1.9031973109374787
2018-06-13,1.9206776870641313
2018-06-14,1.9184514425860761
2018-06-15,1.9641875741947197
2018-06-19,2.0438837801906233
2018-06-20,2.0226813108357757
2018-06-21,2.0568331490771468
2018-06-22,2.03529907590242
2018-06-25,2.0060994708157605
2018-06-26,1.9641766815570785
2018-06-27,1.9303879188635558
2018-06-28,1.9320005760687888
2018-06-29,1.9261390178183733
2018-07-02,1.8906839111298108
2018-07-03,1.8586572154979322
2018-07-04,1.8740658495036584
2018-07-05,1.919982764926499
2018-07-06,1.9272078611178085
2018-07-09,1.9367005760692395
2018-07-10,1.9195441940206257
2018-07-11,1.9308147644307527
2018-07-12,1.9239018667738417
2018-07-13,1.9258470868382214
2018-07-16,1.9125670559331052
2018-07-17,1.892687158274001
2018-07-18,1.8916147164699826
2018-07-19,1.9135659311282307
2018-07-20,1.9310725994249285
2018-07-23,1.9390335350617327
2018-07-24,1.938944065637188
2018-07-25,1.9337285121966024
2018-07-26,1.9153279124001992
2018-07-27,1.9196482445372873
2018-07-30,1.9490303751324645
2018-07-31,1.9493242616075495
2018-08-01,1.9392967766520335
2018-08-02,1.9490294394426504
2018-08-03,1.9402427723513505
2018-08-06,1.9528806138251948
2018-08-07,1.9572674604722975
2018-08-08,1.9561486697953565
2018-08-09,1.960538217407153
2018-08-10,1.9530166481546964
2018-08-13,1.9405146111643472
2018-08-14,1.9295402319431918
2018-08-15,1.9171605875965327
2018-08-16,1.9270413369144663
2018-08-17,1.9368839736488
2018-08-20,1.9477881269004684
2018-08-21,1.962099641063607
2018-08-22,1.9748295909957039
2018-08-23,1.9670287650253617
2018-08-24,1.9772251935092415
2018-08-27,1.9871267414764513
2018-08-28,1.9797930905541647
2018-08-29,1.9830839848997277
2018-08-30,1.993274804911705
2018-08-31,2.005668073810671
2018-09-03,2.0024311350700184
2018-09-04,2.0026701090136747
2018-09-05,1.9909262801461054
2018-09-06,1.9757721400380115
2018-09-07,1.9805343915056173
2018-09-10,1.991132987495825
2018-09-11,1.9796610544134672
2018-09-12,1.9646799664203085
2018-09-13,1.9681490491690314
2018-09-14,1.9936582278605555
2018-09-17,2.0040929508935315
2018-09-18,2.0115201379539642
2018-09-19,2.0151255370604404
2018-09-20,2.020054411240596
2018-09-21,2.05842076905532
2018-09-25,2.0457946165974032
2018-09-26,2.0614600488960444
2018-09-27,2.092862203910274
2018-09-28,2.094344772900221
2018-10-08,2.0736893782439414
2018-10-09,2.0626805289664536
2018-10-10,2.045882512175335
2018-10-11,2.1062456333571298
2018-10-12,2.1504050313107292
2018-10-15,2.1425500022306436
2018-10-16,2.166227246912175
2018-10-17,2.162210608750811
2018-10-18,2.180912494124866
2018-10-19,2.2017603994954755
2018-10-22,2.189795188223288
2018-10-23,2.156789849443273
2018-10-24,2.1573231885113167
2018-10-25,2.1807438158089756
2018-10-26,2.1556483769816297
2018-10-29,2.1196748823510405
2018-10-30,2.1157578377160546
2018-10-31,2.11312455824748
2018-11-01,2.1179886455150054
2018-11-02,2.138287416766549
2018-11-05,2.0998582282723675
2018-11-06,2.0914630540483667
2018-11-07,2.0800361763375017
2018-11-08,2.0743663988115686
2018-11-09,2.047196813051412
2018-11-12,2.0125044188387258
2018-11-13,1.9962765852816007
2018-11-14,1.9760397962416838
2018-11-15,1.9566003709390636
2018-11-16,1.9453894516001835
2018-11-19,1.957572830630656
2018-11-20,1.9661929727339214
2018-11-21,1.9556812943594224
2018-11-22,1.9446977640219085
2018-11-23,1.9931085516919809
2018-11-26,1.9962147938621502
2018-11-27,1.9770460364221132
2018-11-28,1.981998409255125
2018-11-29,2.008955370856705
2018-11-30,2.0199867710727712
2018-12-03,2.0132354502776963
2018-12-04,1.998071151842449
2018-12-05,2.006888642752549
2018-12-06,1.998396470602275
2018-12-07,1.996659311319338
2018-12-10,1.9988955984944037
2018-12-11,1.9886456816653486
2018-12-12,1.9953657252594657
2018-12-13,2.0096464756546144
2018-12-14,2.029365150435252
2018-12-17,2.022177836441383
2018-12-18,2.014938980404685
2018-12-19,2.0162161509902603
2018-12-20,1.9876042062537846
2018-12-21,1.9770001561685162
2018-12-24,1.962302290589882
2018-12-25,1.9690315311273405
2018-12-26,1.959410937780047
2018-12-27,1.9870921319275163
2018-12-28,2.000016873554828
2019-01-02,1.9712890915688248
2019-01-03,1.98041793385653
2019-01-04,1.9803059021107767
2019-01-07,1.949196744487891
2019-01-08,1.9453821053009863
2019-01-09,1.9582833713246037
2019-01-10,1.9559878816952794
2019-01-11,1.9536288273510973
2019-01-14,1.945638479669726
2019-01-15,1.9623069046125836
2019-01-16,1.968311191613872
2019-01-17,1.9828594534707022
2019-01-18,2.0143473040064364
2019-01-21,2.011704327805041
2019-01-22,1.9995816124225934
2019-01-23,1.992638590710084
2019-01-24,1.9963058521588801
2019-01-25,2.030837650565298
2019-01-28,2.047295901727051
2019-01-29,2.1038533485737894
2019-01-30,2.124999253882143
2019-01-31,2.1952111213006846
2019-02-01,2.167434642516464
2019-02-11,2.147547865092993
2019-02-12,2.12898380345257
2019-02-13,2.1347584044353347
2019-02-14,2.1250834897878708
2019-02-15,2.0838349324441348
2019-02-18,2.0817731012216005
2019-02-19,2.0693315958591807
2019-02-20,2.0699500131323463
2019-02-21,2.0674993261886105
2019-02-22,2.0682493491696374
2019-02-25,2.0907801866131384
2019-02-26,2.0766464639405573
2019-02-27,2.078290250038335
2019-02-28,2.0613749674449102
2019-03-01,2.096361540452266
2019-03-04,2.0818769784902567
2019-03-05,2.0340539754823785
2019-03-06,2.0059921353191354
2019-03-07,1.949120821755974
2019-03-08,1.96134598999341
2019-03-11,1.9152148211704159
2019-03-12,1.8885846035284408
2019-03-13,1.9096516733835147
2019-03-14,1.95615229580754
2019-03-15,1.9495499825165425
2019-03-18,1.9629783633213362
2019-03-19,1.944593260310794
2019-03-20,1.9402552354706593
2019-03-21,1.9147935642349347
2019-03-22,1.902454646013692
2019-03-25,1.870779247685696
2019-03-26,1.8982506462777
2019-03-27,1.904736410111225
2019-03-28,1.9250798400039986
2019-03-29,1.9530967221229338
2019-04-01,1.933148057793126
2019-04-02,1.9164150758290432
2019-04-03,1.923218376339004
2019-04-04,1.9362684993218202
2019-04-08,1.9383188780570397
2019-04-09,1.933451823631442
2019-04-10,1.9418866520235516
2019-04-11,1.934256868377386
2019-04-12,1.928588469307934
2019-04-15,1.9407237148880299
2019-04-16,1.955204975492638
2019-04-17,1.9367983072039645
2019-04-18,1.9453412685100788
2019-04-19,1.9531802635598616
2019-04-22,1.9285760482387992
2019-04-23,1.9661607017976086
2019-04-24,1.9518702161767343
2019-04-25,1.9941129943874378
2019-04-26,1.9953768399753122
2019-04-29,2.08750103362596
2019-04-30,2.0760513203197277
2019-05-06,2.1191070045811977
2019-05-07,2.1047031835327283
2019-05-08,2.0741253211538297
2019-05-09,2.0452719458207778
2019-05-10,2.0441364436832923
2019-05-13,2.0137491338419475
2019-05-14,2.012174728392453
2019-05-15,2.0088654691746233
2019-05-16,2.006983502263239
2019-05-17,2.0304988220220443
2019-05-20,2.0172171388989453
2019-05-21,2.013462081235277
2019-05-22,2.012500691397722
2019-05-23,2.026863903284157
2019-05-24,2.0489314686127993
2019-05-27,2.011799724768409
2019-05-28,2.025348873584397
2019-05-29,2.01082767591063
2019-05-30,2.0165051023982468
2019-05-31,2.011008834880164
2019-06-03,2.041053065058676
2019-06-04,2.0588784629644463
2019-06-05,2.050904623802548
2019-06-06,2.0889500843478843
2019-06-10,2.0922899866121014
2019-06-11,2.0792951002493627
2019-06-12,2.067888689407138
2019-06-13,2.0511095875216356
2019-06-14,2.0848896267086388
2019-06-17,2.0813668361946713
2019-06-18,2.092667154626074
2019-06-19,2.0889623260949244
2019-06-20,2.1240803763485157
2019-06-21,2.081198500839848
2019-06-24,2.085656336296813
2019-06-25,2.088098031206529
2019-06-26,2.0878527449374404
2019-06-27,2.09818645674537
2019-06-28,2.127636773111334
2019-07-01,2.125616558222269
2019-07-02,2.1286067102241883
2019-07-03,2.1286528820537627
2019-07-04,2.124752379325414
2019-07-05,2.1275779214256882
2019-07-08,2.1590596153697663
2019-07-09,2.139429338441467
2019-07-10,2.1503468021026126
2019-07-11,2.148142830388913
2019-07-12,2.155676468357597
2019-07-15,2.1441663513278404
2019-07-16,2.1260082894804153
2019-07-17,2.123158466292144
2019-07-18,2.1463610273798728
2019-07-19,2.158814114502175
2019-07-22,2.2190797816622814
2019-07-23,2.1895043051316625
2019-07-24,2.1744558769040063
2019-07-25,2.1872437444829984
2019-07-26,2.193061693701157
2019-07-29,2.191708371977443
2019-07-30,2.190663558104139
2019-07-31,2.1854251764202437
2019-08-01,2.1705994772029005
2019-08-02,2.1773578110948257
2019-08-05,2.156898441021724
2019-08-06,2.205684595372036
2019-08-07,2.2058699735631664
2019-08-08,2.221250441535815
2019-08-09,2.2272375540515226
2019-08-12,2.224268530100765
2019-08-13,2.2185367498048962
2019-08-14,2.213027287762001
2019-08-15,2.2110686774339827
2019-08-16,2.209776442390438
2019-08-19,2.189732495991896
2019-08-20,2.179991125174748
2019-08-21,2.1726737588151313
2019-08-22,2.166774172230482
2019-08-23,2.1900618432231247
2019-08-26,2.1733594281170254
2019-08-27,2.163023504300749
2019-08-28,2.154449251140827
2019-08-29,2.1477508999142985
2019-08-30,2.1919738369822324
2019-09-02,2.1636333245382127
2019-09-03,2.1484091970125285
2019-09-04,2.149480800429675
2019-09-05,2.1514894453872766
2019-09-06,2.1536523441739903
2019-09-09,2.1142839322764724
2019-09-10,2.1000305038319675
2019-09-11,2.097870875326383
2019-09-12,2.1054745583670034
2019-09-16,2.0882611812187553
2019-09-17,2.1074033411522892
2019-09-18,2.1152482112199453
2019-09-19,2.0955648412144847
2019-09-20,2.102524182240045
2019-09-23,2.0937659276068725
2019-09-24,2.0925071889983786
2019-09-25,2.121210395914546
2019-09-26,2.176756806227759
2019-09-27,2.161120563007689
2019-09-30,2.165826044318452
2019-10-08,2.1727783479423093
2019-10-09,2.1500177003190535
2019-10-10,2.1391549125948224
2019-10-11,2.1541702890970678
2019-10-14,2.1423443849451314
2019-10-15,2.1557830083598106
2019-10-16,2.1647007495773996
2019-10-17,2.1688528758691636
2019-10-18,2.167003913051197
2019-10-21,2.18108851319214
2019-10-22,2.1604956270808438
2019-10-23,2.1597181169321984
2019-10-24,2.1606768282829014
2019-10-25,2.1637438372769022
2019-10-28,2.1356078646537435
2019-10-29,2.1621709197409835
2019-10-30,2.1840752144953575
2019-10-31,2.215025200868081
2019-11-01,2.230342839294768
2019-11-04,2.241444541494361
2019-11-05,2.257794804629288
2019-11-06,2.2713445328480666
2019-11-07,2.257551298975327
2019-11-08,2.2527442382379763
2019-11-11,2.2720080244300145
2019-11-12,2.2651129136235006
2019-11-13,2.271886908894456
2019-11-14,2.256911973743514
2019-11-15,2.272408838031031
2019-11-18,2.273337824245925
2019-11-19,2.2556739609115644
2019-11-20,2.248857059792214
2019-11-21,2.2406144411292597
2019-11-22,2.2421854780264363
2019-11-25,2.2782862135585367
2019-11-26,2.2887584190821824
2019-11-27,2.2802569154007326
2019-11-28,2.2772742492851354
2019-11-29,2.2556785657811043
2019-12-02,2.256133769504656
2019-12-03,2.2489913347761745
2019-12-04,2.2450996646596475
2019-12-05,2.2359713591955455
2019-12-06,2.23551276407896
2019-12-09,2.22411252958387
2019-12-10,2.2148598134715285
2019-12-11,2.219215742557615
2019-12-12,2.2136767964364745
2019-12-13,2.234882591003736
2019-12-16,2.205714945070178
2019-12-17,2.2110957102342867
2019-12-18,2.2000796937681852
2019-12-19,2.1802791086773836
2019-12-20,2.199464299607215
2019-12-23,2.224440428300095
2019-12-24,2.2012349537286515
2019-12-25,2.1895948917041657
2019-12-26,2.1903823969765015
2019-12-27,2.2094106951328203
2019-12-30,2.235581695064902
2019-12-31,2.2313850035086484
2020-01-02,2.215802956527261
2020-01-03,2.196926471189967
2020-01-06,2.170646671862389
2020-01-07,2.157036646671615
2020-01-08,2.1647822879720615
2020-01-09,2.1536389284601287
2020-01-10,2.1589376880365214
2020-01-13,2.153336915750151
2020-01-14,2.145679845629761
2020-01-15,2.141891383403566
2020-01-16,2.1387462170903158
2020-01-17,2.1514064845012477
2020-01-20,2.143156686410346
2020-01-21,2.12966420498567
2020-01-22,2.1362798114107058
2020-01-23,2.1441323547052122
2020-02-03,2.1674750325280705
2020-02-04,2.245694554049035
2020-02-05,2.2019686385759156
2020-02-06,2.1789114022528113
2020-02-07,2.147949732546511
2020-02-10,2.124293229974345
2020-02-11,2.1623058085502036
2020-02-12,2.143538146506657
2020-02-13,2.1522454658024825
2020-02-14,2.16286715937548
2020-02-17,2.1322219217097333
2020-02-18,2.0703511352101778
2020-02-19,2.0754679293587643
2020-02-20,2.082293385569992
2020-02-21,2.057457772557639
2020-02-24,2.0091386560034756
2020-02-25,2.003539014276449
2020-02-26,2.025257295722263
2020-02-27,2.027662072329623
2020-02-28,2.0763637061178613
2020-03-02,2.0545738565282954
2020-03-03,2.034066130690451
2020-03-04,2.027683764200381
2020-03-05,2.03613191744429
2020-03-06,2.001556263510844
2020-03-09,2.0000575929441786
2020-03-10,1.997836489010149
2020-03-11,1.9894240381186004
2020-03-12,1.9894580520808633
2020-03-13,1.9854109751025502
2020-03-16,1.976670468350518
2020-03-17,1.9701080853523938
2020-03-18,1.9635608575878902
2020-03-19,1.916148535105135
2020-03-20,1.9258285167727645
2020-03-23,1.939857003711345
2020-03-24,1.9568229993763735
2020-03-25,1.9633503217030774
2020-03-26,1.9727766695943196
2020-03-27,1.9938841422799625
2020-03-30,2.022929328061396
2020-03-31,2.0329411400062285
2020-04-01,2.035310778346047
2020-04-02,2.0160049344616175
2020-04-03,2.0137443393547056
2020-04-07,1.989760283958882
2020-04-08,1.9730404418163994
2020-04-09,1.9642438487430776
2020-04-10,2.0118217361483626
2020-04-13,2.0186811786635523
2020-04-14,2.0205770178205036
2020-04-15,2.0190057135547215
2020-04-16,2.012303671848456
2020-04-17,2.036097459157137
2020-04-20,2.016769765529138
2020-04-21,1.9989109010729367
2020-04-22,1.9919750979726634
2020-04-23,1.9984574355587588
2020-04-24,2.0269954320465473
2020-04-27,2.058490842796968
2020-04-28,2.125802571764231
2020-04-29,2.143895025301023
2020-04-30,2.123505068360589
2020-05-06,2.094061394068688
2020-05-07,2.0920258096290674
2020-05-08,2.0887220901861796
2020-05-11,2.0837924790829123
2020-05-12,2.085036475943967
2020-05-13,2.07638512040461
2020-05-14,2.0710841611318584
2020-05-15,2.0578228083340013
2020-05-18,2.074824246847762
2020-05-19,2.06530984297692
2020-05-20,2.074565974935912
2020-05-21,2.0909023352126086
2020-05-22,2.0788524230837475
2020-05-25,2.0804946278726693
2020-05-26,2.056637902119679
2020-05-27,2.0483661679233567
2020-05-28,2.0650844730576905
2020-05-29,2.0543832955786665
2020-06-01,2.048699571538113
2020-06-02,2.046929460160883
2020-06-03,2.0413246457996213
2020-06-04,2.0365082104747447
2020-06-05,2.0481694015000813
2020-06-08,2.062842889928608
2020-06-09,2.0677633379988385
2020-06-10,2.0668621938243277
2020-06-11,2.046278781171254
2020-06-12,2.0475341866680306
2020-06-15,2.020651528442198
2020-06-16,2.0133440576069623
2020-06-17,2.003406683976094
2020-06-18,2.0275464446510343
2020-06-19,2.048737362995661
2020-06-22,2.0452483956796383
2020-06-23,2.0606454921531334
2020-06-24,2.0794668331986035
2020-06-29,2.075115058174892
2020-06-30,2.069274435690425
2020-07-01,2.1043714947957
2020-07-02,2.1262829323925176
2020-07-03,2.144294693423186
2020-07-06,2.189948985541988
2020-07-07,2.1737475273593097
2020-07-08,2.1634655878532802
2020-07-09,2.1327236242841865
2020-07-10,2.100693496686363
2020-07-13,2.06880844547817
2020-07-14,2.0609473456828926
2020-07-15,2.088726674410863
2020-07-16,2.088890054457493
2020-07-17,2.0942309790752964
2020-07-20,2.082585053156304
2020-07-21,2.0751205868145437
2020-07-22,2.076104271711625
2020-07-23,2.077703832801926
2020-07-24,2.0784118678598555
2020-07-27,2.0887312615190523
2020-07-28,2.079430872563384
2020-07-29,2.0758567053517436
2020-07-30,2.064948512999109
2020-07-31,2.0488276871703497
2020-08-03,2.0180385925691953
2020-08-04,2.0389893435343946
2020-08-05,2.0142933137190533
2020-08-06,2.013132801909844
2020-08-07,2.014649573429351
2020-08-10,2.0052339109386765
2020-08-11,2.0307837578201475
2020-08-12,2.027893522038426
2020-08-13,2.0069459527897737
2020-08-14,2.028254149734474
2020-08-17,2.0355667193409115
2020-08-18,2.0136738428854075
2020-08-19,2.0156255806318106
2020-08-20,2.013707650541198
2020-08-21,2.0177629333219422
2020-08-24,2.0149992985834353
2020-08-25,2.0180894648409535
2020-08-26,2.0421719846576636
2020-08-27,2.0194647088749105
2020-08-28,2.050541558421933
2020-08-31,2.0334555617991072
2020-09-01,2.0302087175430046
2020-09-02,2.0090872255778534
2020-09-03,2.0214406111688326
2020-09-04,1.994277063856579
2020-09-07,1.9658200328862654
2020-09-08,1.9535835588326944
2020-09-09,1.9707000464284423
2020-09-10,2.070527286628901
2020-09-11,2.0574224574288067
2020-09-14,2.022944182006797
2020-09-15,2.0347902908309194
2020-09-16,2.0400567632664557
2020-09-17,2.024593621773927
2020-09-18,2.045126598175852
2020-09-21,2.0272995856277016
2020-09-22,2.0317828253950196
2020-09-23,2.0236731790691227
2020-09-24,2.048385876764541
2020-09-25,2.065845274796807
2020-09-28,2.1077382587618243
2020-09-29,2.0927320913756295
2020-09-30,2.093131965868326
2020-10-09,2.0650899725193828
2020-10-12,2.0578077875002188
2020-10-13,2.0509179521525756
2020-10-14,2.043866776050404
2020-10-15,2.061756549057875
2020-10-16,2.0516976269733247
2020-10-19,2.0458570418316127
2020-10-20,2.039711043709858
2020-10-21,2.0714946682494673
2020-10-22,2.0700561165525957
2020-10-23,2.0743758260595544
2020-10-26,2.0501940135072627
2020-10-27,2.0529051009585744
2020-10-28,2.067135324272903
2020-10-29,2.0894629105783715
2020-10-30,2.124260254640659
2020-11-02,2.1275299459076122
2020-11-03,2.1122497341981417
2020-11-04,2.1327634097656167
2020-11-05,2.127324211813934
2020-11-06,2.159195078412565
2020-11-09,2.152161478633768
2020-11-10,2.1711321059686335
2020-11-11,2.1830640735273033
2020-11-12,2.182600436950252
2020-11-13,2.159518229057245
2020-11-16,2.1649299274138167
2020-11-17,2.18189558181374
2020-11-18,2.1690821718741433
2020-11-19,2.1769277659048267
2020-11-20,2.174184561189985
2020-11-23,2.1986470992095763
2020-11-24,2.1862755922185717
2020-11-25,2.1885422923196725
2020-11-26,2.2075977559070825
2020-11-27,2.240949775610999
2020-11-30,2.239133598615058
2020-12-01,2.26014717032789
2020-12-02,2.2581172697231797
2020-12-03,2.256990897968179
2020-12-04,2.2545695396659036
2020-12-07,2.2414302333272307
2020-12-08,2.2383223202376987
2020-12-09,2.2535990137361197
2020-12-10,2.252763639843981
2020-12-11,2.2668030127679364
2020-12-14,2.267737006880549
2020-12-15,2.2740578382613323
2020-12-16,2.3120372680170713
2020-12-17,2.3208530340722118
2020-12-18,2.3220969896930277
2020-12-21,2.316574273099509
2020-12-22,2.3214650616137553
2020-12-23,2.326511653970059
2020-12-24,2.373175360079602
2020-12-25,2.375209149269477
2020-12-28,2.4143631306214623
2020-12-29,2.4201455119529256
2020-12-30,2.4472898391713165
2020-12-31,2.4599734766191306
2021-01-04,2.444584412796386
2021-01-05,2.497040229776795
2021-01-06,2.5600506200966566
2021-01-07,2.6922494133226302
2021-01-08,2.6952568422647896
2021-01-11,2.7430098386546145
2021-01-12,2.806103492365934
2021-01-13,2.8546800157340866
2021-01-14,2.7958420046610515
2021-01-15,2.7451906941130013
2021-01-18,2.722721329754692
2021-01-19,2.669777817995438
2021-01-20,2.678436507740098
2021-01-21,2.705817213332279
2021-01-22,2.7376540231935316
2021-01-25,2.810616562071436
2021-01-26,2.7787763554338323
2021-01-27,2.783604679232559
2021-01-28,2.741940479492849
2021-01-29,2.7750792707259144
2021-02-01,2.796676766604707
2021-02-02,2.8334635180256225
2021-02-03,2.8661243402015733
2021-02-04,2.9246370335155185
2021-02-05,2.9810204932267768
2021-02-08,3.027405536556992
2021-02-09,3.0379581673508986
2021-02-10,3.0876073883298534
2021-02-18,2.98349051309644
2021-02-19,2.9029745527405626
2021-02-22,2.7772257506213407
2021-02-23,2.785781990805274
2021-02-24,2.712027945980972
2021-02-25,2.753236484405985
2021-02-26,2.679502125497195
2021-03-01,2.654812749351813
2021-03-02,2.638295499861369
2021-03-03,2.655152477583901
2021-03-04,2.5927094016703753
2021-03-05,2.5592144876125418
2021-03-08,2.502031832093594
2021-03-09,2.5161826604066637
2021-03-10,2.5688779109275726
2021-03-11,2.5771957017921965
2021-03-12,2.580611914048377
2021-03-15,2.523545164272306
2021-03-16,2.5071860628762734
2021-03-17,2.504630626675918
2021-03-18,2.5278517968984486
2021-03-19,2.4680054544544916
2021-03-22,2.4508800391586227
2021-03-23,2.4597754628400876
2021-03-24,2.440652698645864
2021-03-25,2.4509609244536783
2021-03-26,2.4736899372222583
2021-03-29,2.4751107512705297
2021-03-30,2.5244833898989723
2021-03-31,2.4952605299835438
2021-04-01,2.5283846201605304
2021-04-02,2.5481888977302583
2021-04-06,2.502364942737868
2021-04-07,2.4696266582148017
2021-04-08,2.496316886489358
2021-04-09,2.4539584180607035
2021-04-12,2.443225133920106
2021-04-13,2.4567946236682676
2021-04-14,2.44961783647813
2021-04-15,2.4374650034291654
2021-04-16,2.4004131208776123
2021-04-19,2.4274258337204855
2021-04-20,2.435578780662406
2021-04-21,2.451235520088397
2021-04-22,2.435174651662038
2021-04-23,2.4801025681790514
2021-04-26,2.4589562850252924
2021-04-27,2.4821117250744495
2021-04-28,2.4937689657408204
2021-04-29,2.5299730995853262
2021-04-30,2.522227997297934
2021-05-06,2.4737901992024236
2021-05-07,2.456795184810911
2021-05-10,2.438164281949278
2021-05-11,2.447282109332434
2021-05-12,2.427441788508775
2021-05-13,2.4133012505490132
2021-05-14,2.44286628223291
2021-05-17,2.511245690368099
2021-05-18,2.4987036135871143
2021-05-19,2.490081480405577
2021-05-20,2.504867465317514
2021-05-21,2.4710584555454793
2021-05-24,2.467704161779087
2021-05-25,2.5315136315088096
2021-05-26,2.5131152526079643
2021-05-27,2.4996176285685308
2021-05-28,2.4955006230440473
2021-05-31,2.4648045164855428
2021-06-01,2.4486734701268227
2021-06-02,2.449607002817711
2021-06-03,2.437631902698175
2021-06-04,2.443338385347992
2021-06-07,2.4197584994750017
2021-06-08,2.4029603610385926
2021-06-09,2.3989464324483083
2021-06-10,2.4059963666322965
2021-06-11,2.4039154439895434
2021-06-15,2.3931311052450908
2021-06-16,2.38241654797939
2021-06-17,2.3729450650701582
2021-06-18,2.348460002822313
2021-06-21,2.309110406585865
2021-06-22,2.307798391880982
2021-06-23,2.311450892296829
2021-06-24,2.331717749830287
2021-06-25,2.3689644615211845
2021-06-28,2.35347647682121
2021-06-29,2.3443760682108445
2021-06-30,2.3360816062384697
2021-07-01,2.380215344581506
2021-07-02,2.307433620353411
2021-07-05,2.2708621314308632
2021-07-06,2.2684738366611854
2021-07-07,2.274110607772461
2021-07-08,2.257836344850247
2021-07-09,2.2309322311742283
2021-07-12,2.219356079542983
2021-07-13,2.207198125866503
2021-07-14,2.199008122437066
2021-07-15,2.24767542903577
2021-07-16,2.22120805538837
2021-07-19,2.2303344567525754
2021-07-20,2.2172885866706733
2021-07-21,2.1971621392646647
2021-07-22,2.1766741393452094
2021-07-23,2.175697408218885
2021-07-26,2.1277792780531097
2021-07-27,2.1002658599630917
2021-07-28,2.1678242251292206
2021-07-29,2.1308614923550775
2021-07-30,2.0820113503053475
2021-08-02,2.0924864900376154
2021-08-03,2.11513590672114
2021-08-04,2.1005645961909303
2021-08-05,2.10715927489475
2021-08-06,2.0856789373098032
2021-08-09,2.096572362818061
2021-08-10,2.102724259301363
2021-08-11,2.068991370231072
2021-08-12,2.0432020258851695
2021-08-13,2.029255141395795
2021-08-16,2.036968682478154
2021-08-17,2.0543348115779567
2021-08-18,2.0566758467374595
2021-08-19,2.0484431541092456
2021-08-20,2.0118664347560804
2021-08-23,1.9799642713081211
2021-08-24,1.9935520589979054
2021-08-25,1.9796075442855274
2021-08-26,1.9514530668449808
2021-08-27,1.9642536310084788
2021-08-30,1.9516087805704798
2021-08-31,1.9544027981055965
2021-09-01,2.014709552506023
2021-09-02,1.979115932988381
2021-09-03,1.9687982627317062
2021-09-06,1.9902785592584875
2021-09-07,1.9856649420924046
2021-09-08,1.957776623478078
2021-09-09,1.962416120261592
2021-09-10,1.9911627076453722
2021-09-13,1.9670675010617253
2021-09-14,1.9492632229494111
2021-09-15,1.9018796350396365
2021-09-16,1.9108875807989991
2021-09-17,1.9344392305920193
2021-09-22,1.9050240458656456
2021-09-23,1.9169339851620364
2021-09-24,1.9624631989667083
2021-09-27,2.0547358322761675
2021-09-28,2.046354323226596
2021-09-29,2.0990643262055273
2021-09-30,2.053268898556787
2021-10-08,2.059235646840612
2021-10-11,2.075342604266252
2021-10-12,2.0964087027733185
2021-10-13,2.119201286352563
2021-10-14,2.085867118252484
2021-10-15,2.113918048558785
2021-10-18,2.060583656049698
2021-10-19,2.0684516577599474
2021-10-20,2.0594602110259186
2021-10-21,2.0756923589364487
2021-10-22,2.1172547674487356
2021-10-25,2.0963173609537087
2021-10-26,2.0928808251766506
2021-10-27,2.0924158920189018
2021-10-28,2.1288537056387415
2021-10-29,2.110722037051808
2021-11-01,2.066527672359019
2021-11-02,2.073502213191442
2021-11-03,2.056446460245069
2021-11-04,2.038509011826324
2021-11-05,2.0452185722994805
2021-11-08,2.0314916051969063
2021-11-09,2.00203005896655
2021-11-10,1.9799347111694086
2021-11-11,1.9976528464614471
2021-11-12,1.9697151715346086
2021-11-15,1.9559768980221643
2021-11-16,1.9753748455461844
2021-11-17,1.936198919684603
2021-11-18,1.925692079765765
2021-11-19,1.9236630630075642
2021-11-22,1.9079082588162515
2021-11-23,1.904234222080098
2021-11-24,1.9053767178697205
2021-11-25,1.895222754710971
2021-11-26,1.8780273466896247
2021-11-29,1.8644255389501259
2021-11-30,1.8407853436789077
2021-12-01,1.8277246358333419
2021-12-02,1.8637284147599111
2021-12-03,1.873379958323274
2021-12-06,1.902598206348233
2021-12-07,1.9427337552501969
2021-12-08,1.9395409869669242
2021-12-09,1.9721790837005198
2021-12-10,1.9510416082107498
2021-12-13,1.9497527410268256
2021-12-14,1.9239864799217803
2021-12-15,1.9026097673273432
2021-12-16,1.8972406209714463
2021-12-17,1.8829785916051338
2021-12-20,1.8789563660521977
2021-12-21,1.8622347330879228
2021-12-22,1.8539387519649122
2021-12-23,1.8751939709920342
2021-12-24,1.905027837160296
2021-12-27,1.8922907747491706
2021-12-28,1.888975757665386
2021-12-29,1.859508761011594
2021-12-30,1.8546694908279326
2021-12-31,1.8524297598776258
2022-01-04,1.8229333138205663
2022-01-05,1.8377334284743347
2022-01-06,1.7995656674478226
2022-01-07,1.8448741365677808
2022-01-10,1.8375035690443315
2022-01-11,1.8272808620998613
2022-01-12,1.8144385775242284
2022-01-13,1.8012159661344485
2022-01-14,1.7858470970441025
2022-01-17,1.7677047885264177
2022-01-18,1.8201286718863117
2022-01-19,1.807798163437582
2022-01-20,1.8820751709589034
2022-01-21,1.8897315480478427
2022-01-24,1.894055856381943
2022-01-25,1.9380792032089313
2022-01-26,1.938621300874704
2022-01-27,1.9664148226352824
2022-01-28,1.9104741578297937
2022-02-07,1.9177730410539484
2022-02-08,1.8788795944518424
2022-02-09,1.8663987705359353
2022-02-10,1.8726026998645915
2022-02-11,1.9041765834872455
2022-02-14,1.8779956022512077
2022-02-15,1.8890551813575762
2022-02-16,1.8684121377156453
2022-02-17,1.8751672055673103
2022-02-18,1.8714610819401696
2022-02-21,1.832215937909406
2022-02-22,1.826608087242982
2022-02-23,1.8112046740598964
2022-02-24,1.8218461664824905
2022-02-25,1.8194937407549316
2022-02-28,1.8196668846702346
2022-03-01,1.8185643868075214
2022-03-02,1.791261146086154
2022-03-03,1.7886221062195062
2022-03-04,1.7923659370954879
2022-03-07,1.7585656077685952
2022-03-08,1.7833046560471164
2022-03-09,1.7859046873241076
2022-03-10,1.779501652682009
2022-03-11,1.7732675286189896
2022-03-14,1.7692879471991798
2022-03-15,1.7744115025061848
2022-03-16,1.7917331062929258
2022-03-17,1.7945049395835544
2022-03-18,1.786010160647487
2022-03-21,1.7532602335124627
2022-03-22,1.7562791189876477
2022-03-23,1.7593973715166882
2022-03-24,1.770808448101658
2022-03-25,1.745586091490836
2022-03-28,1.743182853782223
2022-03-29,1.7517155960472777
2022-03-30,1.775403084129822
2022-03-31,1.7658348788826046
2022-04-01,1.7995549927220877
2022-04-06,1.7769940625181808
2022-04-07,1.8042993346069867
2022-04-08,1.8298043324939814
2022-04-11,1.8259251180462615
2022-04-12,1.8320961052012232
2022-04-13,1.8545971552345812
2022-04-14,1.86062311457678
2022-04-15,1.9030216346502227
2022-04-18,1.875999498939118
2022-04-19,1.8463301095241373
2022-04-20,1.8380895105253805
2022-04-21,1.8854644840716062
2022-04-22,1.9220090290967256
2022-04-25,1.9856102679896113
2022-04-26,2.0500190991372262
2022-04-27,2.042443367746346
2022-04-28,2.098310234893008
2022-04-29,2.0563279207947556
2022-05-05,2.0114257035595804
2022-05-06,1.9777785131340018
2022-05-09,1.9248777515033655
2022-05-10,1.9097180679181878
2022-05-11,1.9312655772463618
2022-05-12,1.9064905844290312
2022-05-13,1.9099748077371455
2022-05-16,1.8897335599049607
2022-05-17,1.916875904869894
2022-05-18,1.8924194649362571
2022-05-19,1.8808103890221497
2022-05-20,1.8974407536008147
2022-05-23,1.8543021254996608
2022-05-24,1.8954862659435596
2022-05-25,1.8672919759733462
2022-05-26,1.865479108362336
2022-05-27,1.8659105093886388
2022-05-30,1.863767611924322
2022-05-31,1.874463313202162
2022-06-01,1.8579778415611836
2022-06-02,1.8428014512895252
2022-06-06,1.845227952976614
2022-06-07,1.8622439487733338
2022-06-08,1.884235626917781
2022-06-09,1.9001516735856656
2022-06-10,1.8884307713554154
2022-06-13,1.8524655527457206
2022-06-14,1.8660177834908143
2022-06-15,1.9027863548788089
2022-06-16,1.8716077159854743
2022-06-17,1.8863071490129206
2022-06-20,1.8733059684960458
2022-06-21,1.882217610727368
2022-06-22,1.8758611780500196
2022-06-23,1.8696896890864991
2022-06-24,1.8706131370326398
2022-06-27,1.8728676903868302
2022-06-28,1.864353921445662
2022-06-29,1.8855319094857412
2022-06-30,1.8989135996392708
2022-07-01,1.891649894347624
2022-07-04,1.8908836679935148
2022-07-05,1.9045516593405298
2022-07-06,1.889500375361379
2022-07-07,1.8798148357636613
2022-07-08,1.8726646824488222
2022-07-11,1.851768313740212
2022-07-12,1.867286761142247
2022-07-13,1.8399104488084392
2022-07-14,1.8264799463171175
2022-07-15,1.8269305244523306
2022-07-18,1.794817923803652
2022-07-19,1.765020339939237
2022-07-20,1.7552716916132418
2022-07-21,1.742687978895826
2022-07-22,1.7458206217727479
2022-07-25,1.7565036361821453
2022-07-26,1.7482833908590198
2022-07-27,1.7181884468765023
2022-07-28,1.704512842940232
2022-07-29,1.6857490820976933
2022-08-01,1.683545712579359
2022-08-02,1.7249961442970374
2022-08-03,1.721196405906867
2022-08-04,1.7093766105359336
2022-08-05,1.7205696618795148
2022-08-08,1.6808803180842655
2022-08-09,1.677005337797718
2022-08-10,1.6436706575754803
2022-08-11,1.6616216120263487
2022-08-12,1.6709045078220492
2022-08-15,1.653248000348844
2022-08-16,1.6301315151520355
2022-08-17,1.644629673692831
2022-08-18,1.6184884591745239
2022-08-19,1.635826815560121
2022-08-22,1.6404580512351095
2022-08-23,1.618120876566301
2022-08-24,1.6434575954016257
2022-08-25,1.6739819540934324
2022-08-26,1.6817297349615108
2022-08-29,1.6557081563309417
2022-08-30,1.6653227643452693
2022-08-31,1.7298811373690979
2022-09-01,1.7211883809235264
2022-09-02,1.6820239687217131
2022-09-05,1.6704156130957826
2022-09-06,1.6568307795630728
2022-09-07,1.6458530660646162
2022-09-08,1.6590849697158363
2022-09-09,1.692360925168421
2022-09-13,1.696452379873595
2022-09-14,1.695252748204056
2022-09-15,1.731143642260223
2022-09-16,1.7305505055701118
2022-09-19,1.7498496835502955
2022-09-20,1.7167768125507596
2022-09-21,1.6993752456295141
2022-09-22,1.688429868404942
2022-09-23,1.725853678579154
2022-09-26,1.7453196184647874
2022-09-27,1.7280750556398436
2022-09-28,1.7567406554180858
2022-09-29,1.7652922687708297
2022-09-30,1.7810042517433888
2022-10-10,1.7734164672035555
2022-10-11,1.7563292178471805
2022-10-12,1.7280786157311374
2022-10-13,1.6974429386913215
2022-10-14,1.7003621124925048
2022-10-17,1.674853118788146
2022-10-18,1.6630065589308556
2022-10-19,1.6483763189894367
2022-10-20,1.6486996906838662
2022-10-21,1.639260021320187
2022-10-24,1.6090419575808361
2022-10-25,1.605780244417226
2022-10-26,1.5888061565812952
2022-10-27,1.5874927175418776
2022-10-28,1.610872995096642
2022-10-31,1.5760328784027153
2022-11-01,1.5905093917204234
2022-11-02,1.5869509216971247
2022-11-03,1.5644687245131363
2022-11-04,1.5878692077915706
2022-11-07,1.5793159360098994
2022-11-08,1.5693895942879004
2022-11-09,1.5514533540886026
2022-11-10,1.5462160714595112
2022-11-11,1.5900680355309673
2022-11-14,1.5978140368467564
2022-11-15,1.5952190130327348
2022-11-16,1.5883035780376935
2022-11-17,1.5738987612545314
2022-11-18,1.5778400463062692
2022-11-21,1.5530617257589712
2022-11-22,1.577767340917074
2022-11-23,1.5899862596905836
2022-11-24,1.5744640492991244
2022-11-25,1.6039688004495798
2022-11-28,1.5907956141889756
2022-11-29,1.6117656026328198
2022-11-30,1.6125114722429266
2022-12-01,1.6191406595893616
2022-12-02,1.5967279793454614
2022-12-05,1.620441666556157
2022-12-06,1.6410577379933025
2022-12-07,1.63551162963845
2022-12-08,1.6421147852054623
2022-12-09,1.663164113323527
2022-12-12,1.64575134465662
2022-12-13,1.6500254612049396
2022-12-14,1.6599468146903535
2022-12-15,1.6482967793680359
2022-12-16,1.6703099636844603
2022-12-19,1.681551723810269
2022-12-20,1.6596781773287685
2022-12-21,1.6747702640907627
2022-12-22,1.7056730556313924
2022-12-23,1.7101912414354048
2022-12-26,1.6816446730144219
2022-12-27,1.6936295530636503
2022-12-28,1.7086407312041503
2022-12-29,1.7110659366084502
2022-12-30,1.7033699293333793
2023-01-03,1.6669402954934076
2023-01-04,1.6608268315405366
2023-01-05,1.6849841805245058
2023-01-06,1.692960870970834
2023-01-09,1.695473764962543
2023-01-10,1.6996100707262405
2023-01-11,1.7110052846615107
2023-01-12,1.7138123439795627
2023-01-13,1.7370325090880938
2023-01-16,1.74938610307482
2023-01-17,1.753269611908076
2023-01-18,1.7425266798292658
2023-01-19,1.745816370535144
2023-01-20,1.7401282114450976
2023-01-30,1.7185471766478069
2023-01-31,1.690761541062486
2023-02-01,1.676252686251677
2023-02-02,1.6654444018549546
2023-02-03,1.6484678533532449
2023-02-06,1.6261251514764719
2023-02-07,1.6148052154681627
2023-02-08,1.6146666791314408
2023-02-09,1.6163437160254248
2023-02-10,1.6099519124892068
2023-02-13,1.6074241146242256
2023-02-14,1.608096994861394
2023-02-15,1.5927453788074515
2023-02-16,1.6242196302346772
2023-02-17,1.6103342045367959
2023-02-20,1.6304473586449666
2023-02-21,1.6270804113131334
2023-02-22,1.6109823482144732
2023-02-23,1.6137791098108532
2023-02-24,1.6002376647337673
2023-02-27,1.6079548635587464
2023-02-28,1.6026580330588445
2023-03-01,1.6105854075069095
2023-03-02,1.6156870923372197
2023-03-03,1.6231344697059007
2023-03-06,1.6119887886830742
2023-03-07,1.6247566186875757
2023-03-08,1.6037358414657612
2023-03-09,1.5959898746954453
2023-03-10,1.5993024102403468
2023-03-13,1.613039336133833
2023-03-14,1.6270026472150751
2023-03-15,1.6131183448634818
2023-03-16,1.6222495858562045
2023-03-17,1.6171347305432024
2023-03-20,1.6128292222073275
2023-03-21,1.6038276694167026
2023-03-22,1.6000238036705259
2023-03-23,1.6193133253343674
2023-03-24,1.609458738014824
2023-03-27,1.600191481700425
2023-03-28,1.6118887268475475
2023-03-29,1.620835934494041
2023-03-30,1.6454099201961916
2023-03-31,1.6290252258640063
2023-04-03,1.62703526696282
2023-04-04,1.6530201793821335
2023-04-06,1.654201925019021
2023-04-07,1.6467986159523336
2023-04-10,1.6649525454600544
2023-04-11,1.6573665750809292
2023-04-12,1.6371473138164334
2023-04-13,1.6358592690488853
2023-04-14,1.6421118833114632
2023-04-17,1.6700617290161794
2023-04-18,1.6857116461325587
2023-04-19,1.6729834732522988
2023-04-20,1.6724143153930968
2023-04-21,1.6895608082389029
2023-04-24,1.6714094942725066
2023-04-25,1.699833575561101
2023-04-26,1.6769624879699085
2023-04-27,1.6997746287609534
2023-04-28,1.6765726740702271
2023-05-04,1.663098761376879
2023-05-05,1.674124213972191
2023-05-08,1.6834572923025133
2023-05-09,1.7000558022171222
2023-05-10,1.6755804700842107
2023-05-11,1.6616784491581815
2023-05-12,1.6588696349251146
2023-05-15,1.6711196428793063
2023-05-16,1.6770969290053819
2023-05-17,1.6501557269581082
2023-05-18,1.635380414946864
2023-05-19,1.6316808416069608
2023-05-22,1.6354329297744405
2023-05-23,1.630432175825216
2023-05-24,1.6038763659477575
2023-05-25,1.6006103977541155
2023-05-26,1.5886434273220436
2023-05-29,1.586949759526262
2023-05-30,1.577121238166669
2023-05-31,1.5640740515647313
2023-06-01,1.5609914505381857
2023-06-02,1.5745531870235085
2023-06-05,1.5569400335465617
2023-06-06,1.5759725534269295
2023-06-07,1.5565355080309415
2023-06-08,1.5790357861876751
2023-06-09,1.575623684465791
2023-06-12,1.565287521440378
2023-06-13,1.5657147014734396
2023-06-14,1.5617360541479206
2023-06-15,1.5825753090074008
2023-06-16,1.582769119909325
2023-06-19,1.562156777451386
2023-06-20,1.5645341200076486
2023-06-21,1.5686540638436866
2023-06-26,1.5844689530366711
2023-06-27,1.5690919400975567
2023-06-28,1.5766226446655862
2023-06-29,1.548797926357519
2023-06-30,1.5387331955604155
2023-07-03,1.5584645684579799
2023-07-04,1.5507769946935288
2023-07-05,1.5514300260640523
2023-07-06,1.5397592581180306
2023-07-07,1.5443067672280864
2023-07-10,1.554842925886285
2023-07-11,1.553495956580164
2023-07-12,1.565706915547882
2023-07-13,1.5723342508724742
2023-07-14,1.5710548563737496
2023-07-17,1.562083465773197
2023-07-18,1.559760735814046
2023-07-19,1.5616691127988034
2023-07-20,1.5730375786483903
2023-07-21,1.5810911606152582
2023-07-24,1.572219304293905
2023-07-25,1.5941637896216927
2023-07-26,1.6054022203539844
2023-07-27,1.616422206198426
2023-07-28,1.6482369991148969
2023-07-31,1.6419308431897455
2023-08-01,1.6402407994329808
2023-08-02,1.6289818220926717
2023-08-03,1.6473733585380415
2023-08-04,1.6492936153678568
2023-08-07,1.643492363881938
2023-08-08,1.6435833800732995
2023-08-09,1.65794209955412
2023-08-10,1.658221590733251
2023-08-11,1.6466492030382507
2023-08-14,1.622822840289427
2023-08-15,1.632275210970621
2023-08-16,1.6402875243970365
2023-08-17,1.6209517414618266
2023-08-18,1.6294577941573147
2023-08-21,1.6134384047878376
2023-08-22,1.6139883622924671
2023-08-23,1.6145011762960941
2023-08-24,1.6257757348353308
2023-08-25,1.6579506163690023
2023-08-28,1.6630102581313073
2023-08-29,1.6189267714682227
2023-08-30,1.603413923387018
2023-08-31,1.6027499274557162
2023-09-01,1.615019584953273
2023-09-04,1.617548456669624
2023-09-05,1.612085671436975
2023-09-06,1.598486992136106
2023-09-07,1.603915312191609
2023-09-08,1.5907812346145316
2023-09-11,1.5858588158804217
2023-09-12,1.5829395983414807
2023-09-13,1.5933058450700834
2023-09-14,1.6065670957147973
2023-09-15,1.5935533382914489
2023-09-18,1.5921270899516051
2023-09-19,1.6097343682355394
2023-09-20,1.6173192291523806
2023-09-21,1.6134606776039198
2023-09-22,1.607442735702681
2023-09-25,1.600903057370118
2023-09-26,1.596219309869482
2023-09-27,1.5930536824730839
2023-09-28,1.5672251277498097
2023-10-09,1.5699116366162198
2023-10-10,1.5578690958761938
2023-10-11,1.5569097461436374
2023-10-12,1.5646196171625018
2023-10-13,1.5555950178637719
2023-10-16,1.5487506872890757
2023-10-17,1.5588630491044615
2023-10-18,1.576789892548233
2023-10-19,1.5579714378292568
2023-10-20,1.568836084934961
2023-10-23,1.5911645362099178
2023-10-24,1.5565210754101173
2023-10-25,1.5370341780537373
2023-10-26,1.533804996035142
2023-10-27,1.5372546090321508
2023-10-30,1.5244591090338844
2023-10-31,1.5288497671337573
2023-11-01,1.5238345175073018
2023-11-02,1.5339009040471252
2023-11-03,1.526910821662325
2023-11-06,1.5111079866069703
2023-11-07,1.4913980165724292
2023-11-08,1.4805389086527012
2023-11-09,1.4935741803385092
2023-11-10,1.486612900016746
2023-11-13,1.4654083680817513
2023-11-14,1.454804938896955
2023-11-15,1.4555630137829252
2023-11-16,1.4493730457316194
2023-11-17,1.4332999478872106
2023-11-20,1.4217124847232396
2023-11-21,1.4333589299762706
2023-11-22,1.4337075879286612
2023-11-23,1.4281719059202809
2023-11-24,1.4368734279666622
2023-11-27,1.4252317145392617
2023-11-28,1.4177693745057132
2023-11-29,1.4129193612077062
2023-11-30,1.4248819018298644
2023-12-01,1.4058265524680584
2023-12-04,1.394457349825049
2023-12-05,1.3942025038703234
2023-12-06,1.3894328980270254
2023-12-07,1.3902338198309385
2023-12-08,1.4079313543022962
2023-12-11,1.401217778633759
2023-12-12,1.396819202358563
2023-12-13,1.3792811694629992
2023-12-14,1.3772999297248973
2023-12-15,1.3803429319418228
2023-12-18,1.3950462233764622
2023-12-19,1.3935788325765717
2023-12-20,1.3954841865614898
2023-12-21,1.3993858342419614
2023-12-22,1.4278647696973468
2023-12-25,1.4358611452322296
2023-12-26,1.4480956906264753
2023-12-27,1.4411418357645678
2023-12-28,1.4505729833726237
2023-12-29,1.4299441297755884
2024-01-02,1.4097861119786632
2024-01-03,1.4139805178321456
2024-01-04,1.4051423550442024
2024-01-05,1.425822289469329
2024-01-08,1.4344657080182508
2024-01-09,1.4284401465464889
2024-01-10,1.4407573733033023
2024-01-11,1.4208938769799806
2024-01-12,1.4300674801700337
2024-01-15,1.4306659008353708
2024-01-16,1.4471763876491293
2024-01-17,1.4531978225897981
2024-01-18,1.4850006359957255
2024-01-19,1.5048557469471313
2024-01-22,1.5790972350383692
2024-01-23,1.5815098575079947
2024-01-24,1.580943676712827
2024-01-25,1.554801163873414
2024-01-26,1.5562935093480184
2024-01-29,1.598089582894587
2024-01-30,1.6212482103406824
2024-01-31,1.6955391633284722
2024-02-01,1.7243789226379365
2024-02-02,1.783698730536544
2024-02-05,1.9836523958588037
2024-02-06,2.0120073078134197
2024-02-07,2.0900057612778244
2024-02-08,1.9340120276795376
2024-02-19,1.8743557846001304
2024-02-20,1.8513107579919146
2024-02-21,1.8503514192782642
2024-02-22,1.8198393944980291
2024-02-23,1.7643724082281456
2024-02-26,1.7160241130770817
2024-02-27,1.686876580939645
2024-02-28,1.7876235200174666
2024-02-29,1.7495944330367421
2024-03-01,1.7338617673843986
2024-03-04,1.7220073213072684
2024-03-05,1.7633036784973457
2024-03-06,1.7351607408464305
2024-03-07,1.741491373850845
2024-03-08,1.7266205976022306
2024-03-11,1.7138698330964222
2024-03-12,1.696006601307325
2024-03-13,1.6774980044158065
2024-03-14,1.6846208329347072
2024-03-15,1.6649580991719077
2024-03-18,1.6449551168342715
2024-03-19,1.6369466847008685
2024-03-20,1.6197889828371348
2024-03-21,1.6135416757719911
2024-03-22,1.6160326656288813
2024-03-25,1.6534486166679838
2024-03-26,1.6648951773973009
2024-03-27,1.7073161173587892
2024-03-28,1.6711762454991466
2024-03-29,1.6573482132863648
2024-04-01,1.650705266115848
2024-04-02,1.6511078663897203
2024-04-03,1.663146394467421
2024-04-08,1.6864145166764357
2024-04-09,1.662372647017838
2024-04-10,1.6883019800105765
2024-04-11,1.684284183306343
2024-04-12,1.6827100691724655
2024-04-15,1.7910815433372662
2024-04-16,1.9085411904755434
2024-04-17,1.8171113193545227
2024-04-18,1.8220739415178773
2024-04-19,1.8150683401055547
2024-04-22,1.8242290938259826
2024-04-23,1.7984935684383703
2024-04-24,1.766384156972873
2024-04-25,1.7662150386079853
2024-04-26,1.7661583494594897
2024-04-29,1.7386422631643565
2024-04-30,1.7396245930138834
2024-05-06,1.7300034326922267
2024-05-07,1.719434945696936
2024-05-08,1.7288862985235314
2024-05-09,1.7251380416993924
2024-05-10,1.7455767542934562
2024-05-13,1.7752472730941984
2024-05-14,1.7567018761650555
2024-05-15,1.7568323299452733
2024-05-16,1.7560583582879656
2024-05-17,1.7555576292329966
2024-05-20,1.7532840090694781
2024-05-21,1.763791334588884
2024-05-22,1.760841602198393
2024-05-23,1.7792571406181128
2024-05-24,1.7776051026375912
2024-05-27,1.7844222635654226
2024-05-28,1.786312756395897
2024-05-29,1.7855174208304436
2024-05-30,1.789302354639897
2024-05-31,1.7667353454240124
2024-06-03,1.8054112609320188
2024-06-04,1.8371730572580902
2024-06-05,1.8674612378243758
2024-06-06,1.9422866667939087
2024-06-07,1.897807905503021
2024-06-11,1.866689164660552
2024-06-12,1.8383077965727532
2024-06-13,1.8377572686705783
2024-06-14,1.8424089921412095
2024-06-17,1.8476323915448187
2024-06-18,1.8247790403455562
2024-06-19,1.8262292499413637
2024-06-20,1.8564661164415674
2024-06-21,1.8545346606511526
2024-06-24,1.9217349642975545
2024-06-25,1.9094437028130302
2024-06-26,1.8659624588339951
2024-06-27,1.8904549284683632
2024-06-28,1.8804725571017906
2024-07-01,1.8746748663663644
2024-07-02,1.8695382903137077
2024-07-03,1.887554599967747
2024-07-04,1.9310717868142329
2024-07-05,1.902682368833825
2024-07-08,1.9420743797227218
2024-07-09,1.924432181607449
2024-07-10,1.9333842930942928
2024-07-11,1.8918447735179946
2024-07-12,1.9038802922315805
2024-07-15,1.9393900493254097
2024-07-16,1.9497121369525865
2024-07-17,1.9858379644815995
2024-07-18,2.0002173525011044
2024-07-19,1.9992628915733164
2024-07-22,1.9743996067967982
2024-07-23,1.9705518640449682
2024-07-24,1.992075967950001
2024-07-25,1.973021851023736
2024-07-26,1.9420025708103543
2024-07-29,1.9224862161254381
2024-07-30,1.8968893248093148
2024-07-31,1.8729523044420748
2024-08-01,1.8547076012130872
2024-08-02,1.860680576172412
2024-08-05,1.8911652471654048
2024-08-06,1.8535636135902611
2024-08-07,1.8489704606422255
2024-08-08,1.8613623057274302
2024-08-09,1.867479129623768
2024-08-12,1.881985159891508
2024-08-13,1.8729469927047873
2024-08-14,1.8635128064881377
2024-08-15,1.8625189758632092
2024-08-16,1.8683514718954064
2024-08-19,1.8850886202332549
2024-08-20,1.9044060781389125
2024-08-21,1.9011822623670271
2024-08-22,1.930309926443813
2024-08-23,1.948639737581808
2024-08-26,1.9245870159190992
2024-08-27,1.9491684613815548
2024-08-28,1.928665965229507
2024-08-29,1.893173941616877
2024-08-30,1.878235335498178
2024-09-02,1.8767660366387182
2024-09-03,1.8617015728438921
2024-09-04,1.8623484477694727
2024-09-05,1.8461547964576352
2024-09-06,1.8672176960247484
2024-09-09,1.8491980190983988
2024-09-10,1.8393567191650615
2024-09-11,1.8480785349151374
2024-09-12,1.8426167399217934
2024-09-13,1.863030822758949
2024-09-18,1.8819920587431278
2024-09-19,1.8523214933485534
2024-09-20,1.8575112532621272
2024-09-23,1.8577330452488672
2024-09-24,1.878439263764074
2024-09-25,1.882724061361984
2024-09-26,1.904455878980591
2024-09-27,1.8993170184667885
2024-09-30,1.8548202513450935
2024-10-08,1.808057074177773
2024-10-09,1.8541696653702269
2024-10-10,1.8757769544399434
2024-10-11,1.89959700170756
2024-10-14,1.867468173875346
2024-10-15,1.839319708389212
2024-10-16,1.8176052815635968
2024-10-17,1.7985610359712996
2024-10-18,1.8082296308280488
2024-10-21,1.7679333464607594
2024-10-22,1.76269685826668
2024-10-23,1.7686724351825427
2024-10-24,1.7500650567167175
2024-10-25,1.721477220113608
2024-10-28,1.6750636543363224
2024-10-29,1.6906904027227159
2024-10-30,1.6663131639876423
2024-10-31,1.6369527360055007
2024-11-01,1.7102201032993931
2024-11-04,1.6995339463082884
2024-11-05,1.6886864171589009
2024-11-06,1.6652751452202745
2024-11-07,1.676349801399002
2024-11-08,1.6534424345742456
2024-11-11,1.6279723985671617
2024-11-12,1.6294623245690318
2024-11-13,1.6385704443893143
2024-11-14,1.661997726962663
2024-11-15,1.6689757321255865
2024-11-18,1.7117655077729634
2024-11-19,1.6711437764621637
2024-11-20,1.6301740168899093
2024-11-21,1.6257145692310544
2024-11-22,1.6303146503531407
2024-11-25,1.5981438794715668
2024-11-26,1.6151375778677575
2024-11-27,1.6154300457537312
2024-11-28,1.59522177886597
2024-11-29,1.5849364430314155
2024-12-02,1.5592359095012216
2024-12-03,1.5555497299559027
2024-12-04,1.5692370895134915
2024-12-05,1.5394322713890407
2024-12-06,1.545562949937707
2024-12-09,1.5453911639955884
2024-12-10,1.5413069217681707
2024-12-11,1.5134550495217505
2024-12-12,1.5123204321060535
2024-12-13,1.500170625598844
2024-12-16,1.5031496525612467
2024-12-17,1.576755540728873
2024-12-18,1.571597326073005
2024-12-19,1.570457430258885
2024-12-20,1.5428250621707091
2024-12-23,1.6243334459698993
2024-12-24,1.6286851067003072
2024-12-25,1.668361387310056
2024-12-26,1.6411675359101596
2024-12-27,1.6265851421888395
2024-12-30,1.653029696463024
2024-12-31,1.675779707700776
2025-01-02,1.6511350833237781
2025-01-03,1.7073954130280569
2025-01-06,1.7190518128388617
2025-01-07,1.6821428220095094
2025-01-08,1.6736664410208988
2025-01-09,1.6605550545905425
2025-01-10,1.6912719582162803
2025-01-13,1.687173973747438
2025-01-14,1.6433964621035961
2025-01-15,1.6375963666661864
2025-01-16,1.627480506357432
2025-01-17,1.6343347563313309
2025-01-20,1.6222171541890542
2025-01-21,1.620160604375195
2025-01-22,1.626573650650177
2025-01-23,1.6336325836642405
2025-01-24,1.6225806316419216
2025-01-27,1.6432929055322314
2025-02-05,1.611452325154854
2025-02-06,1.5868748009867217
2025-02-07,1.5833643990124227
2025-02-10,1.5524709147132314
2025-02-11,1.5497509609378577
2025-02-12,1.544193379856689
2025-02-13,1.5554305325380435
2025-02-14,1.5714218464665524
2025-02-17,1.5471636829252968
2025-02-18,1.578142430154752
2025-02-19,1.5434933451699573
2025-02-20,1.5201948083178567
2025-02-21,1.5198415170925077
2025-02-24,1.513783081760488
2025-02-25,1.4985234832206542
2025-02-26,1.4880579139681596
2025-02-27,1.4955426179319444
2025-02-28,1.5297972859140387
2025-03-03,1.526416366716731
2025-03-04,1.5018190111364083
2025-03-05,1.4975545692873058
2025-03-06,1.4874892388139405
2025-03-07,1.49151798654878
2025-03-10,1.479971182614641
2025-03-11,1.4804254942422554
2025-03-12,1.4643542121826714
2025-03-13,1.48584271119184
2025-03-14,1.49508213935558
2025-03-17,1.4798954205966328
2025-03-18,1.4751081296260655
2025-03-19,1.4840893779624107
2025-03-20,1.4690749295544778
2025-03-21,1.4780461738262334
2025-03-24,1.514354497049666
2025-03-25,1.5284003237695638
2025-03-26,1.5056198033184083
2025-03-27,1.5217021854571924
2025-03-28,1.5382309601905833
2025-03-31,1.5460545657483287
2025-04-01,1.5325928931030908
2025-04-02,1.5271305099452754
2025-04-03,1.5338568157144656
2025-04-07,1.6356689921697118
2025-04-08,1.6722677516343936
2025-04-09,1.639785260207788
2025-04-10,1.6109635218795533
2025-04-11,1.6020592638402802
2025-04-14,1.5714548479450252
2025-04-15,1.573111732351309
2025-04-16,1.6053858770974994
2025-04-17,1.5961970517031185
2025-04-18,1.5994545140804137
2025-04-21,1.568755847012093
2025-04-22,1.5686086112477375
2025-04-23,1.5516146061333254
2025-04-24,1.5666638626142368
2025-04-25,1.5632666242144335
2025-04-28,1.5835758175238612
2025-04-29,1.5653318506590144
2025-04-30,1.5434866837106762
2025-05-06,1.5099425348078814
2025-05-07,1.5079314011750493
2025-05-08,1.4999594342123754
2025-05-09,1.520012965822916
2025-05-12,1.5134239902122872
2025-05-13,1.5202465585924698
2025-05-14,1.536890233980296
2025-05-15,1.5431509274744981
2025-05-16,1.5222791960788766
2025-05-19,1.5046791555918875
2025-05-20,1.500244442940075
2025-05-21,1.5194118585473508
2025-05-22,1.5373624957823202
2025-05-23,1.5431070217819896
2025-05-26,1.5152788090897256
2025-05-27,1.5040783575548229
2025-05-28,1.5079736065862466
2025-05-29,1.4906817608488467
2025-05-30,1.5100015429394869
2025-06-03,1.5022766709487132
2025-06-04,1.4930438212976769
2025-06-05,1.4876401229442566
2025-06-06,1.489138145652531
2025-06-09,1.4723054328459382
2025-06-10,1.4768736807164065
2025-06-11,1.4814835722276387
2025-06-12,1.4767887029169637
2025-06-13,1.4965636235921822
2025-06-16,1.4843997391088861
2025-06-17,1.4851950894966994
2025-06-18,1.4911266903491438
2025-06-19,1.5082831153301741
2025-06-20,1.5235404206469392
2025-06-23,1.4988897908704018
2025-06-24,1.4838348554923226
2025-06-25,1.49020019714718
2025-06-26,1.4876414402228209
2025-06-27,1.4715953119627636
2025-06-30,1.4545847378915737
2025-07-01,1.4529270748723075
2025-07-02,1.4656838491070898
2025-07-03,1.464293292359405
2025-07-04,1.485517928543224
2025-07-07,1.469293942525308
2025-07-08,1.4627929626479073
2025-07-09,1.4614059137245596
2025-07-10,1.4689032860889035
2025-07-11,1.4636715481274511
2025-07-14,1.455448613380381
2025-07-15,1.4660194787423104
2025-07-16,1.452379502611723
2025-07-17,1.4465521194662176
2025-07-18,1.4542782159830088
2025-07-21,1.4455727907562195
2025-07-22,1.4572692238280336
2025-07-23,1.470564550399418
2025-07-24,1.4646065728870228
2025-07-25,1.4525659386738061
2025-07-28,1.4453311025269766
2025-07-29,1.4456579805956389
2025-07-30,1.4584533944216145
2025-07-31,1.441170528897218
2025-08-01,1.4273187350727288
2025-08-04,1.4108351607774807
2025-08-05,1.4094982550999313
2025-08-06,1.396285517536014
2025-08-07,1.3956879882463697
2025-08-08,1.3955506562625628
2025-08-11,1.3780310755988745
2025-08-12,1.384359234459812
2025-08-13,1.380948847814428
2025-08-14,1.4061368602561497
2025-08-15,1.387726528052521
2025-08-18,1.3705967357689715
2025-08-19,1.35598762233911
2025-08-20,1.3656224028283126
2025-08-21,1.3812285883706144
2025-08-22,1.4004986903986807
2025-08-25,1.4131370452969376
2025-08-26,1.4076451042371234
2025-08-27,1.4195290555391054
2025-08-28,1.4342499550650423
2025-08-29,1.4498454285894657
2025-09-01,1.4430927682717771
2025-09-02,1.4615454893686868
2025-09-03,1.48161622733406
2025-09-04,1.4714492810097253
2025-09-05,1.4633229722740835
2025-09-08,1.4480611905126854
2025-09-09,1.456727421293113
2025-09-10,1.4550571063852713
2025-09-11,1.4606768258731306
2025-09-12,1.4521818496007155
2025-09-15,1.4572908752208493
2025-09-16,1.4310834640474714
2025-09-17,1.4337685601756807
2025-09-18,1.4326305714936358
2025-09-19,1.4459807488406333
2025-09-22,1.4464348319671447
2025-09-23,1.4664649399686733
2025-09-24,1.461197222949094
2025-09-25,1.4790220429138117
2025-09-26,1.488063665942636
2025-09-29,1.498393720829089
2025-09-30,1.5002341987604424
2025-10-09,1.5128406920141075
2025-10-10,1.4934054416060238
2025-10-13,1.4888738085064679
2025-10-14,1.4946223664116658
2025-10-15,1.491451805206033
2025-10-16,1.5140280177128378
2025-10-17,1.5233650255988969
2025-10-20,1.5098454582770882
2025-10-21,1.5039502969731895
2025-10-22,1.5045536091061895
2025-10-23,1.5123413711687619
2025-10-24,1.515920210930504
2025-10-27,1.5195690627398786
2025-10-28,1.5092230560559612
2025-10-29,1.5225588199830167
2025-10-30,1.5334815488078632
2025-10-31,1.4951864018183232
2025-11-03,1.487774845647529
2025-11-04,1.4894466520836067
2025-11-05,1.480753845210072
2025-11-06,1.4929472493497902
2025-11-07,1.4942850268104846
2025-11-10,1.4903258896459082
2025-11-11,1.4708253268628597
2025-11-12,1.4789659244716666
2025-11-13,1.4786995447299591
2025-11-14,1.4651155693710949
2025-11-17,1.4464969597170612
2025-11-18,1.4563095759056734
2025-11-19,1.4836971053871688
2025-11-20,1.4885172231055968
2025-11-21,1.51248492433496
2025-11-24,1.483047132985288
2025-11-25,1.4714396368932234
2025-11-26,1.485369199260121
2025-11-27,1.4800115309329238
2025-11-28,1.4642859291690677
2025-12-01,1.4701386955663895
2025-12-02,1.4699731789955561
2025-12-03,1.4776364358082614
2025-12-04,1.4938469125807574
2025-12-05,1.4787333912350085
2025-12-08,1.469215347103238
2025-12-09,1.469564536239227
2025-12-10,1.4649337282380008
2025-12-11,1.4773419283968705
2025-12-12,1.4768846967960665
2025-12-15,1.471051177691607
2025-12-16,1.4789702190799414
2025-12-17,1.494805328114645
2025-12-18,1.4848832779001666
2025-12-19,1.4683188488211896
2025-12-22,1.4696436603934548
2025-12-23,1.4818121068289911
2025-12-24,1.4633524374093962
2025-12-25,1.447111316837794
2025-12-26,1.4524322995440306
2025-12-29,1.44712343730846
2025-12-30,1.4534458500791598
2025-12-31,1.4453962886670804
2026-01-05,1.4484539806308732
2026-01-06,1.4531357722924472
2026-01-07,1.4413964218881388
2026-01-08,1.4113215508263193
2026-01-09,1.3944179355496453
2026-01-12,1.3657712191342735
2026-01-13,1.382288524650325
2026-01-14,1.3636572153850162
2026-01-15,1.3798394599765533
2026-01-16,1.3735204324348675
2026-01-19,1.3587452990903541
2026-01-20,1.3678627440834932
2026-01-21,1.3555736768038251
2026-01-22,1.3423206629858369
2026-01-23,1.311935420981898
2026-01-26,1.3343138976049265
2026-01-27,1.3303408598353117
2026-01-28,1.3436314317145213
2026-01-29,1.3704594359121989
2026-01-30,1.3583738547919006
2026-02-02,1.3621676541143721
2026-02-03,1.3402933989943084
2026-02-04,1.3498747956269843
2026-02-05,1.3583859285000461
2026-02-06,1.3448843290137473
2026-02-09,1.3384235083717555
2026-02-10,1.3412808049770557
2026-02-11,1.3441269016428208
2026-02-12,1.3422052310642274
2026-02-13,1.3341424136056943
2026-02-24,1.3310583640239677
2026-02-25,1.3252313369362996
