date,000300.SH_对_000852.SH_相对换手率
2014-10-17,0.4894807220860263
2014-10-20,0.40948590920165673
2014-10-21,0.428214093598709
2014-10-22,0.4269744694477599
2014-10-23,0.4934997549796777
2014-10-24,0.4471729410067791
2014-10-27,0.42516994945093256
2014-10-28,0.4263621101897543
2014-10-29,0.5057780010821674
2014-10-30,0.6475594855971338
2014-10-31,0.9198014263739336
2014-11-03,0.7989132991485157
2014-11-04,0.8717749757516975
2014-11-05,0.8679297469229705
2014-11-06,0.693680004502223
2014-11-07,0.810927441224326
2014-11-10,1.047095144541117
2014-11-11,1.1325495865133188
2014-11-12,0.9912272119492548
2014-11-13,0.9420542736600865
2014-11-14,0.9629852862967558
2014-11-17,0.8706059088632949
2014-11-18,0.7976578411405294
2014-11-19,0.608112201623652
2014-11-20,0.5808084171272557
2014-11-21,0.7526232789470492
2014-11-24,1.034080172762856
2014-11-25,0.7801267145935106
2014-11-26,0.8016644660504942
2014-11-27,0.834066985645933
2014-11-28,1.133508768701349
2014-12-01,1.227199213871886
2014-12-02,1.3214843227331519
2014-12-03,0.9614952962535072
2014-12-04,0.8603064516129032
2014-12-05,0.955037856726849
2014-12-08,1.0221194110495746
2014-12-09,1.0898840783470483
2014-12-10,1.1249020230907743
2014-12-11,0.8958105361888383
2014-12-12,0.785688916745012
2014-12-15,0.7086153426046929
2014-12-16,0.9238298224558209
2014-12-17,1.1166473155302878
2014-12-18,1.1059437329938342
2014-12-19,1.1290315464372378
2014-12-22,1.2984743254013436
2014-12-23,1.374566646742379
2014-12-24,1.27639118189764
2014-12-25,1.2484669543493072
2014-12-26,1.3548213272830403
2014-12-29,1.2706578153289076
2014-12-30,1.1360143084705028
2014-12-31,1.3482558871678632
2015-01-05,1.3098442922802738
2015-01-06,1.3935752471968585
2015-01-07,1.235240464344942
2015-01-08,1.1283948587245471
2015-01-09,1.486349940651916
2015-01-12,1.2557644914081227
2015-01-13,0.9593134372243458
2015-01-14,1.0397474420904491
2015-01-15,1.3535774050038774
2015-01-16,1.2835835477252744
2015-01-19,1.0976595185158622
2015-01-20,1.0675206420248475
2015-01-21,1.013954990847421
2015-01-22,0.8082076509806461
2015-01-23,0.8367855608079072
2015-01-26,0.759780621572212
2015-01-27,0.815445641728178
2015-01-28,0.7148968714896872
2015-01-29,0.8576745003809412
2015-01-30,0.7436030759968255
2015-02-02,0.8892806537713778
2015-02-03,0.7870763962687449
2015-02-04,0.8462933061386363
2015-02-05,0.9737602071300537
2015-02-06,0.8528902144581736
2015-02-09,1.049872972444792
2015-02-10,1.0936481367280417
2015-02-11,0.8316213420041384
2015-02-12,0.8102292062856571
2015-02-13,0.8078299196266528
2015-02-16,0.6610966192308685
2015-02-17,0.6941058290120272
2015-02-25,0.68508539102925
2015-02-26,0.8816058176022314
2015-02-27,0.77771495770953
2015-03-02,0.6607414317302377
2015-03-03,0.6457063313013007
2015-03-04,0.5751064109054771
2015-03-05,0.600017959770115
2015-03-06,0.5505726698262243
2015-03-09,0.8076568576759661
2015-03-10,0.6157732364329048
2015-03-11,0.5955953683254557
2015-03-12,0.8332717114452387
2015-03-13,0.8723675370108658
2015-03-16,0.6591308440539693
2015-03-17,0.7489415749364945
2015-03-18,0.8702378330764149
2015-03-19,0.808550060183119
2015-03-20,0.9093497441981168
2015-03-23,0.7631855055403434
2015-03-24,0.7717414783773275
2015-03-25,0.7268849579726508
2015-03-26,0.7005312790543233
2015-03-27,0.7887646691201999
2015-03-30,0.9552455553599719
2015-03-31,0.9688860959284482
2015-04-01,0.7648980838231926
2015-04-02,0.6608083682652001
2015-04-03,0.6343925379339015
2015-04-07,0.8000760359903687
2015-04-08,0.8552307107190618
2015-04-09,0.8856741461345775
2015-04-10,0.8318190392354124
2015-04-13,0.8943282206926454
2015-04-14,0.8747003271566511
2015-04-15,1.0402275138512318
2015-04-16,1.0867118667400881
2015-04-17,1.1886404190410407
2015-04-20,1.3619354924378229
2015-04-21,1.1248175743144635
2015-04-22,0.9962636396545482
2015-04-23,0.9219941859020547
2015-04-24,0.96724831852192
2015-04-27,1.0464576391544218
2015-04-28,1.2685146414314825
2015-04-29,1.0318372800309408
2015-04-30,1.003870400730137
2015-05-04,1.0099807231520348
2015-05-05,1.094979951884523
2015-05-06,0.9973530306011125
2015-05-07,0.9268231031722628
2015-05-08,0.8385104825541021
2015-05-11,0.8294360591724863
2015-05-12,0.7542119031160628
2015-05-13,0.7445170799612408
2015-05-14,0.7108875180695301
2015-05-15,0.7231549997720815
2015-05-18,0.6229000319386777
2015-05-19,0.6857937044549621
2015-05-20,0.6581509724533644
2015-05-21,0.5717337588798517
2015-05-22,0.7178411996706106
2015-05-25,0.7544254693003968
2015-05-26,0.7745231979889612
2015-05-27,0.7411978890105008
2015-05-28,0.8099838969404187
2015-05-29,0.739147073596594
2015-06-01,0.8082026537997588
2015-06-02,0.7087349756039509
2015-06-03,0.69762550247733
2015-06-04,0.862571129080563
2015-06-05,0.8667237030699659
2015-06-08,1.085591654247392
2015-06-09,1.2232391085463534
2015-06-10,0.9016822965137089
2015-06-11,0.7721036585365854
2015-06-12,0.764311286979461
2015-06-15,0.7996699990294088
2015-06-16,0.8007707562694271
2015-06-17,0.8220040887499248
2015-06-18,0.8028743818318583
2015-06-19,0.8888305100099647
2015-06-23,0.8692560460385625
2015-06-24,0.9795773485223708
2015-06-25,0.9605088705095018
2015-06-26,1.1252757029266214
2015-06-29,1.0697315365820754
2015-06-30,0.9029891201573355
2015-07-01,0.8437724774865496
2015-07-02,1.0050022663990157
2015-07-03,0.971519567791099
2015-07-06,1.1918157181571816
2015-07-07,3.225573655631459
2015-07-08,2.7599817876155788
2015-07-09,1.3923707957342082
2015-07-10,2.261077964738218
2015-07-13,1.406350657717005
2015-07-14,0.907284180640582
2015-07-15,0.7327870542156256
2015-07-16,0.6062791742082988
2015-07-17,0.6541781666568794
2015-07-20,0.5681603010438263
2015-07-21,0.55098786920532
2015-07-22,0.5200550998685116
2015-07-23,0.5429872238300275
2015-07-24,0.5456208283416053
2015-07-27,0.5782522428211464
2015-07-28,0.6230780845013714
2015-07-29,0.5310022271714921
2015-07-30,0.4825746114702242
2015-07-31,0.5318046379064646
2015-08-03,0.6016625009467546
2015-08-04,0.47353714114633577
2015-08-05,0.3799017090882418
2015-08-06,0.3661367310801448
2015-08-07,0.35334576650503546
2015-08-10,0.48970206453208054
2015-08-11,0.47512940934489734
2015-08-12,0.4507998193735546
2015-08-13,0.4247551443395332
2015-08-14,0.3875851448202334
2015-08-17,0.4117179445776249
2015-08-18,0.44358916308203156
2015-08-19,0.41897601665879736
2015-08-20,0.3820728996266935
2015-08-21,0.4627047694386763
2015-08-24,0.8396882402384045
2015-08-25,0.8788080613729989
2015-08-26,0.5503201626398551
2015-08-27,0.5842728868485012
2015-08-28,0.5738440864184768
2015-08-31,0.625148647949951
2015-09-01,0.9399002802043843
2015-09-02,0.8844483741035466
2015-09-07,0.5641556556449719
2015-09-08,0.4374808726446028
2015-09-09,0.42118001239632835
2015-09-10,0.35744542817890396
2015-09-11,0.30473771061316657
2015-09-14,0.4739010989010989
2015-09-15,0.405696050359555
2015-09-16,0.39848636960383044
2015-09-17,0.3419155671169336
2015-09-18,0.3042930687818997
2015-09-21,0.3046492816147298
2015-09-22,0.31646590393629354
2015-09-23,0.3048507750443433
2015-09-24,0.25883798351299936
2015-09-25,0.3037883084625765
2015-09-28,0.2506401288176755
2015-09-29,0.28804319743708984
2015-09-30,0.3028020488098825
2015-10-08,0.34637776228936906
2015-10-09,0.29643502730101934
2015-10-12,0.3900303364589079
2015-10-13,0.2837941041698488
2015-10-14,0.30349805490024534
2015-10-15,0.3261924311413003
2015-10-16,0.33895928409351656
2015-10-19,0.34693448588431575
2015-10-20,0.3267291221324764
2015-10-21,0.40443397502366885
2015-10-22,0.33620615481687555
2015-10-23,0.32302124231069274
2015-10-26,0.31478794912713387
2015-10-27,0.3234230190373089
2015-10-28,0.3110460967603825
2015-10-29,0.2695886671216686
2015-10-30,0.2830919260002868
2015-11-02,0.2984902897388515
2015-11-03,0.27938068835652263
2015-11-04,0.3898544458855743
2015-11-05,0.6294169929616374
2015-11-06,0.5348236381931414
2015-11-09,0.5840575740219639
2015-11-10,0.47076527299065885
2015-11-11,0.4036399175867716
2015-11-12,0.36658983224484565
2015-11-13,0.3579840919724617
2015-11-16,0.3449634397444835
2015-11-17,0.4091370431165186
2015-11-18,0.4042394510921807
2015-11-19,0.3474083698030635
2015-11-20,0.32986036519871104
2015-11-23,0.2983583247156153
2015-11-24,0.3312468130747455
2015-11-25,0.29405526424320977
2015-11-26,0.3150389653457138
2015-11-27,0.36545735442970545
2015-11-30,0.34186479906219003
2015-12-01,0.32338407156254506
2015-12-02,0.5589237668161434
2015-12-03,0.5257156769258862
2015-12-04,0.3643871394938199
2015-12-07,0.2925227415307403
2015-12-08,0.29890269338895437
2015-12-09,0.30950540150866124
2015-12-10,0.33156073267493874
2015-12-11,0.26008112622285856
2015-12-14,0.36468949336461615
2015-12-15,0.2724703098295281
2015-12-16,0.2233065207627292
2015-12-17,0.27045057037163156
2015-12-18,0.28420315002669516
2015-12-21,0.386177832441036
2015-12-22,0.33215143328830854
2015-12-23,0.346929719766529
2015-12-24,0.32176333073583435
2015-12-25,0.27451026228435177
2015-12-28,0.2585003838607865
2015-12-29,0.22449620048866872
2015-12-30,0.21624213115437532
2015-12-31,0.29069040924711026
2016-01-04,0.3636183836436006
2016-01-05,0.3554389887350589
2016-01-06,0.3863872388152702
2016-01-07,0.40124606130048696
2016-01-08,0.43590264816217916
2016-01-11,0.44694306380571386
2016-01-12,0.38874925194494314
2016-01-13,0.391680975934801
2016-01-14,0.4021331319757427
2016-01-15,0.3830993454828585
2016-01-18,0.3476531640742052
2016-01-19,0.3671315921418478
2016-01-20,0.36988672120830707
2016-01-21,0.3377915943705417
2016-01-22,0.32492747795617083
2016-01-25,0.3093499124766101
2016-01-26,0.38376517048738196
2016-01-27,0.3885728998431757
2016-01-28,0.37602632214440956
2016-01-29,0.4047402264838104
2016-02-01,0.36292970582322587
2016-02-02,0.3284079084287201
2016-02-03,0.2971882602938006
2016-02-04,0.308411717280301
2016-02-05,0.3247143919421348
2016-02-15,0.3378308251167618
2016-02-16,0.35565889905474396
2016-02-17,0.36140722544003967
2016-02-18,0.3392662391484535
2016-02-19,0.283297877860219
2016-02-22,0.3873016570700189
2016-02-23,0.3152916918801408
2016-02-24,0.3004301075268817
2016-02-25,0.3668334232206951
2016-02-26,0.3219359499157236
2016-02-29,0.41048622572045196
2016-03-01,0.36909751327186363
2016-03-02,0.43962971829861935
2016-03-03,0.405283625621658
2016-03-04,0.5710213677881114
2016-03-07,0.4354458539685903
2016-03-08,0.37681385551568103
2016-03-09,0.3993532740501213
2016-03-10,0.3172863578296241
2016-03-11,0.35559898377955834
2016-03-14,0.35526058472670385
2016-03-15,0.36011219368172426
2016-03-16,0.49850207776310285
2016-03-17,0.33265013774104685
2016-03-18,0.3977751394603738
2016-03-21,0.44557110275534734
2016-03-22,0.3591104553878263
2016-03-23,0.3139741518578352
2016-03-24,0.30272784088820265
2016-03-25,0.28327758403909564
2016-03-28,0.2619781219628197
2016-03-29,0.2827381658559734
2016-03-30,0.306144090263197
2016-03-31,0.2947698620948172
2016-04-01,0.33927861801351133
2016-04-05,0.3418388704951098
2016-04-06,0.2748823977836863
2016-04-07,0.26003798920504767
2016-04-08,0.27696286058228187
2016-04-11,0.31928522564729783
2016-04-12,0.2574456092886935
2016-04-13,0.41141254147993567
2016-04-14,0.29704639549276535
2016-04-15,0.2796876422912303
2016-04-18,0.28236908084582996
2016-04-19,0.2631732168850073
2016-04-20,0.330582210510615
2016-04-21,0.31745444682792123
2016-04-22,0.2957689431704885
2016-04-25,0.2773944061072774
2016-04-26,0.24669827294277008
2016-04-27,0.2157034187286876
2016-04-28,0.246332885368713
2016-04-29,0.26446708001180985
2016-05-03,0.3182337959353397
2016-05-04,0.29047387170352906
2016-05-05,0.2724879333040807
2016-05-06,0.2779123721923377
2016-05-09,0.32184147484637016
2016-05-10,0.34979809927805194
2016-05-11,0.3824645796535007
2016-05-12,0.34544172103685417
2016-05-13,0.302744092039801
2016-05-16,0.2721812822402358
2016-05-17,0.2500771938491941
2016-05-18,0.32955129853432763
2016-05-19,0.27188271156916827
2016-05-20,0.2548055919615553
2016-05-23,0.24348195884719812
2016-05-24,0.26254951386388187
2016-05-25,0.2596065113875457
2016-05-26,0.25142531356898523
2016-05-27,0.2785138997142115
2016-05-30,0.32900542039581493
2016-05-31,0.39841273513963765
2016-06-01,0.3086008212283103
2016-06-02,0.25377311105264416
2016-06-03,0.28449628265466204
2016-06-06,0.25695844000217877
2016-06-07,0.2451068258694961
2016-06-08,0.26186405045550104
2016-06-13,0.26505633084519453
2016-06-14,0.2683480952224161
2016-06-15,0.25312014317336223
2016-06-16,0.2256751675477207
2016-06-17,0.23810604169975272
2016-06-20,0.20779047771294595
2016-06-21,0.25704501676535635
2016-06-22,0.2249015883502629
2016-06-23,0.20275341130604288
2016-06-24,0.2556497456866461
2016-06-27,0.23581333766927598
2016-06-28,0.22921012803206936
2016-06-29,0.2689549507373439
2016-06-30,0.23583438623772965
2016-07-01,0.23628691983122363
2016-07-04,0.3650025872348085
2016-07-05,0.32974724293339425
2016-07-06,0.34320034320034326
2016-07-07,0.2828374028421135
2016-07-08,0.2681983845547675
2016-07-11,0.3786541146795189
2016-07-12,0.4551725633961692
2016-07-13,0.4551553219672691
2016-07-14,0.3268913445672284
2016-07-15,0.33310204953031597
2016-07-18,0.3695039770216527
2016-07-19,0.31818181818181823
2016-07-20,0.255147846737525
2016-07-21,0.2769963038795969
2016-07-22,0.2866615308424586
2016-07-25,0.2527123027078441
2016-07-26,0.2977884294512029
2016-07-27,0.3489108910891089
2016-07-28,0.3614259985167921
2016-07-29,0.3748851671259981
2016-08-01,0.37316517030069835
2016-08-02,0.33485458612975394
2016-08-03,0.3207899067471201
2016-08-04,0.30498018266413923
2016-08-05,0.33255797308903523
2016-08-08,0.3661774000983215
2016-08-09,0.3261509198442654
2016-08-10,0.335271138999108
2016-08-11,0.39707514526343274
2016-08-12,0.5144395677350349
2016-08-15,0.596335031330298
2016-08-16,0.5579715310947934
2016-08-17,0.43760215110455
2016-08-18,0.4146192546280467
2016-08-19,0.41746383574428375
2016-08-22,0.3668261562998405
2016-08-23,0.3601715566819378
2016-08-24,0.3332186596945094
2016-08-25,0.3649996958082375
2016-08-26,0.31776891909554306
2016-08-29,0.3320692021526348
2016-08-30,0.329378366574465
2016-08-31,0.3554865734161119
2016-09-01,0.3433143862498308
2016-09-02,0.3581051716644937
2016-09-05,0.3521901246657376
2016-09-06,0.3414790248443591
2016-09-07,0.32805870580386925
2016-09-08,0.2759817468989009
2016-09-09,0.3062959630123809
2016-09-12,0.421096321740375
2016-09-13,0.30429187798047086
2016-09-14,0.3329909532651207
2016-09-19,0.2991660284231129
2016-09-20,0.2635360962566845
2016-09-21,0.3099561403508772
2016-09-22,0.3324152620175535
2016-09-23,0.26161101678928506
2016-09-26,0.2942022882010248
2016-09-27,0.28653814466963257
2016-09-28,0.23877036636961022
2016-09-29,0.29495112545960006
2016-09-30,0.25326370757180156
2016-10-10,0.3128910728910729
2016-10-11,0.3407244857854055
2016-10-12,0.27205612159679304
2016-10-13,0.31022156382841687
2016-10-14,0.3289083557951482
2016-10-17,0.3310749481327801
2016-10-18,0.39813968668407307
2016-10-19,0.3808284399301698
2016-10-20,0.27812175973929787
2016-10-21,0.40122885019142895
2016-10-24,0.5611865352427003
2016-10-25,0.39758708272859217
2016-10-26,0.32256448785374403
2016-10-27,0.31248723360795266
2016-10-28,0.3388885466083421
2016-10-31,0.28827841337261084
2016-11-01,0.2874845508358811
2016-11-02,0.3075295866445601
2016-11-03,0.3813976125826118
2016-11-04,0.3562908141053548
2016-11-07,0.3553203040173724
2016-11-08,0.3774392703130332
2016-11-09,0.3987169517884915
2016-11-10,0.39522388059701496
2016-11-11,0.5561591194819365
2016-11-14,0.5930057067396124
2016-11-15,0.41693597120411974
2016-11-16,0.3853686780958135
2016-11-17,0.4217789154676788
2016-11-18,0.4225848321898758
2016-11-21,0.5632543876818686
2016-11-22,0.5921091840991717
2016-11-23,0.5384442319590528
2016-11-24,0.5334989133809376
2016-11-25,0.5763300414144632
2016-11-28,0.8224437558938436
2016-11-29,0.8850363226850236
2016-11-30,0.7810340985067974
2016-12-01,0.843752485484769
2016-12-02,0.8028819444444445
2016-12-05,0.8868970692458417
2016-12-06,0.6436487638533673
2016-12-07,0.5615346079986641
2016-12-08,0.5638449916288946
2016-12-09,0.7398727820555742
2016-12-12,0.6196685683238251
2016-12-13,0.552389878163074
2016-12-14,0.569068276122218
2016-12-15,0.5396372057120803
2016-12-16,0.42617255356108863
2016-12-19,0.4030487804878049
2016-12-20,0.4653045152257612
2016-12-21,0.5454281447062728
2016-12-22,0.47173464663046677
2016-12-23,0.505144076840982
2016-12-26,0.4861334046727306
2016-12-27,0.4242340090715542
2016-12-28,0.376962879640045
2016-12-29,0.41351482741857076
2016-12-30,0.43049305177785474
2017-01-03,0.4933696981096586
2017-01-04,0.39641144849629517
2017-01-05,0.3855000360516259
2017-01-06,0.37095982612353645
2017-01-09,0.3855655953334096
2017-01-10,0.38890383063741496
2017-01-11,0.4399343501060806
2017-01-12,0.4233460010364484
2017-01-13,0.4391699092088197
2017-01-16,0.6141137749669259
2017-01-17,0.37103631532329495
2017-01-18,0.45542065572016904
2017-01-19,0.45496548970395295
2017-01-20,0.4120397121395178
2017-01-23,0.4563320966609847
2017-01-24,0.4343302282508035
2017-01-25,0.44065672390023813
2017-01-26,0.5368816103718868
2017-02-03,0.5022672309552599
2017-02-06,0.44088604216706695
2017-02-07,0.3563314322807994
2017-02-08,0.3987627780458913
2017-02-09,0.44008681984881365
2017-02-10,0.5222626715205825
2017-02-13,0.554543017957652
2017-02-14,0.4672604522531316
2017-02-15,0.5499733333333333
2017-02-16,0.5025085213128567
2017-02-17,0.48086845112365384
2017-02-20,0.5894960913128051
2017-02-21,0.4611967512017238
2017-02-22,0.41097472447700123
2017-02-23,0.365117335352006
2017-02-24,0.41983099408841984
2017-02-27,0.45361452662834517
2017-02-28,0.38357553227441704
2017-03-01,0.45861231697446836
2017-03-02,0.4126459069997338
2017-03-03,0.39224967907573816
2017-03-06,0.38428817781184127
2017-03-07,0.3512455128902426
2017-03-08,0.38554555680539937
2017-03-09,0.3995768356711857
2017-03-10,0.38617756026162925
2017-03-13,0.4666132027688671
2017-03-14,0.3835740817168799
2017-03-15,0.3972180576378478
2017-03-16,0.4591062092673494
2017-03-17,0.4018760641202737
2017-03-20,0.3994024276377217
2017-03-21,0.44746422826178983
2017-03-22,0.4691023738872403
2017-03-23,0.39169538249483116
2017-03-24,0.5621473121473122
2017-03-27,0.49440398620160986
2017-03-28,0.4218606973454273
2017-03-29,0.4464052056441631
2017-03-30,0.4264191142900624
2017-03-31,0.4321006836544438
2017-04-05,0.5789596144257936
2017-04-06,0.5550432661788781
2017-04-07,0.5665514261019878
2017-04-10,0.5129456579965479
2017-04-11,0.5214150772495536
2017-04-12,0.6053093462044756
2017-04-13,0.5147361206305688
2017-04-14,0.5480365357690512
2017-04-17,0.5349879481771619
2017-04-18,0.5388411844956263
2017-04-19,0.528892889288929
2017-04-20,0.599878435288499
2017-04-21,0.6405980739989863
2017-04-24,0.6114220244128146
2017-04-25,0.5681943125593483
2017-04-26,0.6555130502154858
2017-04-27,0.5308308130225938
2017-04-28,0.589048963767769
2017-05-02,0.5597233968459281
2017-05-03,0.49092354577978004
2017-05-04,0.5380821682820139
2017-05-05,0.6144267134028226
2017-05-08,0.7150619637750238
2017-05-09,0.4837083614820974
2017-05-10,0.5059596646272377
2017-05-11,0.515751715533375
2017-05-12,0.5768229831096596
2017-05-15,0.5710387173801807
2017-05-16,0.5106553758478147
2017-05-17,0.4884512521274009
2017-05-18,0.47974443261262095
2017-05-19,0.43642159591155194
2017-05-22,0.5256838834220068
2017-05-23,0.6186358848314607
2017-05-24,0.5160860655737706
2017-05-25,0.7182995803685458
2017-05-26,0.6066875858011375
2017-05-31,0.6637556896369218
2017-06-01,0.6065363349131122
2017-06-02,0.49378259125551544
2017-06-05,0.5464848694051317
2017-06-06,0.45028031867807616
2017-06-07,0.49478586212386566
2017-06-08,0.460552268244576
2017-06-09,0.5744853608444381
2017-06-12,0.5223402219670877
2017-06-13,0.4445643642072213
2017-06-14,0.45535271579896325
2017-06-15,0.3958971096887052
2017-06-16,0.4239175447476189
2017-06-19,0.46880492091388404
2017-06-20,0.3975354282193469
2017-06-21,0.4702346498063138
2017-06-22,0.6457920203061792
2017-06-23,0.568349532037437
2017-06-26,0.7800279666329137
2017-06-27,0.5675963587061785
2017-06-28,0.6172256337584632
2017-06-29,0.5616939890710383
2017-06-30,0.5561224489795918
2017-07-03,0.5206521739130435
2017-07-04,0.569284591593571
2017-07-05,0.45951714018940915
2017-07-06,0.443138838908677
2017-07-07,0.48073149674279886
2017-07-10,0.5269247886070316
2017-07-11,0.5687327151455995
2017-07-12,0.5936018468895576
2017-07-13,0.6701689235088991
2017-07-14,0.6255160608196556
2017-07-17,0.6734471950361415
2017-07-18,0.6622438848271505
2017-07-19,0.7843065559983912
2017-07-20,0.5881361289642819
2017-07-21,0.5154089808086454
2017-07-24,0.5547752808988765
2017-07-25,0.5754785558517083
2017-07-26,0.6173040412259289
2017-07-27,0.5094855837166652
2017-07-28,0.4711928199189346
2017-07-31,0.540644195690811
2017-08-01,0.5720671468999228
2017-08-02,0.6104558787582498
2017-08-03,0.5604698471028282
2017-08-04,0.5579301564205166
2017-08-07,0.5469132547365249
2017-08-08,0.4995483006759914
2017-08-09,0.4838409672169263
2017-08-10,0.494340727249073
2017-08-11,0.5639404249855555
2017-08-14,0.4818539727988547
2017-08-15,0.462729912875121
2017-08-16,0.40596176981686943
2017-08-17,0.3794868724366075
2017-08-18,0.3794346551666049
2017-08-21,0.43829261905652617
2017-08-22,0.4336270082179611
2017-08-23,0.5368780658724597
2017-08-24,0.4701983789351127
2017-08-25,0.6679824561403509
2017-08-28,0.7756668928329107
2017-08-29,0.5480997407907707
2017-08-30,0.5856283185840708
2017-08-31,0.5750149209191286
2017-09-01,0.5647974982371157
2017-09-04,0.49715103793843946
2017-09-05,0.46440233049491003
2017-09-06,0.459546239360252
2017-09-07,0.41843452816386245
2017-09-08,0.40346771269406995
2017-09-11,0.45548087031314705
2017-09-12,0.40874370625076745
2017-09-13,0.3669663447077304
2017-09-14,0.4050212013056344
2017-09-15,0.46266500295527685
2017-09-18,0.5022200843632058
2017-09-19,0.45066397128019237
2017-09-20,0.38089155284792503
2017-09-21,0.419017318289163
2017-09-22,0.4341952189739934
2017-09-25,0.5000627536292516
2017-09-26,0.4640532544378698
2017-09-27,0.46463454914358515
2017-09-28,0.4761314321140731
2017-09-29,0.4816095567431625
2017-10-09,0.5848751504211793
2017-10-10,0.4856498025202181
2017-10-11,0.40263493984002147
2017-10-12,0.41393552334697314
2017-10-13,0.4394679811328773
2017-10-16,0.5006292474200856
2017-10-17,0.5130269241229263
2017-10-18,0.5422617653945212
2017-10-19,0.5676178083465006
2017-10-20,0.47509796126980525
2017-10-23,0.5032595226550294
2017-10-24,0.5659416445623342
2017-10-25,0.5615106914745903
2017-10-26,0.684348425649276
2017-10-27,0.7209810346539568
2017-10-30,0.717708542713568
2017-10-31,0.68841716142041
2017-11-01,0.7667641529141425
2017-11-02,0.716788689724817
2017-11-03,0.7040742351747137
2017-11-06,0.7238110285985148
2017-11-07,0.8151568524777456
2017-11-08,0.75751762291425
2017-11-09,0.6731709726819147
2017-11-10,0.6895136909389307
2017-11-13,0.6823731934825252
2017-11-14,0.6503025413473175
2017-11-15,0.6681594488188976
2017-11-16,0.6963436461263104
2017-11-17,0.7890335595085274
2017-11-20,0.7550950421320791
2017-11-21,1.0048693232634405
2017-11-22,0.9716555922122578
2017-11-23,0.9152115129015994
2017-11-24,0.8300979115965815
2017-11-27,0.9478214727905194
2017-11-28,0.6867983430389626
2017-11-29,0.6847810093677964
2017-11-30,0.6615115580086343
2017-12-01,0.6184568320870155
2017-12-04,0.6544368600682594
2017-12-05,0.8113606464950197
2017-12-06,0.6436388508891929
2017-12-07,0.5971031628731894
2017-12-08,0.5589057954799731
2017-12-11,0.5665835670510023
2017-12-12,0.4861909650924025
2017-12-13,0.5074887813975174
2017-12-14,0.4944911094142031
2017-12-15,0.5147566314705124
2017-12-18,0.5010609623215002
2017-12-19,0.5516454251474225
2017-12-20,0.5607564229793802
2017-12-21,0.592380640941792
2017-12-22,0.4831849074291071
2017-12-25,0.5710173807151556
2017-12-26,0.6268629254829806
2017-12-27,0.634109611143979
2017-12-28,0.6869803232970099
2017-12-29,0.5917915233486852
2018-01-02,0.8285296785246398
2018-01-03,0.7231135889688046
2018-01-04,0.6591934141962604
2018-01-05,0.7023633989130893
2018-01-08,0.776036461040259
2018-01-09,0.7146079830578703
2018-01-10,0.7155095635947242
2018-01-11,0.594394569739435
2018-01-12,0.5225763053897251
2018-01-15,0.6978743643215162
2018-01-16,0.8101254439998202
2018-01-17,1.0325255928469612
2018-01-18,1.0549233052944087
2018-01-19,1.207174609738447
2018-01-22,0.9335124244459369
2018-01-23,1.11793953858393
2018-01-24,1.0480291345329906
2018-01-25,0.8753120219019245
2018-01-26,0.9353568887834954
2018-01-29,0.952820466866795
2018-01-30,0.8255037143926033
2018-01-31,0.6743447180301826
2018-02-01,0.764303302433372
2018-02-02,0.7488711516533637
2018-02-05,1.0052660753880265
2018-02-06,1.038923057072814
2018-02-07,1.056012950971323
2018-02-08,1.107399158624103
2018-02-09,1.1185467528707902
2018-02-12,0.8237929946355317
2018-02-13,0.807805314256515
2018-02-14,0.727115559599636
2018-02-22,0.8197614286699304
2018-02-23,0.6818597840014643
2018-02-26,0.6770504731861199
2018-02-27,0.599422407202922
2018-02-28,0.5466922596196767
2018-03-01,0.5324849007765314
2018-03-02,0.4749536996207779
2018-03-05,0.48766471812147033
2018-03-06,0.6326380967899625
2018-03-07,0.5489566613162119
2018-03-08,0.5075874421613016
2018-03-09,0.46998525073746306
2018-03-12,0.5029642379039969
2018-03-13,0.44296584675278716
2018-03-14,0.46339017051153464
2018-03-15,0.4216363165616639
2018-03-16,0.423943408128323
2018-03-19,0.42289861859049405
2018-03-20,0.4328293108461762
2018-03-21,0.44456776421260324
2018-03-22,0.45350546724248825
2018-03-23,0.5920283806343907
2018-03-26,0.5291543366815321
2018-03-27,0.449564313120809
2018-03-28,0.4453326969733126
2018-03-29,0.5574189634252037
2018-03-30,0.4168796963358897
2018-04-02,0.41027097463998125
2018-04-03,0.4092627967720557
2018-04-04,0.41803278688524587
2018-04-09,0.41929071606053764
2018-04-10,0.49197478991596644
2018-04-11,0.5133898868928809
2018-04-12,0.4081532196715443
2018-04-13,0.3695326402547532
2018-04-16,0.4653031720384387
2018-04-17,0.407179528970744
2018-04-18,0.457862761897344
2018-04-19,0.4272798434442269
2018-04-20,0.45438647624599243
2018-04-23,0.45356686735997076
2018-04-24,0.5468954106069842
2018-04-25,0.380798369589296
2018-04-26,0.4241069452436811
2018-04-27,0.520946695546516
2018-05-02,0.4854225091274671
2018-05-03,0.5133204345884804
2018-05-04,0.44501553233549845
2018-05-07,0.4720679998034688
2018-05-08,0.4923559016237774
2018-05-09,0.36369489846458636
2018-05-10,0.33880733545323866
2018-05-11,0.3735368956743002
2018-05-14,0.4589312977099237
2018-05-15,0.4452131339471023
2018-05-16,0.3981551489490398
2018-05-17,0.3566391184573003
2018-05-18,0.4191935144240893
2018-05-21,0.43306750820930534
2018-05-22,0.3714427010744954
2018-05-23,0.40041014005846676
2018-05-24,0.4066130958844608
2018-05-25,0.3733884933615547
2018-05-28,0.3986562724381988
2018-05-29,0.4611860259280471
2018-05-30,0.4195493354458234
2018-05-31,0.5154750295129087
2018-06-01,0.440492976134524
2018-06-04,0.5049884414162307
2018-06-05,0.5003521953510214
2018-06-06,0.4937024566654196
2018-06-07,0.5184543717152412
2018-06-08,0.5134704106624138
2018-06-11,0.47826086956521735
2018-06-12,0.49738089299077076
2018-06-13,0.4298709792496581
2018-06-14,0.4684084913955533
2018-06-15,0.4608949608949609
2018-06-19,0.6846018391704168
2018-06-20,0.472874818414066
2018-06-21,0.48941976254308694
2018-06-22,0.4369622147399925
2018-06-25,0.5010374639769452
2018-06-26,0.47789626255305934
2018-06-27,0.4705851092097571
2018-06-28,0.4780643291799478
2018-06-29,0.40601721969623683
2018-07-02,0.414886790723256
2018-07-03,0.48516778204945654
2018-07-04,0.4154566985892287
2018-07-05,0.45498492566794885
2018-07-06,0.42615600186828584
2018-07-09,0.42457459024950417
2018-07-10,0.39659524193115303
2018-07-11,0.3727068696330992
2018-07-12,0.4385731456043956
2018-07-13,0.3727947556155403
2018-07-16,0.3975506617606678
2018-07-17,0.35391987938832653
2018-07-18,0.33865384615384614
2018-07-19,0.39617486338797814
2018-07-20,0.576793632138469
2018-07-23,0.5469658824550743
2018-07-24,0.5657755109026803
2018-07-25,0.38231874273283073
2018-07-26,0.3371952947845805
2018-07-27,0.2948896956157498
2018-07-30,0.37884362680683314
2018-07-31,0.4073505148773966
2018-08-01,0.46346809547004386
2018-08-02,0.4240508845160008
2018-08-03,0.3879377634386221
2018-08-06,0.4260364240128678
2018-08-07,0.46275016757636694
2018-08-08,0.3788236361986022
2018-08-09,0.4120900157399924
2018-08-10,0.38637451470510026
2018-08-13,0.41770768269831354
2018-08-14,0.33850800042386353
2018-08-15,0.3819322592651672
2018-08-16,0.46073447941058887
2018-08-17,0.3961180210831614
2018-08-20,0.44376484560570073
2018-08-21,0.4651367531400399
2018-08-22,0.3393604872478112
2018-08-23,0.4144283413848631
2018-08-24,0.4542760942760942
2018-08-27,0.5209877832306568
2018-08-28,0.4345435741113712
2018-08-29,0.4419889502762431
2018-08-30,0.4353956484745351
2018-08-31,0.5560197757816309
2018-09-03,0.45392291136763835
2018-09-04,0.4053399457932068
2018-09-05,0.3702462079577929
2018-09-06,0.4065146985550573
2018-09-07,0.37069824056655976
2018-09-10,0.3931513297246411
2018-09-11,0.4073975518893028
2018-09-12,0.4059616749467707
2018-09-13,0.4361846991829661
2018-09-14,0.386319018404908
2018-09-17,0.37483716146726087
2018-09-18,0.4233996092403172
2018-09-19,0.44054590102002267
2018-09-20,0.35487599831862127
2018-09-21,0.542031063321386
2018-09-25,0.45096689404843854
2018-09-26,0.5055093555093555
2018-09-27,0.3420334838224229
2018-09-28,0.5209285756694175
2018-10-08,0.5849663812424574
2018-10-09,0.46029529130087793
2018-10-10,0.4339561437654081
2018-10-11,0.48383986423943226
2018-10-12,0.43253414520698547
2018-10-15,0.44138141809290954
2018-10-16,0.43698403962575677
2018-10-17,0.46657691407164603
2018-10-18,0.44579716898701
2018-10-19,0.5541205079708187
2018-10-22,0.564758136757241
2018-10-23,0.5631869364317438
2018-10-24,0.6377270454924179
2018-10-25,0.5716864363073749
2018-10-26,0.5301527876150967
2018-10-29,0.597817172418144
2018-10-30,0.6625171373731834
2018-10-31,0.5604113110539846
2018-11-01,0.5655778069599475
2018-11-02,0.576176885003071
2018-11-05,0.38799589603283174
2018-11-06,0.35025257627803597
2018-11-07,0.34684008060084265
2018-11-08,0.3225358441240145
2018-11-09,0.41093366093366096
2018-11-12,0.3210928111967201
2018-11-13,0.31505922165820643
2018-11-14,0.31000845934228616
2018-11-15,0.3034604350944298
2018-11-16,0.34876213851243193
2018-11-19,0.3385264708381724
2018-11-20,0.3230623710158221
2018-11-21,0.29356990485219925
2018-11-22,0.24169608761438147
2018-11-23,0.2735082933559088
2018-11-26,0.2783641160949868
2018-11-27,0.2564666786419975
2018-11-28,0.2986610943425432
2018-11-29,0.31528347773217813
2018-11-30,0.32015412233460305
2018-12-03,0.406618387295814
2018-12-04,0.28875401390310174
2018-12-05,0.28207340306984435
2018-12-06,0.3047504649721017
2018-12-07,0.26290877796901896
2018-12-10,0.33842410436943465
2018-12-11,0.2917021276595745
2018-12-12,0.28645969214714323
2018-12-13,0.41039086943110215
2018-12-14,0.3696504688832054
2018-12-17,0.38684687654524474
2018-12-18,0.38883774453394704
2018-12-19,0.35403240378244893
2018-12-20,0.4370081069885792
2018-12-21,0.4860936658891082
2018-12-24,0.38229731433614933
2018-12-25,0.3733649883533417
2018-12-26,0.32
2018-12-27,0.43865156973751923
2018-12-28,0.43847274846983386
2019-01-02,0.4554106006176341
2019-01-03,0.38707836014530356
2019-01-04,0.437984496124031
2019-01-07,0.38684373745849904
2019-01-08,0.3513481965682269
2019-01-09,0.3817990566998066
2019-01-10,0.35094813709709083
2019-01-11,0.302297557840617
2019-01-14,0.2850682453543825
2019-01-15,0.38336079077429985
2019-01-16,0.34416301812676453
2019-01-17,0.33982858990944376
2019-01-18,0.41759883542752074
2019-01-21,0.4108320120170242
2019-01-22,0.32923420905533823
2019-01-23,0.3084933929360908
2019-01-24,0.32319520128416335
2019-01-25,0.3690960144168308
2019-01-28,0.40098093651675
2019-01-29,0.3526279331543857
2019-01-30,0.37607607044393176
2019-01-31,0.4
2019-02-01,0.4630238955714979
2019-02-11,0.4702016768638115
2019-02-12,0.4795170815578979
2019-02-13,0.5297343932951254
2019-02-14,0.5422465378697213
2019-02-15,0.5063074548748575
2019-02-18,0.4898385904072214
2019-02-19,0.41110261173642226
2019-02-20,0.3939185750636132
2019-02-21,0.4168723010487353
2019-02-22,0.4634054385220792
2019-02-25,0.5411596600737009
2019-02-26,0.525371632949592
2019-02-27,0.5070073362003542
2019-02-28,0.4065301837270341
2019-03-01,0.5046355122594005
2019-03-04,0.5224462738568741
2019-03-05,0.37973132217770444
2019-03-06,0.43312800167049487
2019-03-07,0.4405981155264236
2019-03-08,0.42555511371653604
2019-03-11,0.38439463027326937
2019-03-12,0.37979808671950466
2019-03-13,0.3505610874031927
2019-03-14,0.3602409202720301
2019-03-15,0.3844245405996384
2019-03-18,0.44928283770111294
2019-03-19,0.3837068198365828
2019-03-20,0.36012969149145213
2019-03-21,0.3491801043193673
2019-03-22,0.3382130141655935
2019-03-25,0.39492781300129864
2019-03-26,0.36282900698793724
2019-03-27,0.34929883945841395
2019-03-28,0.34018141701397403
2019-03-29,0.49042036656314253
2019-04-01,0.4883452095446782
2019-04-02,0.3786997502618223
2019-04-03,0.429041554005977
2019-04-04,0.46826496674057644
2019-04-08,0.45083175405348497
2019-04-09,0.38502771147700143
2019-04-10,0.3709754221457089
2019-04-11,0.3419578242938293
2019-04-12,0.33660231844040844
2019-04-15,0.41859543262348875
2019-04-16,0.44747679504961063
2019-04-17,0.3557483731019523
2019-04-18,0.30264153950356587
2019-04-19,0.31903255434227984
2019-04-22,0.3871260378251523
2019-04-23,0.3207164582629266
2019-04-24,0.3504060689270007
2019-04-25,0.32995987783699626
2019-04-26,0.3605403676271562
2019-04-29,0.37483765850433304
2019-04-30,0.3785651186269561
2019-05-06,0.5160521981502597
2019-05-07,0.40393289896518175
2019-05-08,0.3401052323881906
2019-05-09,0.3664801717161055
2019-05-10,0.3770305352948448
2019-05-13,0.33643915226935345
2019-05-14,0.3450884086444008
2019-05-15,0.33036364165720444
2019-05-16,0.3089567259308957
2019-05-17,0.32181446510269635
2019-05-20,0.3543503681931671
2019-05-21,0.34324860284838654
2019-05-22,0.30505355257203204
2019-05-23,0.30671365428264247
2019-05-24,0.30201829533904456
2019-05-27,0.3746234687730102
2019-05-28,0.37326436993934914
2019-05-29,0.33606356540305926
2019-05-30,0.3128224974200206
2019-05-31,0.3091080380875475
2019-06-03,0.3180337941628264
2019-06-04,0.32391257146992836
2019-06-05,0.36170128271315677
2019-06-06,0.33601347729535186
2019-06-10,0.4157451290152712
2019-06-11,0.41001421048232045
2019-06-12,0.3533825906257215
2019-06-13,0.31726083611182354
2019-06-14,0.34168490510567406
2019-06-17,0.347411630558723
2019-06-18,0.35141296604132033
2019-06-19,0.4392501503709149
2019-06-20,0.5220218740762637
2019-06-21,0.41972243276443383
2019-06-24,0.35014389933739376
2019-06-25,0.42234305808804373
2019-06-26,0.34813578638879844
2019-06-27,0.3975081256771397
2019-06-28,0.32481550831589384
2019-07-01,0.48625419438394063
2019-07-02,0.45383700964205526
2019-07-03,0.42295842545942225
2019-07-04,0.398804012345679
2019-07-05,0.34972503749488704
2019-07-08,0.4064440162706059
2019-07-09,0.3775406257579432
2019-07-10,0.3837887159730319
2019-07-11,0.3890766325414969
2019-07-12,0.40815689538573585
2019-07-15,0.4499465469317939
2019-07-16,0.42014114820561593
2019-07-17,0.44266475772896063
2019-07-18,0.41585471844837835
2019-07-19,0.4611740992693374
2019-07-22,0.4284626752048722
2019-07-23,0.4415042612789797
2019-07-24,0.4548168119012084
2019-07-25,0.5042721764797266
2019-07-26,0.49195153859279905
2019-07-29,0.5093880389429764
2019-07-30,0.5131958654703814
2019-07-31,0.45937365475678005
2019-08-01,0.4821192052980133
2019-08-02,0.4893867924528302
2019-08-05,0.5095798482785451
2019-08-06,0.4701066993178241
2019-08-07,0.4291412251329525
2019-08-08,0.4909148868345553
2019-08-09,0.44093046275674336
2019-08-12,0.48211875843454793
2019-08-13,0.4483474552494249
2019-08-14,0.46941993987482133
2019-08-15,0.4308931731396107
2019-08-16,0.4250853399760125
2019-08-19,0.49277966101694914
2019-08-20,0.37927225253573466
2019-08-21,0.331888712610765
2019-08-22,0.34830191618632184
2019-08-23,0.3383461424770913
2019-08-26,0.3554230013821197
2019-08-27,0.3921983671000907
2019-08-28,0.29211242641007784
2019-08-29,0.2974720152427614
2019-08-30,0.30562823243078796
2019-09-02,0.3632124845370635
2019-09-03,0.3151208299683171
2019-09-04,0.38494875549048313
2019-09-05,0.43496113123111346
2019-09-06,0.37064924411109806
2019-09-09,0.3872847075584502
2019-09-10,0.3439249968326365
2019-09-11,0.38562627176124803
2019-09-12,0.38746525659277337
2019-09-16,0.3368799552005659
2019-09-17,0.3379193474264706
2019-09-18,0.3280398748116379
2019-09-19,0.335849911290627
2019-09-20,0.37748694793283477
2019-09-23,0.3575182857352887
2019-09-24,0.3195622338740895
2019-09-25,0.3190917548151466
2019-09-26,0.3622103752306746
2019-09-27,0.37636211232187766
2019-09-30,0.39247373888953024
2019-10-08,0.4486771885999773
2019-10-09,0.4167032484635645
2019-10-10,0.3743333176004154
2019-10-11,0.3919129082426127
2019-10-14,0.4293596682364518
2019-10-15,0.31714956930305405
2019-10-16,0.35383631713554986
2019-10-17,0.31486979800438064
2019-10-18,0.3433278969598126
2019-10-21,0.3633500639700817
2019-10-22,0.34092940125111704
2019-10-23,0.3322093465045593
2019-10-24,0.3363640668655586
2019-10-25,0.3418754156506318
2019-10-28,0.3194778653129841
2019-10-29,0.23784459695242524
2019-10-30,0.24913762532641284
2019-10-31,0.3230925431504531
2019-11-01,0.42048472075869336
2019-11-04,0.418781525851198
2019-11-05,0.4560972711790566
2019-11-06,0.4026695877961701
2019-11-07,0.4152123191787215
2019-11-08,0.42933321772305555
2019-11-11,0.40553443177017323
2019-11-12,0.3751081626766657
2019-11-13,0.40781860828772476
2019-11-14,0.44734718579786165
2019-11-15,0.4071459237704528
2019-11-18,0.4099234626550541
2019-11-19,0.3607487975040083
2019-11-20,0.3313324819071945
2019-11-21,0.34087811526479755
2019-11-22,0.3604423948725965
2019-11-25,0.45822136916186823
2019-11-26,0.5612579491255961
2019-11-27,0.38249347322791977
2019-11-28,0.3525
2019-11-29,0.42457627118644065
2019-12-02,0.4350163498309594
2019-12-03,0.39405794036794245
2019-12-04,0.4172397745488391
2019-12-05,0.41090958804228944
2019-12-06,0.3596946840702768
2019-12-09,0.38968955633603813
2019-12-10,0.3349700782568667
2019-12-11,0.3780697813716682
2019-12-12,0.32579701333738653
2019-12-13,0.5590750241653655
2019-12-16,0.4701309962528259
2019-12-17,0.5266246412464124
2019-12-18,0.42447623493231557
2019-12-19,0.3554833948339483
2019-12-20,0.3763754635540154
2019-12-23,0.431883159381351
2019-12-24,0.3954877507365702
2019-12-25,0.3538691889128291
2019-12-26,0.4066090902437239
2019-12-27,0.4508684064083414
2019-12-30,0.5055325914149443
2019-12-31,0.4312298290187462
2020-01-02,0.47330016583747925
2020-01-03,0.3681542615517856
2020-01-06,0.3872640168004725
2020-01-07,0.3159169394985873
2020-01-08,0.35260766248384545
2020-01-09,0.3384611616000784
2020-01-10,0.3078853626943005
2020-01-13,0.3430835202908017
2020-01-14,0.33701685987968294
2020-01-15,0.3012866231135709
2020-01-16,0.3123707202618011
2020-01-17,0.3185206513740922
2020-01-20,0.3794283600036999
2020-01-21,0.38415812591508053
2020-01-22,0.3586561998818266
2020-01-23,0.39945497336801683
2020-02-03,0.858646698138803
2020-02-04,0.4140841813135986
2020-02-05,0.3878623308386869
2020-02-06,0.37239988233810983
2020-02-07,0.3083397402176992
2020-02-10,0.31388982479784366
2020-02-11,0.3516647139230619
2020-02-12,0.28898072250857154
2020-02-13,0.30150087982610496
2020-02-14,0.33097117088097916
2020-02-17,0.3688186951192557
2020-02-18,0.29676835339911284
2020-02-19,0.3019975872835651
2020-02-20,0.3944635399342129
2020-02-21,0.36196440998111146
2020-02-24,0.3304367958018212
2020-02-25,0.3238008355809403
2020-02-26,0.3679445844537993
2020-02-27,0.31155822064912975
2020-02-28,0.37278010717003124
2020-03-02,0.41055531607849016
2020-03-03,0.3434164537717662
2020-03-04,0.33018030261846515
2020-03-05,0.360658546462727
2020-03-06,0.2983838838752143
2020-03-09,0.3337347849824967
2020-03-10,0.3186276886281734
2020-03-11,0.28148755143315435
2020-03-12,0.32936457939607744
2020-03-13,0.34544118997337253
2020-03-16,0.34761619639248553
2020-03-17,0.3699264869681444
2020-03-18,0.34831915755366544
2020-03-19,0.43744250229990794
2020-03-20,0.37333761472799765
2020-03-23,0.37185193226226665
2020-03-24,0.37693159643478724
2020-03-25,0.38980551671539343
2020-03-26,0.3123587353852164
2020-03-27,0.3709614519274036
2020-03-30,0.36403750689464975
2020-03-31,0.3542782495101241
2020-04-01,0.3653749370910921
2020-04-02,0.35580131566402895
2020-04-03,0.3201689267214359
2020-04-07,0.3595499792617171
2020-04-08,0.2737739764158105
2020-04-09,0.24809985002160706
2020-04-10,0.24114025306636933
2020-04-13,0.25564811729423526
2020-04-14,0.3505730238025272
2020-04-15,0.2974814144783334
2020-04-16,0.27691666914586616
2020-04-17,0.3211036764153071
2020-04-20,0.27581896184333893
2020-04-21,0.26548837209302323
2020-04-22,0.23037820813879603
2020-04-23,0.22977225980720142
2020-04-24,0.2362572499101781
2020-04-27,0.29406911433376703
2020-04-28,0.3003068495929805
2020-04-29,0.2978564468983436
2020-04-30,0.37084585533802117
2020-05-06,0.388417750929368
2020-05-07,0.2898917071209031
2020-05-08,0.3228694371444249
2020-05-11,0.34555745533871823
2020-05-12,0.3084099868593955
2020-05-13,0.2814253272775848
2020-05-14,0.24815912224601752
2020-05-15,0.26521346963319303
2020-05-18,0.2853879459186655
2020-05-19,0.27540065827924576
2020-05-20,0.2772111300528764
2020-05-21,0.2776140480137533
2020-05-22,0.320645455136964
2020-05-25,0.3044936555402893
2020-05-26,0.2760455703792535
2020-05-27,0.25581694305180613
2020-05-28,0.2786492786492787
2020-05-29,0.28636144578313255
2020-06-01,0.3334104997813617
2020-06-02,0.3308232568242705
2020-06-03,0.31654219749109186
2020-06-04,0.2709673886257222
2020-06-05,0.2806424589074732
2020-06-08,0.3913681122983449
2020-06-09,0.34999359631147536
2020-06-10,0.3446745082790577
2020-06-11,0.3528481938996546
2020-06-12,0.37788621756724594
2020-06-15,0.3347121682178559
2020-06-16,0.29928521373510864
2020-06-17,0.2623277221834355
2020-06-18,0.36751592356687895
2020-06-19,0.433472976162379
2020-06-22,0.4176250558284949
2020-06-23,0.36590185207030784
2020-06-24,0.36376089663760897
2020-06-29,0.3946963270179407
2020-06-30,0.3776108236174325
2020-07-01,0.41856535763657776
2020-07-02,0.5270390359147756
2020-07-03,0.5697308776085269
2020-07-06,0.5772311975241
2020-07-07,0.5306975161619598
2020-07-08,0.4958686267819791
2020-07-09,0.4411075472933168
2020-07-10,0.43312210751156993
2020-07-13,0.44119497754769327
2020-07-14,0.38458114123836507
2020-07-15,0.38362803266169304
2020-07-16,0.4387463012993696
2020-07-17,0.43133722570703015
2020-07-20,0.4851629908774531
2020-07-21,0.39841688654353563
2020-07-22,0.42440250079138964
2020-07-23,0.4140587474598189
2020-07-24,0.3968510913831002
2020-07-27,0.3872516556291391
2020-07-28,0.3812231891163132
2020-07-29,0.39566557973425615
2020-07-30,0.308818120220695
2020-07-31,0.344655832486913
2020-08-03,0.3398766496452019
2020-08-04,0.37688500057557267
2020-08-05,0.34633255891138404
2020-08-06,0.3884782919165952
2020-08-07,0.3811263772114614
2020-08-10,0.39288231858371436
2020-08-11,0.3892922857764676
2020-08-12,0.4180703118251706
2020-08-13,0.3463075751808146
2020-08-14,0.3638152444076222
2020-08-17,0.5579831932773109
2020-08-18,0.37871822322984233
2020-08-19,0.38323828622756995
2020-08-20,0.3733560763373875
2020-08-21,0.35496412263535554
2020-08-24,0.3902789060384511
2020-08-25,0.31428903886432397
2020-08-26,0.32856201576806854
2020-08-27,0.3001191264063534
2020-08-28,0.3951398656040006
2020-08-31,0.4744121715076072
2020-09-01,0.36515619349634204
2020-09-02,0.342825096710692
2020-09-03,0.33184319946162905
2020-09-04,0.30438272595922294
2020-09-07,0.30433842761721536
2020-09-08,0.2855503345531712
2020-09-09,0.27157243816254417
2020-09-10,0.30352470698347195
2020-09-11,0.3309895438702834
2020-09-14,0.2720795049690606
2020-09-15,0.286239729481209
2020-09-16,0.3449350127294654
2020-09-17,0.33110047846889956
2020-09-18,0.45962958479602956
2020-09-21,0.3665451599837991
2020-09-22,0.383766718718175
2020-09-23,0.351370235230184
2020-09-24,0.3728920520281878
2020-09-25,0.3911494969281453
2020-09-28,0.38426944789972256
2020-09-29,0.3934696250363337
2020-09-30,0.4077844021133246
2020-10-09,0.3816004354926511
2020-10-12,0.39627774186597714
2020-10-13,0.3486927586753288
2020-10-14,0.35193462308205464
2020-10-15,0.369110786652897
2020-10-16,0.43590150283516393
2020-10-19,0.4678839131270421
2020-10-20,0.3748629886737304
2020-10-21,0.38994814519345833
2020-10-22,0.40929374410023167
2020-10-23,0.41977783345861525
2020-10-26,0.47821396744993205
2020-10-27,0.399972399834399
2020-10-28,0.4086345381526104
2020-10-29,0.438265448597758
2020-10-30,0.44401505135767316
2020-11-02,0.5022117258959363
2020-11-03,0.4700464225186059
2020-11-04,0.4389745267203664
2020-11-05,0.4415540426108458
2020-11-06,0.47984247763983445
2020-11-09,0.5094589742881604
2020-11-10,0.5218368251155137
2020-11-11,0.544447590062991
2020-11-12,0.45463523021849156
2020-11-13,0.5300551080966511
2020-11-16,0.4754165668730968
2020-11-17,0.45848995463383024
2020-11-18,0.530196702043074
2020-11-19,0.43008715422508526
2020-11-20,0.4219289978008169
2020-11-23,0.5388127853881278
2020-11-24,0.47463180432102775
2020-11-25,0.48835139200098227
2020-11-26,0.4755002422029288
2020-11-27,0.5926244573931406
2020-11-30,0.8698625258209275
2020-12-01,0.6569499740349662
2020-12-02,0.5667498440424205
2020-12-03,0.5617611088463106
2020-12-04,0.5257178673561327
2020-12-07,0.4662961634994621
2020-12-08,0.445822607067634
2020-12-09,0.427700059669827
2020-12-10,0.4483823642961934
2020-12-11,0.47445043416507954
2020-12-14,0.43877975852541534
2020-12-15,0.46731972341126105
2020-12-16,0.3812518606728193
2020-12-17,0.4137404083756015
2020-12-18,0.40346125899993396
2020-12-21,0.4131324004305705
2020-12-22,0.4240573916376879
2020-12-23,0.3628253796095445
2020-12-24,0.2997418149857174
2020-12-25,0.33004461221688397
2020-12-28,0.3307709871375295
2020-12-29,0.3604149355348862
2020-12-30,0.4166347823527681
2020-12-31,0.46243314373036765
2021-01-04,0.4867547270049021
2021-01-05,0.4805218133237532
2021-01-06,0.45604137282557594
2021-01-07,0.4786021603808129
2021-01-08,0.532206361818132
2021-01-11,0.5860353770448198
2021-01-12,0.6728272201687044
2021-01-13,0.6788893136023589
2021-01-14,0.7003012955709551
2021-01-15,0.7654358353510896
2021-01-18,0.6381032420725992
2021-01-19,0.5763401426811449
2021-01-20,0.552549286199864
2021-01-21,0.5459236326109391
2021-01-22,0.5207095617083287
2021-01-25,0.49188668130455737
2021-01-26,0.49852775341435906
2021-01-27,0.5047132890930748
2021-01-28,0.5310029270262087
2021-01-29,0.5152783719366864
2021-02-01,0.5230293347836432
2021-02-02,0.5302123216150365
2021-02-03,0.5896563456958149
2021-02-04,0.5312849697861048
2021-02-05,0.6503355704697986
2021-02-08,0.6506128085620576
2021-02-09,0.6083500602167804
2021-02-10,0.663301234463157
2021-02-18,0.6454565894709793
2021-02-19,0.5658571633855439
2021-02-22,0.5686494082515425
2021-02-23,0.605461367034331
2021-02-24,0.6193312778758943
2021-02-25,0.7011555143528788
2021-02-26,0.7067663714244229
2021-03-01,0.5637644445986745
2021-03-02,0.59156828570489
2021-03-03,0.5882526467599725
2021-03-04,0.5851467120384466
2021-03-05,0.5982119969238656
2021-03-08,0.6065597209116125
2021-03-09,0.5889708328712432
2021-03-10,0.5948597064861988
2021-03-11,0.6264623555587454
2021-03-12,0.6030173677865033
2021-03-15,0.632974065341866
2021-03-16,0.4852691403187876
2021-03-17,0.4922387524645994
2021-03-18,0.46405390150980663
2021-03-19,0.5432391632521026
2021-03-22,0.5083882068760134
2021-03-23,0.4401749643084961
2021-03-24,0.4773506646200072
2021-03-25,0.438403451995685
2021-03-26,0.48417206323939077
2021-03-29,0.4694577409444881
2021-03-30,0.4515326079226229
2021-03-31,0.5342302312186291
2021-04-01,0.4501547483303469
2021-04-02,0.45749528598365813
2021-04-06,0.4029749017721113
2021-04-07,0.4824580439814815
2021-04-08,0.42924731182795706
2021-04-09,0.43327064203267324
2021-04-12,0.4784098697738176
2021-04-13,0.448090450410636
2021-04-14,0.435944023503943
2021-04-15,0.38648041715829945
2021-04-16,0.34674239893083864
2021-04-19,0.45452255769291317
2021-04-20,0.41321591608119923
2021-04-21,0.4410539865222988
2021-04-22,0.432570752014666
2021-04-23,0.4243641231593039
2021-04-26,0.48106587110553617
2021-04-27,0.4339256383455279
2021-04-28,0.41794464358301614
2021-04-29,0.4849027063296802
2021-04-30,0.5101941578965649
2021-05-06,0.508931380431363
2021-05-07,0.46613345925685445
2021-05-10,0.47010600282273807
2021-05-11,0.4199872923663429
2021-05-12,0.3777032308494007
2021-05-13,0.35834935660405265
2021-05-14,0.4328451138519924
2021-05-17,0.43628770301624137
2021-05-18,0.3802313354363827
2021-05-19,0.36993944342382795
2021-05-20,0.3274483331602451
2021-05-21,0.32138929293646007
2021-05-24,0.3094493221650352
2021-05-25,0.41441666147034983
2021-05-26,0.44838737872563583
2021-05-27,0.39555529425598207
2021-05-28,0.4021999946078564
2021-05-31,0.3686046184569516
2021-06-01,0.34326862207216713
2021-06-02,0.33113691314398064
2021-06-03,0.3583654975667058
2021-06-04,0.37327763757143273
2021-06-07,0.33108797713819144
2021-06-08,0.32108595283514413
2021-06-09,0.3161150995155548
2021-06-10,0.32206614370227515
2021-06-11,0.3926816748551734
2021-06-15,0.36837530144131014
2021-06-16,0.3384624437317956
2021-06-17,0.3423877734121214
2021-06-18,0.39707379504930335
2021-06-21,0.35222083248494723
2021-06-22,0.3256454295139173
2021-06-23,0.3518837307746578
2021-06-24,0.3278233009158184
2021-06-25,0.39673226467533196
2021-06-28,0.3673420018143333
2021-06-29,0.33738000295377346
2021-06-30,0.2961481205805731
2021-07-01,0.34496803924483427
2021-07-02,0.37870666962671656
2021-07-05,0.3645634161886552
2021-07-06,0.3640708064698564
2021-07-07,0.40755437539159234
2021-07-08,0.4212386579447141
2021-07-09,0.3996747526765144
2021-07-12,0.45159981866335813
2021-07-13,0.368519227090109
2021-07-14,0.4244607819270656
2021-07-15,0.4236696272678964
2021-07-16,0.39555790586991013
2021-07-19,0.3673575398680588
2021-07-20,0.3367180007897557
2021-07-21,0.3746044017104341
2021-07-22,0.3869685057159641
2021-07-23,0.4198223174343141
2021-07-26,0.4555839210765436
2021-07-27,0.4533053733078648
2021-07-28,0.4151754426949493
2021-07-29,0.4036491192651289
2021-07-30,0.3824057450628367
2021-08-02,0.4529227444624527
2021-08-03,0.4131640332731834
2021-08-04,0.4002671746283057
2021-08-05,0.35795428200491497
2021-08-06,0.3524309857758834
2021-08-09,0.4282006260019849
2021-08-10,0.37550592480616374
2021-08-11,0.394594086842167
2021-08-12,0.34009473268716284
2021-08-13,0.3223774672876469
2021-08-16,0.33986464858932736
2021-08-17,0.3822980538523061
2021-08-18,0.46723529260185015
2021-08-19,0.46599616858237547
2021-08-20,0.4248604663293516
2021-08-23,0.35228598220616153
2021-08-24,0.39359670067288904
2021-08-25,0.3888839085611834
2021-08-26,0.3666788217657307
2021-08-27,0.3644003387548587
2021-08-30,0.3951430134417005
2021-08-31,0.4346118344822169
2021-09-01,0.5309571071027875
2021-09-02,0.514771728241091
2021-09-03,0.4362050163576881
2021-09-06,0.45887630414484637
2021-09-07,0.46467325289497124
2021-09-08,0.4524320587914287
2021-09-09,0.4687676186402784
2021-09-10,0.5228154122209574
2021-09-13,0.4694513840311782
2021-09-14,0.43799692593787354
2021-09-15,0.3821289485071398
2021-09-16,0.39740062057256603
2021-09-17,0.40969362454453334
2021-09-22,0.4551236570038516
2021-09-23,0.46730052118542426
2021-09-24,0.4377819169228698
2021-09-27,0.4410856422078204
2021-09-28,0.48724414990323145
2021-09-29,0.47542482254248225
2021-09-30,0.4349120861713924
2021-10-08,0.46200413283273667
2021-10-11,0.4733744221879815
2021-10-12,0.467849946663506
2021-10-13,0.4359518754423213
2021-10-14,0.40472843911053447
2021-10-15,0.42891396783784647
2021-10-18,0.4259805178159446
2021-10-19,0.3876848041457095
2021-10-20,0.3973187626895975
2021-10-21,0.4104119060174606
2021-10-22,0.3760230835391061
2021-10-25,0.41389980505616236
2021-10-26,0.38208104138467297
2021-10-27,0.3973042730140522
2021-10-28,0.41407037991706824
2021-10-29,0.4479032068600963
2021-11-01,0.4441283260174497
2021-11-02,0.4402625167801919
2021-11-03,0.43721987450377764
2021-11-04,0.36534362578489543
2021-11-05,0.3625057695266424
2021-11-08,0.40315854032505366
2021-11-09,0.33794839521711767
2021-11-10,0.35977416289339814
2021-11-11,0.41628749693485545
2021-11-12,0.3391663759091763
2021-11-15,0.28560177208958903
2021-11-16,0.3116050945336603
2021-11-17,0.268792224091431
2021-11-18,0.24977667027128686
2021-11-19,0.29309103547578264
2021-11-22,0.3141456239274332
2021-11-23,0.3456191165821868
2021-11-24,0.3150871459694989
2021-11-25,0.2857825694407563
2021-11-26,0.29990064180026316
2021-11-29,0.3283194746040994
2021-11-30,0.2844809234335455
2021-12-01,0.2820525496205848
2021-12-02,0.34746385069259794
2021-12-03,0.34815722893137535
2021-12-06,0.39265764117575314
2021-12-07,0.4250473897228342
2021-12-08,0.42262904814321306
2021-12-09,0.5271943856752154
2021-12-10,0.48349959557832295
2021-12-13,0.5149031103271161
2021-12-14,0.3794375874793231
2021-12-15,0.3464183944187874
2021-12-16,0.3406795920428153
2021-12-17,0.3392236455117766
2021-12-20,0.39292424841772144
2021-12-21,0.3449667189226697
2021-12-22,0.29801973102739887
2021-12-23,0.3168206396547125
2021-12-24,0.30988954891405235
2021-12-27,0.3267602464204338
2021-12-28,0.35319296621934293
2021-12-29,0.3053691275167785
2021-12-30,0.31550831741814056
2021-12-31,0.2944778853703219
2022-01-04,0.31082027488400593
2022-01-05,0.37938919200380344
2022-01-06,0.3796746086822423
2022-01-07,0.4050688476111265
2022-01-10,0.3959686147186147
2022-01-11,0.3701562373947885
2022-01-12,0.3712616304829419
2022-01-13,0.3364087826766493
2022-01-14,0.3489658672757264
2022-01-17,0.26900351524519456
2022-01-18,0.3157341562681694
2022-01-19,0.3305547495317735
2022-01-20,0.38269703668744876
2022-01-21,0.3648633449555731
2022-01-24,0.3438857253160892
2022-01-25,0.3452079213436203
2022-01-26,0.345201668984701
2022-01-27,0.3805102836038356
2022-01-28,0.41937793049142774
2022-02-07,0.45787545787545786
2022-02-08,0.44566631559382935
2022-02-09,0.39618987049028676
2022-02-10,0.4206427948648568
2022-02-11,0.4255520411481274
2022-02-14,0.4478680991958916
2022-02-15,0.3678272642066165
2022-02-16,0.33397552896640303
2022-02-17,0.303792534852346
2022-02-18,0.30687577699148894
2022-02-21,0.3025675596459347
2022-02-22,0.3138680056592782
2022-02-23,0.3074177022018749
2022-02-24,0.32969559964142336
2022-02-25,0.38504232774569713
2022-02-28,0.3699931504809554
2022-03-01,0.33904458980975816
2022-03-02,0.32355870999875486
2022-03-03,0.3454416730203681
2022-03-04,0.32637258190763724
2022-03-07,0.44718034952855684
2022-03-08,0.40020790020790026
2022-03-09,0.4172093894953849
2022-03-10,0.3587448781539789
2022-03-11,0.38548827963223725
2022-03-14,0.36750745030569293
2022-03-15,0.47347053416402823
2022-03-16,0.45458917632764645
2022-03-17,0.4005852944762834
2022-03-18,0.3936081465926416
2022-03-21,0.3241525423728814
2022-03-22,0.3243622091393328
2022-03-23,0.3048288021840519
2022-03-24,0.2838603181831118
2022-03-25,0.2870559764916021
2022-03-28,0.3224165625557737
2022-03-29,0.2766887816646562
2022-03-30,0.37148124305027214
2022-03-31,0.3239425788259421
2022-04-01,0.3573098731513415
2022-04-06,0.4052931005633332
2022-04-07,0.3282282122309823
2022-04-08,0.34186600990384364
2022-04-11,0.33274327580272406
2022-04-12,0.34148555422999116
2022-04-13,0.3188220230473751
2022-04-14,0.33397225003576025
2022-04-15,0.309253225251
2022-04-18,0.3481964721157804
2022-04-19,0.34367597504420644
2022-04-20,0.33335363254369405
2022-04-21,0.35995467882978416
2022-04-22,0.39673307327946505
2022-04-25,0.4321653684181553
2022-04-26,0.4159354656099632
2022-04-27,0.4208449821022653
2022-04-28,0.4154940052955702
2022-04-29,0.45197204464188967
2022-05-05,0.42942565850449965
2022-05-06,0.3753807854826558
2022-05-09,0.31503710170231336
2022-05-10,0.3791942308838429
2022-05-11,0.37864529726020685
2022-05-12,0.3205722772877452
2022-05-13,0.33503351316004576
2022-05-16,0.3336839756462975
2022-05-17,0.32092789338027283
2022-05-18,0.33557897545357523
2022-05-19,0.3393870957623663
2022-05-20,0.41305922840065207
2022-05-23,0.3736341530979716
2022-05-24,0.34664209664209666
2022-05-25,0.31542335536669813
2022-05-26,0.3542672621921777
2022-05-27,0.3129066921377828
2022-05-30,0.33068774602361833
2022-05-31,0.3699741359040677
2022-06-01,0.31489838657345964
2022-06-02,0.32760595647193586
2022-06-06,0.43495356814188907
2022-06-07,0.36109976861303933
2022-06-08,0.3798792547101072
2022-06-09,0.4483907088920153
2022-06-10,0.495101580787793
2022-06-13,0.4090991246869271
2022-06-14,0.40345475028163724
2022-06-15,0.5486177311725453
2022-06-16,0.4399562763739895
2022-06-17,0.3958797918657747
2022-06-20,0.39875022408891847
2022-06-21,0.41009196194312675
2022-06-22,0.4316786376274328
2022-06-23,0.43342692079261375
2022-06-24,0.41452333080920173
2022-06-27,0.41513103757823605
2022-06-28,0.39855636027803426
2022-06-29,0.400268774343439
2022-06-30,0.39877317265152135
2022-07-01,0.39879553466509987
2022-07-04,0.396242774566474
2022-07-05,0.3718796452919165
2022-07-06,0.40364306063134875
2022-07-07,0.3823900532422368
2022-07-08,0.34688786703934116
2022-07-11,0.37811034980165886
2022-07-12,0.3802715779616045
2022-07-13,0.3846732722939922
2022-07-14,0.3872410747357324
2022-07-15,0.3714519794915165
2022-07-18,0.33073772855742056
2022-07-19,0.2797867742400231
2022-07-20,0.25587452251417986
2022-07-21,0.29264709810101225
2022-07-22,0.29493255559606274
2022-07-25,0.2532633692870793
2022-07-26,0.2866790538126206
2022-07-27,0.2548457312649
2022-07-28,0.2932664254872214
2022-07-29,0.31750423993573146
2022-08-01,0.32557387649531194
2022-08-02,0.31365931939396796
2022-08-03,0.2888354008516942
2022-08-04,0.2794544302531097
2022-08-05,0.29588534442903375
2022-08-08,0.28052629830215636
2022-08-09,0.25492036773274634
2022-08-10,0.2646135545055018
2022-08-11,0.3338721053250265
2022-08-12,0.2909233768879318
2022-08-15,0.3093127769802134
2022-08-16,0.2525722825774559
2022-08-17,0.3037614309541612
2022-08-18,0.2832155265364802
2022-08-19,0.30326279636605363
2022-08-22,0.3183599730540756
2022-08-23,0.2946138870863076
2022-08-24,0.2803812144841118
2022-08-25,0.3117056450389784
2022-08-26,0.29873483932132466
2022-08-29,0.29943463872035303
2022-08-30,0.295514784344773
2022-08-31,0.38775705099637103
2022-09-01,0.34717376133984645
2022-09-02,0.32898592595649845
2022-09-05,0.3463395012067578
2022-09-06,0.3831476783941767
2022-09-07,0.3670068658378178
2022-09-08,0.3699045793907454
2022-09-09,0.4413196980764548
2022-09-13,0.43307452105662925
2022-09-14,0.36621817066222556
2022-09-15,0.3776689066172333
2022-09-16,0.4965103513174404
2022-09-19,0.44482792624001577
2022-09-20,0.4169197165840925
2022-09-21,0.4020260054429997
2022-09-22,0.3779352226720648
2022-09-23,0.41376687583190713
2022-09-26,0.46492454558603735
2022-09-27,0.411661309762957
2022-09-28,0.40427150974025977
2022-09-29,0.3969877090469474
2022-09-30,0.416
2022-10-10,0.49118060252874757
2022-10-11,0.436693822131704
2022-10-12,0.4413018382026463
2022-10-13,0.3769466534128562
2022-10-14,0.40186564357180476
2022-10-17,0.38561591430757464
2022-10-18,0.3332512416369084
2022-10-19,0.3207547169811321
2022-10-20,0.33142948436314257
2022-10-21,0.40372808968769464
2022-10-24,0.45075628984195243
2022-10-25,0.42049251330280907
2022-10-26,0.39458770189855485
2022-10-27,0.39467841153132166
2022-10-28,0.3707282100303848
2022-10-31,0.4571010248901903
2022-11-01,0.47245227400336887
2022-11-02,0.4284070738281507
2022-11-03,0.38453109650117134
2022-11-04,0.44648179344304784
2022-11-07,0.39879184327337047
2022-11-08,0.35894196604816425
2022-11-09,0.3468706419304399
2022-11-10,0.35737396538750943
2022-11-11,0.48576770664731816
2022-11-14,0.47773788701709163
2022-11-15,0.43516634847109636
2022-11-16,0.3820422535211268
2022-11-17,0.32678925605943454
2022-11-18,0.33621979561300186
2022-11-21,0.34332318738780926
2022-11-22,0.47046301224055354
2022-11-23,0.49175101026952883
2022-11-24,0.39429928741092635
2022-11-25,0.5648848401512547
2022-11-28,0.48268041237113407
2022-11-29,0.556674377466322
2022-11-30,0.4971905270778034
2022-12-01,0.514274385408406
2022-12-02,0.38353118387547963
2022-12-05,0.5533954407932181
2022-12-06,0.4917595734367426
2022-12-07,0.45
2022-12-08,0.3805830146475215
2022-12-09,0.47092070499314403
2022-12-12,0.4136373261805604
2022-12-13,0.34051880298529086
2022-12-14,0.3560361899584515
2022-12-15,0.3480786228376615
2022-12-16,0.34995155821088325
2022-12-19,0.3985176282051282
2022-12-20,0.38145754181674646
2022-12-21,0.318714995244637
2022-12-22,0.37309425640042193
2022-12-23,0.3394105475085286
2022-12-26,0.3683839096683133
2022-12-27,0.35808359425475866
2022-12-28,0.40477664293820276
2022-12-29,0.39144963666260013
2022-12-30,0.4096068892244031
2023-01-03,0.4364749082007344
2023-01-04,0.4267872702377495
2023-01-05,0.48386520067935995
2023-01-06,0.43333893745796903
2023-01-09,0.4850350149426826
2023-01-10,0.461028192371476
2023-01-11,0.44805132162840056
2023-01-12,0.4364362806143628
2023-01-13,0.4377857529128361
2023-01-16,0.542436991006986
2023-01-17,0.4451084773001205
2023-01-18,0.4021403580983741
2023-01-19,0.4444950645406226
2023-01-20,0.5088318835434049
2023-01-30,0.48765451815887817
2023-01-31,0.42658788774002954
2023-02-01,0.42048742846119225
2023-02-02,0.4051442747094921
2023-02-03,0.37582661080912644
2023-02-06,0.38155339805825245
2023-02-07,0.3078600239834296
2023-02-08,0.3096982588828488
2023-02-09,0.3462467076382792
2023-02-10,0.32052292263610316
2023-02-13,0.40483383685800606
2023-02-14,0.341175624145622
2023-02-15,0.3847757724911129
2023-02-16,0.3705100168413644
2023-02-17,0.3402052061561847
2023-02-20,0.49438424947145876
2023-02-21,0.42967306099037667
2023-02-22,0.3649640559969732
2023-02-23,0.3684433816723234
2023-02-24,0.42095986984815614
2023-02-27,0.36644357844798375
2023-02-28,0.4246804244297769
2023-03-01,0.5049348459836325
2023-03-02,0.44944226909282353
2023-03-03,0.5236761891259658
2023-03-06,0.5498157673926527
2023-03-07,0.6219147986680855
2023-03-08,0.49312652618250885
2023-03-09,0.4665742985798406
2023-03-10,0.4475319498182671
2023-03-13,0.5156165022142801
2023-03-14,0.4883696453004947
2023-03-15,0.5176382483938354
2023-03-16,0.5452120462365176
2023-03-17,0.5572651314448747
2023-03-20,0.591446997683301
2023-03-21,0.5001123595505618
2023-03-22,0.4705539758128062
2023-03-23,0.4832669322709163
2023-03-24,0.4417528579205226
2023-03-27,0.4336009012815097
2023-03-28,0.3866662368225926
2023-03-29,0.41809165526675784
2023-03-30,0.5164640800812855
2023-03-31,0.46074020319303344
2023-04-03,0.4710855979413511
2023-04-04,0.46543136597073476
2023-04-06,0.3969351307754349
2023-04-07,0.38714135298762836
2023-04-10,0.42439187749261725
2023-04-11,0.4762710716945366
2023-04-12,0.4637366667685443
2023-04-13,0.43095187874770235
2023-04-14,0.4308065991609097
2023-04-17,0.5485788770903541
2023-04-18,0.5339294926913155
2023-04-19,0.48381729200652535
2023-04-20,0.46984368077969746
2023-04-21,0.4709224312673081
2023-04-24,0.4963340056991003
2023-04-25,0.4466229079646521
2023-04-26,0.443020156338914
2023-04-27,0.4446350295406899
2023-04-28,0.4781615925058548
2023-05-04,0.5662620893723116
2023-05-05,0.5590145376549095
2023-05-08,0.6304542372881357
2023-05-09,0.6476736775015934
2023-05-10,0.6078431372549019
2023-05-11,0.4688746438746439
2023-05-12,0.47548522595596754
2023-05-15,0.5523185657645234
2023-05-16,0.48507899356348744
2023-05-17,0.47570456754130225
2023-05-18,0.47841671163185084
2023-05-19,0.44937723517079786
2023-05-22,0.42144373673036095
2023-05-23,0.4680629634447769
2023-05-24,0.5531971462755351
2023-05-25,0.46371514230563887
2023-05-26,0.4032357881708072
2023-05-29,0.43982245698983896
2023-05-30,0.4626904304097027
2023-05-31,0.44992169146436967
2023-06-01,0.4448445171849428
2023-06-02,0.4262879441671983
2023-06-05,0.4310042063135541
2023-06-06,0.4221203946639075
2023-06-07,0.38349846258968223
2023-06-08,0.4460684857769865
2023-06-09,0.45048974311587514
2023-06-12,0.4354489927538981
2023-06-13,0.3800802240217967
2023-06-14,0.41799039527151827
2023-06-15,0.4328080175850378
2023-06-16,0.4474551057273404
2023-06-19,0.40055185100023
2023-06-20,0.38479719161655834
2023-06-21,0.3834122542689052
2023-06-26,0.43101046540700794
2023-06-27,0.429398336866134
2023-06-28,0.365359824069159
2023-06-29,0.36188918421590677
2023-06-30,0.35013221936917943
2023-07-03,0.4128077121707695
2023-07-04,0.39103683709114
2023-07-05,0.3663510864578554
2023-07-06,0.40281879194630876
2023-07-07,0.4075288621355734
2023-07-10,0.3820541239493858
2023-07-11,0.3618219037871034
2023-07-12,0.39694444444444443
2023-07-13,0.44357960629272714
2023-07-14,0.4494727772535182
2023-07-17,0.3870499163658773
2023-07-18,0.3790543362256972
2023-07-19,0.362685577266466
2023-07-20,0.37481765134938005
2023-07-21,0.3482396783367657
2023-07-24,0.34436443491139374
2023-07-25,0.5503703143893591
2023-07-26,0.3587357134879565
2023-07-27,0.3806864142367397
2023-07-28,0.5686601006164529
2023-07-31,0.5405257891385428
2023-08-01,0.3842734008770603
2023-08-02,0.37161089802936115
2023-08-03,0.3930472161572052
2023-08-04,0.45622331126586996
2023-08-07,0.3577469441691443
2023-08-08,0.38340044567809534
2023-08-09,0.3560615644107105
2023-08-10,0.366751269035533
2023-08-11,0.42116501217456453
2023-08-14,0.41741656914571645
2023-08-15,0.4185707783340919
2023-08-16,0.3771957269923569
2023-08-17,0.37962202136400985
2023-08-18,0.34189200032095
2023-08-21,0.4201584423021857
2023-08-22,0.4156241527557225
2023-08-23,0.3767188859878155
2023-08-24,0.44437502603190465
2023-08-25,0.3752991862134992
2023-08-28,0.4691128903971579
2023-08-29,0.4074928817623258
2023-08-30,0.3862368465007516
2023-08-31,0.41499765294946017
2023-09-01,0.42336195210122
2023-09-04,0.4564849183754369
2023-09-05,0.3677937144900473
2023-09-06,0.3603320715760495
2023-09-07,0.36164025623735674
2023-09-08,0.303047351148617
2023-09-11,0.36807868039959735
2023-09-12,0.333564686285397
2023-09-13,0.33041965838647813
2023-09-14,0.4442549459117045
2023-09-15,0.44607094746295467
2023-09-18,0.37101940832862257
2023-09-19,0.373732376947811
2023-09-20,0.3611771543297934
2023-09-21,0.42145658263305324
2023-09-22,0.41799539652647
2023-09-25,0.36195736601363593
2023-09-26,0.3464497476356152
2023-09-27,0.3813746209684829
2023-09-28,0.3378106405320266
2023-10-09,0.377576054955839
2023-10-10,0.355829925761245
2023-10-11,0.35920893837349627
2023-10-12,0.39738612339035173
2023-10-13,0.34476737418028014
2023-10-16,0.28235734203903967
2023-10-17,0.3367981699241482
2023-10-18,0.3372550532325258
2023-10-19,0.3726428674247877
2023-10-20,0.36763876581003785
2023-10-23,0.3433156722721339
2023-10-24,0.3950749464668094
2023-10-25,0.4068753206772704
2023-10-26,0.3479002951320983
2023-10-27,0.36559802712700373
2023-10-30,0.4202912077655404
2023-10-31,0.3540784076390289
2023-11-01,0.3442777442702051
2023-11-02,0.335237415208854
2023-11-03,0.3470932886927408
2023-11-06,0.43238333482235924
2023-11-07,0.3344516871165644
2023-11-08,0.31711885914556776
2023-11-09,0.36360833219131145
2023-11-10,0.3804381969530391
2023-11-13,0.3382369206946134
2023-11-14,0.33160209134032753
2023-11-15,0.3296052413884385
2023-11-16,0.32063014015985175
2023-11-17,0.31491334752204314
2023-11-20,0.2993039443155452
2023-11-21,0.32464873038875935
2023-11-22,0.26083573767303136
2023-11-23,0.2935896968149148
2023-11-24,0.29885909023559043
2023-11-27,0.33788543089197154
2023-11-28,0.3679617972650315
2023-11-29,0.3852758719855388
2023-11-30,0.40894786084885604
2023-12-01,0.3947630731482902
2023-12-04,0.33484688873551527
2023-12-05,0.37199500468310964
2023-12-06,0.38749034749034755
2023-12-07,0.34771516470323405
2023-12-08,0.4076384510734313
2023-12-11,0.4556018340275104
2023-12-12,0.42460317460317465
2023-12-13,0.40556088207094915
2023-12-14,0.3630988407281531
2023-12-15,0.4120600741880033
2023-12-18,0.3768096514745309
2023-12-19,0.3912890938251804
2023-12-20,0.43158000300857446
2023-12-21,0.42787384642953136
2023-12-22,0.38864213197969544
2023-12-25,0.35461137779593505
2023-12-26,0.37466365299752447
2023-12-27,0.4554537454056013
2023-12-28,0.536633740374893
2023-12-29,0.4457344985434873
2024-01-02,0.47270980700375514
2024-01-03,0.4631390641182563
2024-01-04,0.5420438433853201
2024-01-05,0.5548852335391431
2024-01-08,0.5561092184878222
2024-01-09,0.5191435126178945
2024-01-10,0.46298348372117565
2024-01-11,0.4566510454217737
2024-01-12,0.41880976696685546
2024-01-15,0.42803206620118955
2024-01-16,0.5079181708784596
2024-01-17,0.5474093684153656
2024-01-18,0.6160275319567354
2024-01-19,0.5831748044810822
2024-01-22,0.5399641297567062
2024-01-23,0.4905668523075595
2024-01-24,0.5642686133678716
2024-01-25,0.6321161339264163
2024-01-26,0.6090056828464907
2024-01-29,0.6432992010802295
2024-01-30,0.6022778428018367
2024-01-31,0.507309265516628
2024-02-01,0.518269120404025
2024-02-02,0.5143539147040103
2024-02-05,0.5036404853980532
2024-02-06,0.5057927483372666
2024-02-07,0.5254966369466604
2024-02-08,0.4578066721922918
2024-02-19,0.4720484861902917
2024-02-20,0.4784690744260857
2024-02-21,0.5129799970798656
2024-02-22,0.4825399166635938
2024-02-23,0.44311850997197955
2024-02-26,0.42975662023572625
2024-02-27,0.40057529924839935
2024-02-28,0.38175990297359924
2024-02-29,0.43484789333013
2024-03-01,0.4607041088335325
2024-03-04,0.47549251379038615
2024-03-05,0.5013790194360621
2024-03-06,0.4853666557053601
2024-03-07,0.4845324501444577
2024-03-08,0.47644875820725086
2024-03-11,0.47609830285852545
2024-03-12,0.5178389712911283
2024-03-13,0.42056835252879327
2024-03-14,0.43997447865945805
2024-03-15,0.45275576686036273
2024-03-18,0.4371663244353183
2024-03-19,0.4238408521303258
2024-03-20,0.3808243444152722
2024-03-21,0.35467016929363687
2024-03-22,0.34919735599622287
2024-03-25,0.3530210643015521
2024-03-26,0.3621019501357689
2024-03-27,0.3773227750260277
2024-03-28,0.42192743620591405
2024-03-29,0.4018509824961437
2024-04-01,0.44907750170284594
2024-04-02,0.3776899555760687
2024-04-03,0.3816045184015547
2024-04-08,0.436419865381117
2024-04-09,0.42684053439454234
2024-04-10,0.40306725669695637
2024-04-11,0.4015143728372221
2024-04-12,0.42985708628820335
2024-04-15,0.4781095644364616
2024-04-16,0.4457225607257029
2024-04-17,0.46468888690316623
2024-04-18,0.49953376447586106
2024-04-19,0.4336319604925765
2024-04-22,0.4726395030888161
2024-04-23,0.4800317758359211
2024-04-24,0.39360701974302725
2024-04-25,0.38382316001004774
2024-04-26,0.4920494225087296
2024-04-29,0.484731929264975
2024-04-30,0.4899856938483548
2024-05-06,0.5320329670329671
2024-05-07,0.4660188278165806
2024-05-08,0.3883149383983573
2024-05-09,0.44543495297805646
2024-05-10,0.41994970662196146
2024-05-13,0.45339652448657186
2024-05-14,0.4089920948616601
2024-05-15,0.39324805034888494
2024-05-16,0.4735595116654053
2024-05-17,0.4680786039546469
2024-05-20,0.4857911123690914
2024-05-21,0.39262514946837734
2024-05-22,0.46992080921008855
2024-05-23,0.42147604057362714
2024-05-24,0.4281431585180799
2024-05-27,0.44962328261190726
2024-05-28,0.4317462709055297
2024-05-29,0.42142185295500856
2024-05-30,0.45011674383632116
2024-05-31,0.42662520967148054
2024-06-03,0.44774688398849477
2024-06-04,0.4450998534968001
2024-06-05,0.4354510800508259
2024-06-06,0.42127645546251735
2024-06-07,0.5221109630839315
2024-06-11,0.5431845912497821
2024-06-12,0.5240639248376548
2024-06-13,0.48821692827509516
2024-06-14,0.6412078152753109
2024-06-17,0.5601232394366198
2024-06-18,0.4637939413575247
2024-06-19,0.43065852594853904
2024-06-20,0.4007290212501939
2024-06-21,0.49888960173715635
2024-06-24,0.4651420297261616
2024-06-25,0.5354561437780817
2024-06-26,0.3905801721389863
2024-06-27,0.4809640079580395
2024-06-28,0.5123865587441746
2024-07-01,0.4806102446092218
2024-07-02,0.522168172341904
2024-07-03,0.5175957813172621
2024-07-04,0.43937673193113164
2024-07-05,0.5378870855322115
2024-07-08,0.4770609478799768
2024-07-09,0.45225906966392165
2024-07-10,0.46919676635737323
2024-07-11,0.4862365514015328
2024-07-12,0.5108732299393123
2024-07-15,0.4789684963783925
2024-07-16,0.510017799278901
2024-07-17,0.5593639737891215
2024-07-18,0.5197460893221493
2024-07-19,0.6009603606252143
2024-07-22,0.6133466633341664
2024-07-23,0.5497932935231971
2024-07-24,0.5392457142857143
2024-07-25,0.6201009122878548
2024-07-26,0.5762542474515291
2024-07-29,0.5153430059147668
2024-07-30,0.4790089470061942
2024-07-31,0.5072924279495409
2024-08-01,0.4772804404389306
2024-08-02,0.4332533013205282
2024-08-05,0.47916591377254164
2024-08-06,0.4812111733785134
2024-08-07,0.4299702830418473
2024-08-08,0.37160670216911285
2024-08-09,0.4029227557411273
2024-08-12,0.3781992454369328
2024-08-13,0.4293772933895613
2024-08-14,0.4013732491073881
2024-08-15,0.41081012551240337
2024-08-16,0.40098500111931945
2024-08-19,0.4485142621674832
2024-08-20,0.39873203719357564
2024-08-21,0.42383298623457105
2024-08-22,0.4389984017048481
2024-08-23,0.414248678831389
2024-08-26,0.42429106474050293
2024-08-27,0.4262978764201141
2024-08-28,0.4353238866396761
2024-08-29,0.5104600749252851
2024-08-30,0.5383173549655851
2024-09-02,0.4814814814814815
2024-09-03,0.4846033292388495
2024-09-04,0.4338297399422094
2024-09-05,0.4073256442602271
2024-09-06,0.3534412433987377
2024-09-09,0.48792247239766645
2024-09-10,0.37394247038917094
2024-09-11,0.4574386503067485
2024-09-12,0.3978286870917288
2024-09-13,0.3845542517881352
2024-09-18,0.3777469239239719
2024-09-19,0.4358983923309337
2024-09-20,0.4688193141102201
2024-09-23,0.386433889154948
2024-09-24,0.47932529877464575
2024-09-25,0.4633774684430534
2024-09-26,0.48535367604517116
2024-09-27,0.46306802224344207
2024-09-30,0.5487513421772713
2024-10-08,0.5434421364985164
2024-10-09,0.5340222613328259
2024-10-10,0.5731313981208807
2024-10-11,0.4965655464964682
2024-10-14,0.5549074702063753
2024-10-15,0.41341927922648697
2024-10-16,0.44681504221028395
2024-10-17,0.38977402689592616
2024-10-18,0.44143802929992276
2024-10-21,0.41628792531630016
2024-10-22,0.3264883195177091
2024-10-23,0.373792990768728
2024-10-24,0.33563892387421795
2024-10-25,0.3482610936361536
2024-10-28,0.33582214204583416
2024-10-29,0.2981192240692079
2024-10-30,0.3434073326606122
2024-10-31,0.3926665348883178
2024-11-01,0.37938567280283453
2024-11-04,0.39113185961545555
2024-11-05,0.4096171593165357
2024-11-06,0.398984771573604
2024-11-07,0.4212127682288887
2024-11-08,0.3707444818555929
2024-11-11,0.3627027246738114
2024-11-12,0.3745407538440604
2024-11-13,0.38203347884370814
2024-11-14,0.39393714931204976
2024-11-15,0.4229538518450014
2024-11-18,0.4800907812949884
2024-11-19,0.4491355850808388
2024-11-20,0.31079037049186303
2024-11-21,0.2800065677850145
2024-11-22,0.3192553531479706
2024-11-25,0.346847113054784
2024-11-26,0.3097913681948424
2024-11-27,0.30239599789362825
2024-11-28,0.2518257457399266
2024-11-29,0.2920592647529793
2024-12-02,0.281600395923228
2024-12-03,0.28234485533241693
2024-12-04,0.2949595519601742
2024-12-05,0.2426732973957938
2024-12-06,0.27831862575762334
2024-12-09,0.3029890290320173
2024-12-10,0.34263409204089407
2024-12-11,0.27060691777083024
2024-12-12,0.26840242750316246
2024-12-13,0.32188555247656686
2024-12-16,0.2900626200811215
2024-12-17,0.2952637287590889
2024-12-18,0.32069088319088324
2024-12-19,0.32289082566793265
2024-12-20,0.3206162211146353
2024-12-23,0.3709046611527858
2024-12-24,0.37725133033155955
2024-12-25,0.36725987630947876
2024-12-26,0.3500548172313287
2024-12-27,0.3593597319808292
2024-12-30,0.4002771190279517
2024-12-31,0.3838090516325519
2025-01-02,0.45043533466352254
2025-01-03,0.37319814031726745
2025-01-06,0.3750647933433365
2025-01-07,0.381123775244951
2025-01-08,0.3783604625469544
2025-01-09,0.3390977659238865
2025-01-10,0.3507588060704485
2025-01-13,0.4070544311259579
2025-01-14,0.36562477951033656
2025-01-15,0.3498547813577264
2025-01-16,0.3374426532024502
2025-01-17,0.3250951106101169
2025-01-20,0.35537975568165936
2025-01-21,0.358332869003176
2025-01-22,0.3846437913525158
2025-01-23,0.4095029385396952
2025-01-24,0.36034786320226214
2025-01-27,0.391276194961149
2025-02-05,0.37349239643418986
2025-02-06,0.3292582298271519
2025-02-07,0.3450654677123196
2025-02-10,0.319798281658573
2025-02-11,0.2911641549119117
2025-02-12,0.294151376146789
2025-02-13,0.2777214964898249
2025-02-14,0.29241338112305854
2025-02-17,0.3323938336741884
2025-02-18,0.35139493929001764
2025-02-19,0.33743857431233815
2025-02-20,0.286533781434697
2025-02-21,0.34994643676988213
2025-02-24,0.34929040827740493
2025-02-25,0.3036108230413878
2025-02-26,0.31692663837292623
2025-02-27,0.3259494801529172
2025-02-28,0.3359569648924122
2025-03-03,0.3335426478283621
2025-03-04,0.32789321121477116
2025-03-05,0.3328338640194793
2025-03-06,0.3217793183131138
2025-03-07,0.2689074104338036
2025-03-10,0.2970760745863608
2025-03-11,0.28549159336376795
2025-03-12,0.27705480819128975
2025-03-13,0.2919380335124881
2025-03-14,0.38693784482583116
2025-03-17,0.3176145480477804
2025-03-18,0.2951675890653825
2025-03-19,0.32493851199016194
2025-03-20,0.2850272055965799
2025-03-21,0.3200967990320097
2025-03-24,0.2918798373343828
2025-03-25,0.30028998221117525
2025-03-26,0.31452626975015036
2025-03-27,0.316052609152629
2025-03-28,0.3188130768567239
2025-03-31,0.39932037515291563
2025-04-01,0.38053316800991943
2025-04-02,0.35078998757322916
2025-04-03,0.38376281518426153
2025-04-07,0.558384852380078
2025-04-08,0.44814233003324444
2025-04-09,0.42500832624060986
2025-04-10,0.41070986380520014
2025-04-11,0.376528428775219
2025-04-14,0.37615900958549897
2025-04-15,0.3628184516448182
2025-04-16,0.4070023182547703
2025-04-17,0.3501486588035417
2025-04-18,0.31013615733736766
2025-04-21,0.3121778350515464
2025-04-22,0.3017199017199017
2025-04-23,0.2994554417116164
2025-04-24,0.2903752958413163
2025-04-25,0.31069748994277296
2025-04-28,0.3179326771314604
2025-04-29,0.2966300234276446
2025-04-30,0.3697613337901107
2025-05-06,0.362203127772286
2025-05-07,0.34670452918436506
2025-05-08,0.30835774316296644
2025-05-09,0.31756617191419045
2025-05-12,0.39252947024570367
2025-05-13,0.36524178907410465
2025-05-14,0.40991407799074686
2025-05-15,0.3653738880244268
2025-05-16,0.3384927683329104
2025-05-19,0.2693181473964802
2025-05-20,0.2741799831791421
2025-05-21,0.28141819735155915
2025-05-22,0.29083210714392965
2025-05-23,0.32807054759235127
2025-05-26,0.3543717221064732
2025-05-27,0.314866735280548
2025-05-28,0.2822816474650319
2025-05-29,0.289048154948765
2025-05-30,0.30172362020299076
2025-06-03,0.347191702557792
2025-06-04,0.31720753808176294
2025-06-05,0.3027778536505422
2025-06-06,0.3160204597120485
2025-06-09,0.3580628241739029
2025-06-10,0.3357567069424534
2025-06-11,0.36618633185903837
2025-06-12,0.3458409715857012
2025-06-13,0.37039243250970955
2025-06-16,0.34526523146193894
2025-06-17,0.29119927526578027
2025-06-18,0.3100642281733072
2025-06-19,0.3047337278106509
2025-06-20,0.32429941002949847
2025-06-23,0.3431896551724138
2025-06-24,0.34801877576306317
2025-06-25,0.37565186117604743
2025-06-26,0.3241030580303395
2025-06-27,0.39039745485504324
2025-06-30,0.306479163254323
2025-07-01,0.26404301567326394
2025-07-02,0.3075718991659463
2025-07-03,0.32881744522314565
2025-07-04,0.32948531822226385
2025-07-07,0.3109798102909226
2025-07-08,0.3317771405550158
2025-07-09,0.365854808667154
2025-07-10,0.43542965761839636
2025-07-11,0.46228106468073366
2025-07-14,0.428164025666383
2025-07-15,0.35290476976398744
2025-07-16,0.34195489482200647
2025-07-17,0.35296130625015276
2025-07-18,0.39612780615274973
2025-07-21,0.40258171053426506
2025-07-22,0.42597551291758234
2025-07-23,0.5097173814214274
2025-07-24,0.5587724264490561
2025-07-25,0.5168558288679803
2025-07-28,0.43961565585331447
2025-07-29,0.4435537598590187
2025-07-30,0.4641929653252447
2025-07-31,0.49266692794818373
2025-08-01,0.4206098087156623
2025-08-04,0.3788440453192711
2025-08-05,0.39840597758405977
2025-08-06,0.3411853611141099
2025-08-07,0.3788405364491162
2025-08-08,0.34348944474011
2025-08-11,0.3639179662465285
2025-08-12,0.34185912116607087
2025-08-13,0.3646667045089024
2025-08-14,0.35003953958351636
2025-08-15,0.4319236767269058
2025-08-18,0.3986613433536872
2025-08-19,0.3697914961867042
2025-08-20,0.38145959318306766
2025-08-21,0.39835094487785727
2025-08-22,0.4464252204916494
2025-08-25,0.44101246446534004
2025-08-26,0.37459488518546963
2025-08-27,0.4026308379259021
2025-08-28,0.3922502197480223
2025-08-29,0.5412358822124408
2025-09-01,0.49813645304896986
2025-09-02,0.4371168582375479
2025-09-03,0.4416049953746531
2025-09-04,0.5215617715617715
2025-09-05,0.4492679066086268
2025-09-08,0.44252967588300524
2025-09-09,0.39907638641138465
2025-09-10,0.41049854802598035
2025-09-11,0.43896489957696555
2025-09-12,0.4302160570475751
2025-09-15,0.3924766172669629
2025-09-16,0.41024153187785595
2025-09-17,0.3973587428953527
2025-09-18,0.3954080197964119
2025-09-19,0.38672274639081505
2025-09-22,0.3695539472865645
2025-09-23,0.41052725807895446
2025-09-24,0.4021682288104912
2025-09-25,0.44220487142493425
2025-09-26,0.41002841093929604
2025-09-29,0.5392575879200746
2025-09-30,0.4938065169083189
2025-10-09,0.582619633377111
2025-10-10,0.5581633639439343
2025-10-13,0.5551595879340226
2025-10-14,0.6227650976991347
2025-10-15,0.5914652342584303
2025-10-16,0.5383896253325982
2025-10-17,0.5138566341538938
2025-10-20,0.5078118967336749
2025-10-21,0.4620583353094617
2025-10-22,0.4143914453328052
2025-10-23,0.440302499756833
2025-10-24,0.43250246508748197
2025-10-27,0.5025257885129685
2025-10-28,0.44685228670468524
2025-10-29,0.47164697412442297
2025-10-30,0.4680770540816712
2025-10-31,0.48021048675061084
2025-11-03,0.4408001295756398
2025-11-04,0.474046040845575
2025-11-05,0.40162218733647304
2025-11-06,0.4349927294500042
2025-11-07,0.4056055887551553
2025-11-10,0.4399194542615271
2025-11-11,0.35985887053922505
2025-11-12,0.4013052293655487
2025-11-13,0.38479635046948835
2025-11-14,0.3612689197594858
2025-11-17,0.37021837268073526
2025-11-18,0.3277018785069529
2025-11-19,0.3711459738292989
2025-11-20,0.4375325415912528
2025-11-21,0.40041210151962436
2025-11-24,0.39536520148238496
2025-11-25,0.35364058690952577
2025-11-26,0.3450258209100653
2025-11-27,0.36437755620305273
2025-11-28,0.36478005122287577
2025-12-01,0.4376174642185919
2025-12-02,0.37912676056338035
2025-12-03,0.4049530226070479
2025-12-04,0.38682554869386215
2025-12-05,0.46714506455752564
2025-12-08,0.42455885113572367
2025-12-09,0.4129902264010887
2025-12-10,0.40196155560800356
2025-12-11,0.3688623622656099
2025-12-12,0.4479691600287964
2025-12-15,0.3915441176470588
2025-12-16,0.36989973195671594
2025-12-17,0.4179755445364625
2025-12-18,0.3917971321445949
2025-12-19,0.3655051718733675
2025-12-22,0.38604747375497755
2025-12-23,0.39076553556827476
2025-12-24,0.36525261026220973
2025-12-25,0.3159690000250809
2025-12-26,0.34152858281798787
2025-12-29,0.39350282485875704
2025-12-30,0.3549223362307474
2025-12-31,0.36170462274550275
2026-01-05,0.39704831735288587
2026-01-06,0.4643885016817504
2026-01-07,0.4209540279579191
2026-01-08,0.379881468938512
2026-01-09,0.34608546287367403
2026-01-12,0.3414862748119046
2026-01-13,0.3436098300587529
2026-01-14,0.38597169955099125
2026-01-15,0.3723696397523602
2026-01-16,0.4776766080823546
2026-01-19,0.42410392532564556
2026-01-20,0.4347929922723939
2026-01-21,0.42343375194017213
2026-01-22,0.43218531468531474
2026-01-23,0.41459849747142563
2026-01-26,0.4661756955029131
2026-01-27,0.4274435794605646
2026-01-28,0.5667998881597343
2026-01-29,0.5359084406294706
2026-01-30,0.45429755843828323
2026-02-02,0.5124717822428686
2026-02-03,0.46011880731299387
2026-02-04,0.433944086959683
2026-02-05,0.446995287543267
2026-02-06,0.37382603891719357
2026-02-09,0.3798474834773767
2026-02-10,0.33205918861939193
2026-02-11,0.32903103549922097
2026-02-12,0.36953367875647664
2026-02-13,0.375663824067341
2026-02-24,0.40485996705107086
2026-02-25,0.4415272815148534
