date,000300.SH_对_000852.SH_相对强弱
2014-10-17,0.4030146560267042
2014-10-20,0.39884686376841727
2014-10-21,0.3987199426905552
2014-10-22,0.4012670240281642
2014-10-23,0.4040035187690446
2014-10-24,0.40234530016025105
2014-10-27,0.3943558990603709
2014-10-28,0.39208007823907565
2014-10-29,0.39242870514490935
2014-10-30,0.395560392643667
2014-10-31,0.4040074992631201
2014-11-03,0.4003427027404268
2014-11-04,0.40328084141123555
2014-11-05,0.40201533744055357
2014-11-06,0.39847201357503476
2014-11-07,0.40174789789676474
2014-11-10,0.4107394536430308
2014-11-11,0.4248066247341028
2014-11-12,0.4239041525423452
2014-11-13,0.4282608500772438
2014-11-14,0.4295059810837804
2014-11-17,0.4207787690631755
2014-11-18,0.4139436262301854
2014-11-19,0.40965489648767545
2014-11-20,0.4101409992597705
2014-11-21,0.4139638769165491
2014-11-24,0.4209833652284442
2014-11-25,0.4201150358501493
2014-11-26,0.42314821433566324
2014-11-27,0.4255624528492239
2014-11-28,0.4335863187214538
2014-12-01,0.4411150379571946
2014-12-02,0.4527935955956093
2014-12-03,0.4555677908220763
2014-12-04,0.4699772395653081
2014-12-05,0.48357195328012353
2014-12-08,0.5037360369962978
2014-12-09,0.5042570909994486
2014-12-10,0.5059905981174245
2014-12-11,0.49247352287896806
2014-12-12,0.4878738432344974
2014-12-15,0.4832018527683011
2014-12-16,0.4978560733536239
2014-12-17,0.5129807594702523
2014-12-18,0.5115407236425796
2014-12-19,0.525496261130325
2014-12-22,0.5546010167006994
2014-12-23,0.5520043112107085
2014-12-24,0.5248495583503037
2014-12-25,0.5360250355724847
2014-12-26,0.5527549528901163
2014-12-29,0.5665628624069701
2014-12-30,0.5779315338589879
2014-12-31,0.58626184566787
2015-01-05,0.6019287951790699
2015-01-06,0.5898943229788387
2015-01-07,0.5908750595327958
2015-01-08,0.5774164352329152
2015-01-09,0.5787722021432073
2015-01-12,0.5795796732023233
2015-01-13,0.5698027133261782
2015-01-14,0.5704931677767299
2015-01-15,0.5842633843536147
2015-01-16,0.5814303251320562
2015-01-19,0.5491894714356917
2015-01-20,0.5359665096484236
2015-01-21,0.548875896978734
2015-01-22,0.5431284364059752
2015-01-23,0.5493225461995394
2015-01-26,0.543157571148217
2015-01-27,0.534065522663788
2015-01-28,0.5288303913556378
2015-01-29,0.5255540184497973
2015-01-30,0.5246069064584241
2015-02-02,0.5131593905233905
2015-02-03,0.5165556674088657
2015-02-04,0.5112874169326735
2015-02-05,0.5059970706703043
2015-02-06,0.507498986126596
2015-02-09,0.5167591609152814
2015-02-10,0.5196823645805909
2015-02-11,0.5167585332051264
2015-02-12,0.5135693631163748
2015-02-13,0.5090823621653534
2015-02-16,0.5024166220526579
2015-02-17,0.5017514825030523
2015-02-25,0.4966303170815449
2015-02-26,0.5061972092473984
2015-02-27,0.5002658960767797
2015-03-02,0.49213227093789463
2015-03-03,0.48171491002330646
2015-03-04,0.4764277157546437
2015-03-05,0.46925085352036383
2015-03-06,0.4740158759316058
2015-03-09,0.47481376536476005
2015-03-10,0.46529040382180303
2015-03-11,0.46583500653951354
2015-03-12,0.4781249979206715
2015-03-13,0.47293683315368834
2015-03-16,0.4688726811611715
2015-03-17,0.4700372552166874
2015-03-18,0.47185352972923034
2015-03-19,0.4673134611003254
2015-03-20,0.4679233098793112
2015-03-23,0.4640019129855576
2015-03-24,0.45902617793788375
2015-03-25,0.4485432916834995
2015-03-26,0.45866945878383586
2015-03-27,0.4559775327827739
2015-03-30,0.46886969247249183
2015-03-31,0.4613739230832394
2015-04-01,0.45779340403261437
2015-04-02,0.4464984125984122
2015-04-03,0.44276982729214504
2015-04-07,0.44372121180052915
2015-04-08,0.4543135859317081
2015-04-09,0.4548873027048909
2015-04-10,0.45252443101074635
2015-04-13,0.45050489137722816
2015-04-14,0.45149094685262414
2015-04-15,0.46397880691336435
2015-04-16,0.47303046417193634
2015-04-17,0.48038069775426584
2015-04-20,0.4834409423867486
2015-04-21,0.4754012026533835
2015-04-22,0.4742060788401545
2015-04-23,0.46915045317938064
2015-04-24,0.46450837670425754
2015-04-27,0.47249525793865293
2015-04-28,0.4815102073103353
2015-04-29,0.4723594594059798
2015-04-30,0.46656752278132
2015-05-04,0.4661811486320037
2015-05-05,0.45934975272976547
2015-05-06,0.4565200630319398
2015-05-07,0.45582882306321476
2015-05-08,0.44366706312205706
2015-05-11,0.43545279168778694
2015-05-12,0.42957526763504816
2015-05-13,0.42366067179657546
2015-05-14,0.41929676838133634
2015-05-15,0.4116151553807164
2015-05-18,0.39638095766174447
2015-05-19,0.39988826305682523
2015-05-20,0.3919200453002999
2015-05-21,0.38463028511725283
2015-05-22,0.3902594643931052
2015-05-25,0.3959890106050146
2015-05-26,0.3879410296456093
2015-05-27,0.3814772631059706
2015-05-28,0.3770973376217627
2015-05-29,0.3715936873666733
2015-06-01,0.37076298081172027
2015-06-02,0.3615686675557847
2015-06-03,0.3582735466614658
2015-06-04,0.3621177399684806
2015-06-05,0.3615818052987228
2015-06-08,0.3797059234467611
2015-06-09,0.37695833684832875
2015-06-10,0.3671125257610369
2015-06-11,0.35930886410936985
2015-06-12,0.35552410025555337
2015-06-15,0.3549935522553155
2015-06-16,0.35915058434267433
2015-06-17,0.3566821005646084
2015-06-18,0.3538447749492135
2015-06-19,0.35601942049314306
2015-06-23,0.36683403312281526
2015-06-24,0.36654658845615834
2015-06-25,0.36883538869911153
2015-06-26,0.36964349272831115
2015-06-29,0.3843326218654733
2015-06-30,0.39300691916597186
2015-07-01,0.3962191692142076
2015-07-02,0.41070273343923636
2015-07-03,0.41521830275258864
2015-07-06,0.4513575809615804
2015-07-07,0.4700746177160695
2015-07-08,0.45141294873228816
2015-07-09,0.4668444966159452
2015-07-10,0.47638360953731435
2015-07-13,0.46629231638445473
2015-07-14,0.4403592181722134
2015-07-15,0.4435648657392104
2015-07-16,0.4421252500780121
2015-07-17,0.43510983650176394
2015-07-20,0.42282999791217746
2015-07-21,0.41399681568713076
2015-07-22,0.40641470305321903
2015-07-23,0.4027968860808871
2015-07-24,0.39965346729788176
2015-07-27,0.3928917700463618
2015-07-28,0.4104772178777904
2015-07-29,0.40405936871021586
2015-07-30,0.40328941677305025
2015-07-31,0.413795520402198
2015-08-03,0.43895159858258875
2015-08-04,0.4261264140380462
2015-08-05,0.41845558811544953
2015-08-06,0.4151811582366838
2015-08-07,0.40760450732865944
2015-08-10,0.4052776409580682
2015-08-11,0.40051052059395253
2015-08-12,0.4013746289275237
2015-08-13,0.39533866120109123
2015-08-14,0.3925176757689371
2015-08-17,0.3860476105355337
2015-08-18,0.3900814555271952
2015-08-19,0.3863787514378957
2015-08-20,0.3861895712594573
2015-08-21,0.38982143011703074
2015-08-24,0.38505238826676336
2015-08-25,0.3860547176681905
2015-08-26,0.4010841084096214
2015-08-27,0.41131988718654994
2015-08-28,0.40409898517939774
2015-08-31,0.4234391822731344
2015-09-01,0.45181157673779127
2015-09-02,0.4720681706113257
2015-09-07,0.4457929337194394
2015-09-08,0.43573457827957507
2015-09-09,0.4272240029303501
2015-09-10,0.4280965737723542
2015-09-11,0.420916841508588
2015-09-14,0.442660312724732
2015-09-15,0.4480848327079229
2015-09-16,0.44119725360459694
2015-09-17,0.4357459476450681
2015-09-18,0.4302786767227573
2015-09-21,0.421546287223788
2015-09-22,0.4236898486207459
2015-09-23,0.41705009901501344
2015-09-24,0.4143109760012729
2015-09-25,0.4230207090860377
2015-09-28,0.41363655288492646
2015-09-29,0.41173258739531293
2015-09-30,0.41448640397607034
2015-10-08,0.40918171291214855
2015-10-09,0.40830733072281605
2015-10-12,0.4045340092405521
2015-10-13,0.39822244279398106
2015-10-14,0.3990885846512911
2015-10-15,0.3958482027895689
2015-10-16,0.39517593032579973
2015-10-19,0.39552630423282664
2015-10-20,0.39244091384026947
2015-10-21,0.40662774580942435
2015-10-22,0.39624848427559034
2015-10-23,0.38891592990441687
2015-10-26,0.3874882694544015
2015-10-27,0.38443102453729155
2015-10-28,0.3860019671983295
2015-10-29,0.38344705735935486
2015-10-30,0.38462958249019724
2015-11-02,0.38860652127720924
2015-11-03,0.38831595124162194
2015-11-04,0.3861443729058723
2015-11-05,0.3946111835257066
2015-11-06,0.3939415804522795
2015-11-09,0.3912328197800372
2015-11-10,0.38675664195398357
2015-11-11,0.37954969326006155
2015-11-12,0.3744739300242288
2015-11-13,0.3770839916694185
2015-11-16,0.36922102155519315
2015-11-17,0.37177156484631607
2015-11-18,0.37422757603231444
2015-11-19,0.36881679668990314
2015-11-20,0.3615187852194789
2015-11-23,0.3629409282973788
2015-11-24,0.35889417620717856
2015-11-25,0.35354318461445244
2015-11-26,0.35396743595920616
2015-11-27,0.3580806373748294
2015-11-30,0.35659886318703066
2015-12-01,0.36078575059335544
2015-12-02,0.37893847833143834
2015-12-03,0.3711113921087451
2015-12-04,0.3647835709764736
2015-12-07,0.36018757769264176
2015-12-08,0.3602221835654173
2015-12-09,0.3623547876626143
2015-12-10,0.3610286060840067
2015-12-11,0.36276037939292355
2015-12-14,0.3667712060032441
2015-12-15,0.35942983610827967
2015-12-16,0.35524950957560786
2015-12-17,0.35167616042685995
2015-12-18,0.35446127924668386
2015-12-21,0.36131830973278467
2015-12-22,0.35864979176199985
2015-12-23,0.3634445789236381
2015-12-24,0.3601367363937534
2015-12-25,0.35780779530811574
2015-12-28,0.3544939289720432
2015-12-29,0.3531046958906375
2015-12-30,0.34841106039362235
2015-12-31,0.3515047725121164
2016-01-04,0.3578261759819503
2016-01-05,0.36804536154870093
2016-01-06,0.36456902742914693
2016-01-07,0.3719739286372479
2016-01-08,0.37871423352688277
2016-01-11,0.3890801258043452
2016-01-12,0.392736405471849
2016-01-13,0.40273471208574335
2016-01-14,0.3949099267380175
2016-01-15,0.3963731148787426
2016-01-18,0.38838553739894777
2016-01-19,0.3842367364343798
2016-01-20,0.38147200154166516
2016-01-21,0.38785568033922657
2016-01-22,0.38560224784722125
2016-01-25,0.38248084894821327
2016-01-26,0.38970131538027436
2016-01-27,0.3924536844417551
2016-01-28,0.4018864703571296
2016-01-29,0.39888795717087266
2016-02-01,0.39780632547731554
2016-02-02,0.3908801658443973
2016-02-03,0.38643005319680124
2016-02-04,0.3822987798961211
2016-02-05,0.383974790186073
2016-02-15,0.38138305569109426
2016-02-16,0.3763553980986479
2016-02-17,0.37347783290630077
2016-02-18,0.3734890363173349
2016-02-19,0.3703714312356775
2016-02-22,0.3709469852253829
2016-02-23,0.3696579945572016
2016-02-24,0.3717478574688715
2016-02-25,0.37893093690341506
2016-02-26,0.3845179096748632
2016-02-29,0.40055627228080976
2016-03-01,0.39900060256613196
2016-03-02,0.39566620927747115
2016-03-03,0.3958015544624617
2016-03-04,0.41703365096509004
2016-03-07,0.40850803951120074
2016-03-08,0.4051360152772701
2016-03-09,0.40957831622483226
2016-03-10,0.40846811745321154
2016-03-11,0.4106751322901063
2016-03-14,0.40126151245030406
2016-03-15,0.4060819884551662
2016-03-16,0.41287274931958223
2016-03-17,0.401575061235236
2016-03-18,0.39173559169313266
2016-03-21,0.39027698491120016
2016-03-22,0.38812517482409786
2016-03-23,0.38485331483806806
2016-03-24,0.3842977578253495
2016-03-25,0.3832822808380176
2016-03-28,0.38195120556362394
2016-03-29,0.38618194714536325
2016-03-30,0.38113472320652864
2016-03-31,0.38096597523388664
2016-04-01,0.3840487223311694
2016-04-05,0.37802359834012583
2016-04-06,0.37480628604704147
2016-04-07,0.3753769644584079
2016-04-08,0.37549037624085585
2016-04-11,0.3722419518056374
2016-04-12,0.37387429667610395
2016-04-13,0.37359022339995535
2016-04-14,0.370694284308414
2016-04-15,0.3701131460590089
2016-04-18,0.3704117283981284
2016-04-19,0.3699013390181174
2016-04-20,0.3826936239223854
2016-04-21,0.3855094344022889
2016-04-22,0.38332995268051956
2016-04-25,0.3840925146497206
2016-04-26,0.38103798303849323
2016-04-27,0.3803606191124004
2016-04-28,0.38062976361371115
2016-04-29,0.3807115152583032
2016-05-03,0.37547587342309086
2016-05-04,0.37471320143386766
2016-05-05,0.37246686234219234
2016-05-06,0.3782433397952456
2016-05-09,0.38716317045994203
2016-05-10,0.38856103028279826
2016-05-11,0.3940205264080631
2016-05-12,0.39506161159750186
2016-05-13,0.3938711560437993
2016-05-16,0.38880185647634874
2016-05-17,0.3876184292863331
2016-05-18,0.3978285608683433
2016-05-19,0.39428039705970996
2016-05-20,0.3916244543552529
2016-05-23,0.38611607888972377
2016-05-24,0.38712171590965183
2016-05-25,0.38774786193884786
2016-05-26,0.3864333968651313
2016-05-27,0.38702793528466817
2016-05-30,0.3897898656931682
2016-05-31,0.3866468895542986
2016-06-01,0.382146261576937
2016-06-02,0.37841274055395874
2016-06-03,0.38005427750868853
2016-06-06,0.37741750586805173
2016-06-07,0.37666607162256244
2016-06-08,0.37524040720875024
2016-06-13,0.3832534508813067
2016-06-14,0.38265215450124396
2016-06-15,0.3736410860909068
2016-06-16,0.3702634765481098
2016-06-17,0.36964221613683274
2016-06-20,0.3680183978789613
2016-06-21,0.37198013479440883
2016-06-22,0.36811478642775647
2016-06-23,0.3669253205709187
2016-06-24,0.36507535032146304
2016-06-27,0.3609167467503786
2016-06-28,0.35925893768491135
2016-06-29,0.36033117553938654
2016-06-30,0.3608151478248868
2016-07-01,0.362114000254451
2016-07-04,0.3611303394153673
2016-07-05,0.3597801634203139
2016-07-06,0.3595343882733798
2016-07-07,0.3584828458931954
2016-07-08,0.3571079637086231
2016-07-11,0.36093871542302824
2016-07-12,0.36600231386008675
2016-07-13,0.36382378580209235
2016-07-14,0.36236310738211314
2016-07-15,0.36472438917930344
2016-07-18,0.3649670042200617
2016-07-19,0.36104195467542755
2016-07-20,0.35981824139578317
2016-07-21,0.3610883496592421
2016-07-22,0.3610808791824877
2016-07-25,0.3619901071338387
2016-07-26,0.361857957400966
2016-07-27,0.3740872692487076
2016-07-28,0.37579329449374976
2016-07-29,0.3768846494535489
2016-08-01,0.37983706342312634
2016-08-02,0.3775912822735141
2016-08-03,0.3764952462440691
2016-08-04,0.3742881596081695
2016-08-05,0.37683398092859943
2016-08-08,0.3757445934794163
2016-08-09,0.37439199460026396
2016-08-10,0.3740110491523982
2016-08-11,0.37898232119704184
2016-08-12,0.38238111655095625
2016-08-15,0.3852734588943113
2016-08-16,0.3805587582842831
2016-08-17,0.3784945208557581
2016-08-18,0.3776787682649242
2016-08-19,0.3771021951500167
2016-08-22,0.3787146234880489
2016-08-23,0.37888324224839043
2016-08-24,0.3762339937208145
2016-08-25,0.37667941354174933
2016-08-26,0.37518901318609893
2016-08-29,0.3743107016465578
2016-08-30,0.3747243087053692
2016-08-31,0.3765162535098909
2016-09-01,0.376430335058313
2016-09-02,0.3798437071505017
2016-09-05,0.37887409391437993
2016-09-06,0.3752863324058169
2016-09-07,0.3754656489585984
2016-09-08,0.3736186081704321
2016-09-09,0.37397731719015564
2016-09-12,0.3799292954678964
2016-09-13,0.37662627161774276
2016-09-14,0.3758034105999997
2016-09-19,0.3743623562793809
2016-09-20,0.37388631230314356
2016-09-21,0.3740994645510397
2016-09-22,0.37526631696766416
2016-09-23,0.37523626339946636
2016-09-26,0.3768981028270461
2016-09-27,0.37665240280647166
2016-09-28,0.3760292112100171
2016-09-29,0.3764399254357375
2016-09-30,0.3756237920734269
2016-10-10,0.3724908620758677
2016-10-11,0.37137895507802077
2016-10-12,0.3701454642634263
2016-10-13,0.36985737516869627
2016-10-14,0.37087291666505395
2016-10-17,0.3711326613538008
2016-10-18,0.3704078250407366
2016-10-19,0.3703557813177021
2016-10-20,0.3689219765293853
2016-10-21,0.37210509556451293
2016-10-24,0.374146098615167
2016-10-25,0.3725274670934346
2016-10-26,0.37272413097223484
2016-10-27,0.3718671876527416
2016-10-28,0.37467973664733945
2016-10-31,0.3744206012225049
2016-11-01,0.3729466059564644
2016-11-02,0.37257716874774416
2016-11-03,0.37369676130028795
2016-11-04,0.37351920969594615
2016-11-07,0.37396990897287147
2016-11-08,0.37329400436458576
2016-11-09,0.37390785533019594
2016-11-10,0.3732573814949402
2016-11-11,0.3746333008138609
2016-11-14,0.37480181875648594
2016-11-15,0.3728986390596092
2016-11-16,0.3722982155523921
2016-11-17,0.3745771430635549
2016-11-18,0.3736470057150862
2016-11-21,0.3753600834845552
2016-11-22,0.3751930153742259
2016-11-23,0.3785103198678084
2016-11-24,0.38268137881384817
2016-11-25,0.38548107261676107
2016-11-28,0.38702820764694007
2016-11-29,0.39463249202788286
2016-11-30,0.3924609144869174
2016-12-01,0.39366626201349086
2016-12-02,0.39649330260397764
2016-12-05,0.3919562685548012
2016-12-06,0.3899074665131783
2016-12-07,0.38752310325731826
2016-12-08,0.38926893149878616
2016-12-09,0.3933752405843941
2016-12-12,0.4059763045446578
2016-12-13,0.40374698672121423
2016-12-14,0.40330897995169807
2016-12-15,0.3944909012628813
2016-12-16,0.3908918473682885
2016-12-19,0.3892943360899663
2016-12-20,0.3871975408365849
2016-12-21,0.387777775867722
2016-12-22,0.38751082677070453
2016-12-23,0.38870123150257696
2016-12-26,0.3887168382734667
2016-12-27,0.387609751909367
2016-12-28,0.3874830835694582
2016-12-29,0.3885072261607428
2016-12-30,0.38984041324147917
2017-01-03,0.3902129613512397
2017-01-04,0.38850420253904144
2017-01-05,0.3884075598806711
2017-01-06,0.3888160237893629
2017-01-09,0.3887174660868737
2017-01-10,0.3900633962043072
2017-01-11,0.3913798197032927
2017-01-12,0.3929316101081278
2017-01-13,0.40065358465130835
2017-01-16,0.4184901871737705
2017-01-17,0.4143107147484321
2017-01-18,0.41798804992867444
2017-01-19,0.41849467952659075
2017-01-20,0.41481003366031954
2017-01-23,0.411805111326157
2017-01-24,0.4141583256153751
2017-01-25,0.4141911001670712
2017-01-26,0.41287034187451116
2017-02-03,0.4111925914034825
2017-02-06,0.40739151683448815
2017-02-07,0.40636712786328955
2017-02-08,0.40555164602502874
2017-02-09,0.40382722481707495
2017-02-10,0.40729910986991763
2017-02-13,0.4074816175692392
2017-02-14,0.40786696273924156
2017-02-15,0.410077012256746
2017-02-16,0.4097538141456555
2017-02-17,0.4110127903129697
2017-02-20,0.41339668189924467
2017-02-21,0.41072926534949566
2017-02-22,0.41006246168468785
2017-02-23,0.4080164556865223
2017-02-24,0.40661000757937493
2017-02-27,0.4065425094230131
2017-02-28,0.4058269204827845
2017-03-01,0.4056118172681396
2017-03-02,0.4054914276675512
2017-03-03,0.40301949399135956
2017-03-06,0.40037435204747385
2017-03-07,0.4004835476527044
2017-03-08,0.40148819719582013
2017-03-09,0.4014903867484302
2017-03-10,0.4014968152787909
2017-03-13,0.4021737187481178
2017-03-14,0.402797590579
2017-03-15,0.40396916283133477
2017-03-16,0.40179046215302017
2017-03-17,0.4004950124044249
2017-03-20,0.3994991362727272
2017-03-21,0.4012176814799409
2017-03-22,0.40151843450217023
2017-03-23,0.40297919670235693
2017-03-24,0.4056593978035941
2017-03-27,0.4050395704606397
2017-03-28,0.40544287311441174
2017-03-29,0.4082357059411216
2017-03-30,0.41331801283151154
2017-03-31,0.4144363723950541
2017-04-05,0.41115808151264976
2017-04-06,0.4113044838027904
2017-04-07,0.41165214136825823
2017-04-10,0.4148507694874357
2017-04-11,0.4131017064794627
2017-04-12,0.4155939223913731
2017-04-13,0.4149275426430223
2017-04-14,0.41776300606653655
2017-04-17,0.42331675278448255
2017-04-18,0.4255861400281132
2017-04-19,0.42893819440601166
2017-04-20,0.43336247248064474
2017-04-21,0.4363267882382111
2017-04-24,0.4457172979622681
2017-04-25,0.44549126971708464
2017-04-26,0.4444282821905282
2017-04-27,0.4419369570310217
2017-04-28,0.4386275058602739
2017-05-02,0.4367587360437576
2017-05-03,0.43586849729667604
2017-05-04,0.43620369297282446
2017-05-05,0.43927713860637985
2017-05-08,0.44456476790736105
2017-05-09,0.44095084682591523
2017-05-10,0.4479067466320344
2017-05-11,0.45438962997573595
2017-05-12,0.4592647111332414
2017-05-15,0.45987218148847603
2017-05-16,0.45413985010314695
2017-05-17,0.4504316975655361
2017-05-18,0.4519252768066886
2017-05-19,0.45323581567366344
2017-05-22,0.46267948768376693
2017-05-23,0.4796973505353555
2017-05-24,0.47742591021958153
2017-05-25,0.48193499093476533
2017-05-26,0.48116572287009274
2017-05-31,0.4842689331220651
2017-06-01,0.49851577126646734
2017-06-02,0.49144310082022974
2017-06-05,0.48442714547013876
2017-06-06,0.4852830192034654
2017-06-07,0.4809561013781185
2017-06-08,0.48498293942067705
2017-06-09,0.48665172179957633
2017-06-12,0.4932428741103535
2017-06-13,0.4871860392097279
2017-06-14,0.480153196537588
2017-06-15,0.4733211456370156
2017-06-16,0.4727641039043481
2017-06-19,0.4744698304964446
2017-06-20,0.4726263585332164
2017-06-21,0.4781267462739027
2017-06-22,0.48702674350573477
2017-06-23,0.491127488189006
2017-06-26,0.4915632281215151
2017-06-27,0.4916643061606004
2017-06-28,0.4911675381057064
2017-06-29,0.49201948928448896
2017-06-30,0.4911484658438697
2017-07-03,0.48438303773358105
2017-07-04,0.4811444381744758
2017-07-05,0.4822927702331299
2017-07-06,0.4814785679358769
2017-07-07,0.47956800738381106
2017-07-10,0.48215552923223454
2017-07-11,0.4904837057520477
2017-07-12,0.48951841575052135
2017-07-13,0.4932797381212781
2017-07-14,0.4981843839747932
2017-07-17,0.5197615385392415
2017-07-18,0.5158068949026667
2017-07-19,0.517818606036734
2017-07-20,0.5173134404623898
2017-07-21,0.5140973566394629
2017-07-24,0.5133208600414514
2017-07-25,0.5110096551197719
2017-07-26,0.5082922793735872
2017-07-27,0.5027952023717686
2017-07-28,0.5038974736656809
2017-07-31,0.5020677889189209
2017-08-01,0.5058924583976558
2017-08-02,0.5089447881914981
2017-08-03,0.5021245450513503
2017-08-04,0.5017602644311173
2017-08-07,0.5005647748014793
2017-08-08,0.4995805275529113
2017-08-09,0.49777864729027094
2017-08-10,0.49936872722698705
2017-08-11,0.49770066500859705
2017-08-14,0.494295540879152
2017-08-15,0.4936609559828856
2017-08-16,0.49061914506771725
2017-08-17,0.488727783141213
2017-08-18,0.49163779785853173
2017-08-21,0.4901882399187604
2017-08-22,0.4946924845752447
2017-08-23,0.4985211947748139
2017-08-24,0.4988801649530389
2017-08-25,0.5021300435602185
2017-08-28,0.5027986052422706
2017-08-29,0.5030052910469347
2017-08-30,0.5009294557168255
2017-08-31,0.4976766927465318
2017-09-01,0.49490764441265195
2017-09-04,0.4931428859554461
2017-09-05,0.4944590612436523
2017-09-06,0.4898587858528774
2017-09-07,0.4895405695263511
2017-09-08,0.48808382675201434
2017-09-11,0.4829939193179423
2017-09-12,0.48584989778051524
2017-09-13,0.484642045134221
2017-09-14,0.4837839112944711
2017-09-15,0.4861701945687559
2017-09-18,0.4839204668804005
2017-09-19,0.484727940139431
2017-09-20,0.4817865203278215
2017-09-21,0.48663033722891524
2017-09-22,0.48889988714893445
2017-09-25,0.49377798645714693
2017-09-26,0.4932434755268637
2017-09-27,0.48925550758146297
2017-09-28,0.4920641062754023
2017-09-29,0.4891882921119603
2017-10-09,0.4888703447663776
2017-10-10,0.4865699486822086
2017-10-11,0.4902189021270199
2017-10-12,0.49280677453247157
2017-10-13,0.49182080160007635
2017-10-16,0.5004671794585137
2017-10-17,0.5013497319773546
2017-10-18,0.5102230301972831
2017-10-19,0.5134823535831904
2017-10-20,0.5065972360189632
2017-10-23,0.5043664065891933
2017-10-24,0.5106970680156976
2017-10-25,0.5098816772150405
2017-10-26,0.5100282553014801
2017-10-27,0.5175802729137058
2017-10-30,0.5293603346782219
2017-10-31,0.5250213410584038
2017-11-01,0.5234308258346666
2017-11-02,0.5299584094076085
2017-11-03,0.5339986687140171
2017-11-06,0.5324727299535231
2017-11-07,0.5337226024190435
2017-11-08,0.5314069743864037
2017-11-09,0.5323333596284964
2017-11-10,0.5361051821447564
2017-11-13,0.5373951448799005
2017-11-14,0.5374440502636941
2017-11-15,0.5391003950269527
2017-11-16,0.54474998332579
2017-11-17,0.5666225379008715
2017-11-20,0.5682356396802395
2017-11-21,0.5786148886117005
2017-11-22,0.5793257538300229
2017-11-23,0.575447485344726
2017-11-24,0.5748544324031514
2017-11-27,0.5731728205963789
2017-11-28,0.5651203283547725
2017-11-29,0.5635597722640427
2017-11-30,0.5600137973019774
2017-12-01,0.5540827177896541
2017-12-04,0.5628849435150995
2017-12-05,0.5816076330306208
2017-12-06,0.5723180758356373
2017-12-07,0.5662658761436418
2017-12-08,0.5656087681032409
2017-12-11,0.5683321133406403
2017-12-12,0.5659872817423927
2017-12-13,0.5672622387003073
2017-12-14,0.5633779001272702
2017-12-15,0.5588932608438942
2017-12-18,0.5632231783267104
2017-12-19,0.5670901807630522
2017-12-20,0.5723908136729621
2017-12-21,0.5768902271879175
2017-12-22,0.5761502846535363
2017-12-25,0.5823116050100634
2017-12-26,0.5815191993235271
2017-12-27,0.5748916045011312
2017-12-28,0.5777197267314493
2017-12-29,0.5744125931733329
2018-01-02,0.5763320109078633
2018-01-03,0.5742267903585702
2018-01-04,0.5754549946235922
2018-01-05,0.5766792084887058
2018-01-08,0.578741140487559
2018-01-09,0.5837325535031106
2018-01-10,0.5894302122449196
2018-01-11,0.5861119038661855
2018-01-12,0.5927473277974721
2018-01-15,0.6097636082545685
2018-01-16,0.6117900424975892
2018-01-17,0.611868101098927
2018-01-18,0.6141300247065806
2018-01-19,0.617642329329194
2018-01-22,0.6182290929211172
2018-01-23,0.6243060463277142
2018-01-24,0.6207060476814807
2018-01-25,0.6180525169706134
2018-01-26,0.6209313125869534
2018-01-29,0.6169997841944052
2018-01-30,0.6119272045510994
2018-01-31,0.6296410957699455
2018-02-01,0.6525672376372956
2018-02-02,0.6583415680632546
2018-02-05,0.6614469549473795
2018-02-06,0.6754207670767691
2018-02-07,0.6577343129567789
2018-02-08,0.6431396489983225
2018-02-09,0.6345018596005393
2018-02-12,0.6270567856543969
2018-02-13,0.6330935423076044
2018-02-14,0.6366836927846585
2018-02-22,0.6385190676188627
2018-02-23,0.6395134092555786
2018-02-26,0.6329088040069291
2018-02-27,0.6216486731520294
2018-02-28,0.6130041806831754
2018-03-01,0.6081007353792135
2018-03-02,0.605584461171527
2018-03-05,0.6020272786688081
2018-03-06,0.6037187712635268
2018-03-07,0.6035174375964064
2018-03-08,0.6063181243584375
2018-03-09,0.6009637616177463
2018-03-12,0.5941259224486093
2018-03-13,0.5919344883824459
2018-03-14,0.5959682218535943
2018-03-15,0.6002537788584977
2018-03-16,0.5960133622383412
2018-03-19,0.5973531184275362
2018-03-20,0.5977062070782492
2018-03-21,0.5997662048371366
2018-03-22,0.5943138737862008
2018-03-23,0.609870500879376
2018-03-26,0.5955093854560441
2018-03-27,0.5857447254116231
2018-03-28,0.5790821256060488
2018-03-29,0.5825687341154245
2018-03-30,0.5734207745740327
2018-04-02,0.5686059396115897
2018-04-03,0.5705659955938039
2018-04-04,0.574587475820817
2018-04-09,0.5734678248498549
2018-04-10,0.5843334525606777
2018-04-11,0.5826113975539969
2018-04-12,0.5794948416345471
2018-04-13,0.5759206252369484
2018-04-16,0.5669696433772594
2018-04-17,0.5710307897313506
2018-04-18,0.565398183382252
2018-04-19,0.5708838730644636
2018-04-20,0.5754093356062755
2018-04-23,0.5824348359563984
2018-04-24,0.5817664103228902
2018-04-25,0.5773056034553341
2018-04-26,0.5768334712559613
2018-04-27,0.5764685151224999
2018-05-02,0.580199451678461
2018-05-03,0.5795021021350352
2018-05-04,0.5779251084869446
2018-05-07,0.5768659232130647
2018-05-08,0.5808015360913039
2018-05-09,0.5800251311276226
2018-05-10,0.5807748704314992
2018-05-11,0.5835429409254802
2018-05-14,0.5930602621894284
2018-05-15,0.589103981895681
2018-05-16,0.5878083931888566
2018-05-17,0.5862389939396974
2018-05-18,0.5895176738154223
2018-05-21,0.5855095818304167
2018-05-22,0.580900753887515
2018-05-23,0.5794367216931113
2018-05-24,0.577387887798004
2018-05-25,0.5834330576599863
2018-05-28,0.5906041330426725
2018-05-29,0.5909808525934387
2018-05-30,0.5974204191803189
2018-05-31,0.6021017067769222
2018-06-01,0.603899914471022
2018-06-04,0.6125833214881535
2018-06-05,0.6087810830788775
2018-06-06,0.607130291403154
2018-06-07,0.610531273901837
2018-06-08,0.6090304350706208
2018-06-11,0.6144375342646073
2018-06-12,0.6171734325571887
2018-06-13,0.6218195802945812
2018-06-14,0.6226543505585945
2018-06-15,0.6331626004911377
2018-06-19,0.6556990216401958
2018-06-20,0.6505490250113183
2018-06-21,0.6584247625098488
2018-06-22,0.6512652764002113
2018-06-25,0.6458994849298034
2018-06-26,0.6352388928532351
2018-06-27,0.6279388907638295
2018-06-28,0.6288795734620932
2018-06-29,0.6260073261901975
2018-07-02,0.6153678114868578
2018-07-03,0.6086271460109919
2018-07-04,0.6115164358115657
2018-07-05,0.6244442646376892
2018-07-06,0.6261182524752026
2018-07-09,0.6303695444062467
2018-07-10,0.627627073642074
2018-07-11,0.6314552790869024
2018-07-12,0.6281952037696448
2018-07-13,0.6279912493430723
2018-07-16,0.6236951966329196
2018-07-17,0.6186697848469924
2018-07-18,0.6188675604767563
2018-07-19,0.6255224633514811
2018-07-20,0.63034837669169
2018-07-23,0.6315937658032782
2018-07-24,0.6314467045602254
2018-07-25,0.6292670753984875
2018-07-26,0.6244278013737764
2018-07-27,0.6254147079535263
2018-07-30,0.6334575188384479
2018-07-31,0.634664728110203
2018-08-01,0.6318288897261822
2018-08-02,0.6329484798287821
2018-08-03,0.6308060750613214
2018-08-06,0.6362489097637681
2018-08-07,0.6380867663803776
2018-08-08,0.6384136997318245
2018-08-09,0.640081207742294
2018-08-10,0.6373997135330226
2018-08-13,0.6314459101897911
2018-08-14,0.6303311367609312
2018-08-15,0.6279896373323867
2018-08-16,0.6327882147697593
2018-08-17,0.635225867082123
2018-08-20,0.6401810176720538
2018-08-21,0.6444463291479162
2018-08-22,0.6483185994306868
2018-08-23,0.6467588244103903
2018-08-24,0.6499695639627937
2018-08-27,0.6514320649992978
2018-08-28,0.6496930822257911
2018-08-29,0.6507996205862059
2018-08-30,0.6552443700477623
2018-08-31,0.6592553619378215
2018-09-03,0.6572528141529942
2018-09-04,0.6578919277781822
2018-09-05,0.6553680852983267
2018-09-06,0.6509475802867837
2018-09-07,0.652620110481995
2018-09-10,0.6560319628281848
2018-09-11,0.6546222852951903
2018-09-12,0.650843751817272
2018-09-13,0.6527750348274024
2018-09-14,0.6605814181334906
2018-09-17,0.663330327542854
2018-09-18,0.6648767393106662
2018-09-19,0.6664938233549538
2018-09-20,0.6684982418457572
2018-09-21,0.680505974540449
2018-09-25,0.6765433502937359
2018-09-26,0.6811245083822228
2018-09-27,0.6881930970733774
2018-09-28,0.6895281463153198
2018-10-08,0.6831228146040248
2018-10-09,0.6824803957272833
2018-10-10,0.6819008097556765
2018-10-11,0.7010070483195248
2018-10-12,0.7161145144983816
2018-10-15,0.7172621154707792
2018-10-16,0.7277277236167665
2018-10-17,0.7264919721173063
2018-10-18,0.7336866465152128
2018-10-19,0.7391589027107325
2018-10-22,0.734441147870201
2018-10-23,0.7269662332231528
2018-10-24,0.7283072077655843
2018-10-25,0.7351134509528637
2018-10-26,0.7279856947892618
2018-10-29,0.7161052938546545
2018-10-30,0.7172035361767864
2018-10-31,0.7166781665791486
2018-11-01,0.7173680059169926
2018-11-02,0.7208847132597024
2018-11-05,0.7095894740227868
2018-11-06,0.7045565685762878
2018-11-07,0.7015078375874773
2018-11-08,0.7026483002357132
2018-11-09,0.6944302620566178
2018-11-12,0.6823301430707923
2018-11-13,0.6757994585976319
2018-11-14,0.6689191382105361
2018-11-15,0.6656358431218186
2018-11-16,0.6615927355767162
2018-11-19,0.6665874556112069
2018-11-20,0.6688459527174162
2018-11-21,0.6656628367178862
2018-11-22,0.6627506553586278
2018-11-23,0.6771641327186683
2018-11-26,0.6779079598787275
2018-11-27,0.6715497514697129
2018-11-28,0.6722811830090324
2018-11-29,0.6795359579003386
2018-11-30,0.6825655362975436
2018-12-03,0.6790401993980668
2018-12-04,0.6742870838504513
2018-12-05,0.6751110174242363
2018-12-06,0.6725283543590149
2018-12-07,0.6723648687645025
2018-12-10,0.6724442856116168
2018-12-11,0.6693859584975155
2018-12-12,0.6719069720307507
2018-12-13,0.6758782276032493
2018-12-14,0.6820308529195264
2018-12-17,0.6831728333605852
2018-12-18,0.6805942857888749
2018-12-19,0.681856433291384
2018-12-20,0.6740690722072902
2018-12-21,0.6705495252336114
2018-12-24,0.6665174522511311
2018-12-25,0.6683360218224467
2018-12-26,0.6679351139921649
2018-12-27,0.6758734826013818
2018-12-28,0.6796021276454542
2019-01-02,0.6735892765226793
2019-01-03,0.6773904852572104
2019-01-04,0.674954672668647
2019-01-07,0.6648246567230897
2019-01-08,0.6647070658713978
2019-01-09,0.6700002404924675
2019-01-10,0.6705287360816717
2019-01-11,0.6696319387171243
2019-01-14,0.6677530605448826
2019-01-15,0.6735310776116894
2019-01-16,0.6746859870169841
2019-01-17,0.6770587537551218
2019-01-18,0.6848013717063601
2019-01-21,0.6843309949355659
2019-01-22,0.6828543595776402
2019-01-23,0.6814048946907765
2019-01-24,0.6813964384987077
2019-01-25,0.6910824105358206
2019-01-28,0.6966082306333329
2019-01-29,0.7113437370157383
2019-01-30,0.7163431687769908
2019-01-31,0.7350383892650608
2019-02-01,0.7243827232714771
2019-02-11,0.7169545805875142
2019-02-12,0.7122505540131193
2019-02-13,0.7136874090512896
2019-02-14,0.7117382661804312
2019-02-15,0.6994227774823513
2019-02-18,0.6971133545958538
2019-02-19,0.6929452606920601
2019-02-20,0.694966764306319
2019-02-21,0.695825297544818
2019-02-22,0.6957430179196037
2019-02-25,0.7004714525740176
2019-02-26,0.6921227289583105
2019-02-27,0.6926934003129216
2019-02-28,0.6883933953021226
2019-03-01,0.6990041749760517
2019-03-04,0.6920644689449142
2019-03-05,0.6748862433298177
2019-03-06,0.666108387000999
2019-03-07,0.6480614202031022
2019-03-08,0.6492760652792465
2019-03-11,0.634740898334372
2019-03-12,0.6252482069378632
2019-03-13,0.6348094229785932
2019-03-14,0.6501174276365637
2019-03-15,0.6482490220107686
2019-03-18,0.6510351934258855
2019-03-19,0.6452409356354107
2019-03-20,0.647203847274365
2019-03-21,0.6404811834250859
2019-03-22,0.637421571593626
2019-03-25,0.6278396287497956
2019-03-26,0.6392896889497144
2019-03-27,0.6424732606576782
2019-03-28,0.6486576037976128
2019-03-29,0.655084146112238
2019-04-01,0.6474585658519897
2019-04-02,0.6431291292086911
2019-04-03,0.6448847654070472
2019-04-04,0.6489114697528519
2019-04-08,0.6512181869068733
2019-04-09,0.6525457381883953
2019-04-10,0.6552340034728382
2019-04-11,0.6545948355429415
2019-04-12,0.6537425192025608
2019-04-15,0.6568886175392563
2019-04-16,0.6611522332564506
2019-04-17,0.6556251349330343
2019-04-18,0.6564851179252462
2019-04-19,0.6587436925003181
2019-04-22,0.6501158298302522
2019-04-23,0.6612090531327743
2019-04-24,0.6549379078087112
2019-04-25,0.6681149607312441
2019-04-26,0.6666135104664296
2019-04-29,0.6937029296159541
2019-04-30,0.6886745299917777
2019-05-06,0.7022558135532467
2019-05-07,0.7003616379193509
2019-05-08,0.6929214946819948
2019-05-09,0.6872509820202838
2019-05-10,0.6850488204427333
2019-05-13,0.6786879264871037
2019-05-14,0.6790229023025248
2019-05-15,0.6793346221597768
2019-05-16,0.6773615266589499
2019-05-17,0.6844438711088041
2019-05-20,0.6809130201145682
2019-05-21,0.6767710487765763
2019-05-22,0.6763834703885228
2019-05-23,0.6803497670177677
2019-05-24,0.6910344306443618
2019-05-27,0.6792615704453376
2019-05-28,0.6858237146470534
2019-05-29,0.6814657270860991
2019-05-30,0.6816167592381425
2019-05-31,0.6804688316217486
2019-06-03,0.691144008123045
2019-06-04,0.6972452444032448
2019-06-05,0.6973207844845014
2019-06-06,0.7085706936699239
2019-06-10,0.7081363388923534
2019-06-11,0.703126666292727
2019-06-12,0.7010779777363085
2019-06-13,0.696130522349119
2019-06-14,0.7065206849667658
2019-06-17,0.7082070658774207
2019-06-18,0.7106578157442697
2019-06-19,0.7099240844286504
2019-06-20,0.7200103623824828
2019-06-21,0.7091953259687312
2019-06-24,0.710845562494276
2019-06-25,0.7103008474071124
2019-06-26,0.7090363982000195
2019-06-27,0.7104708873502215
2019-06-28,0.7189016996192248
2019-07-01,0.7180292306616223
2019-07-02,0.7180009720042709
2019-07-03,0.7172375269829818
2019-07-04,0.7166593244787435
2019-07-05,0.7177402008900658
2019-07-08,0.7251328646347674
2019-07-09,0.7210802298367017
2019-07-10,0.7261740067744987
2019-07-11,0.72703251585525
2019-07-12,0.7297553788435475
2019-07-15,0.7251274352675411
2019-07-16,0.7202800294935187
2019-07-17,0.719291573578403
2019-07-18,0.7254457834563138
2019-07-19,0.7294894990300147
2019-07-22,0.7454040668962961
2019-07-23,0.738616572326547
2019-07-24,0.7353143866718231
2019-07-25,0.7390142184955005
2019-07-26,0.7396709482406726
2019-07-29,0.7385098449542785
2019-07-30,0.7386499666842764
2019-07-31,0.7375556155758324
2019-08-01,0.7352215557289568
2019-08-02,0.7360815765146742
2019-08-05,0.7303695064989917
2019-08-06,0.7421357915861373
2019-08-07,0.7412701672465496
2019-08-08,0.7452874345046524
2019-08-09,0.7461364472128216
2019-08-12,0.7469593164645387
2019-08-13,0.7437917584396666
2019-08-14,0.7421577324373726
2019-08-15,0.7409605683676121
2019-08-16,0.7400972605935427
2019-08-19,0.7328368801482633
2019-08-20,0.7304799762218527
2019-08-21,0.7291370078304148
2019-08-22,0.7283225933042428
2019-08-23,0.735128127048983
2019-08-26,0.7286020539675558
2019-08-27,0.7247377696584394
2019-08-28,0.7234505441159578
2019-08-29,0.7204377513899772
2019-08-30,0.7330925955277833
2019-09-02,0.7237039399452374
2019-09-03,0.7193517310230763
2019-09-04,0.7203360079120527
2019-09-05,0.7208281043929563
2019-09-06,0.7220512081730666
2019-09-09,0.7091712003280972
2019-09-10,0.7051761846434127
2019-09-11,0.7060387395585049
2019-09-12,0.7102513112288218
2019-09-16,0.7033143736376969
2019-09-17,0.7084965823670943
2019-09-18,0.7127542992747123
2019-09-19,0.7070440345349798
2019-09-20,0.708299642924863
2019-09-23,0.7072368088590179
2019-09-24,0.7055799181785561
2019-09-25,0.7139896090557504
2019-09-26,0.7324719093538794
2019-09-27,0.7280922367405036
2019-09-30,0.7290226362291854
2019-10-08,0.7327756402413084
2019-10-09,0.7271770354718267
2019-10-10,0.7219476350463153
2019-10-11,0.7283517476949409
2019-10-14,0.7246199249271356
2019-10-15,0.7322535040645676
2019-10-16,0.7327991994941766
2019-10-17,0.7340612278724125
2019-10-18,0.732762798690526
2019-10-21,0.7395881941681912
2019-10-22,0.7333480296052765
2019-10-23,0.7345898764118984
2019-10-24,0.7359447258266043
2019-10-25,0.7352307486302649
2019-10-28,0.7236938599245797
2019-10-29,0.7286016293199481
2019-10-30,0.7323396211770785
2019-10-31,0.7397868025601113
2019-11-01,0.7451723754030103
2019-11-04,0.7453737277320316
2019-11-05,0.7479011917091379
2019-11-06,0.7511787400260151
2019-11-07,0.7475181647269692
2019-11-08,0.7465570293717068
2019-11-11,0.7529516282703251
2019-11-12,0.7511839017077557
2019-11-13,0.7526753586544046
2019-11-14,0.7487298777947975
2019-11-15,0.7524582762557599
2019-11-18,0.7530668471490526
2019-11-19,0.7466757651619644
2019-11-20,0.7430148518585439
2019-11-21,0.7407819771400385
2019-11-22,0.7430831077043675
2019-11-25,0.752849689414564
2019-11-26,0.7559943238650402
2019-11-27,0.7531370877426925
2019-11-28,0.7527199865043331
2019-11-29,0.7468223962066507
2019-12-02,0.7466369301080904
2019-12-03,0.7446958111297768
2019-12-04,0.7432521501654614
2019-12-05,0.7406008731894447
2019-12-06,0.739717192829402
2019-12-09,0.7357838452677667
2019-12-10,0.7322793879776341
2019-12-11,0.735690147435333
2019-12-12,0.7335433190926395
2019-12-13,0.7381395919420407
2019-12-16,0.7280545637087711
2019-12-17,0.728827599418943
2019-12-18,0.7274418371412898
2019-12-19,0.7232521143159271
2019-12-20,0.730255896145493
2019-12-23,0.7377779867302493
2019-12-24,0.7297425420096155
2019-12-25,0.7250299613939118
2019-12-26,0.7262322684293852
2019-12-27,0.7314206881220828
2019-12-30,0.7380897429565999
2019-12-31,0.7358645260410706
2020-01-02,0.7314715842147932
2020-01-03,0.7264165935774975
2020-01-06,0.7163029256478712
2020-01-07,0.7108630980020388
2020-01-08,0.7124011398786331
2020-01-09,0.7101364911570532
2020-01-10,0.7114253528362653
2020-01-13,0.7093277123736287
2020-01-14,0.708455541710895
2020-01-15,0.7046117725523116
2020-01-16,0.7029736950299889
2020-01-17,0.7066783088737734
2020-01-20,0.702925949577915
2020-01-21,0.6971208070433811
2020-01-22,0.6980100300916262
2020-01-23,0.7025610578598385
2020-02-03,0.7092774256434761
2020-02-04,0.7263171466395503
2020-02-05,0.7158345631228287
2020-02-06,0.7070393140699456
2020-02-07,0.6984512577961637
2020-02-10,0.6916828131232544
2020-02-11,0.7028779185079627
2020-02-12,0.6924320577439553
2020-02-13,0.6938057261381214
2020-02-14,0.6962034184993403
2020-02-17,0.6868417387959372
2020-02-18,0.6682117316653935
2020-02-19,0.6731932043441643
2020-02-20,0.6756429655248413
2020-02-21,0.6646119519627386
2020-02-24,0.6477382934917474
2020-02-25,0.6436338384435097
2020-02-26,0.6546324677526807
2020-02-27,0.6554585308393381
2020-02-28,0.6711073665827827
2020-03-02,0.6656948360629633
2020-03-03,0.660334594303338
2020-03-04,0.6608898403011755
2020-03-05,0.6660600168633287
2020-03-06,0.6572461600557177
2020-03-09,0.6607244377668545
2020-03-10,0.6578251864846784
2020-03-11,0.6579272536341506
2020-03-12,0.6585247496953774
2020-03-13,0.6551738388144442
2020-03-16,0.658887990007803
2020-03-17,0.6574048522548296
2020-03-18,0.654461066830916
2020-03-19,0.6389475045444392
2020-03-20,0.6442540487377504
2020-03-23,0.6517602982314936
2020-03-24,0.6570503753388098
2020-03-25,0.6592465354350063
2020-03-26,0.6609045272686925
2020-03-27,0.6680445746643959
2020-03-30,0.678454692272924
2020-03-31,0.679208618533058
2020-04-01,0.6801535653284667
2020-04-02,0.6742729034247619
2020-04-03,0.674257901867995
2020-04-07,0.6668847696509932
2020-04-08,0.6611157301440006
2020-04-09,0.6551454739173608
2020-04-10,0.6685866204279901
2020-04-13,0.6727645596158066
2020-04-14,0.6721184987866041
2020-04-15,0.6711553668872401
2020-04-16,0.6669719368687423
2020-04-17,0.6724082768194125
2020-04-20,0.663999328945344
2020-04-21,0.6596296880175757
2020-04-22,0.6589451861094839
2020-04-23,0.6615017886661598
2020-04-24,0.6690098982477274
2020-04-27,0.6771168242347014
2020-04-28,0.6921434512594912
2020-04-29,0.6970604499267155
2020-04-30,0.6890565259647755
2020-05-06,0.6783815687068567
2020-05-07,0.6771879365175766
2020-05-08,0.6760667851943277
2020-05-11,0.6767452401043459
2020-05-12,0.674713930378985
2020-05-13,0.6706498101377537
2020-05-14,0.6694626367103329
2020-05-15,0.664317721324772
2020-05-18,0.6694339786978003
2020-05-19,0.6664168098125944
2020-05-20,0.6708708718538102
2020-05-21,0.6757662363072899
2020-05-22,0.6727773674444048
2020-05-25,0.6751310417212553
2020-05-26,0.6667362824510068
2020-05-27,0.6662435554467714
2020-05-28,0.6696789754466591
2020-05-29,0.664848187976333
2020-06-01,0.6625763188414507
2020-06-02,0.6636142484845039
2020-06-03,0.6645351784222893
2020-06-04,0.6629500625694551
2020-06-05,0.66517591378318
2020-06-08,0.6701659262460965
2020-06-09,0.6697790008442597
2020-06-10,0.6677946883964848
2020-06-11,0.6629523451081838
2020-06-12,0.6637322945035432
2020-06-15,0.655998909661899
2020-06-16,0.652596788311106
2020-06-17,0.6502917147589357
2020-06-18,0.6576994622402862
2020-06-19,0.6624596447173818
2020-06-22,0.6586440638995127
2020-06-23,0.6606607440279789
2020-06-24,0.6646235955977238
2020-06-29,0.6616429102492871
2020-06-30,0.6589013265774155
2020-07-01,0.6700641396694323
2020-07-02,0.6760020187241813
2020-07-03,0.6822096427921297
2020-07-06,0.6943350488363345
2020-07-07,0.6890905584079474
2020-07-08,0.6845435129041573
2020-07-09,0.6739977680026232
2020-07-10,0.6647344410037318
2020-07-13,0.6555322194905835
2020-07-14,0.6544177419714091
2020-07-15,0.6652868143364008
2020-07-16,0.668268635973716
2020-07-17,0.6710489615686139
2020-07-20,0.6682648484496808
2020-07-21,0.6645674355443427
2020-07-22,0.6616237474718859
2020-07-23,0.6618895218347938
2020-07-24,0.6640874268440717
2020-07-27,0.6672704117229882
2020-07-28,0.6661265338364522
2020-07-29,0.6626988179804568
2020-07-30,0.6605423396427509
2020-07-31,0.6574229107459513
2020-08-03,0.6471029443205477
2020-08-04,0.6518808352385871
2020-08-05,0.6431920388293332
2020-08-06,0.6407795246181505
2020-08-07,0.6414233292346357
2020-08-10,0.6420652677003591
2020-08-11,0.6490357339929608
2020-08-12,0.6553034358827216
2020-08-13,0.6516387981736733
2020-08-14,0.6548797569562697
2020-08-17,0.6560527672184885
2020-08-18,0.6494736588260266
2020-08-19,0.653334162425288
2020-08-20,0.6543117920042354
2020-08-21,0.6559165108251367
2020-08-24,0.6556500137262121
2020-08-25,0.6601275792236154
2020-08-26,0.6686764959297398
2020-08-27,0.6650935794741366
2020-08-28,0.672368083995773
2020-08-31,0.6666922432856115
2020-09-01,0.6670612404612101
2020-09-02,0.6660438928489678
2020-09-03,0.669984505680124
2020-09-04,0.6641811559070291
2020-09-07,0.6616464798432216
2020-09-08,0.6608943213881548
2020-09-09,0.6665969766787901
2020-09-10,0.6906924038431086
2020-09-11,0.6863307374598331
2020-09-14,0.6791482414486881
2020-09-15,0.681308456547908
2020-09-16,0.6836076470390082
2020-09-17,0.6787708066416217
2020-09-18,0.6835855467121609
2020-09-21,0.6772483843303961
2020-09-22,0.6801514779606199
2020-09-23,0.6778887785462421
2020-09-24,0.6835898024071903
2020-09-25,0.6888383957490822
2020-09-28,0.6994886196409487
2020-09-29,0.6935171900777941
2020-09-30,0.6932575608319625
2020-10-09,0.6861464324825672
2020-10-12,0.6854703084172957
2020-10-13,0.6860347930089054
2020-10-14,0.6878481871306839
2020-10-15,0.6927735886499111
2020-10-16,0.6938034457170618
2020-10-19,0.6933860007671226
2020-10-20,0.6923589766981297
2020-10-21,0.7032667845696834
2020-10-22,0.7055700625149212
2020-10-23,0.710473454621102
2020-10-26,0.705605938523771
2020-10-27,0.7032177716441131
2020-10-28,0.7085965313519896
2020-10-29,0.7150718356636931
2020-10-30,0.7211211695541895
2020-11-02,0.7247444106177361
2020-11-03,0.7186922750025385
2020-11-04,0.7257480842365702
2020-11-05,0.7231899809169557
2020-11-06,0.7304476711285006
2020-11-09,0.7269938365583314
2020-11-10,0.7307150078397482
2020-11-11,0.7360588606010315
2020-11-12,0.7351936521567038
2020-11-13,0.7263785623793809
2020-11-16,0.7267796865368403
2020-11-17,0.7325633982394423
2020-11-18,0.7320533133412893
2020-11-19,0.7335000015330898
2020-11-20,0.7306006501124251
2020-11-23,0.7351990296307096
2020-11-24,0.7306532608252758
2020-11-25,0.7338303251649736
2020-11-26,0.7405471165139683
2020-11-27,0.7499149248301666
2020-11-30,0.7490158341154313
2020-12-01,0.754792860301545
2020-12-02,0.7522804864578533
2020-12-03,0.7534533175679664
2020-12-04,0.7508810584603763
2020-12-07,0.7459132048379014
2020-12-08,0.7439266200322762
2020-12-09,0.7486082806667991
2020-12-10,0.7479760276443159
2020-12-11,0.7524544918638036
2020-12-14,0.7503380245039846
2020-12-15,0.7496547792064978
2020-12-16,0.7570827805594261
2020-12-17,0.7604706229274718
2020-12-18,0.7606360577038052
2020-12-21,0.7542065199347886
2020-12-22,0.7579841060020831
2020-12-23,0.7585122341127607
2020-12-24,0.7696681904459258
2020-12-25,0.7684503052905161
2020-12-28,0.7768136999573308
2020-12-29,0.7785598812535242
2020-12-30,0.7834848618677367
2020-12-31,0.784068197969946
2021-01-04,0.7748052131354927
2021-01-05,0.7886223456661161
2021-01-06,0.8056071106667823
2021-01-07,0.8333126478375656
2021-01-08,0.834492219839141
2021-01-11,0.8402094313567475
2021-01-12,0.8524871390856058
2021-01-13,0.8563523906195674
2021-01-14,0.8407256667720124
2021-01-15,0.8360440845093506
2021-01-18,0.8295912171202697
2021-01-19,0.8221144959941236
2021-01-20,0.820876245990657
2021-01-21,0.8250377736696155
2021-01-22,0.8285993785076212
2021-01-25,0.8450793277601099
2021-01-26,0.843722942417769
2021-01-27,0.8455508679448894
2021-01-28,0.8402932337718281
2021-01-29,0.8489632514974618
2021-02-01,0.853735742846048
2021-02-02,0.8572068588684351
2021-02-03,0.8696466429229851
2021-02-04,0.887511737268843
2021-02-05,0.9070545251953709
2021-02-08,0.9138984217086313
2021-02-09,0.9092164750451207
2021-02-10,0.9213766127567589
2021-02-18,0.9006629599633226
2021-02-19,0.8852872164569573
2021-02-22,0.8565719487846024
2021-02-23,0.8597382434395027
2021-02-24,0.844626627450802
2021-02-25,0.8547057601161968
2021-02-26,0.8437026937375675
2021-03-01,0.8342806982402964
2021-03-02,0.8272668598089482
2021-03-03,0.831942112391426
2021-03-04,0.8206360198007923
2021-03-05,0.8151437876965387
2021-03-08,0.8028296700956546
2021-03-09,0.8114217575090514
2021-03-10,0.823200229052985
2021-03-11,0.8245165674959748
2021-03-12,0.827328491915388
2021-03-15,0.8151112813424176
2021-03-16,0.8148540225553597
2021-03-17,0.8125514867875708
2021-03-18,0.816298047764226
2021-03-19,0.8010300961249099
2021-03-22,0.795199673086368
2021-03-23,0.7965089750658658
2021-03-24,0.7954281666687378
2021-03-25,0.7957641867365174
2021-03-26,0.7995107041811763
2021-03-29,0.7977222965230365
2021-03-30,0.808483780143687
2021-03-31,0.8021684553522661
2021-04-01,0.8066516963713751
2021-04-02,0.8114058845181643
2021-04-06,0.800490908118039
2021-04-07,0.7946336853817884
2021-04-08,0.7982676612167864
2021-04-09,0.7868302597234688
2021-04-12,0.7899458139271375
2021-04-13,0.7927352419687481
2021-04-14,0.7880656553778416
2021-04-15,0.7859745732321547
2021-04-16,0.7797615297967638
2021-04-19,0.7853499744032625
2021-04-20,0.7871875397494938
2021-04-21,0.7895587118458484
2021-04-22,0.784745992543774
2021-04-23,0.795786870365987
2021-04-26,0.789483298691195
2021-04-27,0.7952812638388643
2021-04-28,0.795253365076097
2021-04-29,0.8062585974420271
2021-04-30,0.8027858821694879
2021-05-06,0.7909938135832977
2021-05-07,0.7904830358924403
2021-05-10,0.7876254807173885
2021-05-11,0.7917982682695829
2021-05-12,0.7857138874263488
2021-05-13,0.7832097581953849
2021-05-14,0.7908098666325498
2021-05-17,0.8029677928627746
2021-05-18,0.7997138968599645
2021-05-19,0.7970893406172453
2021-05-20,0.8000221137792817
2021-05-21,0.7922610980128446
2021-05-24,0.7885745162585459
2021-05-25,0.8039159370565907
2021-05-26,0.8007211556911613
2021-05-27,0.796151676891778
2021-05-28,0.7948631335247596
2021-05-31,0.7824017478610731
2021-06-01,0.7792687669145888
2021-06-02,0.7826031047751011
2021-06-03,0.7780916889264557
2021-06-04,0.7784306162122143
2021-06-07,0.7691259567281139
2021-06-08,0.7683143666800287
2021-06-09,0.7674244068648812
2021-06-10,0.7641792697379685
2021-06-11,0.7623994947127181
2021-06-15,0.7581026725183818
2021-06-16,0.761322445755997
2021-06-17,0.751641373641647
2021-06-18,0.7433970166246398
2021-06-21,0.7305064510531792
2021-06-22,0.7317105793251608
2021-06-23,0.7305231796345663
2021-06-24,0.7392456559060666
2021-06-25,0.7485209657915713
2021-06-28,0.7435099114024769
2021-06-29,0.7410507591361403
2021-06-30,0.7374735267222015
2021-07-01,0.7503609281289434
2021-07-02,0.7354417943451113
2021-07-05,0.7258470632043785
2021-07-06,0.7283362733653163
2021-07-07,0.7250681365095888
2021-07-08,0.7167153667195325
2021-07-09,0.7097168553150839
2021-07-12,0.7046325498632349
2021-07-13,0.7013490260813473
2021-07-14,0.7017136768323856
2021-07-15,0.7113685052181189
2021-07-16,0.7048307659032791
2021-07-19,0.7096883338604014
2021-07-20,0.7043705339061742
2021-07-21,0.6952528734221581
2021-07-22,0.6918370652705065
2021-07-23,0.6896168935960987
2021-07-26,0.6759812369980157
2021-07-27,0.6697773243534108
2021-07-28,0.685404454248254
2021-07-29,0.6729498868301117
2021-07-30,0.6624780736570902
2021-08-02,0.6665090501412247
2021-08-03,0.6751249798996583
2021-08-04,0.6657809508139865
2021-08-05,0.664434823409009
2021-08-06,0.6577720455754722
2021-08-09,0.6641145566751738
2021-08-10,0.6680062605039346
2021-08-11,0.6593998159985301
2021-08-12,0.6494722160162731
2021-08-13,0.6472175718110726
2021-08-16,0.6528776287808941
2021-08-17,0.6572529498169369
2021-08-18,0.6608936488918431
2021-08-19,0.6509957653417408
2021-08-20,0.6386818229534929
2021-08-23,0.6319295793183527
2021-08-24,0.6336155306990476
2021-08-25,0.6304237418456186
2021-08-26,0.6260632042529031
2021-08-27,0.6285148714828825
2021-08-30,0.6228557038123953
2021-08-31,0.6218100003523359
2021-09-01,0.6401392440537533
2021-09-02,0.6331427169987477
2021-09-03,0.634669521956904
2021-09-06,0.6378361566281577
2021-09-07,0.6337405878754695
2021-09-08,0.629842149951238
2021-09-09,0.6290966948778438
2021-09-10,0.6320108843308274
2021-09-13,0.6280807307854972
2021-09-14,0.6210971699009309
2021-09-15,0.6105339627262502
2021-09-16,0.6199523816210786
2021-09-17,0.6281758798732854
2021-09-22,0.6206371733435297
2021-09-23,0.621662471308033
2021-09-24,0.6301544531006843
2021-09-27,0.6531184786002681
2021-09-28,0.6539031627962377
2021-09-29,0.6714554300452632
2021-09-30,0.6571342075429916
2021-10-08,0.6639053037215987
2021-10-11,0.6684219825589806
2021-10-12,0.6775133790471297
2021-10-13,0.6777147884272517
2021-10-14,0.6692239239217862
2021-10-15,0.6709974619248941
2021-10-18,0.6561266425053774
2021-10-19,0.6560084551624725
2021-10-20,0.652640995260569
2021-10-21,0.6567592554351354
2021-10-22,0.6667659252885596
2021-10-25,0.661083003249202
2021-10-26,0.6609807203883777
2021-10-27,0.6589270404585784
2021-10-28,0.669267747468557
2021-10-29,0.6646672231501234
2021-11-01,0.6559737931588566
2021-11-02,0.656820259707682
2021-11-03,0.6528072755896069
2021-11-04,0.6505801821916168
2021-11-05,0.6552931932619884
2021-11-08,0.6531376044373561
2021-11-09,0.6434906045616317
2021-11-10,0.6398203961422322
2021-11-11,0.6450916654085017
2021-11-12,0.6350346453163122
2021-11-15,0.6360173817580852
2021-11-16,0.6434581468826137
2021-11-17,0.6324525516354988
2021-11-18,0.6270571670029511
2021-11-19,0.6266281729277617
2021-11-22,0.6181161754394853
2021-11-23,0.618687827617518
2021-11-24,0.6193220874906663
2021-11-25,0.6177882596044226
2021-11-26,0.6120458083458913
2021-11-29,0.6064405268654918
2021-11-30,0.5999319319303411
2021-12-01,0.6012858503665554
2021-12-02,0.6094402336276478
2021-12-03,0.6107975891315756
2021-12-06,0.6187898949155674
2021-12-07,0.6325436536078353
2021-12-08,0.6305960410381918
2021-12-09,0.6402982870187707
2021-12-10,0.6359337994550821
2021-12-13,0.6366768708028666
2021-12-14,0.6326490142764924
2021-12-15,0.6292310908820704
2021-12-16,0.6288718081464955
2021-12-17,0.6276532810553255
2021-12-20,0.6295728553901555
2021-12-21,0.6259988476286727
2021-12-22,0.6196660203057405
2021-12-23,0.6238434398865571
2021-12-24,0.6328396535537661
2021-12-27,0.632594010476168
2021-12-28,0.6302467801387771
2021-12-29,0.6216694484157601
2021-12-30,0.6210478668917484
2021-12-31,0.6167507841599655
2022-01-04,0.6160245014582553
2022-01-05,0.6255874793479628
2022-01-06,0.6142165343878551
2022-01-07,0.6276921648338274
2022-01-10,0.6263160450035696
2022-01-11,0.6274311489311485
2022-01-12,0.6228631580619776
2022-01-13,0.6234207588744817
2022-01-14,0.6158310633778249
2022-01-17,0.6105563052128741
2022-01-18,0.6203882429995661
2022-01-19,0.6236481604461773
2022-01-20,0.643768916557042
2022-01-21,0.646837135776914
2022-01-24,0.6446435761996454
2022-01-25,0.6558821835148231
2022-01-26,0.6571317680786366
2022-01-27,0.6637649068054906
2022-01-28,0.6544909211665596
2022-02-07,0.6562360531302419
2022-02-08,0.650899799270349
2022-02-09,0.6450954893148168
2022-02-10,0.6466151183011145
2022-02-11,0.6541786339131361
2022-02-14,0.6496772686653434
2022-02-15,0.6456421131962532
2022-02-16,0.6428959044428944
2022-02-17,0.6411047099560859
2022-02-18,0.6413912047646484
2022-02-21,0.6318435443273239
2022-02-22,0.6283836674881585
2022-02-23,0.6205098550550268
2022-02-24,0.6217221735293429
2022-02-25,0.6212240187809837
2022-02-28,0.6174865905968258
2022-03-01,0.6218078630710846
2022-03-02,0.6175357521868492
2022-03-03,0.6198921269654191
2022-03-04,0.6209198774435766
2022-03-07,0.6143017751335657
2022-03-08,0.620761797155038
2022-03-09,0.6218837345452078
2022-03-10,0.6174505291634959
2022-03-11,0.6160289510548189
2022-03-14,0.6138812683543691
2022-03-15,0.6154049397258572
2022-03-16,0.6209624778633283
2022-03-17,0.621495601231512
2022-03-18,0.6201010037858287
2022-03-21,0.6123810063652313
2022-03-22,0.6146212490499849
2022-03-23,0.613828978827845
2022-03-24,0.6160593024009686
2022-03-25,0.6121244649431501
2022-03-28,0.6130208730389546
2022-03-29,0.6146807377160695
2022-03-30,0.6197020674580858
2022-03-31,0.6235316222295084
2022-04-01,0.6313905070666909
2022-04-06,0.6303458561930306
2022-04-07,0.6354714788396261
2022-04-08,0.6434349322018555
2022-04-11,0.6479184664532218
2022-04-12,0.6516526221098199
2022-04-13,0.658538303013009
2022-04-14,0.659081863864731
2022-04-15,0.667521721860584
2022-04-18,0.6586102115379064
2022-04-19,0.6515980266022519
2022-04-20,0.652971566080893
2022-04-21,0.6680443522078995
2022-04-22,0.6811575658359421
2022-04-25,0.7023542144859167
2022-04-26,0.7185194714226188
2022-04-27,0.7030743293833092
2022-04-28,0.71371920622981
2022-04-29,0.7003654778135491
2022-05-05,0.6870412195072267
2022-05-06,0.6780613895427785
2022-05-09,0.6638433983915671
2022-05-10,0.6587275235715576
2022-05-11,0.6624028686055481
2022-05-12,0.6560099938807598
2022-05-13,0.6569200851963677
2022-05-16,0.6504380431913367
2022-05-17,0.6547227951516928
2022-05-18,0.6514417172247492
2022-05-19,0.6471647084031222
2022-05-20,0.6510156905390313
2022-05-23,0.6390798867849431
2022-05-24,0.6510008160131351
2022-05-25,0.6436659658029755
2022-05-26,0.6412366887864357
2022-05-27,0.6443218078980032
2022-05-30,0.6413228229654119
2022-05-31,0.6439940599496315
2022-06-01,0.6406673999110856
2022-06-02,0.6347369578746875
2022-06-06,0.6307494626891825
2022-06-07,0.6334090748466592
2022-06-08,0.6385052248242149
2022-06-09,0.6433641364313709
2022-06-10,0.6395828253993434
2022-06-13,0.6276368491201749
2022-06-14,0.6334810396544587
2022-06-15,0.6429773101131651
2022-06-16,0.6346441502356309
2022-06-17,0.6360459575001983
2022-06-20,0.6322949100178035
2022-06-21,0.6380695340519874
2022-06-22,0.6381863130101776
2022-06-23,0.6345638422738544
2022-06-24,0.6340149368674507
2022-06-27,0.6346288427107838
2022-06-28,0.6342784204589198
2022-06-29,0.6406842111379746
2022-06-30,0.6411252603216022
2022-07-01,0.638604235507354
2022-07-04,0.6353626027103149
2022-07-05,0.6380808732004339
2022-07-06,0.6361780840273316
2022-07-07,0.6310079205419767
2022-07-08,0.6326120570764564
2022-07-11,0.6316866141991337
2022-07-12,0.6362686448810093
2022-07-13,0.6322638491516719
2022-07-14,0.6244983671497536
2022-07-15,0.6199680706456409
2022-07-18,0.6172890188930381
2022-07-19,0.6090944235006746
2022-07-20,0.602495057632277
2022-07-21,0.5987111801130307
2022-07-22,0.6024842359495337
2022-07-25,0.6062310243588174
2022-07-26,0.6042013234759636
2022-07-27,0.5951229348088126
2022-07-28,0.5909868929503771
2022-07-29,0.585899615143609
2022-08-01,0.5833444746895127
2022-08-02,0.5902608053636932
2022-08-03,0.5879961259972717
2022-08-04,0.5892748511639951
2022-08-05,0.5863059967523003
2022-08-08,0.5780398419476861
2022-08-09,0.5766702207472681
2022-08-10,0.5698411602807469
2022-08-11,0.574892134625025
2022-08-12,0.5797825361750916
2022-08-15,0.5746796732340221
2022-08-16,0.570382779458396
2022-08-17,0.57540544001585
2022-08-18,0.5686098417788314
2022-08-19,0.5737961429088877
2022-08-22,0.5736917822884648
2022-08-23,0.5695415270438112
2022-08-24,0.5799377115438207
2022-08-25,0.5866676533207497
2022-08-26,0.5884583668992046
2022-08-29,0.5824436898912437
2022-08-30,0.5841989714997665
2022-08-31,0.6042061237438031
2022-09-01,0.6020067350194767
2022-09-02,0.5937311397717882
2022-09-05,0.5912784484251068
2022-09-06,0.5856195484208557
2022-09-07,0.5823180277973226
2022-09-08,0.5854176587503536
2022-09-09,0.5921372128676045
2022-09-13,0.595461812240665
2022-09-14,0.5952594676735957
2022-09-15,0.6084006245599158
2022-09-16,0.6067789576575436
2022-09-19,0.6137690616461942
2022-09-20,0.6067195985369812
2022-09-21,0.6023722208659527
2022-09-22,0.5964513789364989
2022-09-23,0.6059417002746915
2022-09-26,0.610586587211058
2022-09-27,0.6072435292590568
2022-09-28,0.6164293266077069
2022-09-29,0.6144291718948183
2022-09-30,0.6212195670176442
2022-10-10,0.6217622194987424
2022-10-11,0.6194517311657969
2022-10-12,0.6110961094641596
2022-10-13,0.600214227820587
2022-10-14,0.5997807555823403
2022-10-17,0.5942743854797141
2022-10-18,0.5897310377232936
2022-10-19,0.5844990011215038
2022-10-20,0.5839968345666664
2022-10-21,0.5818879812596548
2022-10-24,0.5696342187405516
2022-10-25,0.5707332716320003
2022-10-26,0.5633204602633927
2022-10-27,0.5619566814449242
2022-10-28,0.5675269741738835
2022-10-31,0.5575903044886349
2022-11-01,0.5643281802977701
2022-11-02,0.5636903109528348
2022-11-03,0.555502475748881
2022-11-04,0.5614566530096095
2022-11-07,0.5623325805124271
2022-11-08,0.5600223493620466
2022-11-09,0.5563609953187743
2022-11-10,0.5581578452959173
2022-11-11,0.5702489855582804
2022-11-14,0.574880211731943
2022-11-15,0.5725235585265911
2022-11-16,0.5721227160502301
2022-11-17,0.5687187444313642
2022-11-18,0.5709432167680512
2022-11-21,0.5634539620392813
2022-11-22,0.5726020308683581
2022-11-23,0.5745329616196021
2022-11-24,0.5703490842127815
2022-11-25,0.5798038282801292
2022-11-28,0.5749896807374175
2022-11-29,0.5835963285083494
2022-11-30,0.5846520769663117
2022-12-01,0.5849383033664185
2022-12-02,0.5794362328263359
2022-12-05,0.587825464410867
2022-12-06,0.5919544837152314
2022-12-07,0.5903462033610402
2022-12-08,0.5942622807489033
2022-12-09,0.598505934217587
2022-12-12,0.5939959616710175
2022-12-13,0.5984046511292843
2022-12-14,0.6019596170683421
2022-12-15,0.5990084501816242
2022-12-16,0.6065289910579843
2022-12-19,0.6091943067893226
2022-12-20,0.6037951594832792
2022-12-21,0.6090722698782111
2022-12-22,0.6200214688139962
2022-12-23,0.6213889290761275
2022-12-26,0.612456976503828
2022-12-27,0.614619459358335
2022-12-28,0.6175776535304699
2022-12-29,0.6159064031960501
2022-12-30,0.6163431161533482
2023-01-03,0.6052428371786216
2023-01-04,0.606257584258906
2023-01-05,0.6119184784298092
2023-01-06,0.6124142528792004
2023-01-09,0.6140259388468281
2023-01-10,0.6142737544082745
2023-01-11,0.6181732215621043
2023-01-12,0.6191271650008502
2023-01-13,0.6251429149387837
2023-01-16,0.62774367921287
2023-01-17,0.6270929270635552
2023-01-18,0.6245745013046262
2023-01-19,0.6225221257449525
2023-01-20,0.6206945039533676
2023-01-30,0.619078184141259
2023-01-31,0.6108287223518177
2023-02-01,0.6066362318187678
2023-02-02,0.6030597417303175
2023-02-03,0.598063024867886
2023-02-06,0.5930391778870313
2023-02-07,0.5912830041552232
2023-02-08,0.5926583685444694
2023-02-09,0.5901913167825709
2023-02-10,0.5886849410452698
2023-02-13,0.587559591176432
2023-02-14,0.5870311036729148
2023-02-15,0.5837938866568526
2023-02-16,0.5910999812655322
2023-02-17,0.587388655683355
2023-02-20,0.5939467228952015
2023-02-21,0.5928572150982986
2023-02-22,0.5868388649122408
2023-02-23,0.5890299984213669
2023-02-24,0.5847586202328526
2023-02-27,0.5865492950483892
2023-02-28,0.5850644210699687
2023-03-01,0.5893297726095887
2023-03-02,0.5905847479848202
2023-03-03,0.592793752529442
2023-03-06,0.5872494106225765
2023-03-07,0.5906125491742318
2023-03-08,0.58537817467764
2023-03-09,0.5831908005048415
2023-03-10,0.5835482339132877
2023-03-13,0.5866981353129348
2023-03-14,0.5885944488777453
2023-03-15,0.5860097528412618
2023-03-16,0.5888308687340603
2023-03-17,0.5876786823616147
2023-03-20,0.5860453269452319
2023-03-21,0.5848361512136921
2023-03-22,0.5846859613215522
2023-03-23,0.5880312737189984
2023-03-24,0.5863532012694148
2023-03-27,0.5826424050419236
2023-03-28,0.58597658789292
2023-03-29,0.5885951433889499
2023-03-30,0.5932339211715019
2023-03-31,0.5891562887231746
2023-04-03,0.5875391083008646
2023-04-04,0.590089356048962
2023-04-06,0.5866568027487795
2023-04-07,0.5854527993222783
2023-04-10,0.5890462931970645
2023-04-11,0.5870653773515112
2023-04-12,0.5835747169537264
2023-04-13,0.5840512100631534
2023-04-14,0.58289798186899
2023-04-17,0.5916894215740336
2023-04-18,0.594824849224422
2023-04-19,0.5921346745251795
2023-04-20,0.5906202023102404
2023-04-21,0.595343617973311
2023-04-24,0.5921907290986923
2023-04-25,0.6001094099442623
2023-04-26,0.5976740626970556
2023-04-27,0.6012546844478277
2023-04-28,0.5992716528010891
2023-05-04,0.5984950124661986
2023-05-05,0.6037100641193622
2023-05-08,0.6061413592859584
2023-05-09,0.609210031156128
2023-05-10,0.6030906439676277
2023-05-11,0.6025898052631347
2023-05-12,0.6024779680253988
2023-05-15,0.6071882364870387
2023-05-16,0.6105017202583691
2023-05-17,0.6041459896400603
2023-05-18,0.6008850868341029
2023-05-19,0.5974478446007458
2023-05-22,0.6017794250695923
2023-05-23,0.59940509952028
2023-05-24,0.5925051192721984
2023-05-25,0.5922934226689214
2023-05-26,0.5882540354227523
2023-05-29,0.5867574508847914
2023-05-30,0.5846250982143474
2023-05-31,0.5789007570612551
2023-06-01,0.5790126620029308
2023-06-02,0.5828057446536287
2023-06-05,0.5795680586192978
2023-06-06,0.5867910057723866
2023-06-07,0.5840037417253949
2023-06-08,0.5929681696117766
2023-06-09,0.5906650537299771
2023-06-12,0.588719425981652
2023-06-13,0.5896160076846885
2023-06-14,0.5874053765004205
2023-06-15,0.5935177150966059
2023-06-16,0.5942941774028633
2023-06-19,0.5872900493463686
2023-06-20,0.586239573683244
2023-06-21,0.5900721406028758
2023-06-26,0.5933207377337196
2023-06-27,0.5909439358374525
2023-06-28,0.5931272696106327
2023-06-29,0.5861687827556499
2023-06-30,0.5820099892802785
2023-07-03,0.5886814080705841
2023-07-04,0.5873381592511296
2023-07-05,0.5875693713004353
2023-07-06,0.5851543370371262
2023-07-07,0.5866352706727586
2023-07-10,0.5890017054010372
2023-07-11,0.588124150801988
2023-07-12,0.5928497277342865
2023-07-13,0.5953324099708186
2023-07-14,0.5957868360492363
2023-07-17,0.5934380869661293
2023-07-18,0.5921534727444823
2023-07-19,0.5931391670321097
2023-07-20,0.5966356548422989
2023-07-21,0.5970412674894096
2023-07-24,0.5951429024814656
2023-07-25,0.602485895935853
2023-07-26,0.6050579863404775
2023-07-27,0.6090234450283549
2023-07-28,0.6175568775478699
2023-07-31,0.616133115800143
2023-08-01,0.6143764609109452
2023-08-02,0.6111270678847126
2023-08-03,0.6161945218071272
2023-08-04,0.6152075138761334
2023-08-07,0.6134938247450696
2023-08-08,0.6149776544113461
2023-08-09,0.6179067957386172
2023-08-10,0.6186139004920976
2023-08-11,0.6160949132760317
2023-08-14,0.6101689473315006
2023-08-15,0.6142924835204975
2023-08-16,0.6172138901590131
2023-08-17,0.6132114932881999
2023-08-18,0.6185936509795463
2023-08-21,0.6157255793414311
2023-08-22,0.6161841395851138
2023-08-23,0.6188211299413522
2023-08-24,0.6218186799080683
2023-08-25,0.630912534707275
2023-08-28,0.633657031012848
2023-08-29,0.6204380893146724
2023-08-30,0.6170586598386726
2023-08-31,0.6168226822185355
2023-09-01,0.6208232002111083
2023-09-04,0.6209226154711562
2023-09-05,0.6194129519934368
2023-09-06,0.6153014951715332
2023-09-07,0.6178156341953293
2023-09-08,0.612863559279581
2023-09-11,0.6093731786208659
2023-09-12,0.6080589127262109
2023-09-13,0.6122509293171692
2023-09-14,0.6152058333421628
2023-09-15,0.6100901533644197
2023-09-18,0.6127103667783197
2023-09-19,0.6168921302084868
2023-09-20,0.6194156285460377
2023-09-21,0.6182916952302924
2023-09-22,0.6175024313666889
2023-09-25,0.6162868767592389
2023-09-26,0.6158813887082534
2023-09-27,0.6132677986904507
2023-09-28,0.6069338118198767
2023-10-09,0.6080442938524513
2023-10-10,0.6051356059394638
2023-10-11,0.6052657775733425
2023-10-12,0.6065049074480972
2023-10-13,0.6023497591808094
2023-10-16,0.6019888521259207
2023-10-17,0.6054197164845856
2023-10-18,0.6111327004533187
2023-10-19,0.6047595612549027
2023-10-20,0.6079657691295253
2023-10-23,0.6162043052454107
2023-10-24,0.6097103421004729
2023-10-25,0.6064224487657246
2023-10-26,0.6046681381945983
2023-10-27,0.6020920725062913
2023-10-30,0.596643059751131
2023-10-31,0.5984756810604882
2023-11-01,0.5993246730700892
2023-11-02,0.6039150133856749
2023-11-03,0.6000395435118422
2023-11-06,0.5958446631339149
2023-11-07,0.591777531652435
2023-11-08,0.5882242948971448
2023-11-09,0.5921993385374308
2023-11-10,0.5890539473030915
2023-11-13,0.582526762453865
2023-11-14,0.5794354934461446
2023-11-15,0.5811325556148874
2023-11-16,0.581330611837741
2023-11-17,0.5755666052471891
2023-11-20,0.5719119912130533
2023-11-21,0.5764641567901483
2023-11-22,0.5779281439219077
2023-11-23,0.5746681131148839
2023-11-24,0.578540166548517
2023-11-27,0.5746576656433708
2023-11-28,0.572741415995943
2023-11-29,0.5706033795457364
2023-11-30,0.5749816258307024
2023-12-01,0.5681651425086023
2023-12-04,0.5659005278790897
2023-12-05,0.566408058284815
2023-12-06,0.5643606972843537
2023-12-07,0.5632582342794442
2023-12-08,0.5662802829884043
2023-12-11,0.5628658429430291
2023-12-12,0.5637125667867946
2023-12-13,0.5597766053430112
2023-12-14,0.5594193811830422
2023-12-15,0.5614543201095006
2023-12-18,0.5684416500091207
2023-12-19,0.5686053339194183
2023-12-20,0.5723526218149987
2023-12-21,0.5743956452520749
2023-12-22,0.5820162402649961
2023-12-25,0.5836141812641804
2023-12-26,0.5882930644470333
2023-12-27,0.5857203534605396
2023-12-28,0.5881533650923789
2023-12-29,0.5828049840035263
2024-01-02,0.5783940470620313
2024-01-03,0.58006048650604
2024-01-04,0.5787727700193782
2024-01-05,0.5865439343264733
2024-01-08,0.5927685106423662
2024-01-09,0.5928902319133107
2024-01-10,0.5945370491216311
2024-01-11,0.5873470350785367
2024-01-12,0.5891418171404516
2024-01-15,0.5901596689988229
2024-01-16,0.5958825947033491
2024-01-17,0.5991852178655608
2024-01-18,0.6094305345982475
2024-01-19,0.6161267764366901
2024-01-22,0.6436730068363002
2024-01-23,0.6362534172016218
2024-01-24,0.6371473986565872
2024-01-25,0.6288179609664432
2024-01-26,0.6326319205985026
2024-01-29,0.6438904075257347
2024-01-30,0.6510050495321666
2024-01-31,0.6719603547060918
2024-02-01,0.6773495209573993
2024-02-02,0.6950508246585347
2024-02-05,0.7454856717320789
2024-02-06,0.7211175381894661
2024-02-07,0.6969024388779831
2024-02-08,0.6739153231438413
2024-02-19,0.6767570397094902
2024-02-20,0.6759504599681797
2024-02-21,0.6813606970250273
2024-02-22,0.6768225730342123
2024-02-23,0.6678075347931002
2024-02-26,0.6571071653931629
2024-02-27,0.6478986358670102
2024-02-28,0.66968653790153
2024-02-29,0.6578750849548252
2024-03-01,0.6549136408305506
2024-03-04,0.6522936054285221
2024-03-05,0.6633352444182903
2024-03-06,0.6598672029202788
2024-03-07,0.6655733363030697
2024-03-08,0.6600864830236431
2024-03-11,0.6565751336903043
2024-03-12,0.6545235348959336
2024-03-13,0.6469577820123996
2024-03-14,0.6492532660344177
2024-03-15,0.6425884868581037
2024-03-18,0.6380170919263499
2024-03-19,0.6380108774083966
2024-03-20,0.6335547439344246
2024-03-21,0.6328938440190847
2024-03-22,0.6335016582185538
2024-03-25,0.6450281249122426
2024-03-26,0.6504974972779579
2024-03-27,0.6651411352932399
2024-03-28,0.6541825003112555
2024-03-29,0.6501222336303227
2024-04-01,0.6468088815875689
2024-04-02,0.6473769855218506
2024-04-03,0.6485822278952869
2024-04-08,0.6549006476917008
2024-04-09,0.6461043459311067
2024-04-10,0.6530044297317943
2024-04-11,0.6513568531459967
2024-04-12,0.6510562209731787
2024-04-15,0.6712185685080779
2024-04-16,0.6929840702353044
2024-04-17,0.6743134690304674
2024-04-18,0.6752395322982163
2024-04-19,0.672758383304152
2024-04-22,0.6730555554814261
2024-04-23,0.6718929726668437
2024-04-24,0.6637547848438373
2024-04-25,0.6643377118419206
2024-04-26,0.6618001657663024
2024-04-29,0.6535183200364508
2024-04-30,0.6556507501332032
2024-05-06,0.6523952272880332
2024-05-07,0.6504514094963006
2024-05-08,0.6556703899530455
2024-05-09,0.6512661998326552
2024-05-10,0.6577187852963421
2024-05-13,0.6637965833888174
2024-05-14,0.6587282818477616
2024-05-15,0.6596145091052957
2024-05-16,0.6632164353593568
2024-05-17,0.6611211362605651
2024-05-20,0.6594799414205732
2024-05-21,0.6639571262875819
2024-05-22,0.6651042120872515
2024-05-23,0.6728081130741429
2024-05-24,0.6731594710259362
2024-05-27,0.6727042281155304
2024-05-28,0.6748602517940581
2024-05-29,0.6752666534660186
2024-05-30,0.6738119209662127
2024-05-31,0.6684938157139275
2024-06-03,0.6790925090672494
2024-06-04,0.6804422448504887
2024-06-05,0.6854949016750319
2024-06-06,0.7001241290632758
2024-06-07,0.6935197772068141
2024-06-11,0.6814636608389854
2024-06-12,0.6794111472601325
2024-06-13,0.6806892203765941
2024-06-14,0.6836076961983525
2024-06-17,0.6821413126833079
2024-06-18,0.6782892249625051
2024-06-19,0.6838668141991237
2024-06-20,0.692876953148216
2024-06-21,0.6914717327517639
2024-06-24,0.7113275012342011
2024-06-25,0.7133209709542264
2024-06-26,0.6979536413151021
2024-06-27,0.7101268059535548
2024-06-28,0.7070396777409679
2024-07-01,0.7040503500320865
2024-07-02,0.7077117022848166
2024-07-03,0.7115923038546351
2024-07-04,0.7236262743948383
2024-07-05,0.7132004761209996
2024-07-08,0.724709397053851
2024-07-09,0.7170660075078432
2024-07-10,0.7177049278942128
2024-07-11,0.7087161007343028
2024-07-12,0.7118465598589755
2024-07-15,0.7200772731424046
2024-07-16,0.7232760749519758
2024-07-17,0.7301623088183985
2024-07-18,0.7316332304143546
2024-07-19,0.7340189442423292
2024-07-22,0.7281994239208326
2024-07-23,0.7326757618953545
2024-07-24,0.738103672435594
2024-07-25,0.7337771520915176
2024-07-26,0.7250606327412549
2024-07-29,0.7236445555411926
2024-07-30,0.7165099972325308
2024-07-31,0.7040350960048584
2024-08-01,0.7009151364341063
2024-08-02,0.7036320026588555
2024-08-05,0.7145717170901539
2024-08-06,0.7037929436933038
2024-08-07,0.7044486982993248
2024-08-08,0.7053363489299584
2024-08-09,0.7084430874876426
2024-08-12,0.7115515907580702
2024-08-13,0.7098093450469813
2024-08-14,0.7117747347631408
2024-08-15,0.7122889236257175
2024-08-16,0.718617884343519
2024-08-19,0.7198213805131863
2024-08-20,0.7277750783137551
2024-08-21,0.7303082468116849
2024-08-22,0.7375900054481023
2024-08-23,0.740141482835162
2024-08-26,0.736605787019546
2024-08-27,0.7411593939215506
2024-08-28,0.7351434446512521
2024-08-29,0.7215646434334742
2024-08-30,0.7174774391786958
2024-09-02,0.7203531284897158
2024-09-03,0.7159107575304594
2024-09-04,0.7146406244200845
2024-09-05,0.7102492111407187
2024-09-06,0.7167662390463339
2024-09-09,0.7134240033837321
2024-09-10,0.7121340242632129
2024-09-11,0.7102374526154286
2024-09-12,0.7099253774645712
2024-09-13,0.7158651688285509
2024-09-18,0.7208261391130416
2024-09-19,0.7130387995416435
2024-09-20,0.717184474705032
2024-09-23,0.7188786253511475
2024-09-24,0.7219961961915949
2024-09-25,0.7258526333076298
2024-09-26,0.72737470533472
2024-09-27,0.7210605639609435
2024-09-30,0.7037970049813046
2024-10-08,0.6862473749132012
2024-10-09,0.6907144104285031
2024-10-10,0.7070062483356263
2024-10-11,0.7176187836058974
2024-10-14,0.7053978464129578
2024-10-15,0.7001764679456938
2024-10-16,0.6935938470323217
2024-10-17,0.6880651423694746
2024-10-18,0.6827165824893966
2024-10-21,0.671469952817397
2024-10-22,0.6720835404774489
2024-10-23,0.6730170581459045
2024-10-24,0.6702627300769262
2024-10-25,0.6621726397622216
2024-10-28,0.6517756887984367
2024-10-29,0.6558750503272449
2024-10-30,0.646157892337561
2024-10-31,0.6361376248409427
2024-11-01,0.6559642802501535
2024-11-04,0.6516915861918026
2024-11-05,0.6454233142254542
2024-11-06,0.6394659925669215
2024-11-07,0.6473686146019214
2024-11-08,0.6389489708719048
2024-11-11,0.6279264035867792
2024-11-12,0.6293531166175801
2024-11-13,0.6349459171785664
2024-11-14,0.6440522993631365
2024-11-15,0.647918151372344
2024-11-18,0.6612005213574307
2024-11-19,0.6487286202428963
2024-11-20,0.6376417179943396
2024-11-21,0.637047775366613
2024-11-22,0.6410258625495694
2024-11-25,0.6358243670528685
2024-11-26,0.642002812672974
2024-11-27,0.6385454333524726
2024-11-28,0.6362958080179356
2024-11-29,0.6328166832430471
2024-12-02,0.6252577270519992
2024-12-03,0.6269583190378565
2024-12-04,0.6334555627311946
2024-12-05,0.6239002900709235
2024-12-06,0.6257287541141627
2024-12-09,0.6292875727195721
2024-12-10,0.6280452924678659
2024-12-11,0.6186752238244455
2024-12-12,0.620711014876323
2024-12-13,0.6189123589731865
2024-12-16,0.6231511756194273
2024-12-17,0.6383576502883263
2024-12-18,0.6362127454722766
2024-12-19,0.6356283463834225
2024-12-20,0.6262593528074414
2024-12-23,0.6452306059005857
2024-12-24,0.646245170119431
2024-12-25,0.6539514435410018
2024-12-26,0.647270724527055
2024-12-27,0.6450601276146264
2024-12-30,0.6506836559100595
2024-12-31,0.6604729240924695
2025-01-02,0.6590195872445636
2025-01-03,0.6711154732206395
2025-01-06,0.6720660807644119
2025-01-07,0.6669146445009795
2025-01-08,0.6692622759067983
2025-01-09,0.6663183776785546
2025-01-10,0.6731356678130261
2025-01-13,0.669580252443015
2025-01-14,0.6574606209595866
2025-01-15,0.6572555450752063
2025-01-16,0.6550911449218557
2025-01-17,0.6526227923792703
2025-01-20,0.6513997305222464
2025-01-21,0.648713493585689
2025-01-22,0.6484265103810205
2025-01-23,0.6525514549763478
2025-01-24,0.6454664406898056
2025-01-27,0.6529311339247713
2025-02-05,0.6452649340809012
2025-02-06,0.6360372679572428
2025-02-07,0.6346051865042933
2025-02-10,0.6281349673686558
2025-02-11,0.6273063184864646
2025-02-12,0.6237238688468006
2025-02-13,0.6285942553724937
2025-02-14,0.6303589093294117
2025-02-17,0.6284099260728909
2025-02-18,0.6370392361747652
2025-02-19,0.6265630960754096
2025-02-20,0.6202461212554411
2025-02-21,0.616886867961357
2025-02-24,0.61412476300558
2025-02-25,0.6100060875512189
2025-02-26,0.6069428361881297
2025-02-27,0.6105235053838738
2025-02-28,0.6203810220899766
2025-03-03,0.6198084792443416
2025-03-04,0.6111117201782671
2025-03-05,0.6099446769477279
2025-03-06,0.6053947048059631
2025-03-07,0.6060474837403842
2025-03-10,0.6024870983584121
2025-03-11,0.6015835868552725
2025-03-12,0.5980281249737798
2025-03-13,0.604866164457263
2025-03-14,0.6097173369731516
2025-03-17,0.6065327979515494
2025-03-18,0.6061354464885672
2025-03-19,0.6108706008324828
2025-03-20,0.6082561353966567
2025-03-21,0.6111353936416057
2025-03-24,0.6186536973834045
2025-03-25,0.6231091889490845
2025-03-26,0.6186919818894915
2025-03-27,0.621355156648614
2025-03-28,0.6245956373583524
2025-03-31,0.624301405918381
2025-04-01,0.621087013596872
2025-04-02,0.6188034183677118
2025-04-03,0.6224961177652321
2025-04-07,0.6530479431724087
2025-04-08,0.6601711614403343
2025-04-09,0.6522609444816062
2025-04-10,0.6457014472584578
2025-04-11,0.6397810776304736
2025-04-14,0.6330092809896165
2025-04-15,0.6359852233382842
2025-04-16,0.6465459129429814
2025-04-17,0.6459766798681662
2025-04-18,0.6469008135536221
2025-04-21,0.6358325470992069
2025-04-22,0.6360318653972831
2025-04-23,0.6327729451104808
2025-04-24,0.6391979930808285
2025-04-25,0.637594471092114
2025-04-28,0.6434545483193067
2025-04-29,0.6394770339411591
2025-04-30,0.6336968774512648
2025-05-06,0.6240522716159198
2025-05-07,0.6269541660071172
2025-05-08,0.6256654552604356
2025-05-09,0.6323750304110515
2025-05-12,0.630828448259564
2025-05-13,0.633433928198261
2025-05-14,0.6400932073930562
2025-05-15,0.6450678836183844
2025-05-16,0.6409048672681218
2025-05-19,0.6360838397628193
2025-05-20,0.6342596764219609
2025-05-21,0.6386603337158563
2025-05-22,0.6452025353805806
2025-05-23,0.6481610388489847
2025-05-26,0.6402792595345188
2025-05-27,0.638998506089722
2025-05-28,0.6410335028463825
2025-05-29,0.633656375980614
2025-05-30,0.6372179334204953
2025-06-03,0.6345946205795656
2025-06-04,0.6318200599297228
2025-06-05,0.6287573101209792
2025-06-06,0.6296248892747917
2025-06-09,0.6247416912885341
2025-06-10,0.6273382802538374
2025-06-11,0.6295348775033531
2025-06-12,0.6285628094609041
2025-06-13,0.6328491561336397
2025-06-16,0.6301456373851965
2025-06-17,0.6302041055849119
2025-06-18,0.6315773655179109
2025-06-19,0.6354081808771543
2025-06-20,0.6411510457195468
2025-06-23,0.6347088583004137
2025-06-24,0.6302251323961615
2025-06-25,0.6309692638021502
2025-06-26,0.6315863478787942
2025-06-27,0.6247884298605308
2025-06-30,0.6192521758307932
2025-07-01,0.618592026233023
2025-07-02,0.6250408254482059
2025-07-03,0.6256178580584293
2025-07-04,0.6308744249188942
2025-07-07,0.6266931388736678
2025-07-08,0.6240077091028764
2025-07-09,0.6245868317417564
2025-07-10,0.6259239717391889
2025-07-11,0.6213813725858464
2025-07-14,0.6217081579760139
2025-07-15,0.6238038105591421
2025-07-16,0.6201118590146831
2025-07-17,0.6173032294326063
2025-07-18,0.6194295940578572
2025-07-21,0.6178837310801608
2025-07-22,0.620595746322172
2025-07-23,0.6235252496511392
2025-07-24,0.6191557232223867
2025-07-25,0.615387434646936
2025-07-28,0.6145374599237233
2025-07-29,0.6129459134694698
2025-07-30,0.6178833197422174
2025-07-31,0.6118416566706992
2025-08-01,0.6078923050722648
2025-08-04,0.6039892228928627
2025-08-05,0.6045615806253649
2025-08-06,0.5995190043252825
2025-08-07,0.5996176387699615
2025-08-08,0.6003054870308914
2025-08-11,0.5936849423423595
2025-08-12,0.5950684494007492
2025-08-13,0.5912202989159389
2025-08-14,0.5981968863271094
2025-08-15,0.5904253977684779
2025-08-18,0.5857482377657196
2025-08-19,0.5831094734621984
2025-08-20,0.5846852956431375
2025-08-21,0.5911854380964121
2025-08-22,0.5945991598246982
2025-08-25,0.5976710706781525
2025-08-26,0.5955473863377613
2025-08-27,0.5978497168596768
2025-08-28,0.5993978791853769
2025-08-29,0.604510624853477
2025-09-01,0.6030691460932722
2025-09-02,0.6139629480506823
2025-09-03,0.6188298124965605
2025-09-04,0.6199563668139417
2025-09-05,0.6155851352263358
2025-09-08,0.6110726768167398
2025-09-09,0.6139276770278641
2025-09-10,0.6148356473829002
2025-09-11,0.6146087748872435
2025-09-12,0.6091968776989171
2025-09-15,0.6112888190095028
2025-09-16,0.6044309764079407
2025-09-17,0.6024005228455372
2025-09-18,0.6016408694984566
2025-09-19,0.6052440562579435
2025-09-22,0.603861545284649
2025-09-23,0.6101155427937356
2025-09-24,0.6060440770376526
2025-09-25,0.6119336457766993
2025-09-26,0.6150718097438607
2025-09-29,0.6161852572079914
2025-09-30,0.6126357896053646
2025-10-09,0.6157753392978236
2025-10-10,0.6128144870356009
2025-10-13,0.6109206012806041
2025-10-14,0.6156206025422885
2025-10-15,0.6155300717623653
2025-10-16,0.6239561190042338
2025-10-17,0.6282441386885584
2025-10-20,0.6268965931176363
2025-10-21,0.6274294847903202
2025-10-22,0.6280686687061777
2025-10-23,0.6303068108325623
2025-10-24,0.6281892101223587
2025-10-27,0.6291898008522073
2025-10-28,0.6273344510076652
2025-10-29,0.6272644219926843
2025-10-30,0.6292394977275342
2025-10-31,0.6182055100670009
2025-11-03,0.6173162748929182
2025-11-04,0.6211493025003002
2025-11-05,0.6198716407823789
2025-11-06,0.6214921763531777
2025-11-07,0.6203752434075438
2025-11-10,0.6207712990183392
2025-11-11,0.6169333561956564
2025-11-12,0.6205816442629937
2025-11-13,0.6194620295167839
2025-11-14,0.6168585741291598
2025-11-17,0.6111931638386523
2025-11-18,0.6133366053979372
2025-11-19,0.6211131393017151
2025-11-20,0.6218926709261734
2025-11-21,0.6301350806619916
2025-11-24,0.6215474983016971
2025-11-25,0.6193706847874794
2025-11-26,0.6232541006117874
2025-11-27,0.6221744843301796
2025-11-28,0.6171982783639252
2025-12-01,0.6195591143091314
2025-12-02,0.6227572609336188
2025-12-03,0.6251210426095922
2025-12-04,0.6272287696646937
2025-12-05,0.6243842758352736
2025-12-08,0.6226223541488938
2025-12-09,0.623016215452342
2025-12-10,0.6198266739077888
2025-12-11,0.6225639754249291
2025-12-12,0.6214877621605359
2025-12-15,0.6227953664467232
2025-12-16,0.6262590474015612
2025-12-17,0.6283494822643106
2025-12-18,0.6260369475704479
2025-12-19,0.623233177927213
2025-12-22,0.6224900614830662
2025-12-23,0.6250637612547035
2025-12-24,0.6173492063699295
2025-12-25,0.6125219016950875
2025-12-26,0.6123491802984036
2025-12-29,0.6109133369962368
2025-12-30,0.6122283458897695
2025-12-31,0.6095807866051628
2026-01-05,0.6084367697204497
2026-01-06,0.6091230313140273
2026-01-07,0.6041502957400553
2026-01-08,0.5943173661230163
2026-01-09,0.5854120938670947
2026-01-12,0.5731613458386501
2026-01-13,0.5803919763482553
2026-01-14,0.5742802535434772
2026-01-15,0.5765755335320338
2026-01-16,0.5747635598804396
2026-01-19,0.5727871100991475
2026-01-20,0.5766859468138361
2026-01-21,0.5726542875730942
2026-01-22,0.5684814818630242
2026-01-23,0.5551456532069828
2026-01-26,0.5626682033073118
2026-01-27,0.5613941467761034
2026-01-28,0.5616794307498358
2026-01-29,0.5705414989284892
2026-01-30,0.5701295877775182
2026-02-02,0.5775213225852711
2026-02-03,0.5676757296566335
2026-02-04,0.5725130165327296
2026-02-05,0.5788763510391517
2026-02-06,0.5767314297370569
2026-02-09,0.5731337094660419
2026-02-10,0.5726210613841792
2026-02-11,0.5720991641132188
2026-02-12,0.5676095303522782
2026-02-13,0.5680076175624078
2026-02-24,0.5671896590393674
2026-02-25,0.5620341255507706
