date,000852.SH_年化波动率_120日
2015-04-15,24.73173781066613
2015-04-16,24.691984079401568
2015-04-17,24.63196679522111
2015-04-20,24.809898299985527
2015-04-21,25.120330942983358
2015-04-22,25.351781659744667
2015-04-23,25.352207172180606
2015-04-24,25.16775747236723
2015-04-27,25.13328523020621
2015-04-28,25.660539818234867
2015-04-29,25.81948047321158
2015-04-30,25.80547168439391
2015-05-04,25.76494710664474
2015-05-05,26.108445990122558
2015-05-06,26.114774816639695
2015-05-07,26.210573084766743
2015-05-08,26.90635523974216
2015-05-11,26.963782982437507
2015-05-12,27.0795915640138
2015-05-13,26.918186708740986
2015-05-14,26.897483153508823
2015-05-15,26.867737966890715
2015-05-18,27.072532548163945
2015-05-19,27.20924894590622
2015-05-20,27.3358391005803
2015-05-21,27.68706698038405
2015-05-22,27.686509543615283
2015-05-25,27.681196539976455
2015-05-26,28.09919069946049
2015-05-27,28.118364462173652
2015-05-28,29.544367700341123
2015-05-29,29.454961401138686
2015-06-01,30.09893024264339
2015-06-02,30.518774465684338
2015-06-03,30.500671487338803
2015-06-04,30.262152568573757
2015-06-05,30.249903029944296
2015-06-08,29.62585161280676
2015-06-09,29.406018021650322
2015-06-10,29.496479770227467
2015-06-11,29.554800946529312
2015-06-12,29.54701379762253
2015-06-15,29.757978872562518
2015-06-16,30.42907759279363
2015-06-17,30.481756777419193
2015-06-18,30.843859524562987
2015-06-19,31.565457132775787
2015-06-23,31.410748095266346
2015-06-24,31.398013711824944
2015-06-25,32.148474354742326
2015-06-26,34.59911863022073
2015-06-29,36.137381856874455
2015-06-30,36.366788592600365
2015-07-01,37.48099552609755
2015-07-02,38.98070037487103
2015-07-03,40.18400104945807
2015-07-06,41.0258395586166
2015-07-07,41.941546170012785
2015-07-08,42.16883605225848
2015-07-09,42.288567948898766
2015-07-10,42.444180713172884
2015-07-13,42.88610650444697
2015-07-14,43.09760460537243
2015-07-15,43.579755652436056
2015-07-16,43.43323255964857
2015-07-17,43.7707342290229
2015-07-20,43.879683252252555
2015-07-21,43.92741484927944
2015-07-22,43.92030096888397
2015-07-23,44.022549096901805
2015-07-24,44.06199069706156
2015-07-27,45.357979984824695
2015-07-28,45.86929516281465
2015-07-29,46.23808473187543
2015-07-30,46.44344065208805
2015-07-31,46.56853802680871
2015-08-03,47.30149341905331
2015-08-04,48.01130966683241
2015-08-05,47.91390487345492
2015-08-06,47.892177019085985
2015-08-07,48.12954464031409
2015-08-10,48.5683285810608
2015-08-11,48.56590575700711
2015-08-12,48.5969397520741
2015-08-13,48.673487635509275
2015-08-14,48.671582544328714
2015-08-17,48.70814844026033
2015-08-18,49.94141714132098
2015-08-19,50.020441800837645
2015-08-20,50.16981681806448
2015-08-21,50.844386390996746
2015-08-24,52.08325010691092
2015-08-25,53.226258447851585
2015-08-26,53.55255875461198
2015-08-27,53.707887910391996
2015-08-28,54.319411550187404
2015-08-31,54.61949093041034
2015-09-01,55.42374361514323
2015-09-02,55.69278381044435
2015-09-07,55.58707009088092
2015-09-08,55.99409170189445
2015-09-09,56.204235335695685
2015-09-10,56.22768832455819
2015-09-11,56.23478804680692
2015-09-14,56.94746322731865
2015-09-15,57.3786271454207
2015-09-16,58.08983005785109
2015-09-17,58.0413767161966
2015-09-18,58.07192639626917
2015-09-21,58.33562553977231
2015-09-22,58.32918831275299
2015-09-23,58.212294661149734
2015-09-24,58.127159355646505
2015-09-25,58.27175633769326
2015-09-28,58.32803302418868
2015-09-29,58.32829692453282
2015-09-30,58.31965475225761
2015-10-08,58.528030798955655
2015-10-09,58.481358198935
2015-10-12,58.79059607318601
2015-10-13,58.565427787001546
2015-10-14,58.57080590964293
2015-10-15,58.75038342790809
2015-10-16,58.708465970493805
2015-10-19,58.45008012124296
2015-10-20,58.378676938131655
2015-10-21,59.06413975630742
2015-10-22,59.361864087850826
2015-10-23,59.53984422920985
2015-10-26,59.38000157952087
2015-10-27,59.27430904372192
2015-10-28,59.34936014590361
2015-10-29,59.35020194977854
2015-10-30,59.24271755773499
2015-11-02,59.35805937516497
2015-11-03,59.314052858023224
2015-11-04,59.39905058389561
2015-11-05,58.99995643360471
2015-11-06,58.99415531942845
2015-11-09,59.05174632508006
2015-11-10,59.06136817929859
2015-11-11,59.128863643622886
2015-11-12,58.982532450681354
2015-11-13,58.92614656880091
2015-11-16,58.93275980357203
2015-11-17,58.686403916410136
2015-11-18,58.71419654198632
2015-11-19,58.84645240011197
2015-11-20,58.625893347229194
2015-11-23,58.59297280439241
2015-11-24,58.07984274470831
2015-11-25,58.12571149275728
2015-11-26,57.66301001299629
2015-11-27,58.043680454800736
2015-11-30,58.04750340523075
2015-12-01,58.04792774369817
2015-12-02,58.03210549945833
2015-12-03,58.11283913152848
2015-12-04,58.11107162107708
2015-12-07,58.034635947716396
2015-12-08,57.971248589496646
2015-12-09,57.90651745133145
2015-12-10,57.85880512845863
2015-12-11,57.59706399848085
2015-12-14,57.5642234045754
2015-12-15,57.45791656685565
2015-12-16,56.722373275075
2015-12-17,56.890285658478255
2015-12-18,56.80513614447007
2015-12-21,56.51883732948272
2015-12-22,55.28696129499815
2015-12-23,54.357982109000815
2015-12-24,54.010088430717516
2015-12-25,53.382405234030685
2015-12-28,52.497423322102954
2015-12-29,51.64368253352436
2015-12-30,51.04992857447756
2015-12-31,50.40061785495919
2016-01-04,51.9042111479024
2016-01-05,51.89807770442749
2016-01-06,51.84115091251805
2016-01-07,53.079490229068384
2016-01-08,52.864415607438595
2016-01-11,53.67950530465213
2016-01-12,53.653871961372246
2016-01-13,53.424104525534396
2016-01-14,53.55678585071831
2016-01-15,53.66917832598392
2016-01-18,53.73536030331412
2016-01-19,53.85728145070373
2016-01-20,53.852410323173814
2016-01-21,53.2817260164402
2016-01-22,52.96437896546596
2016-01-25,52.56236231597835
2016-01-26,53.63092123665828
2016-01-27,53.53989910074295
2016-01-28,53.432717113727705
2016-01-29,53.02070122148146
2016-02-01,53.04280821832983
2016-02-02,53.347681714091856
2016-02-03,53.06325223340437
2016-02-04,52.659762321860015
2016-02-05,52.65801784395708
2016-02-15,52.63011064906651
2016-02-16,52.83396410652927
2016-02-17,52.8838119414695
2016-02-18,52.80914679213996
2016-02-19,51.8045405401833
2016-02-22,51.75664380242746
2016-02-23,51.57496542070816
2016-02-24,50.97351908097948
2016-02-25,51.07643920963698
2016-02-26,49.925091933941125
2016-02-29,50.39105354946044
2016-03-01,50.27459755946621
2016-03-02,50.0370454712054
2016-03-03,49.72640304277853
2016-03-04,49.16820234744736
2016-03-07,48.90363348095597
2016-03-08,48.819476043417446
2016-03-09,48.44323898282583
2016-03-10,48.16982353569036
2016-03-11,48.131574141388775
2016-03-14,48.41261817464729
2016-03-15,47.382644171000074
2016-03-16,46.81624303245739
2016-03-17,46.2509327016415
2016-03-18,46.569614628749115
2016-03-21,46.67208453000062
2016-03-22,46.37037927678765
2016-03-23,46.39463955828388
2016-03-24,46.437365635114396
2016-03-25,46.41255110288354
2016-03-28,46.108775406613724
2016-03-29,46.07841324534574
2016-03-30,46.342917089236416
2016-03-31,46.34292798028375
2016-04-01,45.982509650540266
2016-04-05,46.113522294266296
2016-04-06,45.7555100862229
2016-04-07,45.76631598577786
2016-04-08,45.73885885650223
2016-04-11,45.629559535729555
2016-04-12,45.59026287231698
2016-04-13,45.635561829405944
2016-04-14,45.578155196385524
2016-04-15,44.62109652554266
2016-04-18,44.29374361895723
2016-04-19,44.0612867999182
2016-04-20,44.64204300551525
2016-04-21,44.656771936222654
2016-04-22,44.572491498951116
2016-04-25,44.556261287620075
2016-04-26,44.60172638605368
2016-04-27,44.44602276922485
2016-04-28,44.446121976479084
2016-04-29,43.81343561711492
2016-05-03,44.059173611794236
2016-05-04,43.90490212079034
2016-05-05,43.8264594621482
2016-05-06,44.17683064569422
2016-05-09,44.49183683552049
2016-05-10,44.485036843616484
2016-05-11,44.424267604709264
2016-05-12,44.24607774246467
2016-05-13,44.237175943111474
2016-05-16,44.28478700455048
2016-05-17,44.04420118029537
2016-05-18,44.132364286591894
2016-05-19,44.14213540724879
2016-05-20,44.14547860152802
2016-05-23,44.09147826194679
2016-05-24,44.10074700978397
2016-05-25,43.12436714001902
2016-05-26,43.117836676516966
2016-05-27,43.11614417242868
2016-05-30,43.08799571156585
2016-05-31,43.30910831850232
2016-06-01,43.33522413789771
2016-06-02,43.310002439001856
2016-06-03,43.25282410261463
2016-06-06,43.25885314478451
2016-06-07,43.2602450862611
2016-06-08,43.24719556248191
2016-06-13,43.76717763512808
2016-06-14,43.705237186665805
2016-06-15,44.025226851728
2016-06-16,43.80683204904463
2016-06-17,43.82282837302663
2016-06-20,43.81782880463243
2016-06-21,43.80956423225529
2016-06-22,43.869740995999145
2016-06-23,43.86930103439356
2016-06-24,43.850917339945646
2016-06-27,43.947339975273216
2016-06-28,43.92686527897432
2016-06-29,43.8706270554904
2016-06-30,43.80956501301353
2016-07-01,41.9164526508094
2016-07-04,41.859437817020975
2016-07-05,41.68193567878798
2016-07-06,39.58393513618513
2016-07-07,39.58288050499638
2016-07-08,37.94637886538105
2016-07-11,37.96105032292952
2016-07-12,37.43181945954779
2016-07-13,37.028307376323845
2016-07-14,36.647911862968996
2016-07-15,36.51510853219302
2016-07-18,36.09595695002422
2016-07-19,36.08518181263918
2016-07-20,35.45241611724439
2016-07-21,35.38590392534016
2016-07-22,35.36737754814055
2016-07-25,33.38616690873429
2016-07-26,33.37774951574955
2016-07-27,33.341146173745905
2016-07-28,32.90783344127445
2016-07-29,32.875654873227205
2016-08-01,32.54184502271586
2016-08-02,32.55434884491951
2016-08-03,32.404585030386805
2016-08-04,32.375722336177596
2016-08-05,32.38863037670548
2016-08-08,31.84895833534368
2016-08-09,31.80211390249928
2016-08-10,31.80212103571301
2016-08-11,31.873925533570567
2016-08-12,31.774697985801563
2016-08-15,31.91373377958831
2016-08-16,31.930950557826787
2016-08-17,29.641436033019076
2016-08-18,29.63044073984897
2016-08-19,28.06612502739559
2016-08-22,27.987511806483273
2016-08-23,27.15852447763759
2016-08-24,27.160239874124436
2016-08-25,26.521166803003155
2016-08-26,26.32159131367107
2016-08-29,26.29759609633087
2016-08-30,26.07897791913869
2016-08-31,25.95264201600378
2016-09-01,25.975094872091486
2016-09-02,25.43617925543517
2016-09-05,25.398801145540617
2016-09-06,25.42236522427691
2016-09-07,24.85700210517384
2016-09-08,24.23198667593227
2016-09-09,23.947755360296338
2016-09-12,24.404906910408677
2016-09-13,24.37597878550824
2016-09-14,24.281767714961617
2016-09-19,24.310060705385137
2016-09-20,24.296645584929195
2016-09-21,24.086900487158367
2016-09-22,23.470821378916565
2016-09-23,23.4811068413359
2016-09-26,23.662250556495643
2016-09-27,23.32190929553371
2016-09-28,23.30438530485533
2016-09-29,23.19055459158071
2016-09-30,23.17399097168204
2016-10-10,23.141030352610915
2016-10-11,23.130662885171322
2016-10-12,23.047544703024634
2016-10-13,22.9840923924019
2016-10-14,22.985541674941164
2016-10-17,22.932446276972403
2016-10-18,23.023538571589278
2016-10-19,21.78583811576578
2016-10-20,21.695026740504083
2016-10-21,21.673019942220606
2016-10-24,21.66715712526172
2016-10-25,21.59764376671942
2016-10-26,21.604794898600836
2016-10-27,21.60095007220896
2016-10-28,21.644446540988934
2016-10-31,21.182340902303615
2016-11-01,21.23382713549658
2016-11-02,21.233884931158705
2016-11-03,20.379492641708687
2016-11-04,19.34587369150023
2016-11-07,19.340608236112658
2016-11-08,19.29427077615445
2016-11-09,19.32844784814753
2016-11-10,19.394986574603653
2016-11-11,19.222028758754867
2016-11-14,19.223963051641448
2016-11-15,18.640586772947835
2016-11-16,18.62280970647975
2016-11-17,18.578422370574717
2016-11-18,18.449984467024713
2016-11-21,18.378072251886174
2016-11-22,18.395402113280852
2016-11-23,18.425115968448004
2016-11-24,18.45561853201344
2016-11-25,18.429334211161823
2016-11-28,17.5246471602017
2016-11-29,17.572217243729714
2016-11-30,17.502920187371146
2016-12-01,17.50942814272115
2016-12-02,17.688471531080864
2016-12-05,17.70814971393056
2016-12-06,17.709837054187307
2016-12-07,16.071294106976676
2016-12-08,16.093271216979442
2016-12-09,15.256754262754491
2016-12-12,17.238491771721833
2016-12-13,17.222676575164776
2016-12-14,17.232380162088806
2016-12-15,17.202746873090042
2016-12-16,17.05204514800117
2016-12-19,17.049991417055942
2016-12-20,17.012088299819162
2016-12-21,16.65426624741607
2016-12-22,16.59614226167569
2016-12-23,16.67248087090611
2016-12-26,16.685497065207123
2016-12-27,16.679600745436556
2016-12-28,16.47062577190369
2016-12-29,16.46308682533205
2016-12-30,16.453334028404477
2017-01-03,16.503686711303107
2017-01-04,16.5981564466082
2017-01-05,16.568257552884322
2017-01-06,16.55828079852896
2017-01-09,16.52368603612024
2017-01-10,16.53361219923994
2017-01-11,16.57189232963966
2017-01-12,16.60414189834154
2017-01-13,16.774569735218883
2017-01-16,17.85129904974289
2017-01-17,17.946657664659003
2017-01-18,17.923935572838715
2017-01-19,17.930048532333995
2017-01-20,18.003448883179576
2017-01-23,16.69818515865997
2017-01-24,16.708042450541967
2017-01-25,16.67886477308547
2017-01-26,16.55133125942716
2017-02-03,16.49431728932634
2017-02-06,16.57179895029261
2017-02-07,16.52707554283799
2017-02-08,16.543371888209528
2017-02-09,16.49536486309355
2017-02-10,16.428773061740326
2017-02-13,16.449498905499418
2017-02-14,16.288665128723217
2017-02-15,16.281673415003812
2017-02-16,15.992220495455218
2017-02-17,15.992068026130307
2017-02-20,16.033742169360746
2017-02-21,16.09976271829934
2017-02-22,16.107192356943102
2017-02-23,16.010882885995656
2017-02-24,16.019309222345452
2017-02-27,16.046165658896363
2017-02-28,16.02368925936614
2017-03-01,16.018902130221697
2017-03-02,16.03776464435707
2017-03-03,16.04955796682453
2017-03-06,16.144654376748736
2017-03-07,16.111890415558765
2017-03-08,16.104986165288075
2017-03-09,16.11674056670674
2017-03-10,15.94025704643409
2017-03-13,15.974910296649794
2017-03-14,15.961538324579655
2017-03-15,15.929499174333447
2017-03-16,15.314455259493224
2017-03-17,15.3050871342194
2017-03-20,15.300634452443788
2017-03-21,15.214631165741574
2017-03-22,15.233770322992154
2017-03-23,15.229971879512046
2017-03-24,15.217873410475253
2017-03-27,15.206270369408404
2017-03-28,14.904075493654656
2017-03-29,14.915546089731668
2017-03-30,15.196163860170467
2017-03-31,15.195366153431552
2017-04-05,15.49571913218499
2017-04-06,15.209086873206184
2017-04-07,15.175010641648386
2017-04-10,15.25173946501311
2017-04-11,15.29296118725853
2017-04-12,15.332532287258251
2017-04-13,15.289108394374024
2017-04-14,15.264302055181577
2017-04-17,15.402124812889815
2017-04-18,15.442980991058569
2017-04-19,15.51914797268849
2017-04-20,15.498467616025813
2017-04-21,15.491759920802602
2017-04-24,16.081024411224927
2017-04-25,16.094045568887086
2017-04-26,16.06849972011036
2017-04-27,16.101025657991848
2017-04-28,16.039507837030705
2017-05-02,16.02140140839229
2017-05-03,15.985036022012563
2017-05-04,15.986382204536165
2017-05-05,16.080937543337598
2017-05-08,16.240926680692127
2017-05-09,16.258723662909947
2017-05-10,16.344664962784666
2017-05-11,16.35396810089657
2017-05-12,16.337645844029772
2017-05-15,16.321878709840583
2017-05-16,16.639152671915173
2017-05-17,16.647121661473594
2017-05-18,16.662166134614793
2017-05-19,16.652658480374306
2017-05-22,16.759819914514612
2017-05-23,17.294699676897206
2017-05-24,17.307726430902637
2017-05-25,17.36156005078354
2017-05-26,17.362008460658505
2017-05-31,17.310825716298506
2017-06-01,17.69230389117479
2017-06-02,17.76620765680366
2017-06-05,17.70203750722549
2017-06-06,17.721610381099673
2017-06-07,17.995219397740662
2017-06-08,17.906645162753463
2017-06-09,17.89873572725377
2017-06-12,17.98202255011928
2017-06-13,16.366519895582403
2017-06-14,16.352100146965913
2017-06-15,16.446658254241548
2017-06-16,16.362537582913735
2017-06-19,16.30764467915787
2017-06-20,16.31315314111517
2017-06-21,16.313813962183623
2017-06-22,16.43922186408229
2017-06-23,16.44074385034014
2017-06-26,16.47456508379212
2017-06-27,16.4601918665943
2017-06-28,16.47685382014828
2017-06-29,16.49106126070353
2017-06-30,16.489521048517766
2017-07-03,16.556817490505292
2017-07-04,16.498719488010558
2017-07-05,16.447310440882685
2017-07-06,16.451648761242748
2017-07-07,16.438839110621338
2017-07-10,16.430489083020657
2017-07-11,16.49967381559245
2017-07-12,16.44578617564719
2017-07-13,16.40708693954448
2017-07-14,16.222298315028574
2017-07-17,16.774487386983033
2017-07-18,16.726299751897265
2017-07-19,16.834764026243427
2017-07-20,16.8544220325259
2017-07-21,16.67413697766231
2017-07-24,16.6262970560857
2017-07-25,16.61359355199126
2017-07-26,16.60621546405828
2017-07-27,16.6835572588593
2017-07-28,16.68209607309825
2017-07-31,16.630157569417143
2017-08-01,16.631655853875422
2017-08-02,16.626167671809014
2017-08-03,16.595085567750637
2017-08-04,16.599637078906657
2017-08-07,16.61272738500215
2017-08-08,16.62478868568543
2017-08-09,16.59090537313054
2017-08-10,16.582205706296858
2017-08-11,16.669914879562253
2017-08-14,16.87421913977312
2017-08-15,16.821713478137735
2017-08-16,16.8301095849379
2017-08-17,16.89165829148964
2017-08-18,16.88899842510132
2017-08-21,16.901594952189853
2017-08-22,16.905286898822148
2017-08-23,16.918889166675623
2017-08-24,16.918692170860748
2017-08-25,16.972869483507242
2017-08-28,16.957353583243247
2017-08-29,16.953704820487665
2017-08-30,16.963620071115713
2017-08-31,16.95680263741243
2017-09-01,17.000725923530457
2017-09-04,17.00472189044403
2017-09-05,17.00466196716007
2017-09-06,17.044192722721814
2017-09-07,16.975319451431208
2017-09-08,16.956431489615525
2017-09-11,17.019439024989886
2017-09-12,17.020745751954074
2017-09-13,17.018885082386433
2017-09-14,17.01916994406073
2017-09-15,17.025645132189002
2017-09-18,17.067173894692704
2017-09-19,17.071794217958946
2017-09-20,17.08957590697141
2017-09-21,16.915992613650726
2017-09-22,16.91979827065217
2017-09-25,16.74473211275897
2017-09-26,16.742272116253844
2017-09-27,16.791005214454728
2017-09-28,16.736919663670648
2017-09-29,16.75736147635053
2017-10-09,16.825601289840165
2017-10-10,16.84910534418468
2017-10-11,16.732200900221077
2017-10-12,16.602705747944256
2017-10-13,16.55175822879386
2017-10-16,16.680293609484526
2017-10-17,16.663402236325453
2017-10-18,16.701654442944143
2017-10-19,16.144994233224626
2017-10-20,16.234363957620197
2017-10-23,16.244491861568687
2017-10-24,16.23849941194153
2017-10-25,16.242339281349434
2017-10-26,16.251798946791496
2017-10-27,16.285509042484495
2017-10-30,16.677232113464164
2017-10-31,16.60493826338037
2017-11-01,16.382208612591658
2017-11-02,16.45112135895638
2017-11-03,16.247624485639502
2017-11-06,16.258990750142875
2017-11-07,16.275805171576263
2017-11-08,16.27598497023098
2017-11-09,16.013954270948688
2017-11-10,16.011262553957
2017-11-13,15.981887701117584
2017-11-14,16.01390209758568
2017-11-15,15.850566555134405
2017-11-16,15.157326468535173
2017-11-17,15.981345245515366
2017-11-20,15.941789981879891
2017-11-21,15.941947768304566
2017-11-22,15.937112656556755
2017-11-23,15.797149872327006
2017-11-24,15.72058470976363
2017-11-27,15.73387567093117
2017-11-28,15.874150555463387
2017-11-29,15.600242095735315
2017-11-30,15.618488069459744
2017-12-01,15.668649796461368
2017-12-04,15.615661929548095
2017-12-05,15.94777974547629
2017-12-06,16.01582237718399
2017-12-07,15.909092426193025
2017-12-08,15.968589283677648
2017-12-11,16.03147896483351
2017-12-12,16.075811727601334
2017-12-13,16.10351923774795
2017-12-14,15.911333559332059
2017-12-15,15.916731304498372
2017-12-18,15.851251229366515
2017-12-19,15.87217456944188
2017-12-20,15.911261670945652
2017-12-21,15.897998904846117
2017-12-22,15.89759520790438
2017-12-25,15.944954898152835
2017-12-26,15.960145201648789
2017-12-27,15.913246558684957
2017-12-28,15.91393213097046
2017-12-29,15.962575136231052
2018-01-02,16.02419784274191
2018-01-03,15.996062491504706
2018-01-04,15.999297723340769
2018-01-05,15.99946962308088
2018-01-08,15.984517807610018
2018-01-09,14.081169615547811
2018-01-10,14.049566369311439
2018-01-11,13.945364373907928
2018-01-12,13.951340392619763
2018-01-15,14.509804599337418
2018-01-16,14.502438851069064
2018-01-17,14.504159250794446
2018-01-18,14.504917625046659
2018-01-19,14.385708026391802
2018-01-22,14.476743015195472
2018-01-23,14.428377687026995
2018-01-24,14.470687759587323
2018-01-25,14.424731847122226
2018-01-26,14.40679477997668
2018-01-29,14.486348181645035
2018-01-30,14.443124601301713
2018-01-31,14.806132307558602
2018-02-01,15.950261353718718
2018-02-02,15.928444902593137
2018-02-05,15.805011975839037
2018-02-06,17.034893174794867
2018-02-07,17.023809658428167
2018-02-08,17.12381987158606
2018-02-09,17.526326767154416
2018-02-12,17.91974516404922
2018-02-13,17.8815659398143
2018-02-14,17.879141614935932
2018-02-22,18.09125395284402
2018-02-23,18.087540669553654
2018-02-26,18.32117094754749
2018-02-27,18.250046860215175
2018-02-28,18.272964108386912
2018-03-01,18.39144701877155
2018-03-02,18.38434978504222
2018-03-05,18.37072957655139
2018-03-06,18.38855797717515
2018-03-07,18.405804181011955
2018-03-08,18.389502961602737
2018-03-09,18.55653662114725
2018-03-12,18.710586356377764
2018-03-13,18.64817512597967
2018-03-14,18.701449020354165
2018-03-15,18.68827473496546
2018-03-16,18.689308425508354
2018-03-19,18.689427983133
2018-03-20,18.646909234883616
2018-03-21,18.662431882479826
2018-03-22,18.606771155318945
2018-03-23,20.05825383740972
2018-03-26,20.23658650388666
2018-03-27,20.49236183793102
2018-03-28,20.502544279484123
2018-03-29,20.493933639437884
2018-03-30,20.64858479906034
2018-04-02,20.614211212716757
2018-04-03,20.55686586916833
2018-04-04,20.553138558218606
2018-04-09,20.55353835261069
2018-04-10,20.554242245026945
2018-04-11,20.565061527115713
2018-04-12,20.40942829753917
2018-04-13,20.409308027843416
2018-04-16,20.374153644285528
2018-04-17,20.576004030204956
2018-04-18,20.608488635820656
2018-04-19,20.592931863840846
2018-04-20,20.78231064466473
2018-04-23,20.795997345934452
2018-04-24,21.037286124632747
2018-04-25,21.03155259309217
2018-04-26,20.889430019373513
2018-04-27,20.854518103263008
2018-05-02,20.85820660871598
2018-05-03,20.850403214458705
2018-05-04,20.82305125211585
2018-05-07,20.932568126284725
2018-05-08,20.92523548756851
2018-05-09,20.9180400247534
2018-05-10,20.913011158786126
2018-05-11,20.946607983047237
2018-05-14,20.957959740169247
2018-05-15,21.007310111069042
2018-05-16,20.98497791610214
2018-05-17,20.990083787196298
2018-05-18,20.417696041475995
2018-05-21,20.485907376133248
2018-05-22,20.49708020615015
2018-05-23,20.545557629346483
2018-05-24,20.29428462372635
2018-05-25,20.370788764872838
2018-05-28,20.34947368947177
2018-05-29,20.24273849406411
2018-05-30,20.720955516284086
2018-05-31,20.811727013784964
2018-06-01,20.816372097580636
2018-06-04,20.778499447912207
2018-06-05,20.577439735099112
2018-06-06,20.51985513770429
2018-06-07,20.539716022403496
2018-06-08,20.537260500119885
2018-06-11,20.4849149865277
2018-06-12,20.492732425971077
2018-06-13,20.594652463547995
2018-06-14,20.59978064361671
2018-06-15,20.806077833560764
2018-06-19,23.00929380754752
2018-06-20,23.06824596637163
2018-06-21,23.2441186964325
2018-06-22,23.371363612217674
2018-06-25,23.37585853719957
2018-06-26,23.360222020248735
2018-06-27,23.36510622193222
2018-06-28,23.40576702267866
2018-06-29,23.832153549676303
2018-07-02,23.833611977954124
2018-07-03,23.842523328475995
2018-07-04,23.895689585408704
2018-07-05,24.151065446663257
2018-07-06,24.165837342861497
2018-07-09,24.38351767591005
2018-07-10,24.416973474503813
2018-07-11,24.600915654232853
2018-07-12,24.91852035464054
2018-07-13,24.923698051433295
2018-07-16,24.64333217934031
2018-07-17,24.63134476675351
2018-07-18,24.636810650649537
2018-07-19,24.669422307623716
2018-07-20,24.737786840239284
2018-07-23,24.705629239892822
2018-07-24,24.833163306886412
2018-07-25,24.805253966774345
2018-07-26,24.807013418826035
2018-07-27,24.81313917698343
2018-07-30,24.837408711470935
2018-07-31,24.837488154518645
2018-08-01,24.716802864310385
2018-08-02,24.225625947501904
2018-08-03,24.281012753042077
2018-08-06,24.437995906632963
2018-08-07,23.740454585618856
2018-08-08,23.835906778734532
2018-08-09,23.984278361708625
2018-08-10,23.65124347355514
2018-08-13,23.381785658098128
2018-08-14,23.37913419877206
2018-08-15,23.533639414266048
2018-08-16,23.408434280864764
2018-08-17,23.517235678048095
2018-08-20,23.283689964697018
2018-08-21,23.348876380110813
2018-08-22,23.36585759166176
2018-08-23,23.27681652788116
2018-08-24,23.276052748415744
2018-08-27,23.495571954282994
2018-08-28,23.444258658646586
2018-08-29,23.439280254977113
2018-08-30,23.51336419372796
2018-08-31,23.390987982084134
2018-09-03,23.241712163260406
2018-09-04,23.32680018294093
2018-09-05,23.372043752079204
2018-09-06,23.37250109394735
2018-09-07,23.381304066896533
2018-09-10,23.499966118829192
2018-09-11,23.500172843564883
2018-09-12,23.49108451880634
2018-09-13,23.53655607685945
2018-09-14,22.33857662656184
2018-09-17,22.241701818577813
2018-09-18,22.077422056696324
2018-09-19,22.148346694512938
2018-09-20,22.105640526307273
2018-09-21,22.028650434393672
2018-09-25,21.999007275318082
2018-09-26,21.996600882004465
2018-09-27,22.04160738966153
2018-09-28,22.088973773233025
2018-10-08,22.552053948557795
2018-10-09,22.523012525550012
2018-10-10,22.52228321011731
2018-10-11,24.85213283827487
2018-10-12,24.852544163805685
2018-10-15,24.755773674073218
2018-10-16,24.769929232581962
2018-10-17,24.804054191539006
2018-10-18,25.046635725782757
2018-10-19,25.289989213677927
2018-10-22,26.11847007349324
2018-10-23,26.16714614658096
2018-10-24,26.081946422906345
2018-10-25,26.080971723194285
2018-10-26,26.097259454866023
2018-10-29,26.085488604704388
2018-10-30,26.147752873976483
2018-10-31,26.10441099113676
2018-11-01,26.115838164701184
2018-11-02,26.54408601423095
2018-11-05,26.566072172315934
2018-11-06,26.554651783801088
2018-11-07,26.549425574397834
2018-11-08,26.479796312806293
2018-11-09,26.47722804812972
2018-11-12,26.875509438751198
2018-11-13,27.044807741196596
2018-11-14,26.971940375032982
2018-11-15,27.094219472532433
2018-11-16,27.13641504596608
2018-11-19,27.150485453974948
2018-11-20,27.32764945120173
2018-11-21,27.35258960482402
2018-11-22,27.343061213514464
2018-11-23,27.64811530420246
2018-11-26,27.557403160056527
2018-11-27,27.57014324826686
2018-11-28,27.645434559103837
2018-11-29,27.686852359588453
2018-11-30,27.714381156835127
2018-12-03,28.152059681346163
2018-12-04,28.169071919782635
2018-12-05,28.158647101514074
2018-12-06,28.21510132076338
2018-12-07,28.133769940537608
2018-12-10,28.163570569049373
2018-12-11,28.065555279072512
2018-12-12,26.270884151049707
2018-12-13,26.248958724980415
2018-12-14,26.287540941412985
2018-12-17,26.17951223451138
2018-12-18,26.184337628755344
2018-12-19,26.20393993523937
2018-12-20,26.19441100723106
2018-12-21,26.165604096704755
2018-12-24,25.822576126711816
2018-12-25,25.800260210025964
2018-12-26,25.73469448267631
2018-12-27,25.704618311434004
2018-12-28,25.44784071893247
2019-01-02,25.439076974122404
2019-01-03,25.24658787959875
2019-01-04,25.555667304552436
2019-01-07,25.568067224278007
2019-01-08,25.254825847902868
2019-01-09,25.249254840594432
2019-01-10,25.247082967728424
2019-01-11,25.284176126935424
2019-01-14,25.285468989803285
2019-01-15,25.305280296875726
2019-01-16,25.24342002410603
2019-01-17,25.233762635700145
2019-01-18,25.136413260820362
2019-01-21,25.15484835215115
2019-01-22,25.189382703662417
2019-01-23,25.186350788570355
2019-01-24,25.13974349622915
2019-01-25,25.14787170567609
2019-01-28,25.084358980421545
2019-01-29,24.98204796331974
2019-01-30,25.000168627042985
2019-01-31,24.917516663560573
2019-02-01,24.985248210552694
2019-02-11,25.239264934408144
2019-02-12,25.11117224487179
2019-02-13,25.232098699350775
2019-02-14,25.228355284506577
2019-02-15,25.226047180670776
2019-02-18,25.57528412973963
2019-02-19,25.52810865631563
2019-02-20,25.39832511701634
2019-02-21,25.39722080964941
2019-02-22,25.546918143186254
2019-02-25,26.50576238024542
2019-02-26,26.493266735116915
2019-02-27,26.491223602004688
2019-02-28,26.315462997204758
2019-03-01,26.33007635298888
2019-03-04,26.492821083353068
2019-03-05,26.719238388102966
2019-03-06,26.823666840088595
2019-03-07,26.91951686802968
2019-03-08,27.581547546447837
2019-03-11,28.096210413336543
2019-03-12,28.236800490379345
2019-03-13,28.45923771873304
2019-03-14,28.665608955634347
2019-03-15,28.73584553627719
2019-03-18,28.91027848243397
2019-03-19,28.899300198158702
2019-03-20,28.857105337176193
2019-03-21,28.780183025085073
2019-03-22,28.69291454787487
2019-03-25,28.70267693657634
2019-03-26,29.029128340000383
2019-03-27,28.99816795742026
2019-03-28,29.06812474982134
2019-03-29,29.31433181869022
2019-04-01,29.67438993421251
2019-04-02,29.665741914297172
2019-04-03,29.22511338040244
2019-04-04,29.2246686381211
2019-04-08,29.23725330937641
2019-04-09,26.961975576301285
2019-04-10,26.936301331877722
2019-04-11,27.019012594577447
2019-04-12,26.777457062493397
2019-04-15,26.8164000646339
2019-04-16,26.416803059852462
2019-04-17,26.29472186048556
2019-04-18,25.500712270732397
2019-04-19,25.36014932434322
2019-04-22,25.4242689846416
2019-04-23,25.565251811405567
2019-04-24,25.600670080850495
2019-04-25,26.271541227621846
2019-04-26,26.327042579616194
2019-04-29,26.857487753172855
2019-04-30,26.877872817757904
2019-05-06,28.990415711494204
2019-05-07,29.021154920258123
2019-05-08,29.02958852691372
2019-05-09,29.07240284434449
2019-05-10,29.551717912223168
2019-05-13,29.573125607322403
2019-05-14,29.322845961063486
2019-05-15,29.3519620801218
2019-05-16,29.365208504793
2019-05-17,29.75614395362308
2019-05-20,29.726805544717692
2019-05-21,29.844932724688576
2019-05-22,29.592222618846098
2019-05-23,29.787877165203614
2019-05-24,29.849547028354827
2019-05-27,29.437653125965856
2019-05-28,29.435045146846257
2019-05-29,29.42123030563439
2019-05-30,29.39889077326499
2019-05-31,29.185715723734408
2019-06-03,29.26483460440546
2019-06-04,29.03630863539129
2019-06-05,29.0111740235657
2019-06-06,29.22360356539601
2019-06-10,29.162583206129057
2019-06-11,29.609379519134794
2019-06-12,29.564811132646025
2019-06-13,29.547922535609157
2019-06-14,29.74481364389415
2019-06-17,29.721934982902752
2019-06-18,29.47755818293068
2019-06-19,29.53145537009012
2019-06-20,29.584258713343708
2019-06-21,29.58447673561004
2019-06-24,29.58379331971277
2019-06-25,29.600450160233176
2019-06-26,29.581520202563226
2019-06-27,29.557292083054072
2019-06-28,29.62947348864649
2019-07-01,29.796290670319557
2019-07-02,29.796846561930835
2019-07-03,29.82968296391623
2019-07-04,29.815452000491288
2019-07-05,29.59216235046948
2019-07-08,29.878245220618016
2019-07-09,29.876230229457455
2019-07-10,29.908717362494436
2019-07-11,29.906359550091437
2019-07-12,29.88809403125603
2019-07-15,29.900884485158308
2019-07-16,29.869206994556375
2019-07-17,29.86695454534434
2019-07-18,29.95696257946035
2019-07-19,29.951043061200334
2019-07-22,30.232864496334237
2019-07-23,30.221391526117547
2019-07-24,30.264969050886297
2019-07-25,30.25922493178307
2019-07-26,30.24266219617489
2019-07-29,30.2139998915405
2019-07-30,30.095718154615746
2019-07-31,30.032336303309236
2019-08-01,29.951898771455703
2019-08-02,29.794939732540414
2019-08-05,29.59001770185308
2019-08-06,29.785584324602205
2019-08-07,29.684346395376537
2019-08-08,29.698077513527842
2019-08-09,29.73968603979747
2019-08-12,29.419813094494145
2019-08-13,29.421527215976045
2019-08-14,29.43717294778796
2019-08-15,29.439553965792214
2019-08-16,29.27738442189186
2019-08-19,28.70731757418724
2019-08-20,28.709638959455543
2019-08-21,28.70779786960756
2019-08-22,28.70912738869238
2019-08-23,28.694997889170676
2019-08-26,28.53064862473512
2019-08-27,28.310674965592682
2019-08-28,28.134490375840386
2019-08-29,28.017328847230345
2019-08-30,27.45640661150056
2019-09-02,27.02637519921473
2019-09-03,26.8570852073643
2019-09-04,26.684964588429565
2019-09-05,26.37254041977189
2019-09-06,26.284458080067385
2019-09-09,26.291165134284668
2019-09-10,26.28508757806359
2019-09-11,26.308779183428086
2019-09-12,26.269663235589054
2019-09-16,26.278932880401427
2019-09-17,26.468625376177318
2019-09-18,26.14600829251477
2019-09-19,26.184061158807715
2019-09-20,26.116604278700624
2019-09-23,25.835210906057537
2019-09-24,25.263391948616842
2019-09-25,25.382730373489444
2019-09-26,25.740376599625748
2019-09-27,25.772867692455648
2019-09-30,25.806258304448004
2019-10-08,25.802489406539923
2019-10-09,25.846224284873763
2019-10-10,25.80265139369089
2019-10-11,25.803871282486668
2019-10-14,25.89305487441064
2019-10-15,25.778930128019528
2019-10-16,25.74323676117349
2019-10-17,25.737621218962136
2019-10-18,25.750020120794687
2019-10-21,25.729368699968735
2019-10-22,25.683916552740417
2019-10-23,25.630494495632156
2019-10-24,24.956918997262164
2019-10-25,24.94374252742755
2019-10-28,24.634802800944477
2019-10-29,24.63116003675304
2019-10-30,21.90901248665491
2019-10-31,21.896278627830345
2019-11-01,21.932108893337062
2019-11-04,21.898230751799307
2019-11-05,21.188371488632797
2019-11-06,21.19987424253772
2019-11-07,21.19921491927177
2019-11-08,20.972758984779887
2019-11-11,21.266749795892853
2019-11-12,20.64957188939066
2019-11-13,20.64836524249897
2019-11-14,20.478654597434385
2019-11-15,20.5428779081323
2019-11-18,20.29065803856141
2019-11-19,20.379219343594198
2019-11-20,19.96341082631115
2019-11-21,19.964576797974125
2019-11-22,20.04225801248894
2019-11-25,20.038220133409776
2019-11-26,20.03763450094342
2019-11-27,19.927412171668085
2019-11-28,19.766166569442657
2019-11-29,19.76642288262224
2019-12-02,19.441401846609747
2019-12-03,19.36986105131052
2019-12-04,18.649142319393235
2019-12-05,18.707575840968392
2019-12-06,18.718459409368847
2019-12-09,18.430120752450705
2019-12-10,18.444947996470816
2019-12-11,18.45505364067085
2019-12-12,18.347534955065488
2019-12-13,18.309972990960603
2019-12-16,18.350041143023148
2019-12-17,18.43336957531853
2019-12-18,18.37892658149718
2019-12-19,18.387995899047247
2019-12-20,18.43363962801462
2019-12-23,18.609679128335475
2019-12-24,18.294496163807466
2019-12-25,18.31406083879841
2019-12-26,18.283668581076583
2019-12-27,18.309774939990508
2019-12-30,18.31959218249794
2019-12-31,17.686599055347326
2020-01-02,17.887601546392265
2020-01-03,17.848590387477714
2020-01-06,17.895989103923544
2020-01-07,18.00858618242661
2020-01-08,18.077189869346377
2020-01-09,18.20149436008261
2020-01-10,18.206359908171848
2020-01-13,18.07995140923595
2020-01-14,18.077530454385318
2020-01-15,17.576558238196544
2020-01-16,17.523205099704303
2020-01-17,17.4639820505247
2020-01-20,17.54079349796226
2020-01-21,17.598801027179146
2020-01-22,17.600824830907477
2020-01-23,18.446890543954133
2020-02-03,22.604261394551475
2020-02-04,22.59434538659075
2020-02-05,22.769047765237076
2020-02-06,23.108500417279394
2020-02-07,22.826173316656686
2020-02-10,22.890546852876387
2020-02-11,22.89956968055904
2020-02-12,23.04384002875785
2020-02-13,22.97709305436968
2020-02-14,22.963428363499688
2020-02-17,23.46933255805215
2020-02-18,23.655864652802624
2020-02-19,23.69652091363914
2020-02-20,23.446544813371226
2020-02-21,23.558977701225484
2020-02-24,23.731186490648355
2020-02-25,23.731104132677526
2020-02-26,24.132483942358675
2020-02-27,24.11124764413207
2020-02-28,25.50636496123473
2020-03-02,26.1136959860032
2020-03-03,26.17048948588699
2020-03-04,26.070754345661477
2020-03-05,25.906206406819642
2020-03-06,25.899664858448922
2020-03-09,26.544184824598876
2020-03-10,26.747756860609474
2020-03-11,26.824406486301477
2020-03-12,26.78525630925871
2020-03-13,26.81911766775414
2020-03-16,27.718086307182933
2020-03-17,27.712906821081802
2020-03-18,27.787018709959376
2020-03-19,27.613362304256277
2020-03-20,27.643858947879057
2020-03-23,28.35774627587166
2020-03-24,28.48031057985459
2020-03-25,28.634141358476654
2020-03-26,28.656232631745915
2020-03-27,28.538473264103402
2020-03-30,28.367866199156488
2020-03-31,28.34173012061534
2020-04-01,28.302295907769153
2020-04-02,28.514669858669016
2020-04-03,28.500889408628993
2020-04-07,28.811852032989922
2020-04-08,28.816199068205243
2020-04-09,28.7844051150694
2020-04-10,28.95951509119678
2020-04-13,28.993375524510906
2020-04-14,29.127622133132487
2020-04-15,29.08258918083301
2020-04-16,29.082557262759646
2020-04-17,29.03501132640583
2020-04-20,29.092240528733466
2020-04-21,29.102369589327527
2020-04-22,29.110615219187036
2020-04-23,28.946451849763832
2020-04-24,29.046313811572517
2020-04-27,29.01951023395976
2020-04-28,29.055911394144307
2020-04-29,29.0299979996479
2020-04-30,29.20010040268236
2020-05-06,29.35233054524657
2020-05-07,29.32176749726656
2020-05-08,29.34959676593601
2020-05-11,29.34582775851724
2020-05-12,29.08939574016431
2020-05-13,29.10578333113762
2020-05-14,29.13646932921538
2020-05-15,29.129316490024465
2020-05-18,29.079726668676752
2020-05-19,29.116414323655604
2020-05-20,29.06846378008141
2020-05-21,29.12063244663832
2020-05-22,29.250993830672527
2020-05-25,29.18514152007085
2020-05-26,29.35229430371562
2020-05-27,29.36964020377717
2020-05-28,29.372672755260737
2020-05-29,29.39511785518949
2020-06-01,29.680543704837987
2020-06-02,29.68029540861281
2020-06-03,29.67322532502004
2020-06-04,29.673389139505446
2020-06-05,29.63895026432774
2020-06-08,29.63063832371626
2020-06-09,29.639720993539115
2020-06-10,29.631282105518775
2020-06-11,29.62989824960596
2020-06-12,29.629509012171358
2020-06-15,29.577464858449616
2020-06-16,29.596928368132975
2020-06-17,29.555189189298602
2020-06-18,29.56532847953795
2020-06-19,29.570613588779864
2020-06-22,29.522893300842632
2020-06-23,29.324828814197907
2020-06-24,29.2357455195418
2020-06-29,29.23197417038283
2020-06-30,29.310584593548384
2020-07-01,29.282319943076374
2020-07-02,29.313688501592104
2020-07-03,29.329977587332074
2020-07-06,29.667578950323232
2020-07-07,29.71309668403489
2020-07-08,29.839393906187073
2020-07-09,30.039907192923863
2020-07-10,29.971529265103197
2020-07-13,30.270867104575466
2020-07-14,30.29767645847346
2020-07-15,30.582913538905554
2020-07-16,31.57217930274977
2020-07-17,31.572024797793812
2020-07-20,31.902585198109612
2020-07-21,31.90643805167419
2020-07-22,31.886072220402795
2020-07-23,31.852863945497894
2020-07-24,32.62638528129236
2020-07-27,32.14249843375172
2020-07-28,29.27321003818503
2020-07-29,29.519707138010894
2020-07-30,29.336375522769075
2020-07-31,29.092981701464577
2020-08-03,29.364987992946716
2020-08-04,29.344005935829287
2020-08-05,29.36129449643744
2020-08-06,29.21179853077892
2020-08-07,29.25028711636799
2020-08-10,29.249635371457956
2020-08-11,29.01403784601775
2020-08-12,28.975829126360154
2020-08-13,28.93957938792543
2020-08-14,28.853261445045735
2020-08-17,28.902226567343053
2020-08-18,28.77963639550465
2020-08-19,28.949341761369023
2020-08-20,28.708833811204705
2020-08-21,28.716977933023557
2020-08-24,27.376829510327543
2020-08-25,26.82814944544727
2020-08-26,27.025025912744216
2020-08-27,27.054334249730474
2020-08-28,27.04008124482821
2020-08-31,27.034509048919364
2020-09-01,26.387679775495982
2020-09-02,26.161749674557722
2020-09-03,26.13917728548398
2020-09-04,25.956833037954326
2020-09-07,26.054721384791733
2020-09-08,25.01770537211182
2020-09-09,25.476342378679057
2020-09-10,25.92171087110261
2020-09-11,25.97121620978726
2020-09-14,26.024570757453873
2020-09-15,25.127769132821747
2020-09-16,25.074354209375922
2020-09-17,24.88604947622964
2020-09-18,24.913283319496625
2020-09-21,24.879799633756285
2020-09-22,24.713354753941225
2020-09-23,24.72346698093798
2020-09-24,25.065486243258967
2020-09-25,24.87271497699477
2020-09-28,24.934253389928678
2020-09-29,24.5435600966931
2020-09-30,24.541715769247872
2020-10-09,24.843490383451076
2020-10-12,24.869299942415104
2020-10-13,24.806870228545115
2020-10-14,24.72102308914112
2020-10-15,24.742633502231858
2020-10-16,24.73687290330743
2020-10-19,24.766845485808513
2020-10-20,24.70371211543631
2020-10-21,24.806793340160212
2020-10-22,24.805347349259215
2020-10-23,24.956190979442027
2020-10-26,24.773904140579102
2020-10-27,24.761574124628776
2020-10-28,24.649385706627903
2020-10-29,24.64690962931148
2020-10-30,24.730802587768057
2020-11-02,24.555977479127165
2020-11-03,24.707424821595
2020-11-04,24.66752257723767
2020-11-05,24.78486993917955
2020-11-06,24.8330522282328
2020-11-09,25.028754643716873
2020-11-10,25.042314393935115
2020-11-11,25.17378789914008
2020-11-12,25.15878047311763
2020-11-13,25.101174369891005
2020-11-16,25.05828748869111
2020-11-17,25.029051748862273
2020-11-18,24.86611558534575
2020-11-19,24.867798489673774
2020-11-20,24.674293319206086
2020-11-23,24.659907109032133
2020-11-24,24.655107176267332
2020-11-25,24.764940740380876
2020-11-26,24.445281929239584
2020-11-27,24.445570946896538
2020-11-30,24.449443907630076
2020-12-01,24.516419238992075
2020-12-02,24.51872580505066
2020-12-03,24.5226954665444
2020-12-04,24.515889965873285
2020-12-07,24.51941824954203
2020-12-08,24.511085447153263
2020-12-09,24.686697595522325
2020-12-10,24.686227600688554
2020-12-11,24.646978853580983
2020-12-14,24.69581593783277
2020-12-15,24.686977827447564
2020-12-16,24.704593317021033
2020-12-17,24.714366410630152
2020-12-18,24.72084291147682
2020-12-21,24.841445100859204
2020-12-22,25.033231015330493
2020-12-23,24.939768188198883
2020-12-24,25.044630786070066
2020-12-25,25.029541735072986
2020-12-28,25.00718849819502
2020-12-29,24.44105547159251
2020-12-30,24.386981251553706
2020-12-31,24.309140831035304
2021-01-04,24.15903250003816
2021-01-05,24.153536686607957
2021-01-06,23.679942879264985
2021-01-07,23.76053279960081
2021-01-08,23.411335106057884
2021-01-11,22.265938526254708
2021-01-12,22.351599788065464
2021-01-13,21.845047410236667
2021-01-14,21.811615853962994
2021-01-15,21.771384328952912
2021-01-18,21.946592201659556
2021-01-19,20.87451877478348
2021-01-20,20.912233659611747
2021-01-21,20.917649706679605
2021-01-22,20.498537476169822
2021-01-25,20.539959665979865
2021-01-26,20.609042967599205
2021-01-27,20.07203977694249
2021-01-28,20.26673480257483
2021-01-29,20.24908691810224
2021-02-01,20.278478015236963
2021-02-02,20.291354902188726
2021-02-03,20.413640520703563
2021-02-04,20.461702053284423
2021-02-05,20.514946892015605
2021-02-08,20.541249716839044
2021-02-09,20.8664882902825
2021-02-10,20.655267895119508
2021-02-18,20.742931442848832
2021-02-19,20.74512331712736
2021-02-22,20.65409793344217
2021-02-23,20.649314164287837
2021-02-24,20.633218591660434
2021-02-25,20.635438635296175
2021-02-26,20.413308335058392
2021-03-01,20.716143048008085
2021-03-02,20.63228705335756
2021-03-03,20.725527064166606
2021-03-04,20.857096956305547
2021-03-05,20.86210899448255
2021-03-08,20.986579638718712
2021-03-09,21.451423063006594
2021-03-10,21.346411056012546
2021-03-11,21.59542551525353
2021-03-12,21.130071384406463
2021-03-15,20.538369961801536
2021-03-16,20.444120838946787
2021-03-17,20.34099423714448
2021-03-18,20.333958605255667
2021-03-19,20.31471942805584
2021-03-22,20.471610273472233
2021-03-23,20.400147781764986
2021-03-24,20.497295804201972
2021-03-25,20.380095436960506
2021-03-26,20.520550063509337
2021-03-29,20.162070658217022
2021-03-30,20.152022293812603
2021-03-31,20.075170593633327
2021-04-01,20.038234231923145
2021-04-02,20.047841681255697
2021-04-06,19.606045030269712
2021-04-07,19.084700079796995
2021-04-08,19.08136694833326
2021-04-09,19.04259740566997
2021-04-12,19.235770307637885
2021-04-13,19.24326134533132
2021-04-14,19.340577849973645
2021-04-15,19.290783333282356
2021-04-16,19.2477291770262
2021-04-19,19.388124838245812
2021-04-20,19.198771634035158
2021-04-21,19.197881575252918
2021-04-22,19.193425626680725
2021-04-23,19.204664643444374
2021-04-26,19.209012670979508
2021-04-27,18.897098328015037
2021-04-28,18.91493074273545
2021-04-29,18.699411429129576
2021-04-30,18.703229333781227
2021-05-06,18.517853890439646
2021-05-07,18.546197166652977
2021-05-10,18.215722625929896
2021-05-11,18.160578219562602
2021-05-12,18.088878020232592
2021-05-13,18.111528274481152
2021-05-14,18.2187562804236
2021-05-17,18.168774124621535
2021-05-18,18.131132245864787
2021-05-19,18.131264292354835
2021-05-20,18.113328365185087
2021-05-21,18.082656671349287
2021-05-24,18.106366562480954
2021-05-25,18.18869510354933
2021-05-26,18.03691287219232
2021-05-27,18.052673412350597
2021-05-28,18.05419589807638
2021-05-31,18.22286925004792
2021-06-01,18.140287025100022
2021-06-02,18.24550046428214
2021-06-03,18.238705490690222
2021-06-04,18.236083514901832
2021-06-07,18.301423191059072
2021-06-08,18.33459095216003
2021-06-09,18.114183269828704
2021-06-10,18.17695678795524
2021-06-11,18.04724254999553
2021-06-15,17.990359370249895
2021-06-16,18.23906494115549
2021-06-17,18.35772397801363
2021-06-18,18.38735053758723
2021-06-21,18.497355610070436
2021-06-22,18.33991789548323
2021-06-23,18.093030834155577
2021-06-24,18.128135067865657
2021-06-25,17.979236975684348
2021-06-28,17.96940605891401
2021-06-29,17.98770430813159
2021-06-30,18.022145330926147
2021-07-01,18.155168261213745
2021-07-02,18.02586457033611
2021-07-05,17.849665605433156
2021-07-06,17.858998862993978
2021-07-07,17.90476621832619
2021-07-08,17.744882730710923
2021-07-09,17.74560989649338
2021-07-12,17.77023969961677
2021-07-13,17.69590633336879
2021-07-14,17.748766206080248
2021-07-15,17.74743411442516
2021-07-16,17.748183024282042
2021-07-19,17.570570255791804
2021-07-20,17.566801354958358
2021-07-21,17.740585049549733
2021-07-22,17.699479765971724
2021-07-23,17.74421492297976
2021-07-26,17.786827340404535
2021-07-27,18.00165076739643
2021-07-28,18.26642481635527
2021-07-29,18.71951876741971
2021-07-30,18.602308222473848
2021-08-02,18.76025901436262
2021-08-03,18.809960703667272
2021-08-04,18.87696311723261
2021-08-05,18.584023600109674
2021-08-06,18.328615287457886
2021-08-09,18.313711865503993
2021-08-10,17.969156433523764
2021-08-11,17.966316195798125
2021-08-12,17.86394952207382
2021-08-13,17.6929656801065
2021-08-16,17.76196562684846
2021-08-17,18.202057914244083
2021-08-18,18.169277625554507
2021-08-19,18.169750874141688
2021-08-20,18.076858987191798
2021-08-23,18.022943503822617
2021-08-24,18.02928707680383
2021-08-25,17.96682403966064
2021-08-26,17.863945807836128
2021-08-27,17.861973316646644
2021-08-30,17.60475629096841
2021-08-31,16.919886811446286
2021-09-01,17.051399194969722
2021-09-02,16.832519553139083
2021-09-03,16.88620700215974
2021-09-06,16.924356851437274
2021-09-07,17.056164754738216
2021-09-08,17.040520944337914
2021-09-09,17.03997373453357
2021-09-10,16.987706125240337
2021-09-13,16.84641453963284
2021-09-14,16.763313841834396
2021-09-15,16.60495101842992
2021-09-16,17.12891406049339
2021-09-17,16.992621367300263
2021-09-22,16.996002818638388
2021-09-23,16.982222674464538
2021-09-24,17.130789204487503
2021-09-27,17.69705662425939
2021-09-28,17.693871916553714
2021-09-29,18.46335001221987
2021-09-30,18.865435870088156
2021-10-08,18.85754365987666
2021-10-11,18.87991163168687
2021-10-12,18.948922655520672
2021-10-13,18.97970179038227
2021-10-14,18.909501789176826
2021-10-15,18.89613134954437
2021-10-18,18.88888940503004
2021-10-19,18.79779190095569
2021-10-20,18.78874725979684
2021-10-21,18.796249433689642
2021-10-22,18.84421580038477
2021-10-25,18.89299636066521
2021-10-26,18.89152000231701
2021-10-27,18.9413007314965
2021-10-28,19.228883160250646
2021-10-29,19.326837147349703
2021-11-01,19.350199060782444
2021-11-02,19.437559070387326
2021-11-03,19.34207659296896
2021-11-04,19.415208066936287
2021-11-05,19.517200679933946
2021-11-08,19.462534885413753
2021-11-09,19.517940803714794
2021-11-10,19.439499960283033
2021-11-11,19.458688631187165
2021-11-12,19.531361467224702
2021-11-15,19.539874339764737
2021-11-16,19.62213863532522
2021-11-17,19.75876162409866
2021-11-18,19.734401778397405
2021-11-19,19.73045848162464
2021-11-22,19.870960402735196
2021-11-23,19.843964483874277
2021-11-24,19.84091250591414
2021-11-25,19.70667911931728
2021-11-26,19.69566907531283
2021-11-29,19.59354085419777
2021-11-30,19.605795192492646
2021-12-01,19.6011748775179
2021-12-02,19.629359605461314
2021-12-03,19.604820607325156
2021-12-06,19.73710933516565
2021-12-07,19.838012204015506
2021-12-08,19.953198187065375
2021-12-09,19.92979265673243
2021-12-10,19.672519743693236
2021-12-13,19.55135246621266
2021-12-14,19.50246491085988
2021-12-15,19.41136261137047
2021-12-16,19.419256229451307
2021-12-17,19.522573257608485
2021-12-20,19.647511367619703
2021-12-21,19.712208935159875
2021-12-22,19.724779623540833
2021-12-23,19.679356546703016
2021-12-24,19.846173845135663
2021-12-27,19.696291140751672
2021-12-28,19.700534384749442
2021-12-29,19.614797893333076
2021-12-30,19.633198155307497
2021-12-31,19.570442127861256
2022-01-04,19.580451773808036
2022-01-05,19.924879956074378
2022-01-06,19.76921368845103
2022-01-07,19.98395746433033
2022-01-10,19.92360851988492
2022-01-11,19.995140020425545
2022-01-12,20.133449593566834
2022-01-13,20.289796085202926
2022-01-14,20.27696004472774
2022-01-17,20.227632317434942
2022-01-18,20.23229298917793
2022-01-19,20.26637087716285
2022-01-20,20.44666564006599
2022-01-21,20.182539603270712
2022-01-24,19.956779738502277
2022-01-25,20.098309078571354
2022-01-26,20.08320412140242
2022-01-27,20.333045557149582
2022-01-28,20.26059110118367
2022-02-07,20.072243338263096
2022-02-08,20.070638350526764
2022-02-09,20.234154199216416
2022-02-10,20.238206801206708
2022-02-11,20.40912562282195
2022-02-14,20.382108387045324
2022-02-15,20.506343029547217
2022-02-16,20.542767242523656
2022-02-17,20.516282992344227
2022-02-18,20.14504363933739
2022-02-21,20.191449500822863
2022-02-22,20.181498163740642
2022-02-23,20.454546870579783
2022-02-24,20.39629582871131
2022-02-25,20.41910640133509
2022-02-28,20.425217508723566
2022-03-01,20.346803326473665
2022-03-02,20.346984233186845
2022-03-03,20.36930536311255
2022-03-04,20.458230684597936
2022-03-07,20.56493234172802
2022-03-08,20.937632497737976
2022-03-09,20.963660014836236
2022-03-10,21.133272961499486
2022-03-11,20.973482571179453
2022-03-14,21.305575941812094
2022-03-15,22.369183687419493
2022-03-16,22.901488232506207
2022-03-17,23.072710900194814
2022-03-18,23.114611367907724
2022-03-21,23.148963143717197
2022-03-22,22.841456382750327
2022-03-23,22.86200636166801
2022-03-24,22.879307130798928
2022-03-25,22.915144150149654
2022-03-28,22.856773659340142
2022-03-29,22.48971022107293
2022-03-30,22.692663763668108
2022-03-31,22.176748706477976
2022-04-01,21.79126845423318
2022-04-06,21.785700155303527
2022-04-07,21.96481446941185
2022-04-08,21.73092533645818
2022-04-11,22.307192022270943
2022-04-12,22.373646726622663
2022-04-13,22.534141131871937
2022-04-14,22.544250565243324
2022-04-15,22.551027927329905
2022-04-18,22.58471862335733
2022-04-19,22.59329742504079
2022-04-20,22.688835766060922
2022-04-21,23.296506358757807
2022-04-22,23.370889182780683
2022-04-25,25.921613543396145
2022-04-26,26.078075369289593
2022-04-27,27.03328013612388
2022-04-28,26.993197002436197
2022-04-29,27.71879567992826
2022-05-05,27.85455950655697
2022-05-06,27.80825969998527
2022-05-09,27.851707786123825
2022-05-10,27.990152413493778
2022-05-11,27.932807687325628
2022-05-12,27.949280140432105
2022-05-13,27.939009632015594
2022-05-16,27.856302480203194
2022-05-17,27.877999170185102
2022-05-18,27.848483212179755
2022-05-19,27.74743422217861
2022-05-20,27.831666450909253
2022-05-23,27.844072795118013
2022-05-24,28.280782754438704
2022-05-25,28.416932903990112
2022-05-26,28.440576590402394
2022-05-27,28.440701229400595
2022-05-30,28.500988896076922
2022-05-31,28.531729505627858
2022-06-01,28.513802241144543
2022-06-02,28.57033115829619
2022-06-06,28.790146694063196
2022-06-07,28.764309815933224
2022-06-08,28.706806539532437
2022-06-09,28.730121193657272
2022-06-10,28.774189596987682
2022-06-13,28.797502933131515
2022-06-14,28.79282390077443
2022-06-15,28.78019382307267
2022-06-16,28.801988213141254
2022-06-17,28.860118923111962
2022-06-20,28.891887814047628
2022-06-21,28.862398607637115
2022-06-22,28.80982474386214
2022-06-23,28.945267894445653
2022-06-24,28.964236434146194
2022-06-27,29.0085119612515
2022-06-28,28.93137323972732
2022-06-29,29.144413398324815
2022-06-30,29.167406433626912
2022-07-01,29.167641858232756
2022-07-04,29.189960500508978
2022-07-05,29.14929069936225
2022-07-06,29.18670464445533
2022-07-07,29.04017149634757
2022-07-08,29.02083956462773
2022-07-11,28.955405430090746
2022-07-12,29.021027681516525
2022-07-13,29.012734154120086
2022-07-14,28.960339156510273
2022-07-15,28.892402670588986
2022-07-18,28.96870028975319
2022-07-19,28.8819427118321
2022-07-20,28.95119449900374
2022-07-21,28.91161754780119
2022-07-22,28.747621238656667
2022-07-25,28.73244670024061
2022-07-26,28.770580882970055
2022-07-27,28.241155921316242
2022-07-28,28.249330533323946
2022-07-29,27.93287819781387
2022-08-01,27.958814643257192
2022-08-02,28.26137711590765
2022-08-03,28.270547250173106
2022-08-04,28.161917808245057
2022-08-05,28.279128561008026
2022-08-08,28.187433319539508
2022-08-09,28.187407222224802
2022-08-10,28.087404986881015
2022-08-11,28.10985642456251
2022-08-12,28.130317881224542
2022-08-15,28.14406289907651
2022-08-16,28.108976707376005
2022-08-17,28.088185935440634
2022-08-18,27.895053306405217
2022-08-19,27.80572167157761
2022-08-22,27.785651386260923
2022-08-23,27.764874199765575
2022-08-24,28.25783139442003
2022-08-25,28.25981576278372
2022-08-26,28.236866820964003
2022-08-29,28.184924475982072
2022-08-30,28.030567950472545
2022-08-31,28.08077131810337
2022-09-01,28.04649297601917
2022-09-02,27.884998127494466
2022-09-05,27.875066525660774
2022-09-06,27.727088256880617
2022-09-07,26.820392449664688
2022-09-08,26.445069083567745
2022-09-09,26.316361997524503
2022-09-13,26.28718166988182
2022-09-14,26.28619349045159
2022-09-15,26.64918593685483
2022-09-16,26.792873319256
2022-09-19,26.817561845809795
2022-09-20,26.836456501450854
2022-09-21,26.816016738027308
2022-09-22,26.80381974572506
2022-09-23,26.771207579744853
2022-09-26,26.762394973625025
2022-09-27,26.92026739773009
2022-09-28,27.278369292949566
2022-09-29,27.127137200062123
2022-09-30,27.20909361039076
2022-10-10,26.864910658857333
2022-10-11,26.803881497473874
2022-10-12,26.972480857423527
2022-10-13,26.955938832771864
2022-10-14,27.11136180849378
2022-10-17,27.12592702038285
2022-10-18,27.133478588120248
2022-10-19,27.03345666397264
2022-10-20,26.37720173901598
2022-10-21,26.28135650968796
2022-10-24,23.549349658011216
2022-10-25,23.10519213903214
2022-10-26,22.188239198732322
2022-10-27,22.160419674662744
2022-10-28,21.94907815597118
2022-10-31,21.842077480372797
2022-11-01,21.992623617760835
2022-11-02,21.99187998847264
2022-11-03,21.860313707683098
2022-11-04,22.02886501312256
2022-11-07,22.020242404028366
2022-11-08,22.013495544820934
2022-11-09,22.019068506595943
2022-11-10,22.06960299148552
2022-11-11,22.082738021979605
2022-11-14,22.078040707026126
2022-11-15,22.23132236416409
2022-11-16,22.19333905984515
2022-11-17,21.338585141675665
2022-11-18,21.24560567541997
2022-11-21,21.23809099610039
2022-11-22,21.36337759881565
2022-11-23,21.307821822903108
2022-11-24,21.25410693293498
2022-11-25,21.314876923596408
2022-11-28,21.26439530337055
2022-11-29,21.08413597767521
2022-11-30,21.083755842948843
2022-12-01,21.133125283712474
2022-12-02,20.97716726730077
2022-12-05,20.77864263492528
2022-12-06,20.756021008233606
2022-12-07,20.75497840617853
2022-12-08,20.77387433779397
2022-12-09,20.75711357235229
2022-12-12,20.696842510151594
2022-12-13,20.677254265963978
2022-12-14,20.634116969628064
2022-12-15,20.5629690686081
2022-12-16,20.368405905763844
2022-12-19,20.470774753467204
2022-12-20,20.43499316600732
2022-12-21,20.392752110083435
2022-12-22,20.20847083699783
2022-12-23,20.106432423290414
2022-12-26,20.296313893482804
2022-12-27,20.256808055869875
2022-12-28,20.278567040815368
2022-12-29,20.21992217898473
2022-12-30,20.13680722214817
2023-01-03,20.39425908825155
2023-01-04,20.285245981759946
2023-01-05,20.20794970913124
2023-01-06,20.174975255488288
2023-01-09,20.107819676895865
2023-01-10,20.063247469022492
2023-01-11,19.97705375852536
2023-01-12,19.940389053717794
2023-01-13,19.83866622598294
2023-01-16,19.903008908515645
2023-01-17,19.8901940617925
2023-01-18,19.823187043996167
2023-01-19,19.80390611972003
2023-01-20,19.79218861326501
2023-01-30,19.79384811119025
2023-01-31,19.790011893325886
2023-02-01,19.888025781439865
2023-02-02,19.38401541945597
2023-02-03,19.366180136915883
2023-02-06,19.357447398041742
2023-02-07,19.18758051732143
2023-02-08,19.12893950295749
2023-02-09,19.28530947637629
2023-02-10,19.290081251896737
2023-02-13,19.28508268304866
2023-02-14,19.245458432164234
2023-02-15,19.213773807390826
2023-02-16,19.393658126295666
2023-02-17,19.42422207123219
2023-02-20,19.51452773707936
2023-02-21,19.398299681860603
2023-02-22,19.367712207610708
2023-02-23,19.372822945272823
2023-02-24,18.648267015835906
2023-02-27,18.670867870885274
2023-02-28,18.700316454837573
2023-03-01,18.706434922283083
2023-03-02,18.694728209540635
2023-03-03,18.090973842451156
2023-03-06,18.083596532454873
2023-03-07,18.281009464726896
2023-03-08,18.29351656687172
2023-03-09,18.097952281819243
2023-03-10,18.179894549189047
2023-03-13,18.144947337901122
2023-03-14,18.18779189301721
2023-03-15,18.201505236164987
2023-03-16,18.29314250642263
2023-03-17,17.768847102737663
2023-03-20,17.511131294410358
2023-03-21,17.504166985810027
2023-03-22,17.425638639848817
2023-03-23,17.433304926829166
2023-03-24,17.433345049558056
2023-03-27,17.205874990151397
2023-03-28,17.15528878749547
2023-03-29,16.94028479138427
2023-03-30,16.309513288876452
2023-03-31,16.35924001619763
2023-04-03,16.24537863893814
2023-04-04,15.873935971564448
2023-04-06,15.86795534845381
2023-04-07,15.41172322742681
2023-04-10,15.451762572592562
2023-04-11,15.083504180115073
2023-04-12,15.036012769278162
2023-04-13,15.066927053653787
2023-04-14,15.05742520218472
2023-04-17,15.038415122500396
2023-04-18,15.04425059822484
2023-04-19,15.00632727911642
2023-04-20,14.99442335470852
2023-04-21,15.246745261757097
2023-04-24,15.267561915063082
2023-04-25,14.6582140922119
2023-04-26,14.619474365894405
2023-04-27,14.254550193548903
2023-04-28,14.261653689267387
2023-05-04,14.235206266538727
2023-05-05,14.00900515265473
2023-05-08,14.047935394606448
2023-05-09,14.175655014958016
2023-05-10,14.174532121095396
2023-05-11,14.088916788032002
2023-05-12,14.185461488053939
2023-05-15,14.197208909036119
2023-05-16,13.89183090359854
2023-05-17,13.881011426064749
2023-05-18,13.893159238273366
2023-05-19,13.84929904621153
2023-05-22,13.83343148196509
2023-05-23,13.723757602012473
2023-05-24,13.723839157591092
2023-05-25,13.71971148884381
2023-05-26,13.659981685802494
2023-05-29,13.655870289257576
2023-05-30,13.491443119371949
2023-05-31,13.491312610176836
2023-06-01,13.413506853457715
2023-06-02,13.451894983640653
2023-06-05,13.43284878010561
2023-06-06,13.78098395825664
2023-06-07,13.780780730020293
2023-06-08,13.787505779524215
2023-06-09,13.833780851015664
2023-06-12,13.84702937504056
2023-06-13,13.795153189916723
2023-06-14,13.795014615416237
2023-06-15,13.803845250474774
2023-06-16,13.746719326886902
2023-06-19,13.449374994932729
2023-06-20,13.39921490870224
2023-06-21,13.717780428928034
2023-06-26,13.806328996356482
2023-06-27,13.914019780536114
2023-06-28,13.692999750889499
2023-06-29,13.681336821765653
2023-06-30,13.725136843544167
2023-07-03,13.724528043476958
2023-07-04,13.727701585490692
2023-07-05,13.418202966575024
2023-07-06,13.424038740913712
2023-07-07,13.388895979869947
2023-07-10,13.385535847226008
2023-07-11,13.411680824137488
2023-07-12,13.575239011109353
2023-07-13,13.600289899021528
2023-07-14,13.60053392152191
2023-07-17,13.600819210468654
2023-07-18,13.504211800003668
2023-07-19,13.50858095592899
2023-07-20,13.625766629497626
2023-07-21,13.554458653609833
2023-07-24,13.487718078006154
2023-07-25,13.649553278574578
2023-07-26,13.66827333287913
2023-07-27,13.496164631377619
2023-07-28,13.558625262183932
2023-07-31,13.61015490033785
2023-08-01,13.596295608767416
2023-08-02,13.576683371612496
2023-08-03,13.548209854762309
2023-08-04,13.329674112560511
2023-08-07,13.337221801352811
2023-08-08,13.249028270397165
2023-08-09,13.283944759762365
2023-08-10,13.285235080624325
2023-08-11,13.268207614990487
2023-08-14,13.232587525106315
2023-08-15,13.137278116716184
2023-08-16,13.210710695859252
2023-08-17,13.297175680466058
2023-08-18,13.593159153059286
2023-08-21,13.646993795883548
2023-08-22,13.665754995337299
2023-08-23,13.877119370374047
2023-08-24,13.839501952009417
2023-08-25,14.043670381367834
2023-08-28,14.097928677477054
2023-08-29,14.809694917250054
2023-08-30,14.57375805118212
2023-08-31,14.562890418883404
2023-09-01,14.563403595571986
2023-09-04,14.620308901375992
2023-09-05,14.60892119859713
2023-09-06,14.578819199156676
2023-09-07,14.7651729294909
2023-09-08,14.5987104847051
2023-09-11,14.689789833752384
2023-09-12,14.688929877175008
2023-09-13,14.664481011602962
2023-09-14,14.65892510367291
2023-09-15,14.645503065296001
2023-09-18,14.647260010833138
2023-09-19,14.678238919744343
2023-09-20,14.669306410932126
2023-09-21,14.692932316948722
2023-09-22,14.97365653500527
2023-09-25,14.899725458391691
2023-09-26,14.783061304700915
2023-09-27,14.821929892647539
2023-09-28,14.852201042113942
2023-10-09,14.78964977169749
2023-10-10,14.730486729431483
2023-10-11,14.732478739998625
2023-10-12,14.754672780512761
2023-10-13,14.72913869685572
2023-10-16,14.722939988302757
2023-10-17,14.723435332493262
2023-10-18,14.898570416318668
2023-10-19,14.95550893753744
2023-10-20,15.026265611346798
2023-10-23,14.899291845861573
2023-10-24,15.045338811025575
2023-10-25,14.93862903962722
2023-10-26,14.957119408867861
2023-10-27,15.194824501537077
2023-10-30,15.227937039279283
2023-10-31,15.24192430301885
2023-11-01,15.160953904628741
2023-11-02,15.200987194637014
2023-11-03,15.260098571339922
2023-11-06,15.55079701378447
2023-11-07,15.561173773650335
2023-11-08,15.469294833246208
2023-11-09,15.446253188871461
2023-11-10,15.381217973245336
2023-11-13,15.415945047845211
2023-11-14,15.428695810367815
2023-11-15,15.435309344575035
2023-11-16,15.494607674791395
2023-11-17,15.488251282927552
2023-11-20,15.539611690102376
2023-11-21,15.563600647391599
2023-11-22,15.627333977931606
2023-11-23,15.704096027586466
2023-11-24,15.793137896459552
2023-11-27,15.79312418061101
2023-11-28,15.810439523655367
2023-11-29,15.776467221271332
2023-11-30,15.788734362627935
2023-12-01,15.545793959612682
2023-12-04,15.54854748243425
2023-12-05,15.769170424126191
2023-12-06,15.740728320541505
2023-12-07,15.717746460256116
2023-12-08,15.70791169036342
2023-12-11,15.799015592300583
2023-12-12,15.776063034604205
2023-12-13,15.775829057352958
2023-12-14,15.771566640015678
2023-12-15,15.792473010813502
2023-12-18,15.653479721518988
2023-12-19,15.424496786387554
2023-12-20,15.474716942493508
2023-12-21,15.501249383189045
2023-12-22,15.530100263008052
2023-12-25,15.409543125375935
2023-12-26,15.524551434223586
2023-12-27,15.561944533312541
2023-12-28,15.794208688296418
2023-12-29,15.935806823898934
2024-01-02,15.925953966593037
2024-01-03,15.935978190035978
2024-01-04,15.907375186909084
2024-01-05,15.986264244208634
2024-01-08,16.220724762882348
2024-01-09,16.226481083859206
2024-01-10,16.24433363968311
2024-01-11,16.471657430570254
2024-01-12,16.48762304167401
2024-01-15,16.40390548176846
2024-01-16,16.40744818603763
2024-01-17,16.82753829199917
2024-01-18,16.638110513073613
2024-01-19,16.69608393460606
2024-01-22,18.58642381883775
2024-01-23,18.690512510338884
2024-01-24,18.752387495814435
2024-01-25,19.40033993552048
2024-01-26,19.426430845957217
2024-01-29,19.742265376751774
2024-01-30,20.08143632641507
2024-01-31,20.814310031617996
2024-02-01,20.822077857756433
2024-02-02,21.399608225321085
2024-02-05,23.062996215924617
2024-02-06,25.047815359573782
2024-02-07,25.89153561375631
2024-02-08,26.55551091816956
2024-02-19,26.54651705963912
2024-02-20,26.5046023327045
2024-02-21,26.378671604561887
2024-02-22,26.459178488561808
2024-02-23,26.526653557945206
2024-02-26,26.396809401256444
2024-02-27,26.67198916460258
2024-02-28,27.318081034681686
2024-02-29,27.816155408701643
2024-03-01,27.490089102600862
2024-03-04,27.489355494477476
2024-03-05,27.50976492161095
2024-03-06,27.510740400984464
2024-03-07,27.48234945184044
2024-03-08,27.547363960014454
2024-03-11,27.666966380486222
2024-03-12,27.571929446106274
2024-03-13,27.57712761042904
2024-03-14,27.51619847649466
2024-03-15,27.582297279001406
2024-03-18,27.634542494306064
2024-03-19,27.641117335058222
2024-03-20,27.6744366746012
2024-03-21,27.673782186337892
2024-03-22,27.68984097121468
2024-03-25,27.85993967948902
2024-03-26,27.847213894921275
2024-03-27,28.09402546484188
2024-03-28,28.277823574627526
2024-03-29,28.32098077362938
2024-04-01,28.479034735052185
2024-04-02,28.461984408471185
2024-04-03,28.467817519921418
2024-04-08,28.577787283901884
2024-04-09,28.6390338566392
2024-04-10,28.726977479862665
2024-04-11,28.72866466307714
2024-04-12,28.718889101948474
2024-04-15,28.744676283139313
2024-04-16,29.25660080539379
2024-04-17,29.87910526005838
2024-04-18,29.837879882377997
2024-04-19,29.658069570850497
2024-04-22,29.584189455736286
2024-04-23,29.548408994097574
2024-04-24,29.637761220190058
2024-04-25,29.519142918431395
2024-04-26,29.567581248151694
2024-04-29,29.76022424883109
2024-04-30,29.781685332019258
2024-05-06,29.873775489946503
2024-05-07,29.79898175978251
2024-05-08,29.726203391176902
2024-05-09,29.818170624393233
2024-05-10,29.83711453099536
2024-05-13,29.853525405390624
2024-05-14,29.86689085297612
2024-05-15,29.860345875049944
2024-05-16,29.84366986744586
2024-05-17,29.90556857334312
2024-05-20,29.892704573287077
2024-05-21,29.894712017751836
2024-05-22,29.86374721420128
2024-05-23,30.01900056783007
2024-05-24,30.010207793695237
2024-05-27,30.007616296258405
2024-05-28,29.98701089055464
2024-05-29,29.98793880343961
2024-05-30,29.97564675791413
2024-05-31,29.979551024006557
2024-06-03,30.023325100563948
2024-06-04,30.009163290481116
2024-06-05,30.056950065263205
2024-06-06,30.079660230953337
2024-06-07,30.07645988549098
2024-06-11,30.110185940473023
2024-06-12,30.1161934413801
2024-06-13,30.06871975889932
2024-06-14,30.068075204589128
2024-06-17,30.044681012029944
2024-06-18,30.071300175434658
2024-06-19,30.10773381492362
2024-06-20,30.157104166413053
2024-06-21,30.155635358271887
2024-06-24,30.41908792373318
2024-06-25,30.413578652727818
2024-06-26,30.671432513972878
2024-06-27,30.854123961668574
2024-06-28,30.8142640953854
2024-07-01,30.821523704836647
2024-07-02,30.695986431215488
2024-07-03,30.630151129465638
2024-07-04,30.760482136666212
2024-07-05,30.80281388115272
2024-07-08,30.966134795725274
2024-07-09,31.047751629860375
2024-07-10,30.88759713845528
2024-07-11,31.091848838100404
2024-07-12,31.079894493716598
2024-07-15,30.99035425554008
2024-07-16,30.98419545525094
2024-07-17,31.00105471220266
2024-07-18,31.00643384511753
2024-07-19,30.778668449178824
2024-07-22,30.778713693257213
2024-07-23,30.97099306790477
2024-07-24,29.879263430641085
2024-07-25,29.788655285256638
2024-07-26,29.81247509455869
2024-07-29,29.41926416166676
2024-07-30,29.40566601789233
2024-07-31,29.712922938323466
2024-08-01,29.431125248276928
2024-08-02,28.919674471965678
2024-08-05,29.168068254719614
2024-08-06,28.745462340248988
2024-08-07,27.25452758707189
2024-08-08,25.532926416751494
2024-08-09,24.785683935773022
2024-08-12,24.125875763031004
2024-08-13,24.11305288617048
2024-08-14,24.146426919902265
2024-08-15,24.171059176520668
2024-08-16,24.0836099539418
2024-08-19,23.98894522873046
2024-08-20,24.094895971041367
2024-08-21,23.79078782563328
2024-08-22,22.979805430677377
2024-08-23,22.334201447912918
2024-08-26,22.280143197402317
2024-08-27,22.30953236992118
2024-08-28,22.285772937910224
2024-08-29,22.420805224210557
2024-08-30,22.524877683116884
2024-09-02,22.616204990508514
2024-09-03,22.496706024358666
2024-09-04,22.47951994720064
2024-09-05,22.50258207869152
2024-09-06,22.60311718395519
2024-09-09,22.52597369720351
2024-09-10,22.38288445450652
2024-09-11,22.371123738846567
2024-09-12,22.31689609385263
2024-09-13,22.365401734265824
2024-09-18,22.328736642777613
2024-09-19,22.30775807162843
2024-09-20,22.309459005151602
2024-09-23,21.83024062859062
2024-09-24,22.298893938057272
2024-09-25,22.282934562129196
2024-09-26,22.791957738950757
2024-09-27,24.01735434333633
2024-09-30,28.353572685676088
2024-10-08,30.553777292016683
2024-10-09,32.58885502535309
2024-10-10,32.52810792044219
2024-10-11,33.105068533460745
2024-10-14,33.47823801282849
2024-10-15,33.56791037772905
2024-10-16,32.999906723613925
2024-10-17,32.453270414053954
2024-10-18,33.022484332825236
2024-10-21,33.118227308877245
2024-10-22,33.11687030018829
2024-10-23,33.10545442737689
2024-10-24,33.050243332442896
2024-10-25,33.152268805124535
2024-10-28,33.13918017412515
2024-10-29,33.06929123921727
2024-10-30,33.050771032100684
2024-10-31,33.012073768392405
2024-11-01,33.31474477543405
2024-11-04,33.35290209137652
2024-11-05,33.62902548809977
2024-11-06,33.599927241955925
2024-11-07,33.64546987056256
2024-11-08,33.64069500130197
2024-11-11,33.75720581991886
2024-11-12,33.82017934107978
2024-11-13,33.78096789679611
2024-11-14,34.09678804106998
2024-11-15,34.23568870968929
2024-11-18,34.43110709777989
2024-11-19,34.4441274504775
2024-11-20,34.49444423709654
2024-11-21,34.47130989426845
2024-11-22,34.87334105547785
2024-11-25,34.87521587982012
2024-11-26,34.91728699502604
2024-11-27,35.05083402467752
2024-11-28,35.00273520814248
2024-11-29,35.06777175067237
2024-12-02,35.10524616170525
2024-12-03,34.94862595371107
2024-12-04,35.03388306870297
2024-12-05,35.05624648505609
2024-12-06,35.07641785381956
2024-12-09,35.078237998885946
2024-12-10,35.094257322360974
2024-12-11,35.132603995574016
2024-12-12,35.127029432982354
2024-12-13,35.21486388684977
2024-12-16,35.130590743498566
2024-12-17,35.28531218335815
2024-12-18,34.932859890450715
2024-12-19,34.902157548400936
2024-12-20,34.72148102409831
2024-12-23,34.7803120340949
2024-12-24,34.79870430988069
2024-12-25,34.834614159301005
2024-12-26,34.83490929262506
2024-12-27,34.80674996825453
2024-12-30,34.65057365096882
2024-12-31,34.94987718293249
2025-01-02,34.994169333532575
2025-01-03,35.16627694083109
2025-01-06,35.16347854152698
2025-01-07,35.06794096157001
2025-01-08,35.07478731675678
2025-01-09,35.035322135203145
2025-01-10,35.202519702055554
2025-01-13,35.175827861453165
2025-01-14,35.701567312603224
2025-01-15,35.71825670834107
2025-01-16,35.72065283920705
2025-01-17,35.4818420513295
2025-01-20,35.41770930884716
2025-01-21,35.419307275613455
2025-01-22,35.40462726296064
2025-01-23,35.408228491346435
2025-01-24,35.48702150084367
2025-01-27,35.175422365089574
2025-02-05,35.17726577325444
2025-02-06,35.287704703088245
2025-02-07,35.08187660571645
2025-02-10,35.06384757077918
2025-02-11,35.06889273253208
2025-02-12,35.11397736614893
2025-02-13,35.140075621029126
2025-02-14,35.12273518455502
2025-02-17,35.123067218795114
2025-02-18,35.25437458260265
2025-02-19,35.370408518820845
2025-02-20,35.34673759233022
2025-02-21,35.41402595528306
2025-02-24,35.28688378224307
2025-02-25,35.27528317881222
2025-02-26,35.23933391867505
2025-02-27,35.25157349252475
2025-02-28,35.682740050946066
2025-03-03,35.62297335016643
2025-03-04,35.65380055357753
2025-03-05,35.608542051873485
2025-03-06,35.630169689714336
2025-03-07,35.47886784394744
2025-03-10,35.46957379306852
2025-03-11,35.45323870068549
2025-03-12,35.446577629488985
2025-03-13,35.42538826266908
2025-03-14,35.44220125581743
2025-03-17,35.44217279123831
2025-03-18,35.438531303297744
2025-03-19,35.4551451812735
2025-03-20,35.40124493387469
2025-03-21,35.54394097710859
2025-03-24,35.502685204660665
2025-03-25,35.521069864271595
2025-03-26,35.520577046607606
2025-03-27,35.16551398279265
2025-03-28,35.19420335615456
2025-03-31,34.81795949760885
2025-04-01,34.0663045817445
2025-04-02,30.639398557267803
2025-04-03,28.34693671771944
2025-04-07,31.176634898239865
2025-04-08,31.138518934061853
2025-04-09,30.68527495576665
2025-04-10,30.43274409156411
2025-04-11,30.356194268918212
2025-04-14,30.405310941284263
2025-04-15,30.407507348785618
2025-04-16,29.848096093073373
2025-04-17,29.723731862630558
2025-04-18,29.716213078972313
2025-04-21,29.857997341015384
2025-04-22,29.840351834580147
2025-04-23,29.727824618905135
2025-04-24,29.65723353509379
2025-04-25,29.571615554269904
2025-04-28,29.596496365116504
2025-04-29,29.51290496614114
2025-04-30,29.206221396534527
2025-05-06,29.2833655781017
2025-05-07,28.862455603750263
2025-05-08,28.87687917371835
2025-05-09,28.817580597586538
2025-05-12,28.88587005045539
2025-05-13,28.676782756932184
2025-05-14,28.619910892862833
2025-05-15,28.713804546779155
2025-05-16,28.366251255385677
2025-05-19,28.175266064605246
2025-05-20,27.972247296837487
2025-05-21,27.73483662383161
2025-05-22,27.635985496493138
2025-05-23,27.690557207766286
2025-05-26,27.18572192252099
2025-05-27,27.185025444618315
2025-05-28,27.139706255240682
2025-05-29,27.060738514031346
2025-05-30,27.09044084061023
2025-06-03,27.003017439028344
2025-06-04,26.8802677735764
2025-06-05,26.899952472288003
2025-06-06,26.809636993062437
2025-06-09,26.78956664315982
2025-06-10,26.78058099963785
2025-06-11,26.76808487202807
2025-06-12,26.73448453289015
2025-06-13,26.734636916976363
2025-06-16,26.735472197234216
2025-06-17,26.572522195463293
2025-06-18,26.517323744322958
2025-06-19,26.419157448436774
2025-06-20,26.41445124818308
2025-06-23,26.480262126613408
2025-06-24,26.578156389538893
2025-06-25,26.332459752621638
2025-06-26,26.295014207185403
2025-06-27,26.251174344001804
2025-06-30,26.267159551605634
2025-07-01,26.26866041100559
2025-07-02,26.3028335117509
2025-07-03,25.926395198985702
2025-07-04,25.629934344934334
2025-07-07,25.248167733023898
2025-07-08,25.295594104831476
2025-07-09,25.224192780072734
2025-07-10,25.208977604122424
2025-07-11,25.23085261351014
2025-07-14,24.99847900654551
2025-07-15,25.00513135604295
2025-07-16,24.235847379421678
2025-07-17,24.259896668952123
2025-07-18,24.255907270044453
2025-07-21,24.26898458476119
2025-07-22,24.259927771643227
2025-07-23,24.26606537241012
2025-07-24,24.296566937114957
2025-07-25,24.282927887629327
2025-07-28,24.157642434383323
2025-07-29,24.05129938430135
2025-07-30,24.07848617197742
2025-07-31,23.831264337425264
2025-08-01,23.742892221351347
2025-08-04,23.723977013183653
2025-08-05,23.734314175091278
2025-08-06,23.688977962717242
2025-08-07,23.623911301872766
2025-08-08,23.620913374520654
2025-08-11,23.703590172950644
2025-08-12,23.469335805469573
2025-08-13,23.325904124925255
2025-08-14,23.386339038509703
2025-08-15,23.418683037373818
2025-08-18,23.52666824260405
2025-08-19,23.514100658225242
2025-08-20,23.46883036298663
2025-08-21,23.487397028585168
2025-08-22,22.971942730280777
2025-08-25,23.059045456733614
2025-08-26,22.997752649565566
2025-08-27,23.16494953657129
2025-08-28,23.072835214438026
2025-08-29,23.06277835900595
2025-09-01,23.085419683597088
2025-09-02,23.38280118581907
2025-09-03,23.487237438906718
2025-09-04,23.624026427614268
2025-09-05,23.857208311590206
2025-09-08,23.8838115945583
2025-09-09,23.94738473426978
2025-09-10,23.9205902578564
2025-09-11,24.118233808729915
2025-09-12,23.930741637466117
2025-09-15,23.903260181724303
2025-09-16,23.893235088549613
2025-09-17,23.91821560626905
2025-09-18,23.97551201218113
2025-09-19,23.942227459887096
2025-09-22,23.92632945051965
2025-09-23,23.985509706875373
2025-09-24,24.085346315427394
2025-09-25,24.02089762934422
2025-09-26,16.581519877088404
2025-09-29,16.647085593834856
2025-09-30,16.45300157527862
2025-10-09,16.217554382992166
2025-10-10,16.32642959836398
2025-10-13,16.261637586166206
2025-10-14,16.52818080026521
2025-10-15,16.485462398006838
2025-10-16,16.588170749221472
2025-10-17,17.180433060342413
2025-10-20,16.988873559616202
2025-10-21,17.08194519433158
2025-10-22,17.093284888724813
2025-10-23,17.00345062033656
2025-10-24,17.107551134278694
2025-10-27,17.05511843693155
2025-10-28,17.061787184195136
2025-10-29,17.100129854283658
2025-10-30,16.870878831607612
2025-10-31,16.87165231168398
2025-11-03,16.854416006971185
2025-11-04,16.876755127537983
2025-11-05,16.788388889745526
2025-11-06,16.836759381595083
2025-11-07,16.842235201859108
2025-11-10,16.630818662750585
2025-11-11,16.64492888472461
2025-11-12,16.689894053066894
2025-11-13,16.75268505880223
2025-11-14,16.85109909820947
2025-11-17,16.75603185494225
2025-11-18,16.713465762120713
2025-11-19,16.76005080627278
2025-11-20,16.78368932612565
2025-11-21,17.681012801603597
2025-11-24,17.603690263558626
2025-11-25,17.599612603126644
2025-11-26,17.582673439947698
2025-11-27,17.55212155774217
2025-11-28,17.58111702432043
2025-12-01,17.591262794106356
2025-12-02,17.617379228188394
2025-12-03,17.613315384755516
2025-12-04,17.610110717702085
2025-12-05,17.686085507776802
2025-12-08,17.597615520267404
2025-12-09,17.612939518456468
2025-12-10,17.61206674778326
2025-12-11,17.73093821187085
2025-12-12,17.610254515791183
2025-12-15,17.614311929957363
2025-12-16,17.748222558410564
2025-12-17,17.67390584485369
2025-12-18,17.601128209762706
2025-12-19,17.60665924947143
2025-12-22,17.650299390645667
2025-12-23,17.58452476815135
2025-12-24,17.69608428121631
2025-12-25,17.657897950207392
2025-12-26,17.652058072113892
2025-12-29,17.634175055774943
2025-12-30,17.634498249542915
2025-12-31,17.564009457840275
2026-01-05,17.76494867599468
2026-01-06,17.854546959110017
2026-01-07,17.83561124969763
2026-01-08,17.85829881918693
2026-01-09,18.023136971263348
2026-01-12,18.388669469932893
2026-01-13,18.57454033479217
2026-01-14,18.586206306460248
2026-01-15,18.565527961828504
2026-01-16,18.567745538453444
2026-01-19,18.54825343066357
2026-01-20,18.541601657487064
2026-01-21,18.56231308298745
2026-01-22,18.57850287421892
2026-01-23,18.73204391653854
2026-01-26,18.78890700422034
2026-01-27,18.72988691227471
2026-01-28,18.729755737905357
2026-01-29,18.74417218829601
2026-01-30,18.794427760634424
2026-02-02,19.43249660376805
2026-02-03,19.823575944384736
2026-02-04,19.81224769620851
2026-02-05,19.887088847389727
2026-02-06,19.891273238052356
2026-02-09,20.031146357717326
2026-02-10,19.93376135894755
2026-02-11,19.758060514187086
2026-02-12,19.665695864116202
2026-02-13,19.77278163398255
2026-02-24,19.799597931269055
2026-02-25,19.864307529979733
