date,000852.SH_成交额
2014-10-17,116990767468.0
2014-10-20,98366962984.0
2014-10-21,97286472025.0
2014-10-22,92356801859.0
2014-10-23,91055540478.0
2014-10-24,74170107413.0
2014-10-27,77135355518.0
2014-10-28,108121603187.0
2014-10-29,139661086797.0
2014-10-30,129645347257.0
2014-10-31,113469639036.0
2014-11-03,110581394062.0
2014-11-04,110172629449.0
2014-11-05,93363462988.0
2014-11-06,97644985328.0
2014-11-07,119635428262.0
2014-11-10,99495256192.0
2014-11-11,126642459882.0
2014-11-12,84716108438.0
2014-11-13,104307528182.0
2014-11-14,76506096275.0
2014-11-17,82709787116.0
2014-11-18,80186257684.0
2014-11-19,92923455738.0
2014-11-20,83203223026.0
2014-11-21,91897708323.0
2014-11-24,120141606010.0
2014-11-25,129983737893.0
2014-11-26,138181876458.0
2014-11-27,144415219753.0
2014-11-28,155207923047.0
2014-12-01,139615870435.0
2014-12-02,127887726548.0
2014-12-03,168204447441.0
2014-12-04,174012459354.0
2014-12-05,195661960285.0
2014-12-08,175867837741.0
2014-12-09,201088499804.0
2014-12-10,134706489854.99998
2014-12-11,141142118740.0
2014-12-12,133718550421.0
2014-12-15,143201758167.0
2014-12-16,131645679208.0
2014-12-17,131583411881.0
2014-12-18,113318945250.0
2014-12-19,120186708124.0
2014-12-22,128343450030.0
2014-12-23,83223809001.0
2014-12-24,78907261747.0
2014-12-25,80771963584.0
2014-12-26,89956699888.0
2014-12-29,105583627386.0
2014-12-30,92129200848.0
2014-12-31,80295494990.0
2015-01-05,101288039748.0
2015-01-06,110059303584.0
2015-01-07,93244684969.0
2015-01-08,95807162552.0
2015-01-09,90795662347.0
2015-01-12,79555875170.0
2015-01-13,80323189593.0
2015-01-14,75375981829.0
2015-01-15,70026973105.0
2015-01-16,88875684146.0
2015-01-19,119568618369.0
2015-01-20,117445146776.0
2015-01-21,139532996524.0
2015-01-22,135752101664.0
2015-01-23,132046363308.0
2015-01-26,125562912754.0
2015-01-27,142896419488.0
2015-01-28,125692219574.0
2015-01-29,98415711887.0
2015-01-30,102158988720.0
2015-02-02,87187402675.0
2015-02-03,105804997944.0
2015-02-04,109847874606.0
2015-02-05,126547745568.0
2015-02-06,106945564103.0
2015-02-09,81516379644.0
2015-02-10,70776930508.0
2015-02-11,89656836641.0
2015-02-12,98892332770.0
2015-02-13,125125654204.0
2015-02-16,130187604341.0
2015-02-17,120361647331.0
2015-02-25,121332743130.0
2015-02-26,125678392132.0
2015-02-27,140801276195.0
2015-03-02,190683606647.0
2015-03-03,199684836849.0
2015-03-04,172199592131.0
2015-03-05,184251805420.0
2015-03-06,163047185987.0
2015-03-09,143537467817.0
2015-03-10,163534793677.0
2015-03-11,163381562011.0
2015-03-12,161712746497.0
2015-03-13,148486392608.0
2015-03-16,220881209851.0
2015-03-17,255291720086.0
2015-03-18,248036412145.0
2015-03-19,247708825152.0
2015-03-20,239794078497.0
2015-03-23,279995707026.0
2015-03-24,339224797353.0
2015-03-25,308615337508.0
2015-03-26,298915620846.0
2015-03-27,221507666425.0
2015-03-30,258115078683.0
2015-03-31,262456157937.0
2015-04-01,261377330103.0
2015-04-02,305776902595.0
2015-04-03,311259210885.0
2015-04-07,324407852277.0
2015-04-08,336182262240.0
2015-04-09,305710236040.0
2015-04-10,270626595987.99997
2015-04-13,310734138989.0
2015-04-14,314316250643.0
2015-04-15,277035088167.0
2015-04-16,238514946989.0
2015-04-17,280570398123.0
2015-04-20,296143105879.0
2015-04-21,263163939805.0
2015-04-22,316672686408.0
2015-04-23,336026494802.0
2015-04-24,316622096669.0
2015-04-27,318848099692.0
2015-04-28,299667942341.0
2015-04-29,246011968298.0
2015-04-30,266207266483.0
2015-05-04,243014729745.0
2015-05-05,262227610498.0
2015-05-06,250173174397.0
2015-05-07,207141706186.0
2015-05-08,247446737136.0
2015-05-11,323495426309.0
2015-05-12,361872954243.0
2015-05-13,360059491170.0
2015-05-14,342326521797.0
2015-05-15,322585154986.0
2015-05-18,324918257445.0
2015-05-19,346504436530.0
2015-05-20,418367649070.0
2015-05-21,416785493358.0
2015-05-22,491733845221.0
2015-05-25,468991081769.0
2015-05-26,491335374901.0
2015-05-27,512612941729.0
2015-05-28,560725590060.0
2015-05-29,451198081529.0
2015-06-01,422613190673.0
2015-06-02,482900102700.0
2015-06-03,503514256377.0
2015-06-04,475712217351.0
2015-06-05,532996000676.0
2015-06-08,485710798603.0
2015-06-09,388477746229.0
2015-06-10,418037110543.0
2015-06-11,438786620754.0
2015-06-12,483953090186.0
2015-06-15,497774397008.0
2015-06-16,420246781476.0
2015-06-17,384451082491.0
2015-06-18,364849210199.0
2015-06-19,304890416099.0
2015-06-23,301230056321.0
2015-06-24,334728589831.0
2015-06-25,349316863037.0
2015-06-26,266579599774.0
2015-06-29,301574712980.0
2015-06-30,358005801076.0
2015-07-01,341676647293.0
2015-07-02,262425999288.0
2015-07-03,230779720112.0
2015-07-06,264323432428.0
2015-07-07,78684955731.0
2015-07-08,93887151460.0
2015-07-09,129915950371.0
2015-07-10,92027745178.0
2015-07-13,169957844131.0
2015-07-14,250977945591.0
2015-07-15,289383299627.0
2015-07-16,267282377983.0
2015-07-17,262321171357.0
2015-07-20,348624376230.0
2015-07-21,320902960964.0
2015-07-22,344257232867.0
2015-07-23,370515106322.0
2015-07-24,418056044534.0
2015-07-27,364925894674.0
2015-07-28,317984991260.0
2015-07-29,283307533505.0
2015-07-30,309659108996.0
2015-07-31,223756536590.0
2015-08-03,202279481430.0
2015-08-04,238094684293.0
2015-08-05,282388060748.0
2015-08-06,209691017670.0
2015-08-07,281178894804.0
2015-08-10,346808273196.0
2015-08-11,375446921573.0
2015-08-12,311109314946.0
2015-08-13,315614595653.0
2015-08-14,368398869161.0
2015-08-17,347933584125.0
2015-08-18,396868978548.0
2015-08-19,333680341387.0
2015-08-20,302770744961.0
2015-08-21,245513430495.0
2015-08-24,137360602651.0
2015-08-25,131335953297.0
2015-08-26,232504159625.0
2015-08-27,192071721835.0
2015-08-28,231080766912.0
2015-08-31,202214001300.0
2015-09-01,151687542369.0
2015-09-02,158744087438.0
2015-09-07,151934624432.0
2015-09-08,147627469177.0
2015-09-09,236102455336.0
2015-09-10,182389580071.0
2015-09-11,163377710871.0
2015-09-14,186172643221.0
2015-09-15,140961322829.0
2015-09-16,165184453294.0
2015-09-17,220063200982.0
2015-09-18,158271273109.0
2015-09-21,186298024421.0
2015-09-22,217039256104.0
2015-09-23,190417420244.0
2015-09-24,185647161360.0
2015-09-25,183157735630.0
2015-09-28,140785636800.0
2015-09-29,146136609538.0
2015-09-30,122932647239.0
2015-10-08,179906343998.0
2015-10-09,200868765261.0
2015-10-12,274266626142.00003
2015-10-13,255741487825.0
2015-10-14,256032317440.0
2015-10-15,267470190642.0
2015-10-16,316748484267.0
2015-10-19,315738935649.0
2015-10-20,294886961141.0
2015-10-21,370866553863.0
2015-10-22,297896901534.0
2015-10-23,348636915556.0
2015-10-26,372251270702.0
2015-10-27,337026199759.0
2015-10-28,315707419264.0
2015-10-29,268593176249.0
2015-10-30,285902706941.0
2015-11-02,255116865760.0
2015-11-03,214570284360.0
2015-11-04,312030721147.0
2015-11-05,367574317093.0
2015-11-06,335999018927.0
2015-11-09,375662140020.0
2015-11-10,376311338581.0
2015-11-11,365478039552.0
2015-11-12,387833627586.0
2015-11-13,366732561440.0
2015-11-16,301659704827.0
2015-11-17,398803523058.0
2015-11-18,295722654159.0
2015-11-19,293759511413.0
2015-11-20,377355793768.0
2015-11-23,373132778434.0
2015-11-24,279783638446.0
2015-11-25,355974265066.0
2015-11-26,376940830492.0
2015-11-27,372029536495.0
2015-11-30,321899189667.0
2015-12-01,271316596513.0
2015-12-02,236802535284.0
2015-12-03,240931472172.0
2015-12-04,268457359658.0
2015-12-07,258635124187.0
2015-12-08,280221764183.0
2015-12-09,254279454333.0
2015-12-10,256497685772.0
2015-12-11,221143657626.0
2015-12-14,205541261748.0
2015-12-15,237234840581.0
2015-12-16,256712356849.0
2015-12-17,333940239961.0
2015-12-18,316675107900.0
2015-12-21,278292261004.0
2015-12-22,266174291213.0
2015-12-23,299599618164.0
2015-12-24,230327783577.0
2015-12-25,219758197013.0
2015-12-28,298902505852.0
2015-12-29,228954328961.0
2015-12-30,256185892200.0
2015-12-31,240733025926.0
2016-01-04,196597042062.0
2016-01-05,265746817146.0
2016-01-06,227283115352.0
2016-01-07,57536623712.0
2016-01-08,230862791365.0
2016-01-11,194711633491.0
2016-01-12,169839433017.0
2016-01-13,158494624654.0
2016-01-14,166877340334.0
2016-01-15,171047653915.0
2016-01-18,154134667799.0
2016-01-19,185107945510.0
2016-01-20,187428780514.0
2016-01-21,175594988325.0
2016-01-22,145965106672.0
2016-01-25,140599114698.0
2016-01-26,165581391714.0
2016-01-27,159481584662.0
2016-01-28,123800379795.0
2016-01-29,131355165739.0
2016-02-01,115888111197.0
2016-02-02,132941491825.0
2016-02-03,125642740733.0
2016-02-04,147961157207.0
2016-02-05,116833713395.0
2016-02-15,104873393276.0
2016-02-16,160075994969.0
2016-02-17,186376763698.0
2016-02-18,193574638208.0
2016-02-19,168719500867.0
2016-02-22,193573549148.0
2016-02-23,192375010029.0
2016-02-24,196294406341.0
2016-02-25,214208677253.0
2016-02-26,158808004752.0
2016-02-29,138384514856.0
2016-03-01,144811421350.0
2016-03-02,183328415472.0
2016-03-03,200406263164.0
2016-03-04,176786643617.0
2016-03-07,140232207568.0
2016-03-08,165230013777.0
2016-03-09,131949670849.0
2016-03-10,116041794089.0
2016-03-11,97243487910.0
2016-03-14,162135152817.0
2016-03-15,138936751699.0
2016-03-16,125438589307.0
2016-03-17,189804895359.0
2016-03-18,259300762494.0
2016-03-21,276552346964.0
2016-03-22,241633453308.0
2016-03-23,226640670745.0
2016-03-24,251825671577.0
2016-03-25,190955255188.0
2016-03-28,215928721254.0
2016-03-29,179588563276.0
2016-03-30,211359323671.0
2016-03-31,235920249142.0
2016-04-01,189387452178.0
2016-04-05,235074762302.0
2016-04-06,247155543117.0
2016-04-07,244992635977.0
2016-04-08,204479384352.0
2016-04-11,222708545699.0
2016-04-12,207203551791.0
2016-04-13,260240818197.0
2016-04-14,211828651412.0
2016-04-15,202686929195.0
2016-04-18,195984858298.0
2016-04-19,178222698169.0
2016-04-20,268723825427.0
2016-04-21,177356188326.0
2016-04-22,141605207129.0
2016-04-25,131810737698.0
2016-04-26,129001739763.0
2016-04-27,150227601593.0
2016-04-28,152800367533.0
2016-04-29,122400452985.0
2016-05-03,176283680513.0
2016-05-04,182218541915.0
2016-05-05,159725097130.0
2016-05-06,223215785501.0
2016-05-09,162854011302.0
2016-05-10,106923878598.0
2016-05-11,116424748915.0
2016-05-12,120734408883.0
2016-05-13,115494294149.0
2016-05-16,121545887971.0
2016-05-17,151255601433.0
2016-05-18,134288837259.0
2016-05-19,125878844155.0
2016-05-20,124119516106.0
2016-05-23,142334098420.0
2016-05-24,127017486983.0
2016-05-25,126679607763.0
2016-05-26,133875596972.0
2016-05-27,125133472036.0
2016-05-30,106700344207.0
2016-05-31,194238575339.0
2016-06-01,215119392447.0
2016-06-02,194489849842.0
2016-06-03,212065624567.0
2016-06-06,178624009803.0
2016-06-07,169727803623.0
2016-06-08,182132624425.0
2016-06-13,216696630641.0
2016-06-14,148221124197.0
2016-06-15,209026226803.0
2016-06-16,229588023783.0
2016-06-17,216321685126.0
2016-06-20,189191593465.0
2016-06-21,212730466392.0
2016-06-22,183497554670.0
2016-06-23,206445765767.0
2016-06-24,244438163634.0
2016-06-27,220034054718.0
2016-06-28,247242862472.0
2016-06-29,231682357970.0
2016-06-30,208903513699.0
2016-07-01,187653638608.0
2016-07-04,217310725353.0
2016-07-05,240570275151.0
2016-07-06,218862141373.0
2016-07-07,256984834710.0
2016-07-08,209452221941.0
2016-07-11,226031386277.0
2016-07-12,224366454802.0
2016-07-13,224100344983.0
2016-07-14,196195470386.0
2016-07-15,185198324801.0
2016-07-18,177542911111.0
2016-07-19,165460365965.0
2016-07-20,173424018352.0
2016-07-21,187059019869.0
2016-07-22,181249323819.0
2016-07-25,166597863161.0
2016-07-26,156691961508.0
2016-07-27,261486659462.0
2016-07-28,176573206975.0
2016-07-29,131143306467.0
2016-08-01,128066613200.0
2016-08-02,101876042426.0
2016-08-03,120854641287.0
2016-08-04,132268595772.0
2016-08-05,124298674809.0
2016-08-08,124431701888.0
2016-08-09,145633337261.0
2016-08-10,143544116564.0
2016-08-11,132412911267.0
2016-08-12,114363857407.0
2016-08-15,195277198862.0
2016-08-16,191606186857.0
2016-08-17,178017341951.0
2016-08-18,182170470553.0
2016-08-19,156996828431.0
2016-08-22,160225222847.0
2016-08-23,138074214668.0
2016-08-24,137489347306.0
2016-08-25,151154128927.0
2016-08-26,147694791460.0
2016-08-29,129587993621.0
2016-08-30,125029578730.0
2016-08-31,122279403418.0
2016-09-01,132387757954.0
2016-09-02,124613170382.0
2016-09-05,117745329762.0
2016-09-06,157554171838.0
2016-09-07,171722088399.0
2016-09-08,141943741701.0
2016-09-09,144998519562.0
2016-09-12,151318776744.0
2016-09-13,115638613745.0
2016-09-14,108616694516.0
2016-09-19,103063215398.0
2016-09-20,105440721930.0
2016-09-21,100485673651.0
2016-09-22,120755966231.0
2016-09-23,118754330772.0
2016-09-26,126222278677.0
2016-09-27,104531100794.0
2016-09-28,94689853060.0
2016-09-29,94588143036.0
2016-09-30,89522110105.0
2016-10-10,135618493307.00002
2016-10-11,136370266938.0
2016-10-12,132239426849.0
2016-10-13,135800876428.99998
2016-10-14,129299180802.0
2016-10-17,140308733481.0
2016-10-18,139808269931.0
2016-10-19,141308618094.0
2016-10-20,152600387002.0
2016-10-21,147423406929.0
2016-10-24,143944297092.0
2016-10-25,148126856496.0
2016-10-26,164077224671.0
2016-10-27,132814695785.0
2016-10-28,146575230932.0
2016-10-31,132404299048.0
2016-11-01,146060453950.0
2016-11-02,162157502419.0
2016-11-03,181662835283.0
2016-11-04,160812451251.0
2016-11-07,152006310931.0
2016-11-08,150422872835.0
2016-11-09,188453511675.0
2016-11-10,182399439218.0
2016-11-11,191859107882.0
2016-11-14,192935324529.0
2016-11-15,176901786220.0
2016-11-16,186184263171.0
2016-11-17,152817157785.0
2016-11-18,148689991335.0
2016-11-21,145708630623.0
2016-11-22,162509346545.0
2016-11-23,174595353465.0
2016-11-24,152186818102.0
2016-11-25,147288874793.0
2016-11-28,137081351412.0
2016-11-29,143706555314.0
2016-11-30,125122009394.0
2016-12-01,116471723785.0
2016-12-02,132794112772.0
2016-12-05,110838541999.0
2016-12-06,100121982584.0
2016-12-07,108984967065.0
2016-12-08,113543517778.0
2016-12-09,110186325760.0
2016-12-12,166295418475.0
2016-12-13,117766017204.0
2016-12-14,115904878632.0
2016-12-15,114897367781.0
2016-12-16,115873286027.0
2016-12-19,106649742593.0
2016-12-20,100665617571.0
2016-12-21,108185868730.0
2016-12-22,106059278112.0
2016-12-23,105664864294.0
2016-12-26,99960889333.0
2016-12-27,98785575859.0
2016-12-28,95948232593.0
2016-12-29,91567280114.0
2016-12-30,88497972754.0
2017-01-03,92295737978.0
2017-01-04,124607189590.0
2017-01-05,127215023407.0
2017-01-06,128857265513.0
2017-01-09,120109572439.0
2017-01-10,116693464048.0
2017-01-11,111944114891.0
2017-01-12,104485334570.0
2017-01-13,104793121404.0
2017-01-16,131957211130.0
2017-01-17,100008994767.0
2017-01-18,83243029850.0
2017-01-19,77249125089.0
2017-01-20,86141374262.0
2017-01-23,89215376817.0
2017-01-24,81333981761.0
2017-01-25,71069212058.0
2017-01-26,64978765887.0
2017-02-03,57932932701.0
2017-02-06,83371296866.0
2017-02-07,97867641413.0
2017-02-08,102018362032.0
2017-02-09,118604519246.0
2017-02-10,119773975431.0
2017-02-13,111849304175.0
2017-02-14,108652322901.0
2017-02-15,123055990026.0
2017-02-16,110543252905.0
2017-02-17,125109376874.0
2017-02-20,117512643084.0
2017-02-21,131730526025.0
2017-02-22,132212389671.0
2017-02-23,140361467325.0
2017-02-24,125207920259.0
2017-02-27,119249344858.0
2017-02-28,111265692562.0
2017-03-01,124602292425.0
2017-03-02,119730067735.0
2017-03-03,119450900470.0
2017-03-06,129565987843.0
2017-03-07,134165069976.0
2017-03-08,117961846950.0
2017-03-09,117451105110.0
2017-03-10,108811679930.0
2017-03-13,114562101743.0
2017-03-14,119013559408.0
2017-03-15,116569471652.0
2017-03-16,132237346283.0
2017-03-17,153091369014.0
2017-03-20,130411826881.0
2017-03-21,116722044507.0
2017-03-22,130289391574.0
2017-03-23,142487835696.0
2017-03-24,127360347535.0
2017-03-27,126656761563.0
2017-03-28,116556376975.0
2017-03-29,132790409948.0
2017-03-30,149402396606.0
2017-03-31,116854311911.0
2017-04-05,135703573965.0
2017-04-06,136293116130.0
2017-04-07,141871142878.0
2017-04-10,160243731456.0
2017-04-11,177771859335.0
2017-04-12,161321556443.0
2017-04-13,130236620887.0
2017-04-14,132344783150.0
2017-04-17,118180068896.0
2017-04-18,114295841000.0
2017-04-19,120296604745.0
2017-04-20,102351585222.0
2017-04-21,86997414696.0
2017-04-24,95231166494.0
2017-04-25,88521018254.0
2017-04-26,93185981762.0
2017-04-27,121523478588.0
2017-04-28,91507735365.0
2017-05-02,91555396390.0
2017-05-03,103812090445.0
2017-05-04,107023125381.0
2017-05-05,96850515727.0
2017-05-08,92056044650.0
2017-05-09,82754790772.0
2017-05-10,92109196971.0
2017-05-11,101201186950.0
2017-05-12,83456798047.0
2017-05-15,76637996038.0
2017-05-16,110829888598.0
2017-05-17,111325674933.0
2017-05-18,97572377731.0
2017-05-19,85675816084.0
2017-05-22,89326341475.0
2017-05-23,93038987974.0
2017-05-24,77578602666.0
2017-05-25,87980703887.0
2017-05-26,83869905967.0
2017-05-31,77887755928.0
2017-06-01,80735377891.0
2017-06-02,77347424669.0
2017-06-05,70693306769.0
2017-06-06,68888516319.0
2017-06-07,101941733794.0
2017-06-08,97053449065.0
2017-06-09,86608838872.0
2017-06-12,87644992357.0
2017-06-13,86430813358.0
2017-06-14,96077210478.0
2017-06-15,107603745868.0
2017-06-16,94280619569.0
2017-06-19,87490803431.0
2017-06-20,107744746388.0
2017-06-21,99722630680.0
2017-06-22,108096352766.0
2017-06-23,92898270801.0
2017-06-26,87122135085.0
2017-06-27,86202615001.0
2017-06-28,80354042988.0
2017-06-29,78474990538.0
2017-06-30,74481635646.0
2017-07-03,86007917214.0
2017-07-04,84796831142.0
2017-07-05,95840387330.0
2017-07-06,116335709640.0
2017-07-07,108753208490.0
2017-07-10,113139301854.0
2017-07-11,104100943441.0
2017-07-12,100201619694.0
2017-07-13,90255494206.0
2017-07-14,84993306356.0
2017-07-17,121889175255.0
2017-07-18,85783192106.0
2017-07-19,101779968340.0
2017-07-20,111873580039.0
2017-07-21,104559946268.0
2017-07-24,111542285150.0
2017-07-25,97786135064.0
2017-07-26,103958953639.0
2017-07-27,135834473976.00002
2017-07-28,115423343073.0
2017-07-31,128073495888.0
2017-08-01,127857811388.0
2017-08-02,131044199999.0
2017-08-03,122738772866.0
2017-08-04,132178585760.0
2017-08-07,104575537645.0
2017-08-08,126185473324.0
2017-08-09,120218659713.0
2017-08-10,124155840883.0
2017-08-11,122605801088.0
2017-08-14,114207479693.0
2017-08-15,112638071226.0
2017-08-16,127627891817.0
2017-08-17,142863068904.0
2017-08-18,126566450492.0
2017-08-21,112907228511.0
2017-08-22,117494815137.0
2017-08-23,98224535768.0
2017-08-24,94680273384.0
2017-08-25,95324709297.0
2017-08-28,123305883853.0
2017-08-29,121808367107.0
2017-08-30,122792866003.0
2017-08-31,118232619552.0
2017-09-01,145344071167.0
2017-09-04,157747465997.0
2017-09-05,144359211678.0
2017-09-06,156182429558.0
2017-09-07,165223254967.0
2017-09-08,142067251408.0
2017-09-11,147333672658.0
2017-09-12,194414366386.0
2017-09-13,136363024586.0
2017-09-14,147062894025.0
2017-09-15,136089294364.0
2017-09-18,123018529676.0
2017-09-19,128893608389.0
2017-09-20,136776786704.0
2017-09-21,139595051537.0
2017-09-22,119331118010.0
2017-09-25,105585408256.0
2017-09-26,92600446410.0
2017-09-27,98540863438.0
2017-09-28,104257195156.0
2017-09-29,102747856872.0
2017-10-09,122844015250.0
2017-10-10,123864586944.0
2017-10-11,138250232186.0
2017-10-12,121756563051.0
2017-10-13,113476920494.0
2017-10-16,130412466815.0
2017-10-17,85511784301.0
2017-10-18,96559028778.0
2017-10-19,94369987953.0
2017-10-20,79698260200.0
2017-10-23,86394256385.0
2017-10-24,88455359001.0
2017-10-25,83802592325.0
2017-10-26,100752821024.0
2017-10-27,91788513018.0
2017-10-30,109379323427.0
2017-10-31,82283960058.0
2017-11-01,88996750156.0
2017-11-02,90532059474.0
2017-11-03,91895587808.0
2017-11-06,87737442639.0
2017-11-07,96589130701.0
2017-11-08,103615153261.0
2017-11-09,93045904535.0
2017-11-10,107072916267.0
2017-11-13,116483067956.0
2017-11-14,118613215667.0
2017-11-15,98546777312.0
2017-11-16,91634930489.0
2017-11-17,120725017972.0
2017-11-20,88051562196.0
2017-11-21,89707287274.0
2017-11-22,98284532786.0
2017-11-23,95606645744.0
2017-11-24,77199040386.0
2017-11-27,73512573722.0
2017-11-28,72399632427.0
2017-11-29,87373737254.0
2017-11-30,81046478651.0
2017-12-01,78744576107.0
2017-12-04,79210928180.0
2017-12-05,91055716970.0
2017-12-06,80867053371.0
2017-12-07,74113863770.0
2017-12-08,78998601493.0
2017-12-11,88631073704.0
2017-12-12,92036411605.0
2017-12-13,78906518761.0
2017-12-14,83360968976.0
2017-12-15,89636671595.0
2017-12-18,80646669193.0
2017-12-19,73809909933.0
2017-12-20,82955647264.0
2017-12-21,84872324620.0
2017-12-22,79475653682.0
2017-12-25,82112477687.0
2017-12-26,72955067516.0
2017-12-27,81033467225.0
2017-12-28,82854068373.0
2017-12-29,74243423704.0
2018-01-02,83707133096.0
2018-01-03,102536974169.0
2018-01-04,100784812931.0
2018-01-05,103063159904.0
2018-01-08,108927482500.0
2018-01-09,94406583340.0
2018-01-10,103132729869.0
2018-01-11,100924157575.0
2018-01-12,96816230499.0
2018-01-15,112357557863.0
2018-01-16,93053137561.0
2018-01-17,96289669774.0
2018-01-18,76504568940.0
2018-01-19,82542650241.0
2018-01-22,91441691412.0
2018-01-23,86935956658.0
2018-01-24,104123992261.0
2018-01-25,110419614011.0
2018-01-26,92459193031.0
2018-01-29,96707363670.0
2018-01-30,80189948787.0
2018-01-31,98171546816.0
2018-02-01,107037563624.0
2018-02-02,85779041352.0
2018-02-05,72124065612.0
2018-02-06,89122346989.0
2018-02-07,84669998972.0
2018-02-08,64134826761.0
2018-02-09,77570354846.0
2018-02-12,63609252911.0
2018-02-13,63359383863.0
2018-02-14,43830725137.0
2018-02-22,59696646863.0
2018-02-23,65355546883.0
2018-02-26,92903053014.0
2018-02-27,97506319927.0
2018-02-28,96704991194.0
2018-03-01,99824674333.0
2018-03-02,97203093606.0
2018-03-05,87991358320.0
2018-03-06,106045839422.0
2018-03-07,90815161510.0
2018-03-08,85662966992.0
2018-03-09,117552935951.0
2018-03-12,141019772522.0
2018-03-13,124524862727.0
2018-03-14,105572468243.0
2018-03-15,101370411929.0
2018-03-16,96945056997.0
2018-03-19,95364093129.0
2018-03-20,91422981764.0
2018-03-21,108171085805.0
2018-03-22,95035967886.0
2018-03-23,134073518471.0
2018-03-26,100812349875.0
2018-03-27,125765171760.0
2018-03-28,114583810320.0
2018-03-29,103627875072.0
2018-03-30,122028120071.0
2018-04-02,144707510289.0
2018-04-03,119149820059.0
2018-04-04,110084215457.0
2018-04-09,100709174674.0
2018-04-10,108045600201.0
2018-04-11,106801497711.0
2018-04-12,100232284796.0
2018-04-13,96831602179.0
2018-04-16,106511641523.0
2018-04-17,113726637979.0
2018-04-18,115408099670.0
2018-04-19,116777128618.0
2018-04-20,106681871684.0
2018-04-23,97061447853.0
2018-04-24,102103829030.0
2018-04-25,105670155709.0
2018-04-26,102440967849.0
2018-04-27,87367126700.0
2018-05-02,84243590251.0
2018-05-03,89969064179.0
2018-05-04,81139188221.0
2018-05-07,92215181527.0
2018-05-08,95491124788.0
2018-05-09,90805977420.0
2018-05-10,100837088368.0
2018-05-11,98028945089.0
2018-05-14,89152791045.0
2018-05-15,84281140979.0
2018-05-16,90879753645.0
2018-05-17,80162192426.0
2018-05-18,81680877925.0
2018-05-21,102009740340.0
2018-05-22,98187717272.0
2018-05-23,100747569477.0
2018-05-24,81489424839.0
2018-05-25,90378164756.0
2018-05-28,87479487394.0
2018-05-29,86579041762.0
2018-05-30,93165870744.0
2018-05-31,83182529027.0
2018-06-01,81134180415.0
2018-06-04,71260565458.0
2018-06-05,74310086201.0
2018-06-06,71303041951.0
2018-06-07,71841700449.0
2018-06-08,72563522350.0
2018-06-11,69793425818.0
2018-06-12,72829426239.0
2018-06-13,71855912240.0
2018-06-14,67147895200.0
2018-06-15,79768923408.0
2018-06-19,93109900884.0
2018-06-20,74756509690.0
2018-06-21,76792618036.0
2018-06-22,65480025308.0
2018-06-25,63545473342.0
2018-06-26,69217247778.0
2018-06-27,67785255104.0
2018-06-28,61725209020.0
2018-06-29,77144995552.0
2018-07-02,79919677504.0
2018-07-03,82407966444.0
2018-07-04,72913236028.0
2018-07-05,70113471481.0
2018-07-06,78104095295.0
2018-07-09,74185373572.0
2018-07-10,72434306921.0
2018-07-11,77936225072.0
2018-07-12,89785490447.0
2018-07-13,82498127972.0
2018-07-16,72620667862.0
2018-07-17,71748989541.0
2018-07-18,80725037245.0
2018-07-19,70939866533.0
2018-07-20,72528602567.0
2018-07-23,90878658192.0
2018-07-24,105166550178.0
2018-07-25,99853622620.0
2018-07-26,96080750664.0
2018-07-27,82102031192.0
2018-07-30,79837798128.0
2018-07-31,63163843028.0
2018-08-01,73307034781.0
2018-08-02,86621493288.0
2018-08-03,67724825143.00001
2018-08-06,66166028456.0
2018-08-07,71120255974.0
2018-08-08,74883908748.0
2018-08-09,81366329671.0
2018-08-10,66759757350.0
2018-08-13,69365557657.0
2018-08-14,65524312472.0
2018-08-15,64869450911.0
2018-08-16,59925464647.0
2018-08-17,62608576683.0
2018-08-20,58724469705.0
2018-08-21,61982377569.0
2018-08-22,54877234343.0
2018-08-23,55509964412.0
2018-08-24,51240119783.0
2018-08-27,68228198045.0
2018-08-28,64235740443.0
2018-08-29,54824237186.0
2018-08-30,55777573610.0
2018-08-31,47980878505.0
2018-09-03,51330344236.0
2018-09-04,59277313507.0
2018-09-05,59381385166.0
2018-09-06,55142631666.0
2018-09-07,62130611346.0
2018-09-10,55162475089.0
2018-09-11,48253683353.0
2018-09-12,47397897336.0
2018-09-13,54934177145.0
2018-09-14,54855270731.0
2018-09-17,46478780991.0
2018-09-18,55060763536.0
2018-09-19,69159707952.0
2018-09-20,57064620037.0
2018-09-21,64820658649.0
2018-09-25,50502105758.0
2018-09-26,61325493712.0
2018-09-27,64293847329.0
2018-09-28,52967811692.0
2018-10-08,54106351318.0
2018-10-09,47123964441.0
2018-10-10,48610881218.0
2018-10-11,74347639357.0
2018-10-12,64658293969.0
2018-10-15,48052709122.0
2018-10-16,47186685341.0
2018-10-17,51307601808.0
2018-10-18,46922879074.0
2018-10-19,52467072129.0
2018-10-22,78733931103.0
2018-10-23,64972902317.0
2018-10-24,51683897541.0
2018-10-25,54095958495.0
2018-10-26,54886653336.0
2018-10-29,45334105452.0
2018-10-30,52401145841.0
2018-10-31,58588631654.0
2018-11-01,72544522981.0
2018-11-02,84500665825.0
2018-11-05,85599065928.0
2018-11-06,70263865418.0
2018-11-07,78131105964.0
2018-11-08,67042413437.0
2018-11-09,57847417540.0
2018-11-12,79058921169.0
2018-11-13,110675590284.0
2018-11-14,102248854739.0
2018-11-15,98251297928.0
2018-11-16,112892557663.0
2018-11-19,104590710359.0
2018-11-20,107041121698.0
2018-11-21,88895579073.0
2018-11-22,82918027975.0
2018-11-23,90616613287.0
2018-11-26,65014630744.0
2018-11-27,65150613079.0
2018-11-28,75637444644.0
2018-11-29,78275842072.0
2018-11-30,66551728224.0
2018-12-03,96215886871.0
2018-12-04,85892802957.0
2018-12-05,84482339084.0
2018-12-06,79753769313.0
2018-12-07,64388204032.0
2018-12-10,58691325581.0
2018-12-11,56654481427.0
2018-12-12,57094407392.0
2018-12-13,68705143216.99999
2018-12-14,70442358887.0
2018-12-17,58182573205.0
2018-12-18,54870287471.0
2018-12-19,52105495546.0
2018-12-20,53215425755.0
2018-12-21,52669282672.0
2018-12-24,52081686315.0
2018-12-25,67847067835.99999
2018-12-26,59087001022.0
2018-12-27,61134582651.0
2018-12-28,54911219957.0
2019-01-02,51171591592.0
2019-01-03,59963718907.0
2019-01-04,74604288122.0
2019-01-07,84142072997.0
2019-01-08,77211978386.0
2019-01-09,90323079405.0
2019-01-10,76631474968.0
2019-01-11,75818247186.0
2019-01-14,71993615228.0
2019-01-15,73876173547.0
2019-01-16,77549373894.0
2019-01-17,74696621201.0
2019-01-18,76103651830.0
2019-01-21,73221895172.0
2019-01-22,69420770224.0
2019-01-23,61499275482.0
2019-01-24,75010565322.0
2019-01-25,74904771976.0
2019-01-28,68147085773.0
2019-01-29,68249301897.0
2019-01-30,53022814642.0
2019-01-31,63203518732.0
2019-02-01,55541876109.0
2019-02-11,70215619013.0
2019-02-12,82629735708.0
2019-02-13,104015365070.0
2019-02-14,94815094305.0
2019-02-15,95045907527.0
2019-02-18,126605605709.0
2019-02-19,144738821891.0
2019-02-20,120994900641.0
2019-02-21,146912934520.0
2019-02-22,139177107999.0
2019-02-25,221186481034.0
2019-02-26,237811039543.0
2019-02-27,199380875662.0
2019-02-28,157172166220.0
2019-03-01,144135514755.0
2019-03-04,229683237576.0
2019-03-05,224048221898.0
2019-03-06,268739022464.0
2019-03-07,281468136817.0
2019-03-08,284791306127.0
2019-03-11,238269711029.0
2019-03-12,288602029587.0
2019-03-13,270134255870.0
2019-03-14,203658637883.0
2019-03-15,181639593613.0
2019-03-18,194835229494.0
2019-03-19,194823301711.0
2019-03-20,193413375730.0
2019-03-21,221912212750.0
2019-03-22,203033343332.0
2019-03-25,206303975728.0
2019-03-26,192900258021.0
2019-03-27,162690155880.0
2019-03-28,160350785872.0
2019-03-29,180058259027.0
2019-04-01,234851783769.0
2019-04-02,257249096076.0
2019-04-03,224565547998.0
2019-04-04,236689378072.0
2019-04-08,251492492718.0
2019-04-09,202088647179.0
2019-04-10,212910291332.0
2019-04-11,199234187183.0
2019-04-12,162809728883.0
2019-04-15,185536339431.0
2019-04-16,188469346877.0
2019-04-17,211305442675.0
2019-04-18,197321501442.0
2019-04-19,188108478183.0
2019-04-22,200119577791.0
2019-04-23,194864981089.0
2019-04-24,168277851296.0
2019-04-25,194913302049.0
2019-04-26,156953361750.0
2019-04-29,159161375560.0
2019-04-30,121499693590.0
2019-05-06,142768082881.0
2019-05-07,122706351577.0
2019-05-08,122170345280.0
2019-05-09,101339372286.0
2019-05-10,147577170780.0
2019-05-13,116514306740.0
2019-05-14,111777600938.0
2019-05-15,125459215893.0
2019-05-16,140114141632.0
2019-05-17,146944127920.0
2019-05-20,116034654426.0
2019-05-21,123312608213.0
2019-05-22,125880553938.0
2019-05-23,126772573519.0
2019-05-24,100109667373.0
2019-05-27,112353931391.0
2019-05-28,123386254022.0
2019-05-29,107908815321.0
2019-05-30,116872440922.0
2019-05-31,108844784316.0
2019-06-03,120180125113.0
2019-06-04,103214142560.0
2019-06-05,93763500890.0
2019-06-06,91560835564.0
2019-06-10,81439991462.0
2019-06-11,128856731527.0
2019-06-12,126728123308.0
2019-06-13,111687155315.0
2019-06-14,107780217415.0
2019-06-17,82380618558.0
2019-06-18,79910507784.0
2019-06-19,115348653962.0
2019-06-20,127095612031.0
2019-06-21,146173110364.0
2019-06-24,117397617415.0
2019-06-25,118982417050.0
2019-06-26,98629319717.0
2019-06-27,113704464043.0
2019-06-28,107858829036.0
2019-07-01,139046134051.0
2019-07-02,126589280223.0
2019-07-03,112247589313.0
2019-07-04,104799734100.0
2019-07-05,91252457367.0
2019-07-08,110352018126.0
2019-07-09,85680911937.0
2019-07-10,80476356044.0
2019-07-11,81521539095.0
2019-07-12,77845992716.0
2019-07-15,96427011928.0
2019-07-16,83811876851.0
2019-07-17,91936571597.0
2019-07-18,87163903171.0
2019-07-19,80605050384.0
2019-07-22,85364469420.0
2019-07-23,66786575959.0
2019-07-24,83093607435.0
2019-07-25,80872563114.0
2019-07-26,73887888092.0
2019-07-29,72910013003.0
2019-07-30,80201215330.0
2019-07-31,76220353068.0
2019-08-01,74633281066.0
2019-08-02,90404221005.0
2019-08-05,84344643150.0
2019-08-06,106405984957.0
2019-08-07,80820458064.0
2019-08-08,77490922100.0
2019-08-09,82880629987.0
2019-08-12,72932271078.0
2019-08-13,75548259802.0
2019-08-14,87741863601.0
2019-08-15,89496568173.0
2019-08-16,95365366312.0
2019-08-19,124495070263.0
2019-08-20,125167520208.0
2019-08-21,110244839548.0
2019-08-22,108846747075.0
2019-08-23,113100762423.0
2019-08-26,109519347945.0
2019-08-27,131492474934.0
2019-08-28,126664510505.0
2019-08-29,119190175860.0
2019-08-30,139678893637.0
2019-09-02,134021224841.0
2019-09-03,140780148223.0
2019-09-04,145063879888.0
2019-09-05,186631534741.0
2019-09-06,153027092752.0
2019-09-09,177704943558.0
2019-09-10,182214032551.0
2019-09-11,157993963575.0
2019-09-12,128460069185.0
2019-09-16,148105221609.0
2019-09-17,147443661504.0
2019-09-18,116907097979.0
2019-09-19,121151399498.0
2019-09-20,132147190967.0
2019-09-23,123349999942.0
2019-09-24,138886197943.0
2019-09-25,135425040255.0
2019-09-26,130092529713.0
2019-09-27,93242836274.0
2019-09-30,79381186612.0
2019-10-08,81372687416.0
2019-10-09,83088853235.0
2019-10-10,98623064006.0
2019-10-11,105849945102.0
2019-10-14,122006687673.0
2019-10-15,112586338868.0
2019-10-16,98213036520.0
2019-10-17,87362653449.0
2019-10-18,100132540180.0
2019-10-21,86943131360.0
2019-10-22,87413220644.0
2019-10-23,90665801412.0
2019-10-24,86720512663.0
2019-10-25,95200451713.0
2019-10-28,129515026943.0
2019-10-29,145139350790.0
2019-10-30,130346023769.0
2019-10-31,114532026286.0
2019-11-01,102087111192.0
2019-11-04,115854267497.0
2019-11-05,114846792363.0
2019-11-06,110315090510.0
2019-11-07,99247548684.0
2019-11-08,107787205244.0
2019-11-11,101788715345.0
2019-11-12,87981787314.0
2019-11-13,83519545574.0
2019-11-14,89861875069.0
2019-11-15,94989487630.0
2019-11-18,84279221715.0
2019-11-19,103179257854.0
2019-11-20,105897649851.0
2019-11-21,87003103382.0
2019-11-22,110942790236.0
2019-11-25,94917934165.0
2019-11-26,81766793239.0
2019-11-27,84266473486.0
2019-11-28,78914007804.0
2019-11-29,75244012913.0
2019-12-02,78466522887.0
2019-12-03,82771877621.0
2019-12-04,85034984554.0
2019-12-05,100036170146.0
2019-12-06,99234950821.0
2019-12-09,109703719692.0
2019-12-10,111390094401.0
2019-12-11,113801506936.0
2019-12-12,115509395240.0
2019-12-13,123138289404.0
2019-12-16,150423034322.0
2019-12-17,175006040758.0
2019-12-18,164407452931.0
2019-12-19,148945729038.0
2019-12-20,141949915480.0
2019-12-23,127150120515.0
2019-12-24,112384442202.0
2019-12-25,130934367626.0
2019-12-26,128982590237.0
2019-12-27,155240019886.0
2019-12-30,140313125055.0
2019-12-31,132463860030.0
2020-01-02,176874948019.0
2020-01-03,178295040891.0
2020-01-06,203211064767.0
2020-01-07,201537254680.0
2020-01-08,213888094699.0
2020-01-09,187336849364.0
2020-01-10,173850556719.0
2020-01-13,172362974861.0
2020-01-14,184340199175.0
2020-01-15,165877789555.0
2020-01-16,162778573690.0
2020-01-17,157111565030.0
2020-01-20,167625390987.0
2020-01-21,172604389451.0
2020-01-22,180180672739.0
2020-01-23,199558188298.0
2020-02-03,82967244446.0
2020-02-04,217391387299.0
2020-02-05,211215505958.0
2020-02-06,221846850782.0
2020-02-07,234210907572.0
2020-02-10,225934645910.0
2020-02-11,190484765963.0
2020-02-12,212220811030.0
2020-02-13,234650257291.0
2020-02-14,213876159031.0
2020-02-17,242894906805.0
2020-02-18,275800965332.0
2020-02-19,289044889829.0
2020-02-20,271785954512.00003
2020-02-21,310673738092.0
2020-02-24,343773410543.0
2020-02-25,395393684965.0
2020-02-26,348120245542.0
2020-02-27,282370521850.0
2020-02-28,287562561996.0
2020-03-02,253459829410.0
2020-03-03,307524313165.0
2020-03-04,255394345474.0
2020-03-05,291549028795.0
2020-03-06,254972181157.0
2020-03-09,282561225684.0
2020-03-10,281697179890.0
2020-03-11,263523061378.0
2020-03-12,213040444575.0
2020-03-13,242885912820.0
2020-03-16,242635524305.0
2020-03-17,196893927135.0
2020-03-18,208457587163.0
2020-03-19,188376962928.0
2020-03-20,174169396391.0
2020-03-23,164487504595.0
2020-03-24,170351799546.0
2020-03-25,173826281070.0
2020-03-26,156197376317.0
2020-03-27,148738322872.0
2020-03-30,152032095018.0
2020-03-31,134577123555.0
2020-04-01,141779249943.0
2020-04-02,145762147824.0
2020-04-03,142765023766.0
2020-04-07,176686381426.0
2020-04-08,176221119095.0
2020-04-09,171622575709.0
2020-04-10,182471017554.0
2020-04-13,131715042982.0
2020-04-14,141850181136.0
2020-04-15,163166374511.0
2020-04-16,156510143338.0
2020-04-17,188354568942.0
2020-04-20,166394712722.0
2020-04-21,174277551265.0
2020-04-22,163030609782.0
2020-04-23,183378206089.0
2020-04-24,169234196142.0
2020-04-27,138599116360.0
2020-04-28,169968465710.0
2020-04-29,132053812508.0
2020-04-30,161685978400.0
2020-05-06,168544766034.0
2020-05-07,167389808202.0
2020-05-08,165949771133.0
2020-05-11,163332597984.0
2020-05-12,147147225539.0
2020-05-13,147515060094.0
2020-05-14,160866269779.0
2020-05-15,166475103474.0
2020-05-18,189759008665.0
2020-05-19,167009746140.0
2020-05-20,180294652741.0
2020-05-21,158337084694.0
2020-05-22,145612134936.0
2020-05-25,120563570978.0
2020-05-26,132765358165.0
2020-05-27,150578071941.0
2020-05-28,149103385996.0
2020-05-29,150136748134.0
2020-06-01,188451522805.0
2020-06-02,197788386661.0
2020-06-03,195243573259.0
2020-06-04,168485470618.0
2020-06-05,161508818261.0
2020-06-08,163815206139.0
2020-06-09,152026368627.0
2020-06-10,151981628039.0
2020-06-11,172161069637.0
2020-06-12,167290673675.0
2020-06-15,189672191799.0
2020-06-16,180425933243.0
2020-06-17,193744325679.0
2020-06-18,183028638087.0
2020-06-19,173462469211.0
2020-06-22,192810179290.0
2020-06-23,181644238941.0
2020-06-24,178738787191.0
2020-06-29,173959852927.0
2020-06-30,181632340549.0
2020-07-01,213263391850.0
2020-07-02,241364270934.0
2020-07-03,249939764522.0
2020-07-06,331901734648.0
2020-07-07,374657718481.0
2020-07-08,351470291291.0
2020-07-09,406142789421.0
2020-07-10,379011160073.0
2020-07-13,381440417137.0
2020-07-14,411063726682.0
2020-07-15,366699098039.0
2020-07-16,324154549373.0
2020-07-17,240558176772.0
2020-07-20,252685853790.0
2020-07-21,252381394451.0
2020-07-22,272397056867.99997
2020-07-23,288563974957.0
2020-07-24,311932207622.0
2020-07-27,220049471287.0
2020-07-28,212545887891.0
2020-07-29,238009412507.0
2020-07-30,268238848254.0
2020-07-31,270041731957.00003
2020-08-03,323209869610.0
2020-08-04,331413494399.0
2020-08-05,301601517030.0
2020-08-06,315215469196.0
2020-08-07,304012182083.0
2020-08-10,284390438387.0
2020-08-11,279826494465.0
2020-08-12,250760812109.0
2020-08-13,210659776102.0
2020-08-14,196519348386.0
2020-08-17,243906635357.0
2020-08-18,260025317328.0
2020-08-19,253768040210.0
2020-08-20,206434705747.0
2020-08-21,198408317869.0
2020-08-24,198458102809.0
2020-08-25,224709858688.0
2020-08-26,228341901649.0
2020-08-27,195256207913.0
2020-08-28,205452187191.0
2020-08-31,226598185930.0
2020-09-01,193143478010.0
2020-09-02,222937861246.0
2020-09-03,213757371591.0
2020-09-04,195514690533.0
2020-09-07,240337422033.0
2020-09-08,222397705269.0
2020-09-09,263183141594.0
2020-09-10,209888700656.0
2020-09-11,153052036936.0
2020-09-14,181353457242.0
2020-09-15,169021320861.0
2020-09-16,147270154899.0
2020-09-17,154602836222.0
2020-09-18,168901949858.0
2020-09-21,167830648575.0
2020-09-22,149668907423.0
2020-09-23,140615004126.0
2020-09-24,144666426785.0
2020-09-25,120179722129.0
2020-09-28,111085958508.0
2020-09-29,114719731017.0
2020-09-30,111390909430.0
2020-10-09,150455877358.0
2020-10-12,211054929393.0
2020-10-13,182425638779.0
2020-10-14,177624661641.0
2020-10-15,160593829402.0
2020-10-16,143600861869.0
2020-10-19,148409262804.0
2020-10-20,136913522801.0
2020-10-21,143322048506.0
2020-10-22,130130456671.0
2020-10-23,137054187180.0
2020-10-26,119290491538.0
2020-10-27,122904862743.0
2020-10-28,139876950149.0
2020-10-29,142806407411.0
2020-10-30,165146549975.0
2020-11-02,150018713993.0
2020-11-03,153123644965.0
2020-11-04,138683943106.0
2020-11-05,164787764964.0
2020-11-06,168933507628.0
2020-11-09,208255330863.0
2020-11-10,183639146537.0
2020-11-11,161158470908.0
2020-11-12,137048414058.99998
2020-11-13,138023818673.0
2020-11-16,159852458499.0
2020-11-17,167286791677.0
2020-11-18,151152448723.0
2020-11-19,154146748464.0
2020-11-20,152519866839.0
2020-11-23,183405820140.0
2020-11-24,167896340685.0
2020-11-25,170841521047.0
2020-11-26,142739211669.0
2020-11-27,133606292308.0
2020-11-30,149582267263.0
2020-12-01,147694519565.0
2020-12-02,161755616286.0
2020-12-03,147926078227.0
2020-12-04,135066144027.00002
2020-12-07,147139608234.0
2020-12-08,138808514327.0
2020-12-09,158766773326.0
2020-12-10,137778936149.0
2020-12-11,160582018029.0
2020-12-14,140696279120.0
2020-12-15,140803863118.0
2020-12-16,144189418678.0
2020-12-17,163044631084.0
2020-12-18,164303646907.0
2020-12-21,183389850809.0
2020-12-22,201278428007.0
2020-12-23,206344944445.0
2020-12-24,191348348674.0
2020-12-25,179694541061.0
2020-12-28,199661749782.0
2020-12-29,190483180104.0
2020-12-30,175274043622.0
2020-12-31,187774927790.0
2021-01-04,227626018850.0
2021-01-05,250731503474.0
2021-01-06,234002446129.0
2021-01-07,238048917820.0
2021-01-08,208803739651.0
2021-01-11,214024719290.0
2021-01-12,187562417324.0
2021-01-13,213667984422.0
2021-01-14,199066138854.0
2021-01-15,177611581595.0
2021-01-18,185540404755.0
2021-01-19,198089390336.0
2021-01-20,171733985227.0
2021-01-21,203918038744.0
2021-01-22,210019026583.0
2021-01-25,226714686594.0
2021-01-26,195248483915.0
2021-01-27,174269124030.0
2021-01-28,166111945259.0
2021-01-29,178522473493.0
2021-02-01,155005222719.0
2021-02-02,163105371680.0
2021-02-03,168984844828.0
2021-02-04,166461911034.0
2021-02-05,146098526983.0
2021-02-08,125072578598.0
2021-02-09,136524985713.99998
2021-02-10,135598368546.99998
2021-02-18,172637699199.0
2021-02-19,174247205891.0
2021-02-22,229273521252.0
2021-02-23,177899887509.0
2021-02-24,174898934275.0
2021-02-25,150532549522.0
2021-02-26,138979958129.0
2021-03-01,148068662266.0
2021-03-02,160394826703.0
2021-03-03,151718894441.0
2021-03-04,167852363381.0
2021-03-05,147790494052.0
2021-03-08,164778684709.0
2021-03-09,161655176837.0
2021-03-10,120671600123.0
2021-03-11,128575418352.0
2021-03-12,136378733732.0
2021-03-15,131813838900.0
2021-03-16,134210914770.0
2021-03-17,124790972989.0
2021-03-18,130271867770.0
2021-03-19,128556100761.0
2021-03-22,138130217766.0
2021-03-23,151761502258.0
2021-03-24,138421515993.0
2021-03-25,123533451359.0
2021-03-26,131109124224.0
2021-03-29,138044294148.0
2021-03-30,135741010151.0
2021-03-31,118374103734.0
2021-04-01,116301204288.0
2021-04-02,127464871317.0
2021-04-06,123752514492.0
2021-04-07,128879006109.0
2021-04-08,138981358808.0
2021-04-09,130323907326.0
2021-04-12,139761863767.0
2021-04-13,120402625058.0
2021-04-14,118610597391.0
2021-04-15,117020362031.0
2021-04-16,134720826706.99998
2021-04-19,155002380906.0
2021-04-20,158701516477.0
2021-04-21,136567826236.99998
2021-04-22,139471177204.0
2021-04-23,142037770209.0
2021-04-26,161805682267.0
2021-04-27,138737723145.0
2021-04-28,145603699628.0
2021-04-29,146138222941.0
2021-04-30,152175446820.0
2021-05-06,151692887238.0
2021-05-07,164129196921.0
2021-05-10,161260345320.0
2021-05-11,157533784579.0
2021-05-12,146828434637.0
2021-05-13,160167348181.0
2021-05-14,164857674941.0
2021-05-17,166775852634.0
2021-05-18,148691019174.0
2021-05-19,153000631789.0
2021-05-20,162941003097.0
2021-05-21,147932908468.0
2021-05-24,153822853061.0
2021-05-25,171576235151.0
2021-05-26,176675027687.0
2021-05-27,183790791100.0
2021-05-28,201076414984.0
2021-05-31,202848608380.0
2021-06-01,212099119082.0
2021-06-02,208753898524.0
2021-06-03,192981417786.0
2021-06-04,192969533064.0
2021-06-07,203918218927.0
2021-06-08,210928242322.0
2021-06-09,189042236273.0
2021-06-10,219424596295.0
2021-06-11,238809079827.0
2021-06-15,214928430465.0
2021-06-16,208080324081.0
2021-06-17,206785950885.0
2021-06-18,213850199583.0
2021-06-21,220549422325.0
2021-06-22,222850112345.0
2021-06-23,222684709547.0
2021-06-24,212191574101.0
2021-06-25,216200622344.0
2021-06-28,212154422922.0
2021-06-29,221964395084.0
2021-06-30,218687134307.0
2021-07-01,223812255853.0
2021-07-02,216582554629.0
2021-07-05,223489244302.0
2021-07-06,248979386027.0
2021-07-07,233955803774.0
2021-07-08,265134996163.0
2021-07-09,253401299917.0
2021-07-12,291238640176.0
2021-07-13,289353537337.0
2021-07-14,284232588937.0
2021-07-15,269135630744.00003
2021-07-16,275657933913.0
2021-07-19,263845387110.0
2021-07-20,235171690685.0
2021-07-21,283891003474.0
2021-07-22,301835554558.0
2021-07-23,317119668125.0
2021-07-26,311265253170.0
2021-07-27,340951417104.0
2021-07-28,282261771388.0
2021-07-29,284565746268.0
2021-07-30,315095884199.0
2021-08-02,338912944282.0
2021-08-03,318057358861.0
2021-08-04,297192357353.0
2021-08-05,303102914279.0
2021-08-06,291705911007.0
2021-08-09,287557697468.0
2021-08-10,303106788139.0
2021-08-11,293467645353.0
2021-08-12,307992404107.0
2021-08-13,310770377827.0
2021-08-16,292491129785.0
2021-08-17,283827878533.0
2021-08-18,248677524524.0
2021-08-19,261439116693.0
2021-08-20,260935227706.0
2021-08-23,305726382633.0
2021-08-24,322685537102.0
2021-08-25,303214016077.0
2021-08-26,319065759861.0
2021-08-27,302869378358.0
2021-08-30,350488457029.0
2021-08-31,325712852044.0
2021-09-01,372375967438.0
2021-09-02,307631326161.0
2021-09-03,357957527858.0
2021-09-06,314079151637.0
2021-09-07,314304834649.0
2021-09-08,333805403380.0
2021-09-09,318584828295.0
2021-09-10,335009104200.0
2021-09-13,331165025672.0
2021-09-14,353788173973.0
2021-09-15,315047723282.0
2021-09-16,335038218299.0
2021-09-17,302870263383.0
2021-09-22,252891873966.0
2021-09-23,294020855222.0
2021-09-24,286416524871.0
2021-09-27,291997510924.0
2021-09-28,220715356034.0
2021-09-29,227988709790.0
2021-09-30,199724657604.0
2021-10-08,220528170939.0
2021-10-11,206333884117.0
2021-10-12,210114885163.0
2021-10-13,181326973999.0
2021-10-14,180774917360.0
2021-10-15,205628057598.0
2021-10-18,210714460240.0
2021-10-19,218453954430.0
2021-10-20,233243184570.0
2021-10-21,231495317501.0
2021-10-22,234923341447.0
2021-10-25,229352708070.0
2021-10-26,247127097235.0
2021-10-27,237450353227.0
2021-10-28,245016892455.0
2021-10-29,242992419491.0
2021-11-01,261518592698.0
2021-11-02,275960322375.0
2021-11-03,217571923209.0
2021-11-04,250815025557.0
2021-11-05,263997505361.0
2021-11-08,232399366184.0
2021-11-09,238368109883.0
2021-11-10,247966822805.0
2021-11-11,251993407440.0
2021-11-12,262031372104.0
2021-11-15,282613803551.0
2021-11-16,259612341923.0
2021-11-17,252238405127.0
2021-11-18,286034813027.0
2021-11-19,276256499326.0
2021-11-22,305323561642.0
2021-11-23,303524169410.0
2021-11-24,289619716104.0
2021-11-25,273718377999.0
2021-11-26,277650502411.0
2021-11-29,289465062018.0
2021-11-30,309404450684.0
2021-12-01,288748402251.0
2021-12-02,273790811830.99997
2021-12-03,265004140729.0
2021-12-06,274404843805.0
2021-12-07,272840125066.99997
2021-12-08,242658250407.0
2021-12-09,261370673351.0
2021-12-10,257041896637.0
2021-12-13,274566342037.0
2021-12-14,277460584034.0
2021-12-15,277025956382.0
2021-12-16,259653986858.0
2021-12-17,264934151851.0
2021-12-20,263220863586.0
2021-12-21,226989097068.0
2021-12-22,255276249464.0
2021-12-23,267757755536.0
2021-12-24,278501099538.0
2021-12-27,232653035423.0
2021-12-28,237637913069.0
2021-12-29,244249905689.0
2021-12-30,250673283092.0
2021-12-31,264776590576.0
2022-01-04,309512979161.0
2022-01-05,299531733404.0
2022-01-06,259362890700.0
2022-01-07,276004630982.0
2022-01-10,243826238697.0
2022-01-11,246010054172.0
2022-01-12,249094030939.0
2022-01-13,258476507678.0
2022-01-14,258256239441.0
2022-01-17,283638423267.0
2022-01-18,298301903760.0
2022-01-19,252520833835.0
2022-01-20,262493949535.0
2022-01-21,229180680728.0
2022-01-24,208467434781.0
2022-01-25,220574271353.0
2022-01-26,177201522835.0
2022-01-27,176645968676.0
2022-01-28,170642747208.0
2022-02-07,172407917151.0
2022-02-08,181069632952.0
2022-02-09,208591945488.0
2022-02-10,197454786521.0
2022-02-11,207661884883.0
2022-02-14,177109077372.0
2022-02-15,178296061342.0
2022-02-16,181452903120.0
2022-02-17,211816617036.0
2022-02-18,187819463220.0
2022-02-21,209089466896.0
2022-02-22,228319653233.0
2022-02-23,254406852942.0
2022-02-24,330551055989.0
2022-02-25,239033138200.0
2022-02-28,227995523681.0
2022-03-01,228666185140.0
2022-03-02,209899647509.0
2022-03-03,224684682743.0
2022-03-04,219627323043.0
2022-03-07,212810973375.0
2022-03-08,242299631186.0
2022-03-09,251456777515.0
2022-03-10,239213381233.0
2022-03-11,229253721341.0
2022-03-14,209426537953.0
2022-03-15,232508541805.0
2022-03-16,246843416947.0
2022-03-17,273063659427.99997
2022-03-18,209608678636.0
2022-03-21,224493452291.0
2022-03-22,214266470541.0
2022-03-23,207033471588.0
2022-03-24,208970254471.0
2022-03-25,207338041616.0
2022-03-28,191046714993.0
2022-03-29,194872626141.0
2022-03-30,196283755398.0
2022-03-31,222112491730.0
2022-04-01,189378818009.0
2022-04-06,194867322323.0
2022-04-07,200882260976.0
2022-04-08,206608721145.0
2022-04-11,213999658201.0
2022-04-12,196890756063.0
2022-04-13,189187911522.0
2022-04-14,183660827023.0
2022-04-15,200901915930.0
2022-04-18,166723132880.0
2022-04-19,166851629257.0
2022-04-20,174579261330.0
2022-04-21,177864921933.0
2022-04-22,151155936368.0
2022-04-25,174524590815.0
2022-04-26,165807825798.0
2022-04-27,184237856946.0
2022-04-28,176020109305.0
2022-04-29,194308131750.0
2022-05-05,179484911788.0
2022-05-06,153608753806.0
2022-05-09,136636743005.0
2022-05-10,175537619101.0
2022-05-11,225487279200.0
2022-05-12,171688073400.0
2022-05-13,156378894000.0
2022-05-16,162466414900.0
2022-05-17,174362784500.0
2022-05-18,164756082821.0
2022-05-19,175297021843.0
2022-05-20,187575882310.0
2022-05-23,186473051012.0
2022-05-24,221027385077.0
2022-05-25,169986108957.0
2022-05-26,175940574556.0
2022-05-27,177212700091.0
2022-05-30,169965799929.0
2022-05-31,194983645616.0
2022-06-01,189585194724.0
2022-06-02,190173332799.0
2022-06-06,236744951515.0
2022-06-07,226233068181.0
2022-06-08,235551929179.0
2022-06-09,207132899086.0
2022-06-10,216472763742.0
2022-06-13,239249879350.0
2022-06-14,237101198950.0
2022-06-15,259960615605.0
2022-06-16,233202108586.0
2022-06-17,241013889303.0
2022-06-20,261623249044.0
2022-06-21,242436586882.0
2022-06-22,219574888485.0
2022-06-23,238813201794.0
2022-06-24,260609800889.0
2022-06-27,274018808658.99997
2022-06-28,272953953626.99997
2022-06-29,291483505808.0
2022-06-30,250604924014.0
2022-07-01,233832177533.0
2022-07-04,252318362549.0
2022-07-05,264570261821.0
2022-07-06,238627648649.0
2022-07-07,228172329065.0
2022-07-08,229822927631.0
2022-07-11,222946715644.0
2022-07-12,210812628177.0
2022-07-13,203183722360.0
2022-07-14,236000197168.0
2022-07-15,249001066013.0
2022-07-18,234953104950.0
2022-07-19,235415924702.0
2022-07-20,241532114467.0
2022-07-21,260583934970.0
2022-07-22,221488794666.0
2022-07-25,210550924686.0
2022-07-26,194799480702.0
2022-07-27,206541488861.0
2022-07-28,241095066353.0
2022-07-29,231274234716.0
2022-08-01,228160015439.0
2022-08-02,279667759205.0
2022-08-03,267708334074.0
2022-08-04,210363578737.0
2022-08-05,239898855818.0
2022-08-08,232418782736.0
2022-08-09,235299436685.0
2022-08-10,233901774524.0
2022-08-11,248429232286.0
2022-08-12,235585532129.0
2022-08-15,224364656908.0
2022-08-16,241350466890.0
2022-08-17,245094600753.0
2022-08-18,242504373693.0
2022-08-19,256614238594.0
2022-08-22,232384012726.0
2022-08-23,228827949562.0
2022-08-24,261715052646.0
2022-08-25,214927185144.0
2022-08-26,208825351115.0
2022-08-29,190249844424.0
2022-08-30,190519769580.0
2022-08-31,208164754909.0
2022-09-01,167515966848.0
2022-09-02,162328853042.0
2022-09-05,161721445332.0
2022-09-06,183761283708.0
2022-09-07,186886081899.0
2022-09-08,165823754363.0
2022-09-09,158316315505.0
2022-09-13,156495592936.0
2022-09-14,150215220640.0
2022-09-15,196010799836.0
2022-09-16,160257556466.0
2022-09-19,130349058199.0
2022-09-20,126916550647.0
2022-09-21,122346817424.0
2022-09-22,129139062116.0
2022-09-23,136013846998.0
2022-09-26,129054876614.0
2022-09-27,133034781238.0
2022-09-28,128903902412.0
2022-09-29,127446447139.0
2022-09-30,113064814086.0
2022-10-10,122828919867.0
2022-10-11,111536274574.0
2022-10-12,146042371698.0
2022-10-13,157054880040.0
2022-10-14,181411953829.0
2022-10-17,171128918406.0
2022-10-18,172917916318.0
2022-10-19,165890298125.0
2022-10-20,176048476246.0
2022-10-21,151129742815.0
2022-10-24,180064469820.0
2022-10-25,165200236898.0
2022-10-26,200200044241.0
2022-10-27,196363432005.0
2022-10-28,197514525528.0
2022-10-31,187134463252.0
2022-11-01,199551407229.0
2022-11-02,216303778310.0
2022-11-03,199422978711.0
2022-11-04,230118260588.0
2022-11-07,220210872290.0
2022-11-08,180763670673.0
2022-11-09,164404506999.0
2022-11-10,183303850090.0
2022-11-11,237140698560.0
2022-11-14,212896585326.0
2022-11-15,221716230404.0
2022-11-16,195240529665.0
2022-11-17,198847162648.0
2022-11-18,215157473531.0
2022-11-21,179567680623.0
2022-11-22,191781768774.0
2022-11-23,179521416697.0
2022-11-24,159909378877.0
2022-11-25,149034248952.0
2022-11-28,152031616662.0
2022-11-29,180031860497.0
2022-11-30,178510447618.0
2022-12-01,199785991940.0
2022-12-02,179613917631.0
2022-12-05,206225540021.0
2022-12-06,191497741686.0
2022-12-07,188674730727.0
2022-12-08,176772060301.0
2022-12-09,201813642791.0
2022-12-12,186669163109.0
2022-12-13,176834414923.0
2022-12-14,167786593318.0
2022-12-15,160225836005.0
2022-12-16,161172961056.0
2022-12-19,156179605225.0
2022-12-20,131077432572.0
2022-12-21,122909095335.0
2022-12-22,131875231617.0
2022-12-23,116283463648.0
2022-12-26,125237422919.0
2022-12-27,136753468428.99998
2022-12-28,125061546621.0
2022-12-29,121083655953.0
2022-12-30,116528198887.0
2023-01-03,160707712589.0
2023-01-04,156632578040.0
2023-01-05,155822047721.0
2023-01-06,165796221277.0
2023-01-09,162944069606.0
2023-01-10,146634283726.0
2023-01-11,147472868625.0
2023-01-12,134846593005.0
2023-01-13,138907307000.0
2023-01-16,175416637498.0
2023-01-17,139660962014.0
2023-01-18,125976031143.0
2023-01-19,135675334823.00002
2023-01-20,154872288667.0
2023-01-30,211140043941.0
2023-01-31,180790076275.0
2023-02-01,208871365597.0
2023-02-02,212328053407.0
2023-02-03,194152771393.0
2023-02-06,182865349058.0
2023-02-07,187069724944.0
2023-02-08,173815150505.0
2023-02-09,194994550267.0
2023-02-10,189923379511.0
2023-02-13,207706779975.0
2023-02-14,199029649600.0
2023-02-15,207038398260.0
2023-02-16,263155308270.0
2023-02-17,203845829245.0
2023-02-20,196438661978.0
2023-02-21,203386321240.0
2023-02-22,175966912645.0
2023-02-23,172438837845.0
2023-02-24,151978026582.0
2023-02-27,162346177199.0
2023-02-28,164461396666.0
2023-03-01,194162937429.0
2023-03-02,202422136342.0
2023-03-03,184879618935.0
2023-03-06,194154258048.0
2023-03-07,189478401770.0
2023-03-08,152705779612.0
2023-03-09,155909335205.0
2023-03-10,170506323948.0
2023-03-13,176170851055.0
2023-03-14,197124650947.0
2023-03-15,171749343249.0
2023-03-16,175508119056.0
2023-03-17,204155942107.0
2023-03-20,230174336045.0
2023-03-21,195253243662.0
2023-03-22,211699058083.0
2023-03-23,224978318720.0
2023-03-24,240207097975.0
2023-03-27,270611684186.0
2023-03-28,236725308502.0
2023-03-29,220165772651.0
2023-03-30,195037119352.0
2023-03-31,202602542866.0
2023-04-03,274916847267.0
2023-04-04,306141970189.0
2023-04-06,281226984710.0
2023-04-07,242608190860.0
2023-04-10,265199179441.0
2023-04-11,228357143487.0
2023-04-12,252639249640.0
2023-04-13,253331499906.0
2023-04-14,249159555579.0
2023-04-17,235338063548.0
2023-04-18,221281575130.0
2023-04-19,237689578666.0
2023-04-20,249390407797.0
2023-04-21,266671875898.0
2023-04-24,233604520119.0
2023-04-25,247485613390.0
2023-04-26,254123867620.0
2023-04-27,232047938560.0
2023-04-28,241929257739.0
2023-05-04,252755421974.0
2023-05-05,232757192567.0
2023-05-08,239780230242.0
2023-05-09,256339239609.0
2023-05-10,212227315488.0
2023-05-11,192273319327.0
2023-05-12,183608124249.0
2023-05-15,191863235546.0
2023-05-16,178199462179.0
2023-05-17,156078814575.0
2023-05-18,186333515795.0
2023-05-19,179071786326.0
2023-05-22,163204580648.0
2023-05-23,158376852884.0
2023-05-24,163476977070.0
2023-05-25,175437754998.0
2023-05-26,170164842111.0
2023-05-29,204321522052.0
2023-05-30,193152158103.0
2023-05-31,197141081475.0
2023-06-01,208776080194.0
2023-06-02,198301484192.0
2023-06-05,186650947904.0
2023-06-06,198453126089.0
2023-06-07,169239132087.0
2023-06-08,172327155119.0
2023-06-09,202023488654.0
2023-06-12,197419702843.0
2023-06-13,206066233138.0
2023-06-14,212483094306.0
2023-06-15,220050814756.0
2023-06-16,223131327343.0
2023-06-19,246819992645.0
2023-06-20,240661461467.0
2023-06-21,226296807531.0
2023-06-26,209607215406.0
2023-06-27,178812817549.0
2023-06-28,192407496662.0
2023-06-29,186518747503.0
2023-06-30,203403995419.0
2023-07-03,225625497660.0
2023-07-04,203584274309.0
2023-07-05,184778773163.0
2023-07-06,173721970871.0
2023-07-07,164996211439.0
2023-07-10,158540731785.0
2023-07-11,163273435605.0
2023-07-12,187051032495.0
2023-07-13,180915189196.0
2023-07-14,188566810413.0
2023-07-17,169117052479.0
2023-07-18,159965850727.0
2023-07-19,141853309419.0
2023-07-20,155152822236.0
2023-07-21,138788097492.0
2023-07-24,129838947141.0
2023-07-25,173378677340.0
2023-07-26,156686884800.0
2023-07-27,153183204640.0
2023-07-28,166557072700.0
2023-07-31,200589879397.0
2023-08-01,183590037300.0
2023-08-02,171110955344.0
2023-08-03,164830188575.0
2023-08-04,205415679148.0
2023-08-07,185333349118.0
2023-08-08,154646581021.0
2023-08-09,148343587966.0
2023-08-10,134873259681.0
2023-08-11,149330410482.0
2023-08-14,145626319568.0
2023-08-15,132851531983.0
2023-08-16,132390724363.0
2023-08-17,139152590240.0
2023-08-18,139942744387.0
2023-08-21,119633708946.0
2023-08-22,153871289475.0
2023-08-23,135807067810.0
2023-08-24,146793181320.0
2023-08-25,150562437510.0
2023-08-28,213172935998.0
2023-08-29,200633240452.0
2023-08-30,194127658982.0
2023-08-31,161004803813.0
2023-09-01,138221321938.0
2023-09-04,167770708192.0
2023-09-05,162636723669.0
2023-09-06,154853582103.0
2023-09-07,150714755551.0
2023-09-08,142083251235.0
2023-09-11,172589292459.0
2023-09-12,144771928170.0
2023-09-13,137493570903.0
2023-09-14,123059669839.0
2023-09-15,137783233762.0
2023-09-18,132969980891.0
2023-09-19,121079846424.0
2023-09-20,115642454584.0
2023-09-21,107167135606.0
2023-09-22,147800973210.0
2023-09-25,146282703214.0
2023-09-26,127029193783.0
2023-09-27,141278698421.0
2023-09-28,144764775658.0
2023-10-09,151374309942.0
2023-10-10,164183443355.0
2023-10-11,169349269562.0
2023-10-12,171667913018.0
2023-10-13,174075416254.0
2023-10-16,187595023328.0
2023-10-17,158570292158.0
2023-10-18,164665612256.0
2023-10-19,169977393153.0
2023-10-20,152073198748.0
2023-10-23,156462250901.0
2023-10-24,163599460545.0
2023-10-25,178946013550.0
2023-10-26,177171582141.0
2023-10-27,201532115499.0
2023-10-30,219628050415.0
2023-10-31,196000266082.0
2023-11-01,169629133631.0
2023-11-02,159352391953.0
2023-11-03,172570856142.0
2023-11-06,215540583017.0
2023-11-07,206605084921.0
2023-11-08,224318842688.0
2023-11-09,197856013543.0
2023-11-10,169645048925.0
2023-11-13,185937464877.0
2023-11-14,195770027636.0
2023-11-15,214464439439.0
2023-11-16,180547587296.0
2023-11-17,178812142667.0
2023-11-20,200298798170.0
2023-11-21,211256978812.0
2023-11-22,191793674608.0
2023-11-23,169982693460.0
2023-11-24,166155059739.0
2023-11-27,169812162710.0
2023-11-28,147277411214.0
2023-11-29,150365714313.0
2023-11-30,148669808038.0
2023-12-01,166337102382.0
2023-12-04,177072943577.0
2023-12-05,162512340061.0
2023-12-06,153827863997.0
2023-12-07,166906747991.0
2023-12-08,194131627853.0
2023-12-11,181217092726.0
2023-12-12,152793036409.0
2023-12-13,143748119087.0
2023-12-14,138756005778.0
2023-12-15,138326703915.0
2023-12-18,130966305876.0
2023-12-19,116256467570.0
2023-12-20,120601845451.0
2023-12-21,134047868867.0
2023-12-22,147745244442.0
2023-12-25,116368993151.0
2023-12-26,112250605153.0
2023-12-27,115290789798.0
2023-12-28,155833384642.0
2023-12-29,152875806703.0
2024-01-02,141351641579.0
2024-01-03,131179260681.0
2024-01-04,112642946170.0
2024-01-05,126682946917.0
2024-01-08,112633892925.0
2024-01-09,114678407169.0
2024-01-10,108158125143.0
2024-01-11,123635425200.0
2024-01-12,118289969700.0
2024-01-15,107428092800.0
2024-01-16,113669505600.0
2024-01-17,104138700000.0
2024-01-18,142966452400.0
2024-01-19,109174686400.0
2024-01-22,139600818400.0
2024-01-23,124162903200.0
2024-01-24,135222048600.0
2024-01-25,158319218900.0
2024-01-26,150031258100.0
2024-01-29,141294666700.0
2024-01-30,117586947100.0
2024-01-31,139299752958.0
2024-02-01,129099528519.0
2024-02-02,150000797614.0
2024-02-05,166206907858.0
2024-02-06,169330958131.0
2024-02-07,188713236492.0
2024-02-08,192261800169.0
2024-02-19,185885021627.0
2024-02-20,151079011057.0
2024-02-21,178053450105.0
2024-02-22,146838694831.0
2024-02-23,167541135857.0
2024-02-26,180222595495.0
2024-02-27,183476438079.0
2024-02-28,251859520938.0
2024-02-29,185219961182.0
2024-03-01,196339349955.0
2024-03-04,199765408573.0
2024-03-05,196428311576.0
2024-03-06,164978930228.0
2024-03-07,167524667896.0
2024-03-08,147532325484.0
2024-03-11,175152725408.0
2024-03-12,198909272335.0
2024-03-13,200355388366.0
2024-03-14,184410019587.0
2024-03-15,171573287270.0
2024-03-18,212069710000.0
2024-03-19,202358294571.0
2024-03-20,199862431482.0
2024-03-21,215621373721.0
2024-03-22,226506007180.0
2024-03-25,224613418949.0
2024-03-26,197261354306.0
2024-03-27,183978555512.0
2024-03-28,187597295821.0
2024-03-29,177336825496.0
2024-04-01,202413394133.0
2024-04-02,201831299210.0
2024-04-03,191730116468.0
2024-04-08,186731192201.0
2024-04-09,160292707954.0
2024-04-10,164477827457.0
2024-04-11,162747758510.0
2024-04-12,155385863393.0
2024-04-15,188383366156.0
2024-04-16,188123371675.0
2024-04-17,181206086977.0
2024-04-18,187626267250.0
2024-04-19,176532930689.0
2024-04-22,165970259920.0
2024-04-23,154949436775.0
2024-04-24,165940790841.0
2024-04-25,164090144071.0
2024-04-26,219583789154.0
2024-04-29,247411968960.0
2024-04-30,205851328016.0
2024-05-06,213462084934.0
2024-05-07,197355483310.0
2024-05-08,186180909950.0
2024-05-09,186969311191.0
2024-05-10,190161522865.0
2024-05-13,183109444690.0
2024-05-14,171272800584.0
2024-05-15,157739697587.0
2024-05-16,163725528728.0
2024-05-17,174923884707.0
2024-05-20,194649563348.0
2024-05-21,164385097292.0
2024-05-22,159617620664.0
2024-05-23,165079443511.0
2024-05-24,144589510290.0
2024-05-27,145062270806.0
2024-05-28,142242447962.0
2024-05-29,131551463739.0
2024-05-30,133560052962.0
2024-05-31,133719611673.0
2024-06-03,156847760735.0
2024-06-04,138133314033.0
2024-06-05,129081217483.0
2024-06-06,159189463760.0
2024-06-07,127151511672.0
2024-06-11,130922333475.0
2024-06-12,125294312044.0
2024-06-13,138017519920.0
2024-06-14,147939037919.0
2024-06-17,140185484942.0
2024-06-18,139816865554.0
2024-06-19,137697257826.0
2024-06-20,145161795220.0
2024-06-21,113314006073.0
2024-06-24,133643136633.0
2024-06-25,116321034875.0
2024-06-26,125780748746.0
2024-06-27,114644913464.0
2024-06-28,129940344767.0
2024-07-01,123312519185.0
2024-07-02,116969050568.0
2024-07-03,103816042643.0
2024-07-04,107066707375.0
2024-07-05,100918951124.0
2024-07-08,109218205976.0
2024-07-09,139660896310.0
2024-07-10,133173779703.0
2024-07-11,152871133831.0
2024-07-12,126357791679.0
2024-07-15,116891290149.0
2024-07-16,119708973121.0
2024-07-17,121445754616.0
2024-07-18,126287644105.0
2024-07-19,120485073178.0
2024-07-22,117656274045.0
2024-07-23,121481765802.0
2024-07-24,118860085095.0
2024-07-25,105862951893.0
2024-07-26,108478164500.0
2024-07-29,108822856000.0
2024-07-30,112127735536.0
2024-07-31,168965970522.0
2024-08-01,150211396563.0
2024-08-02,141716564225.0
2024-08-05,147489789943.0
2024-08-06,119128621768.0
2024-08-07,108823999546.0
2024-08-08,118155007292.0
2024-08-09,101903629130.0
2024-08-12,93579528557.0
2024-08-13,89086385468.0
2024-08-14,88773228422.0
2024-08-15,111783008443.0
2024-08-16,108413620564.0
2024-08-19,104904645646.0
2024-08-20,107871967950.0
2024-08-21,92275965567.0
2024-08-22,97994054398.0
2024-08-23,94849186101.0
2024-08-26,97519324794.0
2024-08-27,100126840569.0
2024-08-28,92367714621.0
2024-08-29,118136327342.0
2024-08-30,163027974058.0
2024-09-02,139933704119.0
2024-09-03,116579546737.0
2024-09-04,113470304818.0
2024-09-05,108293303464.0
2024-09-06,115580272235.0
2024-09-09,100227926911.0
2024-09-10,114554770063.0
2024-09-11,101974619541.0
2024-09-12,106135757550.0
2024-09-13,102975444000.0
2024-09-18,94168113828.0
2024-09-19,122312275719.0
2024-09-20,110050423362.0
2024-09-23,113678187175.0
2024-09-24,186154173396.0
2024-09-25,228396448070.0
2024-09-26,222158651467.0
2024-09-27,277755801270.0
2024-09-30,484582504081.0
2024-10-08,637520550865.0
2024-10-09,561178624982.0
2024-10-10,422832925091.0
2024-10-11,325513950177.0
2024-10-14,332914366924.0
2024-10-15,380974458308.0
2024-10-16,306601622534.0
2024-10-17,351913540302.0
2024-10-18,468006517576.0
2024-10-21,496180057607.0
2024-10-22,466594853551.0
2024-10-23,435103067665.0
2024-10-24,352283289321.0
2024-10-25,394949027911.0
2024-10-28,408798512149.0
2024-10-29,475114148306.0
2024-10-30,416947148542.0
2024-10-31,507595177939.0
2024-11-01,511368123627.0
2024-11-04,378246863910.0
2024-11-05,511248826464.0
2024-11-06,551410098216.0
2024-11-07,498495772936.0
2024-11-08,570702092922.0
2024-11-11,551137709953.0
2024-11-12,547396142340.00006
2024-11-13,420386937349.0
2024-11-14,387867737326.0
2024-11-15,383424106209.0
2024-11-18,374007994761.0
2024-11-19,327924260763.0
2024-11-20,367521344400.0
2024-11-21,380712417744.0
2024-11-22,415874882244.0
2024-11-25,336016461451.0
2024-11-26,293810759300.0
2024-11-27,337553542213.0
2024-11-28,352731886173.0
2024-11-29,387695670290.0
2024-12-02,408649278002.0
2024-12-03,377825590965.0
2024-12-04,351416845598.0
2024-12-05,340682850435.0
2024-12-06,392887681462.0
2024-12-09,336347274096.0
2024-12-10,453736859985.0
2024-12-11,392600350436.0
2024-12-12,407629783933.0
2024-12-13,430631043519.0
2024-12-16,379382275677.0
2024-12-17,325036282699.0
2024-12-18,310421477632.0
2024-12-19,320880949172.0
2024-12-20,344655611870.0
2024-12-23,333062018485.0
2024-12-24,281310588166.0
2024-12-25,274581369547.0
2024-12-26,280812700395.0
2024-12-27,313072970915.0
2024-12-30,273573030015.0
2024-12-31,296970408000.0
2025-01-02,293717954950.0
2025-01-03,272348061517.00003
2025-01-06,234876628473.0
2025-01-07,234287089801.0
2025-01-08,272083991656.00003
2025-01-09,248219962749.0
2025-01-10,242988533223.0
2025-01-13,201644040965.0
2025-01-14,291062201267.0
2025-01-15,258108817511.0
2025-01-16,268024992528.0
2025-01-17,252875263542.0
2025-01-20,250732032833.0
2025-01-21,273060411934.0
2025-01-22,245947705315.0
2025-01-23,296684961438.0
2025-01-24,279147952364.0
2025-01-27,253588513601.0
2025-02-05,286305599979.0
2025-02-06,361378399221.0
2025-02-07,447048589278.0
2025-02-10,407767222307.0
2025-02-11,393173431222.0
2025-02-12,392322251371.0
2025-02-13,437899818481.0
2025-02-14,411860060509.0
2025-02-17,458304251931.0
2025-02-18,417068621358.0
2025-02-19,405139537119.0
2025-02-20,424704883960.0
2025-02-21,503581232098.0
2025-02-24,492113846711.0
2025-02-25,464348021188.0
2025-02-26,463990773162.0
2025-02-27,475356399879.0
2025-02-28,433909057525.0
2025-03-03,388839572584.0
2025-03-04,347694980444.0
2025-03-05,359566648067.0
2025-03-06,464779819148.0
2025-03-07,463226928283.0
2025-03-10,374384335128.0
2025-03-11,366244090084.0
2025-03-12,416300253928.0
2025-03-13,384618292918.0
2025-03-14,384170674116.0
2025-03-17,353560411351.0
2025-03-18,344774184043.0
2025-03-19,319556371525.0
2025-03-20,316002108435.0
2025-03-21,330125305371.0
2025-03-24,320142693524.0
2025-03-25,281993855607.0
2025-03-26,248639805634.0
2025-03-27,256610200494.0
2025-03-28,246785917265.0
2025-03-31,267799428240.0
2025-04-01,241767488059.0
2025-04-02,208427533566.0
2025-04-03,238273426168.0
2025-04-07,311471174815.0
2025-04-08,342259642935.0
2025-04-09,342055474011.0
2025-04-10,329964030634.0
2025-04-11,288233391742.0
2025-04-14,272673485153.99997
2025-04-15,225752074311.0
2025-04-16,229430157871.0
2025-04-17,212948447362.0
2025-04-18,190723835635.0
2025-04-21,228800249698.0
2025-04-22,246793931979.0
2025-04-23,274309975848.99997
2025-04-24,237867471238.0
2025-04-25,234799469589.0
2025-04-28,221937583619.0
2025-04-29,219411784621.0
2025-04-30,241759324241.0
2025-05-06,283658443311.0
2025-05-07,296522333567.0
2025-05-08,262739570041.0
2025-05-09,242809574289.0
2025-05-12,264308289588.0
2025-05-13,263462633901.0
2025-05-14,252514241034.0
2025-05-15,224907797793.0
2025-05-16,206157492558.0
2025-05-19,214012637258.0
2025-05-20,232587241743.0
2025-05-21,234419144815.0
2025-05-22,220813672515.0
2025-05-23,224806210854.0
2025-05-26,191925536269.0
2025-05-27,193605916886.0
2025-05-28,191732662668.0
2025-05-29,232575959070.0
2025-05-30,228038836606.0
2025-06-03,234296502252.0
2025-06-04,232039996402.0
2025-06-05,273238606862.0
2025-06-06,240362538720.0
2025-06-09,255785048702.0
2025-06-10,277218151000.0
2025-06-11,243671184608.0
2025-06-12,250824401494.0
2025-06-13,298969326948.0
2025-06-16,253087825584.0
2025-06-17,260873532301.0
2025-06-18,256463608434.0
2025-06-19,270827079699.0
2025-06-20,226531986435.0
2025-06-23,239995084576.0
2025-06-24,303658275674.0
2025-06-25,334997601176.0
2025-06-26,343746329448.0
2025-06-27,330455014093.0
2025-06-30,336221160415.0
2025-07-01,334302458347.0
2025-07-02,296643998872.0
2025-07-03,270492479385.0
2025-07-04,304676921481.0
2025-07-07,264834579255.0
2025-07-08,306816858617.0
2025-07-09,303195813289.0
2025-07-10,296726316908.0
2025-07-11,352065982159.0
2025-07-14,302637448819.0
2025-07-15,347377816360.0
2025-07-16,306082808217.0
2025-07-17,325983691187.0
2025-07-18,330217284922.0
2025-07-21,359907688649.0
2025-07-22,395915308554.0
2025-07-23,378330158759.0
2025-07-24,374405610913.0
2025-07-25,363139664174.0
2025-07-28,359575849641.0
2025-07-29,383703631544.0
2025-07-30,392675091206.0
2025-07-31,401821827245.0
2025-08-01,349070970147.0
2025-08-04,329554815219.0
2025-08-05,348578384503.0
2025-08-06,399056054134.0
2025-08-07,411411186262.0
2025-08-08,381544614397.0
2025-08-11,401163366844.0
2025-08-12,409922645284.0
2025-08-13,471479346409.0
2025-08-14,513604373009.0
2025-08-15,492508504867.0
2025-08-18,606867233382.0
2025-08-19,558781044092.0
2025-08-20,517521411019.0
2025-08-21,516507411053.0
2025-08-22,527766039448.0
2025-08-25,660911467974.0
2025-08-26,573343123464.0
2025-08-27,672784131894.0
2025-08-28,631711691476.0
2025-08-29,565058625663.0
2025-09-01,564568450679.0
2025-09-02,598514462450.0
2025-09-03,486667166563.0
2025-09-04,488595037929.0
2025-09-05,458842754388.0
2025-09-08,495541349344.0
2025-09-09,431928802540.0
2025-09-10,396104754790.0
2025-09-11,486236595200.0
2025-09-12,508828451805.0
2025-09-15,475104705372.0
2025-09-16,474734476790.0
2025-09-17,493296275783.0
2025-09-18,654022739891.0
2025-09-19,483203148485.0
2025-09-22,440515484560.0
2025-09-23,503959593112.0
2025-09-24,494397619556.0
2025-09-25,464745025579.0
2025-09-26,436863300986.0
2025-09-29,419534690314.0
2025-09-30,442639611194.0
2025-10-09,530500291415.0
2025-10-10,485703734784.0
2025-10-13,470990827392.0
2025-10-14,506690155149.0
2025-10-15,403797525524.0
2025-10-16,374296521876.0
2025-10-17,383875372638.0
2025-10-20,328445222617.0
2025-10-21,348158794787.0
2025-10-22,332181328131.0
2025-10-23,328574781927.0
2025-10-24,397473067376.0
2025-10-27,458169856648.0
2025-10-28,431016068637.0
2025-10-29,439161754319.0
2025-10-30,478507155181.0
2025-10-31,475587998228.0
2025-11-03,432422773381.0
2025-11-04,381678891759.0
2025-11-05,373351692088.0
2025-11-06,405168970723.0
2025-11-07,419611056738.0
2025-11-10,433797531457.0
2025-11-11,404867228037.0
2025-11-12,390482493659.0
2025-11-13,420596449342.0
2025-11-14,406292990194.0
2025-11-17,391318349646.0
2025-11-18,418065487002.0
2025-11-19,367172563738.0
2025-11-20,356711968727.0
2025-11-21,408671897438.0
2025-11-24,368993404400.0
2025-11-25,404174105411.0
2025-11-26,376963938111.0
2025-11-27,365625943247.0
2025-11-28,342185224996.0
2025-12-01,392320297532.0
2025-12-02,320218841083.0
2025-12-03,335034477208.0
2025-12-04,311315804960.0
2025-12-05,352805657180.0
2025-12-08,418474779432.0
2025-12-09,392312852126.0
2025-12-10,360245249693.0
2025-12-11,381933822513.0
2025-12-12,422779414911.0
2025-12-15,372658890926.0
2025-12-16,361621759667.0
2025-12-17,366263786190.0
2025-12-18,348983557161.0
2025-12-19,362345403570.0
2025-12-22,381186010910.0
2025-12-23,397181525762.0
2025-12-24,406286039967.0
2025-12-25,434419255593.0
2025-12-26,473665628418.0
2025-12-29,466873470412.0
2025-12-30,468024130591.0
2025-12-31,440672066748.0
2026-01-05,542230841526.0
2026-01-06,580815076334.0
2026-01-07,617917011025.0
2026-01-08,605389117079.0
2026-01-09,705322959793.0
2026-01-12,827564717481.0
2026-01-13,824652003314.0
2026-01-14,884281078762.0
2026-01-15,638659733156.0
2026-01-16,633410677297.0
2026-01-19,581675794396.0
2026-01-20,579037016861.0
2026-01-21,564720693794.0
2026-01-22,571805715998.0
2026-01-23,681947636158.0
2026-01-26,703181530463.0
2026-01-27,630208311334.0
2026-01-28,627356672600.0
2026-01-29,677736377632.0
2026-01-30,596749295785.0
2026-02-02,498940799234.0
2026-02-03,525759546405.0
2026-02-04,516215155945.0
2026-02-05,440964669773.0
2026-02-06,444590291967.0
2026-02-09,482557298732.0
2026-02-10,475050653321.0
2026-02-11,438065440518.0
2026-02-12,467860009633.0
2026-02-13,438924354793.0
2026-02-24,469515616942.0
2026-02-25,533140591770.0
