date,000852.SH_涨跌幅绝对值_1日
2014-10-20,1.582063912397924
2014-10-21,0.8369783508705875
2014-10-22,1.2370621175656238
2014-10-23,1.6097360269829553
2014-10-24,0.1929522435187847
2014-10-27,1.0924403972718544
2014-10-28,2.610924416473348
2014-10-29,1.3470379345299266
2014-10-30,0.08181921363586975
2014-10-31,0.5283591291190604
2014-11-03,1.0853153926563497
2014-11-04,0.7039045454639736
2014-11-05,0.07334940569490023
2014-11-06,0.9947737723503769
2014-11-07,0.9703154236665013
2014-11-10,0.296154550769101
2014-11-11,3.5796684666824174
2014-11-12,1.6113886027636637
2014-11-13,1.5731223462261301
2014-11-14,0.23799002022317772
2014-11-17,1.520722542477282
2014-11-18,0.6341593025083636
2014-11-19,0.8801988167808528
2014-11-20,0.1234023329386269
2014-11-21,0.8867720382371713
2014-11-24,0.8372198704840184
2014-11-25,1.5798289629642248
2014-11-26,0.6679450513590979
2014-11-27,0.5819143017867567
2014-11-28,0.08529819684153228
2014-12-01,1.3220526734040283
2014-12-02,1.0182615029196818
2014-12-03,0.873410931318297
2014-12-04,1.4026036708562728
2014-12-05,2.168448411750401
2014-12-08,0.07084396392559311
2014-12-09,4.5860394198322
2014-12-10,3.334373686878256
2014-12-11,1.515766922524775
2014-12-12,1.2667491423906885
2014-12-15,1.725771138805765
2014-12-16,0.3437894488630189
2014-12-17,1.2680145676390753
2014-12-18,0.15627864491546406
2014-12-19,1.5722499767233167
2014-12-22,4.931002314057597
2014-12-23,1.5883456834660525
2014-12-24,2.1833639197750943
2014-12-25,1.0987707636122224
2014-12-26,0.1836880510842409
2014-12-29,2.1648762515367403
2014-12-30,1.9075815804579732
2014-12-31,0.7502378550190869
2015-01-05,0.36942224994691575
2015-01-06,2.0266002753485335
2015-01-07,0.09109920432791574
2015-01-08,0.04310198744269522
2015-01-09,0.5856318940395511
2015-01-12,1.0725990745448777
2015-01-13,1.729282516174191
2015-01-14,0.45121569770769643
2015-01-15,0.4783615043433498
2015-01-16,1.3522714340785225
2015-01-19,2.2838817512585763
2015-01-20,3.721319270585677
2015-01-21,2.0373917938412367
2015-01-22,1.5915132901405116
2015-01-23,1.0134371884817583
2015-01-26,2.161543398430066
2015-01-27,0.7706908065682416
2015-01-28,0.41145500780870314
2015-01-29,0.6189223829119239
2015-01-30,1.1835160879123952
2015-02-02,0.16335204381756618
2015-02-03,1.8152962184414312
2015-02-04,0.01819807773599802
2015-02-05,0.01118235688613023
2015-02-06,1.910601642720977
2015-02-09,0.7987192790996134
2015-02-10,1.2510160518822477
2015-02-11,1.3681282793390537
2015-02-12,0.8773592997377122
2015-02-13,1.6711827519106714
2015-02-16,2.192727889471713
2015-02-17,0.7860679674862592
2015-02-25,0.2192006242687894
2015-02-26,0.5796565574513579
2015-02-27,1.3714169567431655
2015-03-02,2.461379960032972
2015-03-03,0.4860695545867877
2015-03-04,1.7704488865037282
2015-03-05,0.5380085963712977
2015-03-06,1.5099103384205836
2015-03-09,1.5318317170872398
2015-03-10,1.5523803030433214
2015-03-11,0.0022335349814550653
2015-03-12,0.6854990912349423
2015-03-13,1.7952090939517218
2015-03-16,3.3207810603391508
2015-03-17,1.1372374013442155
2015-03-18,1.9730164590266996
2015-03-19,0.8057096650439854
2015-03-20,1.2438806984474304
2015-03-23,2.9043991648343814
2015-03-24,1.1090433308283743
2015-03-25,1.496514306708674
2015-03-26,1.9697984350207864
2015-03-27,1.142923297441767
2015-03-30,0.10251092644322224
2015-03-31,0.7055562309472574
2015-04-01,2.5904653355486307
2015-04-02,2.551586049201182
2015-04-03,1.9608893778808145
2015-04-07,1.9271379812364264
2015-04-08,1.5116779758855614
2015-04-09,0.9088063251473599
2015-04-10,2.462672859849624
2015-04-13,2.220688489991196
2015-04-14,0.16778762851048512
2015-04-15,3.9559262189801103
2015-04-16,1.0652680297148942
2015-04-17,0.27174214919962747
2015-04-20,2.237560875425071
2015-04-21,3.8780419799324672
2015-04-22,2.87055353816541
2015-04-23,1.1006014649741047
2015-04-24,0.1844582084397528
2015-04-27,0.5036591593564177
2015-04-28,3.2138595956716975
2015-04-29,2.6351525143500254
2015-04-30,0.7231335457189791
2015-05-04,0.8805077162297614
2015-05-05,2.559461272642105
2015-05-06,0.33254823743139594
2015-05-07,1.679197424581591
2015-05-08,4.77103572443931
2015-05-11,4.839610759968016
2015-05-12,2.597659404991992
2015-05-13,0.7770035190016067
2015-05-14,0.6626381618525246
2015-05-15,0.06092176503642577
2015-05-18,2.8913533958582427
2015-05-19,2.504531167152413
2015-05-20,2.54417074622022
2015-05-21,3.7394177724549893
2015-05-22,0.8043826299752643
2015-05-25,1.5021332372791907
2015-05-26,4.06464733686549
2015-05-27,1.3524051006953863
2015-05-28,5.621624805356873
2015-05-29,1.6243089354153417
2015-06-01,5.096716795077394
2015-06-02,4.273922535473584
2015-06-03,0.5623297880686495
2015-06-04,0.3339927280832544
2015-06-05,1.0979372617263117
2015-06-08,2.5302524929575076
2015-06-09,0.04610017354942375
2015-06-10,2.5207380001602164
2015-06-11,2.1233184272473338
2015-06-12,1.6078225125431667
2015-06-15,1.9895619043333923
2015-06-16,4.117254037496243
2015-06-17,2.1634271842185804
2015-06-18,3.283737201491088
2015-06-19,6.527093295561947
2015-06-23,0.17123905569194076
2015-06-24,2.0447268452663536
2015-06-25,4.1559660799641795
2015-06-26,8.069681965913167
2015-06-29,7.030274565353601
2015-06-30,4.359312936221982
2015-07-01,5.688733836900839
2015-07-02,6.816206787635926
2015-07-03,6.434748171601279
2015-07-06,5.340684927387929
2015-07-07,5.675486011724374
2015-07-08,2.890347925004233
2015-07-09,2.8870230568479816
2015-07-10,3.250697887448273
2015-07-13,4.782734455837789
2015-07-14,3.383457460431205
2015-07-15,4.2327773249766665
2015-07-16,1.0994592797367364
2015-07-17,5.5305558192549675
2015-07-20,3.1301728957381147
2015-07-21,2.2660384689431323
2015-07-22,1.649327865760597
2015-07-23,3.171016110568381
2015-07-24,0.9804815914942311
2015-07-27,6.987719524037983
2015-07-28,4.475612323841505
2015-07-29,4.768039639568178
2015-07-30,2.739760994898477
2015-07-31,2.506072259464842
2015-08-03,5.421315353063427
2015-08-04,6.208763482416657
2015-08-05,0.26266399905625626
2015-08-06,0.12483761565423857
2015-08-07,3.8549622435429587
2015-08-10,5.141353022373285
2015-08-11,0.7518568696678551
2015-08-12,1.4554713960915344
2015-08-13,3.026805286073664
2015-08-14,0.671166102200127
2015-08-17,1.7841056425391688
2015-08-18,7.161053719992127
2015-08-19,2.5608928017689214
2015-08-20,3.160955004643573
2015-08-21,5.459617758727564
2015-08-24,7.6174941511893195
2015-08-25,7.342560270120457
2015-08-26,4.292350722944538
2015-08-27,3.3107322541022333
2015-08-28,6.125851326999232
2015-08-31,3.875007535401509
2015-09-01,6.403667934094526
2015-09-02,4.184305239403119
2015-09-07,2.265064292418195
2015-09-08,4.937718853385387
2015-09-09,3.9891274134939536
2015-09-10,1.4293500148962024
2015-09-11,1.3915161789514352
2015-09-14,6.788542438838697
2015-09-15,5.091558944276608
2015-09-16,6.619993365079635
2015-09-17,0.9595539946572584
2015-09-18,1.7172207344138268
2015-09-21,3.860158131794056
2015-09-22,0.4198672743004561
2015-09-23,0.7203487498248173
2015-09-24,1.338929145025114
2015-09-25,3.6405357782724135
2015-09-28,2.610472302132427
2015-09-29,1.5171709395621513
2015-09-30,0.08848964699625927
2015-10-08,4.254536507054563
2015-10-09,1.5406331079228064
2015-10-12,4.18357100192428
2015-10-13,1.506844841884658
2015-10-14,1.3446503229358697
2015-10-15,3.2073579119244577
2015-10-16,1.5275385839364386
2015-10-19,0.08528217589552911
2015-10-20,2.0273058454253867
2015-10-21,6.306467087261247
2015-10-22,4.1344655636814
2015-10-23,3.2355701956910288
2015-10-26,0.8748852402472806
2015-10-27,0.8968756261882316
2015-10-28,2.2907850630704663
2015-10-29,0.9058089666472924
2015-10-30,0.2856546721635267
2015-11-02,2.6510149788115056
2015-11-03,0.22659717615045594
2015-11-04,5.2936478189326674
2015-11-05,0.05742248238904679
2015-11-06,2.5324544796945014
2015-11-09,1.9394367406669
2015-11-10,0.9699018873620124
2015-11-11,1.9096561076111573
2015-11-12,0.34227675579094896
2015-11-13,1.9764388099739572
2015-11-16,2.6171621148780355
2015-11-17,0.8374787891400448
2015-11-18,1.7877938039538077
2015-11-19,3.088902209021427
2015-11-20,2.0028802141597524
2015-11-23,0.947312905681974
2015-11-24,1.1424772292548235
2015-11-25,2.263094688622691
2015-11-26,0.7056313064573994
2015-11-27,6.471586340346702
2015-11-30,0.6814549822869331
2015-12-01,0.45977638776065755
2015-12-02,1.3374903280492068
2015-12-03,2.8592560896728125
2015-12-04,0.21102372414631976
2015-12-07,1.5518024816167042
2015-12-08,1.7609021651463719
2015-12-09,0.23408544681062793
2015-12-10,0.012509226077428437
2015-12-11,0.8901235919775652
2015-12-14,1.7371706670938236
2015-12-15,1.576919069571403
2015-12-16,0.9316552702225422
2015-12-17,2.947044036264823
2015-12-18,0.46809248070184273
2015-12-21,0.6551279010653
2015-12-22,1.0246382812083787
2015-12-23,1.5827455361972942
2015-12-24,0.04671766765670382
2015-12-25,0.8821567519119666
2015-12-28,1.972874779143563
2015-12-29,1.3156714383431245
2015-12-30,1.4360773997148524
2015-12-31,1.7796869424757
2016-01-04,8.66317514492252
2016-01-05,2.50438163664507
2016-01-06,2.7245820336404325
2016-01-07,8.785949020271666
2016-01-08,0.22312673391180482
2016-01-11,7.5609677894926115
2016-01-12,0.20916447068062283
2016-01-13,4.297003265697508
2016-01-14,4.104252882506465
2016-01-15,3.5496313855268524
2016-01-18,2.4492564189913857
2016-01-19,4.062885596896182
2016-01-20,0.79862109308666
2016-01-21,4.528391349327232
2016-01-22,1.6327951118392692
2016-01-25,1.3155133208444747
2016-01-26,7.761863123416224
2016-01-27,1.044303736236818
2016-01-28,4.8996498581751595
2016-01-29,4.011565348590818
2016-02-01,1.2611487022991974
2016-02-02,3.8868384807953626
2016-02-03,0.7179637071242695
2016-02-04,2.318890706807819
2016-02-05,1.136005468042578
2016-02-15,0.09926142694107742
2016-02-16,4.442242605518509
2016-02-17,1.6426154569534113
2016-02-18,0.31707431707054257
2016-02-19,0.7719572204955893
2016-02-22,2.0462588132503567
2016-02-23,0.6005945109122113
2016-02-24,0.08743555512114032
2016-02-25,7.915099886993648
2016-02-26,0.4643710028386261
2016-02-29,6.301780088142383
2016-03-01,2.2468941146471133
2016-03-02,4.993816341889223
2016-03-03,0.19805661027665344
2016-03-04,3.99059038496149
2016-03-07,2.4483283726482785
2016-03-08,0.9243231428844645
2016-03-09,2.2230047680979137
2016-03-10,1.6462640180155974
2016-03-11,0.3677851825669265
2016-03-14,3.953480524771047
2016-03-15,0.8941077408531783
2016-03-16,1.1568434467608912
2016-03-17,3.950304491088552
2016-03-18,4.078840441054377
2016-03-21,2.8253332878855675
2016-03-22,0.17734615409099597
2016-03-23,1.172239492602456
2016-03-24,1.534006962006973
2016-03-25,0.7680615075319475
2016-03-28,0.5329355055760154
2016-03-29,2.166364708558721
2016-03-30,3.9375211933524223
2016-03-31,0.10067684135801613
2016-04-01,0.685349487017517
2016-04-05,2.936842090959213
2016-04-06,0.6434152906804602
2016-04-07,1.6305747475394816
2016-04-08,0.7642376912490478
2016-04-11,2.2775911145531236
2016-04-12,0.7955750294174946
2016-04-13,1.4110307338187411
2016-04-14,1.227714283809478
2016-04-15,0.0461286822531326
2016-04-18,1.4166164607786969
2016-04-19,0.4434943184715934
2016-04-20,5.052292851666174
2016-04-21,1.367752022171942
2016-04-22,1.0235163558787397
2016-04-25,0.6030384341588979
2016-04-26,1.347634365925643
2016-04-27,0.23927354023767222
2016-04-28,0.23909534041134384
2016-04-29,0.14281108858300584
2016-05-03,3.2186397033128866
2016-05-04,0.07636665453691904
2016-05-05,0.7428529003985496
2016-05-06,4.087588449322343
2016-05-09,4.3243519651945395
2016-05-10,0.2460916272558289
2016-05-11,0.9455107234359161
2016-05-12,0.02642644893365853
2016-05-13,0.19119749504727945
2016-05-16,1.97502822098361
2016-05-17,0.0044666933898040995
2016-05-18,3.1344261422028175
2016-05-19,0.7178569230685161
2016-05-20,1.1949109212173958
2016-05-23,1.7232976577900239
2016-05-24,1.024389558767913
2016-05-25,0.3025838032224559
2016-05-26,0.50366362985379
2016-05-27,0.20939489052202997
2016-05-30,0.5720672276965821
2016-05-31,4.193909631972992
2016-06-01,0.8900200714683892
2016-06-02,1.196000259524288
2016-06-03,0.26681858458255103
2016-06-06,0.3659373991868664
2016-06-07,0.14481615717609753
2016-06-08,0.032928382049479676
2016-06-13,5.112411610135159
2016-06-14,0.47208295001317513
2016-06-15,3.7562612045472177
2016-06-16,0.20975621792518329
2016-06-17,0.6756768236243937
2016-06-20,0.5160611004268567
2016-06-21,1.2670911321521205
2016-06-22,1.9492988052898452
2016-06-23,0.20864521141614745
2016-06-24,0.7881242216724038
2016-06-27,2.578513129716198
2016-06-28,0.9719458150270421
2016-06-29,0.17889630669274403
2016-06-30,0.05392064661784435
2016-07-01,0.3498621775165245
2016-07-04,1.8776542481850678
2016-07-05,0.459422748802063
2016-07-06,0.3622824292208504
2016-07-07,0.07978417945799787
2016-07-08,0.16770870889880607
2016-07-11,0.7188750610579109
2016-07-12,0.7669648181491073
2016-07-13,0.8964723445749501
2016-07-14,0.2164012855431663
2016-07-15,0.6621571305142071
2016-07-18,0.5012932536812786
2016-07-19,0.6598641322793419
2016-07-20,0.01175524791345861
2016-07-21,0.10739517342865934
2016-07-22,0.8391601373411883
2016-07-25,0.07417516002832247
2016-07-26,1.234870521355802
2016-07-27,4.788156391465403
2016-07-28,0.3644785554449803
2016-07-29,0.8221882852052387
2016-08-01,1.6172055202990365
2016-08-02,0.9824692808193092
2016-08-03,0.4311999602168104
2016-08-04,0.8347788902173914
2016-08-05,0.5570205505999071
2016-08-08,1.199646510123431
2016-08-09,1.0687329542710344
2016-08-10,0.3173774909826399
2016-08-11,1.615428752370207
2016-08-12,0.9770793528069088
2016-08-15,2.2376959641097205
2016-08-16,0.7860470090710114
2016-08-17,0.39068991006792064
2016-08-18,0.038407730919221006
2016-08-19,0.16880951813533773
2016-08-22,1.2609629634245056
2016-08-23,0.10631900411339767
2016-08-24,0.3435394356422483
2016-08-25,0.7448903232819104
2016-08-26,0.3401413048066404
2016-08-29,0.25559125294101204
2016-08-30,0.016638011747316384
2016-08-31,0.0009447343207513725
2016-09-01,0.7651775378479497
2016-09-02,0.522295075100121
2016-09-05,0.42430082942559455
2016-09-06,1.653813437691709
2016-09-07,0.10184275545920274
2016-09-08,0.45666808409612347
2016-09-09,0.7396947289605826
2016-09-12,3.21128080066152
2016-09-13,0.8067763385293469
2016-09-14,0.44509443961524564
2016-09-19,1.1410408032731745
2016-09-20,0.04821667869615576
2016-09-21,0.2263046296096638
2016-09-22,0.43627121641809374
2016-09-23,0.461613036648445
2016-09-26,2.1242012544728905
2016-09-27,0.7013303400742021
2016-09-28,0.13915460364699594
2016-09-29,0.30818798155209937
2016-09-30,0.4921097448937761
2016-10-10,2.0990486223387617
2016-10-11,0.6857655557312325
2016-10-12,0.1345724173043239
2016-10-13,0.1578205792768239
2016-10-14,0.17711944136694635
2016-10-17,0.9154531211192141
2016-10-18,1.5239454415251652
2016-10-19,0.13927211741561196
2016-10-20,0.46020066599787857
2016-10-21,0.582505973407621
2016-10-24,0.6451026321548481
2016-10-25,0.43082858408376445
2016-10-26,0.4283509528750229
2016-10-27,0.04159315620427817
2016-10-28,0.9158514435881004
2016-10-31,0.046087231614655444
2016-11-01,1.0805354635164077
2016-11-02,0.6666715296648529
2016-11-03,0.6495212403315298
2016-11-04,0.27683400906883815
2016-11-07,0.048553851684818294
2016-11-08,0.614611936450582
2016-11-09,0.6991084187881302
2016-11-10,1.2963105843647238
2016-11-11,0.4146372303479362
2016-11-14,0.3360858310596182
2016-11-15,0.4992840328178927
2016-11-16,0.15316822696791466
2016-11-17,0.4071907130009267
2016-11-18,0.3076460722076235
2016-11-21,0.23264599390842022
2016-11-22,0.8368668242430211
2016-11-23,0.6944972853174858
2016-11-24,0.6911168189232098
2016-11-25,0.2001729510794803
2016-11-28,0.009913719875653815
2016-11-29,1.123504647741369
2016-11-30,0.1813340105640271
2016-12-01,0.45560728095765946
2016-12-02,1.717882590272679
2016-12-05,0.5493912732872364
2016-12-06,0.22835070642079902
2016-12-07,1.0979472230936649
2016-12-08,0.6090174329729581
2016-12-09,0.3720809353099708
2016-12-12,5.44804097137156
2016-12-13,0.4299347434279621
2016-12-14,0.658452890403427
2016-12-15,1.0700799548229112
2016-12-16,1.0898155546953836
2016-12-19,0.1012232431799931
2016-12-20,0.06004799863900123
2016-12-21,0.7396780710807516
2016-12-22,0.016957036706788386
2016-12-23,1.1452709858646326
2016-12-26,0.44346690662200317
2016-12-27,0.10404585079482054
2016-12-28,0.404570360594525
2016-12-29,0.3881756126425939
2016-12-30,0.030205115815218342
2017-01-03,0.8747664003124545
2017-01-04,1.2237154941713957
2017-01-05,0.009365683480599962
2017-01-06,0.7019302988069964
2017-01-09,0.5104392345623987
2017-01-10,0.5118359617829138
2017-01-11,1.0419623048271265
2017-01-12,0.8988907662052514
2017-01-13,1.8597056499817466
2017-01-16,4.275590050113309
2017-01-17,1.2190688818043416
2017-01-18,0.4921225001748075
2017-01-19,0.4224346733865181
2017-01-20,1.664036228410981
2017-01-23,1.0056737131434845
2017-01-24,0.5572529459118902
2017-01-25,0.33248123430411614
2017-01-26,0.6781700630789533
2017-02-03,0.28750270568487224
2017-02-06,1.1944069124510959
2017-02-07,0.028583305026197436
2017-02-08,0.725142253582356
2017-02-09,0.8130385066640988
2017-02-10,0.35046236555009713
2017-02-13,0.6225048358529328
2017-02-14,0.1081660903978765
2017-02-15,0.9468501610697344
2017-02-16,0.6410261634292258
2017-02-17,0.8710266042569526
2017-02-20,0.8748528470539974
2017-02-21,0.9808468695709394
2017-02-22,0.36201675181291026
2017-02-23,0.028195228533034467
2017-02-24,0.36115313620592726
2017-02-27,0.7788681493325789
2017-02-28,0.3678169668123399
2017-03-01,0.21609560853164123
2017-03-02,0.6454193859675605
2017-03-03,0.40148546173968125
2017-03-06,1.2074867370945874
2017-03-07,0.1894901087849954
2017-03-08,0.40113442857571124
2017-03-09,0.6322959706827613
2017-03-10,0.02605571238514237
2017-03-13,0.7114003624572041
2017-03-14,0.19543949090482515
2017-03-15,0.08953340458873749
2017-03-16,1.0607730924935055
2017-03-17,0.7053160545412385
2017-03-20,0.3600532932570788
2017-03-21,0.0546935203934229
2017-03-22,0.5446893723740409
2017-03-23,0.018009876418390025
2017-03-24,0.13187932277791692
2017-03-27,0.1787826306432927
2017-03-28,0.33584139878762853
2017-03-29,0.8162457618959063
2017-03-30,2.040143388886695
2017-03-31,0.28984688754492005
2017-04-05,2.1928336020778705
2017-04-06,0.25408560314024164
2017-04-07,0.012687766359675834
2017-04-10,1.1187013494957654
2017-04-11,0.7726108243132579
2017-04-12,0.8226287780262687
2017-04-13,0.30694210763762
2017-04-14,1.471746068040869
2017-04-17,1.49772487507146
2017-04-18,1.024829318076259
2017-04-19,1.2647643450568902
2017-04-20,0.570757268442279
2017-04-21,0.529076709262255
2017-04-24,3.110044944301038
2017-04-25,0.3340302504786452
2017-04-26,0.36179055114893277
2017-04-27,0.6085931398808864
2017-04-28,0.5508363704380681
2017-05-02,0.04317093178172193
2017-05-03,0.1890301557288976
2017-05-04,0.33276984153588485
2017-05-05,1.3365857827445926
2017-05-08,1.8828171177390551
2017-05-09,0.6310683781561188
2017-05-10,1.9885119242413096
2017-05-11,0.8672093856177177
2017-05-12,0.21458604067976506
2017-05-15,0.2754438917544899
2017-05-16,2.1397178480333956
2017-05-17,0.27383501703477364
2017-05-18,0.6769396246885995
2017-05-19,0.12082549034693191
2017-05-22,1.828421498795274
2017-05-23,3.1813153500913516
2017-05-24,0.4749729355491006
2017-05-25,0.843378331971345
2017-05-26,0.009776524900417805
2017-05-31,0.2853813669217997
2017-06-01,2.722862650051039
2017-06-02,1.1134551752603583
2017-06-05,0.9317157858293124
2017-06-06,0.5179828027469302
2017-06-07,2.083742264940547
2017-06-08,0.06961731463401843
2017-06-09,0.08224194264985218
2017-06-12,1.385423036429323
2017-06-13,1.4663697099513762
2017-06-14,0.13435919819297926
2017-06-15,1.2567392839166969
2017-06-16,0.16678408510913956
2017-06-19,0.6288780641533487
2017-06-20,0.18746127295956594
2017-06-21,0.0052173560526558305
2017-06-22,1.762088396403283
2017-06-23,0.06380391260034646
2017-06-26,1.1581181540119445
2017-06-27,0.15996980365757807
2017-06-28,0.6765383652512447
2017-06-29,0.44728015403905363
2017-06-30,0.12190961493157015
2017-07-03,0.9556117263470831
2017-07-04,0.17793036213102909
2017-07-05,0.8558533843848526
2017-07-06,0.18052376046819862
2017-07-07,0.28407800467609157
2017-07-10,0.5976666282803689
2017-07-11,1.2372915427276143
2017-07-12,0.12994687828590257
2017-07-13,0.00044686262234971963
2017-07-14,0.5501505525701722
2017-07-17,5.174695361861026
2017-07-18,0.8663473795236243
2017-07-19,1.3109781140992371
2017-07-20,0.5844250711594334
2017-07-21,0.10775717645141736
2017-07-24,0.5507088442781916
2017-07-25,0.18930845220361814
2017-07-26,0.151596897358508
2017-07-27,1.2789981900107161
2017-07-28,0.041891533367466316
2017-07-31,0.7953946380359733
2017-08-01,0.10713560582993331
2017-08-02,0.8509884175269877
2017-08-03,0.46819479148672016
2017-08-04,0.47091993055973225
2017-08-07,0.7583339643264742
2017-08-08,0.3426834588644345
2017-08-09,0.3305516504070738
2017-08-10,0.7224616183301502
2017-08-11,1.516347451125899
2017-08-14,1.9955552380693131
2017-08-15,0.43677666620047795
2017-08-16,0.49412895434068904
2017-08-17,0.9255238364627827
2017-08-18,0.5011352389303614
2017-08-21,0.7351504568090084
2017-08-22,0.6111023028794182
2017-08-23,0.667773905836222
2017-08-24,0.6424202246828381
2017-08-25,0.9784535596498722
2017-08-28,1.1024928149814706
2017-08-29,0.2537249434139133
2017-08-30,0.4081878410206574
2017-08-31,0.3331272550347153
2017-09-01,0.7817097448642008
2017-09-04,0.752894224687739
2017-09-05,0.03024808895759623
2017-09-06,0.7403015592233331
2017-09-07,0.4439352917835815
2017-09-08,0.1968032003275555
2017-09-11,1.044733158570943
2017-09-12,0.2684980592095876
2017-09-13,0.3712612698888673
2017-09-14,0.15242627748053295
2017-09-15,0.45598869877728765
2017-09-18,0.775531819641806
2017-09-19,0.4530236394360121
2017-09-20,0.8814495354936724
2017-09-21,1.1143593257347706
2017-09-22,0.4664772539019868
2017-09-25,1.5023300493335667
2017-09-26,0.18677157060122962
2017-09-27,0.8261493626874561
2017-09-28,0.5359480906718006
2017-09-29,0.9552950017141404
2017-10-09,1.2571656688601607
2017-10-10,0.670920408759379
2017-10-11,0.41715140863683997
2017-10-12,0.26344063762763215
2017-10-13,0.4065647426563457
2017-10-16,1.9170253386318281
2017-10-17,0.1856620007035903
2017-10-18,0.9583068211794332
2017-10-19,0.960068466417141
2017-10-20,1.2457106340017843
2017-10-23,0.5432379685394784
2017-10-24,0.521113860925293
2017-10-25,0.6039695864405337
2017-10-26,0.3892048420841343
2017-10-27,0.7585223177955069
2017-10-30,2.5230362718209887
2017-10-31,0.7509068268035213
2017-11-01,0.05112602927217491
2017-11-02,1.2190582302244901
2017-11-03,0.8667545163316137
2017-11-06,0.9946808745401547
2017-11-07,0.5934671496158783
2017-11-08,0.2811509735059836
2017-11-09,0.5138598436557729
2017-11-10,0.17374398367540067
2017-11-13,0.15207228293301345
2017-11-14,0.7048161062692571
2017-11-15,0.9317923378105775
2017-11-16,0.27568209505952623
2017-11-17,3.489221427059175
2017-11-20,0.2722526680761561
2017-11-21,0.04318298252331543
2017-11-22,0.11090492019207865
2017-11-23,2.3068024954836286
2017-11-24,0.14725374459534368
2017-11-27,1.0324512635770833
2017-11-28,1.5720720880734174
2017-11-29,0.2257165963751584
2017-11-30,0.5497920464190287
2017-12-01,0.8695375632245206
2017-12-04,1.0536178682388209
2017-12-05,2.7058669066900576
2017-12-06,1.010683465665796
2017-12-07,0.057818672093357115
2017-12-08,0.9310697891088404
2017-12-11,1.164520952428294
2017-12-12,0.9054043074033014
2017-12-13,0.6218492245878782
2017-12-14,0.09427262433385764
2017-12-15,0.3316528111379724
2017-12-18,0.6582080491715936
2017-12-19,0.5651026092158284
2017-12-20,1.0448714688571559
2017-12-21,0.13973017509707475
2017-12-22,0.19771706051455729
2017-12-25,1.3767334320705982
2017-12-26,0.43562498496148017
2017-12-27,0.4046396414179809
2017-12-28,0.2008443827007822
2017-12-29,0.8749866976601073
2018-01-02,1.065124116917504
2018-01-03,0.955727508827553
2018-01-04,0.20935000017736627
2018-01-05,0.027915507817932728
2018-01-08,0.1591599589007453
2018-01-09,0.16066406664193567
2018-01-10,0.5289392055023989
2018-01-11,0.5129335106371702
2018-01-12,0.6629625098715675
2018-01-15,2.7851527842703283
2018-01-16,0.4527162607643742
2018-01-17,0.2559262480955171
2018-01-18,0.178154170692979
2018-01-19,0.2432744155766442
2018-01-22,1.09876729810221
2018-01-23,0.07737491153385623
2018-01-24,0.7468844155871901
2018-01-25,0.13815807129403668
2018-01-26,0.09375820648019895
2018-01-29,1.1838724850476101
2018-01-30,0.2472090594003995
2018-01-31,2.3612850306801048
2018-02-01,4.190198882658002
2018-02-02,0.285647205053019
2018-02-05,0.4015849831449314
2018-02-06,4.93893447362016
2018-02-07,0.2537871124764335
2018-02-08,1.2984760916294302
2018-02-09,2.9688031727122643
2018-02-12,2.4901832480194397
2018-02-13,0.20565619994108442
2018-02-14,0.22766310634643183
2018-02-22,1.8684962376715353
2018-02-23,0.2967331841046583
2018-02-26,2.2182446505266684
2018-02-27,0.34196806947703884
2018-02-28,0.5272674958142654
2018-03-01,1.4438357394875423
2018-03-02,0.39358102004418694
2018-03-05,0.6318403796240935
2018-03-06,0.9226766769190098
2018-03-07,0.7024226292850266
2018-03-08,0.5477648644396593
2018-03-09,1.6645466250983176
2018-03-12,1.6137452131936625
2018-03-13,0.5152170573067938
2018-03-14,1.1116032420375843
2018-03-15,0.1577784887109357
2018-03-16,0.26561786645367125
2018-03-19,0.21416631413073706
2018-03-20,0.025706320485285872
2018-03-21,0.7504776756435683
2018-03-22,0.0940119320246624
2018-03-23,5.348314715036906
2018-03-26,1.7547989909373563
2018-03-27,2.5416181983355157
2018-03-28,0.6731260704860742
2018-03-29,0.7294021339859569
2018-03-30,1.711376250466512
2018-04-02,0.5472571658297065
2018-04-03,0.9701260464900829
2018-04-04,0.895717268394769
2018-04-09,0.14499199938518004
2018-04-10,0.031619450653574965
2018-04-11,0.5808572307679505
2018-04-12,0.4758579225534132
2018-04-13,0.08891373232001731
2018-04-16,0.05551899962136231
2018-04-17,2.281047508808176
2018-04-18,1.471499370747309
2018-04-19,0.2371717327539935
2018-04-20,2.1135958928215737
2018-04-23,1.06250137604047
2018-04-24,2.1660078423032747
2018-04-25,0.3849901913756115
2018-04-26,1.8317846696027096
2018-04-27,0.10014231858050948
2018-05-02,0.46401026500608733
2018-05-03,0.9012097047390366
2018-05-04,0.21360908323151406
2018-05-07,1.7652094850195699
2018-05-08,0.4748439341124344
2018-05-09,0.048446090124409924
2018-05-10,0.4239997624537084
2018-05-11,0.9912324108550363
2018-05-14,0.6785879738485878
2018-05-15,1.0528115812019845
2018-05-16,0.5777909593941533
2018-05-17,0.4739257058369528
2018-05-18,0.4478615984361056
2018-05-21,1.1534828394024643
2018-05-22,0.4069525634523563
2018-05-23,1.072304103813948
2018-05-24,0.35762108111784263
2018-05-25,1.3133087196287363
2018-05-28,0.7803300849351436
2018-05-29,0.8263321264645906
2018-05-30,3.1748333500989934
2018-05-31,1.327838257002023
2018-06-01,1.1312486638329289
2018-06-04,0.4504245361724113
2018-06-05,1.6218926916005127
2018-06-06,0.0641946014031003
2018-06-07,0.7213066843185123
2018-06-08,1.098476118394398
2018-06-11,0.8704122718761975
2018-06-12,0.7674995700135856
2018-06-13,1.722975314181563
2018-06-14,0.5287915021877088
2018-06-15,2.179098935638113
2018-06-19,6.8410752398861625
2018-06-20,1.1904220831015833
2018-06-21,2.3506290855667356
2018-06-22,1.5478300404597078
2018-06-25,0.522272976981053
2018-06-26,0.8395693727330622
2018-06-27,0.8958655147886962
2018-06-28,1.1811054924207198
2018-06-29,3.02518855638374
2018-07-02,1.2560033939695847
2018-07-03,1.1465716967813622
2018-07-04,1.801723960333701
2018-07-05,2.690679931195228
2018-07-06,0.40951600868510685
2018-07-09,2.1019093193903604
2018-07-10,0.6788713992143203
2018-07-11,2.3256995096458066
2018-07-12,2.6879135231617557
2018-07-13,0.3667890060638834
2018-07-16,0.09483096787226142
2018-07-17,0.1529470440731595
2018-07-18,0.5552066066490502
2018-07-19,1.1498094712857454
2018-07-20,1.1028474261778554
2018-07-23,0.7416302105909489
2018-07-24,1.6107086192142406
2018-07-25,0.23561314607996042
2018-07-26,0.3941282255117251
2018-07-27,0.581837649205319
2018-07-30,1.4420359448371833
2018-07-31,0.11702750673527884
2018-08-01,1.557732502374265
2018-08-02,2.3900126633795593
2018-08-03,1.3175575792217842
2018-08-06,2.111811162385857
2018-08-07,2.624085458698322
2018-08-08,1.664040951869905
2018-08-09,2.237775079455795
2018-08-10,0.6420537521071079
2018-08-13,0.5078390552475165
2018-08-14,0.3381729463952432
2018-08-15,2.0357282623587047
2018-08-16,1.2180092793203645
2018-08-17,1.8158765760719953
2018-08-20,0.3821107205115748
2018-08-21,1.1441258634067974
2018-08-22,1.1558813638745002
2018-08-23,0.6069623398147872
2018-08-24,0.334864581438854
2018-08-27,2.2130359981807235
2018-08-28,0.07919896753734168
2018-08-29,0.5692363548412849
2018-08-30,1.7188769316332397
2018-08-31,1.1004804345053354
2018-09-03,0.07670446142898912
2018-09-04,1.168204832147235
2018-09-05,1.577216412732385
2018-09-06,0.39727157584836803
2018-09-07,0.19501410201872016
2018-09-10,1.964046480521875
2018-09-11,0.03363971614196437
2018-09-12,0.11156679225696742
2018-09-13,0.7796872953742762
2018-09-14,1.013086535566543
2018-09-17,1.5560742123218785
2018-09-18,1.7755578567201669
2018-09-19,1.0709344609649785
2018-09-20,0.37076570438864254
2018-09-21,1.2138739658891895
2018-09-25,0.31916972373534636
2018-09-26,0.4276301810332672
2018-09-27,1.4224969524969877
2018-09-28,0.8407723515746923
2018-10-08,3.405450437871582
2018-10-09,0.026966640495040828
2018-10-10,0.13086013258214457
2018-10-11,7.393743476913905
2018-10-12,0.6491034751897828
2018-10-15,1.5541184950928377
2018-10-16,2.2413130562079275
2018-10-17,0.7280483395523119
2018-10-18,3.325856586482001
2018-10-19,2.212086621143139
2018-10-22,4.986836966179764
2018-10-23,1.6547373369398932
2018-10-24,0.03436813936008587
2018-10-25,0.7361125312354888
2018-10-26,0.3255750297831428
2018-10-29,1.4399763421021672
2018-10-30,0.9297998300555887
2018-10-31,1.4749519657997645
2018-11-01,0.639074572607301
2018-11-02,3.0582244633029054
2018-11-05,0.7454574889304899
2018-11-06,0.10672651963827828
2018-11-07,0.2231774414359733
2018-11-08,0.4454198283391664
2018-11-09,0.24419021690266218
2018-11-12,2.9845812061213284
2018-11-13,1.9820192504877987
2018-11-14,0.016234389091196455
2018-11-15,1.6668635891286199
2018-11-16,1.0859398979172985
2018-11-19,0.37582761706358436
2018-11-20,2.6425981598472648
2018-11-21,0.7305749017063379
2018-11-22,0.06384520222573187
2018-11-23,4.2888246289940035
2018-11-26,0.1806438704443858
2018-11-27,0.8181851023993492
2018-11-28,1.2186716543185039
2018-11-29,2.352243092894002
2018-11-30,0.667816200913407
2018-12-03,3.3154799798467582
2018-12-04,0.9136509842079032
2018-12-05,0.6020817059741668
2018-12-06,1.7869825639720949
2018-12-07,0.020907170387918228
2018-12-10,1.168384323436622
2018-12-11,0.9377316512534817
2018-12-12,0.034901191601866
2018-12-13,0.9514027622615995
2018-12-14,2.55742748094151
2018-12-17,0.31581760878726106
2018-12-18,0.6616963477184878
2018-12-19,1.3752221746025861
2018-12-20,0.37942633915712953
2018-12-21,0.7211690649928548
2018-12-24,0.8972903017539613
2018-12-25,0.9586848866645292
2018-12-26,0.44566344767856814
2018-12-27,1.5539979719646047
2018-12-28,0.12138126715515174
2019-01-02,0.4852931038429209
2019-01-03,0.7183127817892543
2019-01-04,2.7653420437518506
2019-01-07,2.139999630493672
2019-01-08,0.19841980717991703
2019-01-09,0.21168879391804118
2019-01-10,0.26673335163689416
2019-01-11,0.8538602698083375
2019-01-14,0.5933147810715855
2019-01-15,1.0878152386423867
2019-01-16,0.15007214211790743
2019-01-17,0.8993946515273965
2019-01-18,0.6728944971506001
2019-01-21,0.6202991522870738
2019-01-22,1.1150691267156732
2019-01-23,0.1405412770430159
2019-01-24,0.5656606124834651
2019-01-25,0.599741491517447
2019-01-28,0.8148014273087756
2019-01-29,1.7580083595323592
2019-01-30,1.490310400023942
2019-01-31,1.5237968631076404
2019-02-01,2.9214213836977754
2019-02-11,2.8740781282508454
2019-02-12,1.3869115464755444
2019-02-13,1.7972100468630847
2019-02-14,0.42477396650835164
2019-02-15,0.136603342216024
2019-02-18,3.547941533390997
2019-02-19,0.42232903318490944
2019-02-20,0.06624627088975821
2019-02-21,0.39020024685125776
2019-02-22,2.260689805156302
2019-02-25,5.232481838356962
2019-02-26,0.00919754456923938
2019-02-27,0.2532590985456995
2019-02-28,0.3778467572627342
2019-03-01,0.6383627518488755
2019-03-04,2.1984405575898203
2019-03-05,3.137503366516814
2019-03-06,2.1694511110453174
2019-03-07,1.736622215938266
2019-03-08,4.151205620460874
2019-03-11,4.314034283201473
2019-03-12,2.2094663653000612
2019-03-13,2.323349468608804
2019-03-14,3.028703021202994
2019-03-15,1.5496391039021784
2019-03-18,2.410115676205238
2019-03-19,0.4321064111286521
2019-03-20,0.26488122460989194
2019-03-21,1.0878713475880097
2019-03-22,0.3990776542587504
2019-03-25,0.883039233269467
2019-03-26,2.903247239913742
2019-03-27,0.6593767605915346
2019-03-28,1.3500941469935634
2019-03-29,2.841899478682808
2019-04-01,3.8320636078026604
2019-04-02,0.6062319455946374
2019-04-03,1.005253134191264
2019-04-04,0.3696238714154365
2019-04-08,0.47692122267971593
2019-04-09,0.24426448664949252
2019-04-10,0.15572181146600306
2019-04-11,2.064830952758423
2019-04-12,0.09407806168638677
2019-04-15,0.8056114165653661
2019-04-16,2.1108260379433252
2019-04-17,0.8788325345373549
2019-04-18,0.5015326243233753
2019-04-19,0.8448897512315812
2019-04-22,1.0088786191187804
2019-04-23,1.8390544238142015
2019-04-24,1.2359328329626607
2019-04-25,4.119415141944927
2019-04-26,1.110685341673523
2019-04-29,3.631801398380574
2019-04-30,1.0627206008788637
2019-05-06,7.662579009174165
2019-05-07,1.25153857189082
2019-05-08,0.3717668681538777
2019-05-09,1.0376712020125467
2019-05-10,3.9654172459306913
2019-05-13,0.7329209067068687
2019-05-14,0.6916142082488141
2019-05-15,2.2010555883907212
2019-05-16,0.7452737790164754
2019-05-17,3.551276107100232
2019-05-20,0.33459474469105244
2019-05-21,1.9742754819359387
2019-05-22,0.4174088393096298
2019-05-23,2.3650256303024086
2019-05-24,1.2728702953130555
2019-05-27,2.9584058065203367
2019-05-28,0.002028149823118941
2019-05-29,0.41062649548733177
2019-05-30,0.6422788006165692
2019-05-31,0.14475156338559225
2019-06-03,1.4842580332368183
2019-06-04,1.7905895401619243
2019-06-05,0.04866714284266216
2019-06-06,2.4748582194564217
2019-06-10,1.3544126824349245
2019-06-11,3.739719698118349
2019-06-12,0.46767404634012744
2019-06-13,0.5551193215747041
2019-06-14,2.286388889544755
2019-06-17,0.2396237358929354
2019-06-18,0.003985914549198277
2019-06-19,1.4221804067729993
2019-06-20,1.586364782914651
2019-06-21,1.6687009032762656
2019-06-24,0.04147028138896669
2019-06-25,0.9642902831621281
2019-06-26,0.005583283246357595
2019-06-27,0.8629569396069403
2019-06-28,1.4105992710202742
2019-07-01,3.006248448373805
2019-07-02,0.038428078505226004
2019-07-03,1.003020872560767
2019-07-04,0.44451573876327366
2019-07-05,0.36760343954858055
2019-07-08,3.318139651483265
2019-07-09,0.30657101858351243
2019-07-10,0.8687531527171055
2019-07-11,0.15812392642482465
2019-07-12,0.245665021607544
2019-07-15,1.0466377456971987
2019-07-16,0.2164315667664285
2019-07-17,0.07937972034890439
2019-07-18,1.7926846633822713
2019-07-19,0.48946197357151444
2019-07-22,2.810217103653845
2019-07-23,1.1385828157314926
2019-07-24,1.2420676567563627
2019-07-25,0.31294196594344736
2019-07-26,0.10585126040336679
2019-07-29,0.04564849093906531
2019-07-30,0.3972996195369838
2019-07-31,0.7562162552218199
2019-08-01,0.5166367649664827
2019-08-02,1.588284639792381
2019-08-05,1.147522561740677
2019-08-06,2.639291543515654
2019-08-07,0.2933987665373894
2019-08-08,0.7755022930278077
2019-08-09,1.087362309566764
2019-08-12,1.692571124797837
2019-08-13,0.4796296188226523
2019-08-14,0.675376640612324
2019-08-15,0.4770655033944138
2019-08-16,0.5648690111706323
2019-08-19,3.183236800895095
2019-08-20,0.23367847136708253
2019-08-21,0.026162596273771044
2019-08-22,0.4228224236438427
2019-08-23,0.21126601020782232
2019-08-26,0.5554272792588466
2019-08-27,1.895617633091784
2019-08-28,0.19899716668516643
2019-08-29,0.09079221717289698
2019-08-30,1.4825099255845298
2019-09-02,2.596545542403361
2019-09-03,0.7433333797834507
2019-09-04,0.7027361629661
2019-09-05,0.9429243627220307
2019-09-06,0.4202458499188877
2019-09-09,2.446438705192122
2019-09-10,0.22016187234765727
2019-09-11,0.857897433957433
2019-09-12,0.47630893335652846
2019-09-16,0.6135183443300996
2019-09-17,2.3992741586490007
2019-09-18,0.11550151355850247
2019-09-19,1.1762636826755823
2019-09-20,0.10936855227487996
2019-09-23,0.994565333980657
2019-09-24,0.5031270547734223
2019-09-25,1.9401388657754537
2019-09-26,3.2748135443605997
2019-09-27,0.9031008433400878
2019-09-30,1.1159428388804793
2019-10-08,0.09164269497294875
2019-10-09,0.9159067541213428
2019-10-10,1.5472807929948207
2019-10-11,0.0694755324901708
2019-10-14,1.5817868441760252
2019-10-15,1.4678038357019196
2019-10-16,0.4188127501056238
2019-10-17,0.10738059897977825
2019-10-18,1.2480187777409335
2019-10-21,0.6293721443693778
2019-10-22,1.2417857250803799
2019-10-23,0.8044467698796631
2019-10-24,0.194848969751249
2019-10-25,0.7726999064256557
2019-10-28,2.370899325319553
2019-10-29,1.0874027430140543
2019-10-30,0.9938558023076305
2019-10-31,1.12047491250733
2019-11-01,0.9537596882426724
2019-11-04,0.6239208007631225
2019-11-05,0.280636434522874
2019-11-06,0.8823311244023468
2019-11-07,0.6660523720789735
2019-11-08,0.3444309115863242
2019-11-11,2.597004283098703
2019-11-12,0.2535722911179761
2019-11-13,0.2929350448144574
2019-11-14,0.6784049583245633
2019-11-15,1.2283760150228362
2019-11-18,0.713984380241639
2019-11-19,1.8652925503880757
2019-11-20,0.504698240806245
2019-11-21,0.16740661135474788
2019-11-22,1.3247026805176088
2019-11-25,0.5740257207081045
2019-11-26,0.07066471891237214
2019-11-27,0.034213150569994966
2019-11-28,0.28835396729127716
2019-11-29,0.0879689543531903
2019-12-02,0.21786112028003846
2019-12-03,0.6534471528432562
2019-12-04,0.16123816804574087
2019-12-05,1.1281708048258565
2019-12-06,0.7136057824603137
2019-12-09,0.3558272226126924
2019-12-10,0.6059254688289606
2019-12-11,0.40326219727243595
2019-12-12,0.00864298255698337
2019-12-13,1.3489364875713505
2019-12-16,1.878949805677177
2019-12-17,1.253057245839706
2019-12-18,0.03302066485572075
2019-12-19,0.43879752234348146
2019-12-20,1.2024809841323258
2019-12-23,2.255358076913816
2019-12-24,1.760222687129076
2019-12-25,0.5972766884889902
2019-12-26,0.7130183164908654
2019-12-27,0.8070275828209961
2019-12-30,0.5650322152033649
2019-12-31,0.6697454994588625
2020-01-02,1.9673837033119757
2020-01-03,0.5194327358133854
2020-01-06,1.0285515158506175
2020-01-07,1.5200616215834017
2020-01-08,1.365033725107423
2020-01-09,1.5887104354663117
2020-01-10,0.2095654567070837
2020-01-13,1.2787213053526925
2020-01-14,0.21274997501993242
2020-01-15,0.010062370974939228
2020-01-16,0.19254528353511713
2020-01-17,0.38494057350600963
2020-01-20,1.2833715126041367
2020-01-21,0.8901643274371818
2020-01-22,0.3003850295500987
2020-01-23,3.7262515104516614
2020-02-03,8.753205360308048
2020-02-04,0.22956206136948154
2020-02-05,2.613932963680665
2020-02-06,3.128078524838962
2020-02-07,1.2320308513184441
2020-02-10,1.396351150437014
2020-02-11,0.6765535610745999
2020-02-12,2.329594089804088
2020-02-13,0.8120091667079943
2020-02-14,0.355609006946378
2020-02-17,3.642804217046214
2020-02-18,2.2860438892545076
2020-02-19,0.8916514564844213
2020-02-20,1.9331426348117242
2020-02-21,1.7783403984227952
2020-02-24,2.1932678135519357
2020-02-25,0.41892105912555433
2020-02-26,2.8922155854978926
2020-02-27,0.16480668484457617
2020-02-28,5.794567439585663
2020-03-02,4.129553526315521
2020-03-03,1.3491714960899515
2020-03-04,0.494545458066864
2020-03-05,1.4342154775378146
2020-03-06,0.3023574919603922
2020-03-09,3.924530135720261
2020-03-10,2.591681320339223
2020-03-11,1.3453627283285252
2020-03-12,2.0132553653865126
2020-03-13,0.9029709201694547
2020-03-16,4.8388111643758
2020-03-17,0.2625749660904564
2020-03-18,1.538398886760528
2020-03-19,1.0994494311683978
2020-03-20,0.9484485031567624
2020-03-23,4.477585724360445
2020-03-24,1.85882182136341
2020-03-25,2.344825376212456
2020-03-26,0.9065928441646998
2020-03-27,0.7474148606149922
2020-03-30,2.488497486374708
2020-03-31,0.21645080399903538
2020-04-01,0.4390790244955256
2020-04-02,2.5040424347848145
2020-04-03,0.5684699610226773
2020-04-07,3.414674900688075
2020-04-08,0.4031364197118137
2020-04-09,1.2440504569309896
2020-04-10,2.6209373812349224
2020-04-13,1.0408030351439668
2020-04-14,2.0281021772205587
2020-04-15,0.5982553516462041
2020-04-16,0.7602084444675583
2020-04-17,0.1594976874422782
2020-04-20,1.6348148624111936
2020-04-21,0.5237307268438407
2020-04-22,0.9276221499714188
2020-04-23,0.6363600914680356
2020-04-24,1.9686062743751287
2020-04-27,0.5259985816956414
2020-04-28,1.4959978525083795
2020-04-29,0.2440067945077118
2020-04-30,2.35303993622209
2020-05-06,2.1882576940603027
2020-05-07,0.11282708709041689
2020-05-08,1.1541749024132963
2020-05-11,0.18699022040190583
2020-05-12,0.30251869180095703
2020-05-13,0.8096132102417775
2020-05-14,0.9090781877141407
2020-05-15,0.4560672327658555
2020-05-18,0.5082193279304481
2020-05-19,1.3064153952325297
2020-05-20,1.191894510917968
2020-05-21,1.2649677594408826
2020-05-22,1.8586099322951743
2020-05-25,0.21154130961592577
2020-05-26,2.4079173025565836
2020-05-27,0.6277816113994472
2020-05-28,0.22793328911591137
2020-05-29,0.9979845030509304
2020-06-01,3.0497385126673437
2020-06-02,0.15100640992262715
2020-06-03,0.13657710439313187
2020-06-04,0.20229745990658632
2020-06-05,0.14254928043795356
2020-06-08,0.23100820746682071
2020-06-09,0.6815673893803442
2020-06-10,0.11562913431832911
2020-06-11,0.36224720720768877
2020-06-12,0.062421519961697314
2020-06-15,0.03673084442027408
2020-06-16,2.035674304849744
2020-06-17,0.4300577459624755
2020-06-18,0.4670029155856348
2020-06-19,0.6150141710687285
2020-06-22,0.6611812607382639
2020-06-23,0.17470892256188364
2020-06-24,0.18156734785704787
2020-06-29,0.2599409050333623
2020-06-30,1.7415530423160464
2020-07-01,0.31351412388824773
2020-07-02,1.1765130864375584
2020-07-03,1.0040907696222234
2020-07-06,3.8226114815987255
2020-07-07,1.3658764778963217
2020-07-08,2.290038010432882
2020-07-09,2.985091748035962
2020-07-10,0.4421027279347678
2020-07-13,3.5335161858856434
2020-07-14,0.7847822158805973
2020-07-15,2.907070939098666
2020-07-16,5.234876330294947
2020-07-17,0.2129565140871703
2020-07-20,3.412829842285592
2020-07-21,0.7870676664933463
2020-07-22,0.9460232197276541
2020-07-23,0.08276532486123367
2020-07-24,4.705784793907119
2020-07-27,0.027920442054174544
2020-07-28,1.0522860802628209
2020-07-29,2.954122086788513
2020-07-30,0.16363349931556304
2020-07-31,1.3138167922221555
2020-08-03,3.2450635656587457
2020-08-04,0.6394916323687827
2020-08-05,1.3786130260106555
2020-08-06,0.07508627994945449
2020-08-07,1.2506057805479975
2020-08-10,0.2595529942302388
2020-08-11,1.9760772793402048
2020-08-12,1.678673596910396
2020-08-13,0.30419656094484715
2020-08-14,0.9843856061720668
2020-08-17,2.1678174575124887
2020-08-18,0.9611818521081839
2020-08-19,2.0796880684489483
2020-08-20,1.4452632830012746
2020-08-21,0.601474341378383
2020-08-24,0.8251826383037342
2020-08-25,0.5508613682352781
2020-08-26,2.4357157725712897
2020-08-27,1.0773833664943666
2020-08-28,1.2788938958056217
2020-08-31,0.26738076279786416
2020-09-01,0.4822976066956919
2020-09-02,0.1892452606234274
2020-09-03,1.1380169878980384
2020-09-04,0.10786440004135756
2020-09-07,1.7391989504804473
2020-09-08,0.6502881839357544
2020-09-09,3.1744553068431713
2020-09-10,3.5435592231129465
2020-09-11,1.6305561046300765
2020-09-14,1.576657719746577
2020-09-15,0.4851848733505415
2020-09-16,0.9979429450694299
2020-09-17,0.17967208292666292
2020-09-18,1.5327833558705706
2020-09-21,0.03719316862477173
2020-09-22,1.6083405134936557
2020-09-23,0.6923421937073293
2020-09-24,2.736626025586175
2020-09-25,0.6106707565811331
2020-09-28,1.2664271731083088
2020-09-29,1.0787606175890252
2020-09-30,0.0584954154501216
2020-10-09,3.1011195182609086
2020-10-12,3.13543191263288
2020-10-13,0.2500726485218596
2020-10-14,0.9251941107911721
2020-10-15,0.8837652688286624
2020-10-16,0.29534220061072647
2020-10-19,0.6954792854609648
2020-10-20,0.9481631151303072
2020-10-21,1.5641396876400426
2020-10-22,0.6351417547828531
2020-10-23,1.926784006390736
2020-10-26,0.10828856368088058
2020-10-27,0.5116416117208589
2020-10-28,0.04326799448162166
2020-10-29,0.15985959913717984
2020-10-30,2.450788470211507
2020-11-02,0.04039066538379377
2020-11-03,2.0539078660192223
2020-11-04,0.22403357615370378
2020-11-05,1.8434065784125764
2020-11-06,0.9813130357229083
2020-11-09,2.44176029039469
2020-11-10,1.0579812554712187
2020-11-11,1.707501420423807
2020-11-12,0.19045037053417868
2020-11-13,0.14932249862760205
2020-11-16,0.9185702308508237
2020-11-17,0.9793858318931759
2020-11-18,0.006007432154397918
2020-11-19,0.5437402186801554
2020-11-20,0.7085301207946815
2020-11-23,0.6156758426857145
2020-11-24,0.0041115102088262745
2020-11-25,1.7056924845476718
2020-11-26,0.7275884263150845
2020-11-27,0.02124282381072984
2020-11-30,0.2923044619378312
2020-12-01,1.3721862142421992
2020-12-02,0.33488647037775987
2020-12-03,0.3543663980882905
2020-12-04,0.5182868627631398
2020-12-07,0.2019897491036038
2020-12-08,0.020347535913400883
2020-12-09,1.957946487066653
2020-12-10,0.040513340019465716
2020-12-11,1.6192172475241629
2020-12-14,1.2092045058791356
2020-12-15,0.29933785133509083
2020-12-16,0.8055874453479328
2020-12-17,0.8328623216711906
2020-12-18,0.370665662543046
2020-12-21,1.7979239856807272
2020-12-22,2.1163734458024885
2020-12-23,0.7828051837921679
2020-12-24,1.5893522112328307
2020-12-25,0.9997805067014864
2020-12-28,0.6371246539296771
2020-12-29,0.6474405271568506
2020-12-30,0.7660150584930081
2020-12-31,1.8323460441312056
2021-01-04,2.291303801933453
2021-01-05,0.12770997035873588
2021-01-06,1.2118625203859423
2021-01-07,1.611875133290963
2021-01-08,0.47144945153007045
2021-01-11,1.6613202861675447
2021-01-12,1.370926801403849
2021-01-13,0.7783329698254016
2021-01-14,0.10459743100014185
2021-01-15,0.33248464520372334
2021-01-18,1.893786299711353
2021-01-19,0.5716303467113049
2021-01-20,0.8675111380348488
2021-01-21,1.1041080508978007
2021-01-22,0.34383138536615565
2021-01-25,0.9616959400880476
2021-01-26,1.8502322640460256
2021-01-27,0.05596029309204997
2021-01-28,2.120411753651541
2021-01-29,1.4847088895648564
2021-02-01,0.6614105151361294
2021-02-02,1.129038729183085
2021-02-03,1.7151736756198965
2021-02-04,2.2139695398269543
2021-02-05,1.9853215111010014
2021-02-08,0.7199265809438415
2021-02-09,2.713050069958567
2021-02-10,0.7882141052701019
2021-02-18,1.6069106207497574
2021-02-19,1.9213018453360764
2021-02-22,0.10612400656193621
2021-02-23,0.6827132217450349
2021-02-24,0.8031603885477634
2021-02-25,0.5978731955099126
2021-02-26,1.1554617154195035
2021-03-01,2.6836528370058677
2021-03-02,0.4391703263808999
2021-03-03,1.3448160345980398
2021-03-04,1.8112498847960623
2021-03-05,0.3323302606072387
2021-03-08,1.992320932965863
2021-03-09,3.1823223831320857
2021-03-10,0.7841426720877398
2021-03-11,2.326645541377781
2021-03-12,0.013093955967224957
2021-03-15,0.687080650186056
2021-03-16,0.902025922691263
2021-03-17,0.7077670951123105
2021-03-18,0.33937114698345816
2021-03-19,0.7631667296328248
2021-03-22,1.7403411430513271
2021-03-23,1.1101169535783106
2021-03-24,1.4745457513984928
2021-03-25,0.08965075262249433
2021-03-26,1.7870222358914445
2021-03-29,0.4009923982217556
2021-03-30,0.3955436287175207
2021-03-31,0.1300085654643457
2021-04-01,0.6737082109708581
2021-04-02,0.40184720099603055
2021-04-06,0.946909582178912
2021-04-07,0.019853657567292515
2021-04-08,0.29011351923582396
2021-04-09,0.07193172454192931
2021-04-12,2.1270761199688515
2021-04-13,0.5150510048130164
2021-04-14,1.4271515094013143
2021-04-15,0.37117959758402597
2021-04-16,1.1472461905047027
2021-04-19,1.7042647914551567
2021-04-20,0.3050396239965836
2021-04-21,0.001320918168534746
2021-04-22,0.42579304409342544
2021-04-23,0.4920225265755418
2021-04-26,0.3442222025079267
2021-04-27,0.46934820741396654
2021-04-28,0.5677650624569486
2021-04-29,0.49934236635672535
2021-04-30,0.35856411235115626
2021-05-06,0.2554160390555005
2021-05-07,1.221931154628464
2021-05-10,0.28987131195334914
2021-05-11,0.08344464255245487
2021-05-12,1.2054879434890697
2021-05-13,0.7059193090356741
2021-05-14,1.3719434816057197
2021-05-17,0.08045832090002314
2021-05-18,0.4575411727742562
2021-05-19,0.032795722835921026
2021-05-20,0.09420786161531414
2021-05-21,0.03797257983920721
2021-05-24,0.8870321236547074
2021-05-25,1.1908642053372498
2021-05-26,0.4389080235495779
2021-05-27,0.9073944230566289
2021-05-28,0.159572379311812
2021-05-31,1.7928174817742004
2021-06-01,0.592432475457616
2021-06-02,1.389909594736105
2021-06-03,0.07972975352020795
2021-06-04,0.4698470908584218
2021-06-07,1.1206734766192383
2021-06-08,0.7576090775050726
2021-06-09,0.1988747440808014
2021-06-10,1.096208927759612
2021-06-11,0.6557255516039251
2021-06-15,0.5523748759078573
2021-06-16,2.081755377202743
2021-06-17,1.7146651570361993
2021-06-18,1.1203729398448603
2021-06-21,1.5236747280146457
2021-06-22,0.4585841161777182
2021-06-23,0.6560149736328125
2021-06-24,1.0151962600415287
2021-06-25,0.3697351061172638
2021-06-28,0.9005290060980053
2021-06-29,0.8376477138589578
2021-06-30,1.1335331038477614
2021-07-01,1.611701580178504
2021-07-02,0.8694960217986547
2021-07-05,1.415094298658448
2021-07-06,0.3944410518978092
2021-07-07,1.5847716163133851
2021-07-08,0.13746630552875505
2021-07-09,0.6125705789234326
2021-07-12,1.9786810941226474
2021-07-13,0.6519792759008602
2021-07-14,1.1990368489341985
2021-07-15,0.030275478276220458
2021-07-16,0.18310812116140163
2021-07-19,0.31950940594005495
2021-07-20,0.66629723325482
2021-07-21,2.0064325965357233
2021-07-22,0.6443307816972332
2021-07-23,0.8956001930146562
2021-07-26,1.2689113600176105
2021-07-27,2.638951517245569
2021-07-28,2.0913959286762096
2021-07-29,3.7718461140218595
2021-07-30,0.7617139443389043
2021-08-02,1.9273439585876906
2021-08-03,1.2617445577211672
2021-08-04,2.3156784116602935
2021-08-05,0.40474674197312766
2021-08-06,0.4596479396703934
2021-08-09,0.3329072673092348
2021-08-10,0.5657271059126723
2021-08-11,0.746607215898365
2021-08-12,0.6785414119992783
2021-08-13,0.203850412903539
2021-08-16,0.9654580253287026
2021-08-17,2.7497439462449424
2021-08-18,0.6175597310501102
2021-08-19,0.8545975702120234
2021-08-20,0.018900026238588552
2021-08-23,2.480094340154504
2021-08-24,0.8169097742432241
2021-08-25,0.7071041140607637
2021-08-26,1.2883321500075207
2021-08-27,0.13755604940601796
2021-08-30,0.6206616570735068
2021-08-31,0.008751582317922946
2021-09-01,1.5727337963455046
2021-09-02,1.1040632169255549
2021-09-03,0.7803757783152121
2021-09-06,1.3662753017809282
2021-09-07,1.8519373687185592
2021-09-08,0.2018544799641253
2021-09-09,0.07582606057299213
2021-09-10,0.41028766540247563
2021-09-13,0.1869488475681358
2021-09-14,0.384841426237037
2021-09-15,0.6989671204472137
2021-09-16,2.725530144786925
2021-09-17,0.31880295660051683
2021-09-22,0.5023942450101515
2021-09-23,0.485794929041683
2021-09-24,1.4241965256502453
2021-09-27,2.9601236942958242
2021-09-28,0.012252575310545133
2021-09-29,3.6090914913973093
2021-09-30,2.8653668500051577
2021-10-08,0.27285940001342546
2021-10-11,0.5497848220755608
2021-10-12,2.388278067256566
2021-10-13,1.122147506136173
2021-10-14,0.7256011557773112
2021-10-15,0.11111709776769896
2021-10-18,1.0776632697735877
2021-10-19,1.001785338954364
2021-10-20,0.25995147023518683
2021-10-21,0.2661917532832181
2021-10-22,0.8669741137852904
2021-10-25,1.2622470239419536
2021-10-26,0.3144294800286329
2021-10-27,1.0007433255388998
2021-10-28,2.2290210113588005
2021-10-29,1.6160802755081471
2021-11-01,0.95196611313908
2021-11-02,1.1670486273390956
2021-11-03,0.22527346070180254
2021-11-04,1.333652548365838
2021-11-05,1.257476874082597
2021-11-08,0.45090614405953744
2021-11-09,1.4691226012580882
2021-11-10,0.04340969333300748
2021-11-11,0.7764012021454603
2021-11-12,1.3705607052343138
2021-11-15,0.2770074214112017
2021-11-16,1.1372822771339552
2021-11-17,1.7908519092717956
2021-11-18,0.13327737024868558
2021-11-19,1.1531865921131423
2021-11-22,1.8402545971862194
2021-11-23,0.0731436784314532
2021-11-24,0.035068682423766706
2021-11-25,0.16392330215937445
2021-11-26,0.18961714234049243
2021-11-29,0.7435571136207519
2021-11-30,0.6807304517390422
2021-12-01,0.018999811578690462
2021-12-02,1.0872349728439312
2021-12-03,0.6993819835885873
2021-12-06,1.4607132928846522
2021-12-07,1.5849065690819342
2021-12-08,1.8134197653041584
2021-12-09,0.11618352561608702
2021-12-10,0.21897293493564618
2021-12-13,0.4500419914146736
2021-12-14,0.038470115709532404
2021-12-15,0.3288244452789857
2021-12-16,0.633440827259224
2021-12-17,1.397353816434499
2021-12-20,1.8007440845023703
2021-12-21,1.252351859611922
2021-12-22,1.041899113043554
2021-12-23,0.0233280036979977
2021-12-24,1.9672489243711122
2021-12-27,0.0022529107297941664
2021-12-28,1.1200343417170577
2021-12-29,0.10301480509409267
2021-12-30,0.8796234726471397
2021-12-31,1.0826639190790965
2022-01-04,0.3402584177780166
2022-01-05,2.52271316701973
2022-01-06,0.8075225114049234
2022-01-07,2.062833291728905
2022-01-10,0.6701969111811756
2022-01-11,1.1312540756548861
2022-01-12,1.7370972853991251
2022-01-13,1.7319363652044673
2022-01-14,0.40005560390150574
2022-01-17,1.7291073641563681
2022-01-18,0.633718677871653
2022-01-19,1.2040824659608873
2022-01-20,2.2514173435192353
2022-01-21,1.386235329627139
2022-01-24,0.4961289565806215
2022-01-25,3.936967991766638
2022-01-26,0.5322059042126126
2022-01-27,2.9412696970165686
2022-01-28,0.18535340305561032
2022-02-07,1.270756745178514
2022-02-08,0.2690274883651256
2022-02-09,1.8474630060898223
2022-02-10,0.49661163592534807
2022-02-11,1.9756586510169427
2022-02-14,0.3948931875359163
2022-02-15,1.6952958198336088
2022-02-16,0.8176580418428392
2022-02-17,0.5220694368722745
2022-02-18,0.4318986163849514
2022-02-21,1.1417715314323118
2022-02-22,0.7547209993107762
2022-02-23,2.351404896846665
2022-02-24,2.218439337980227
2022-02-25,1.054754479447495
2022-02-28,0.7861129539558753
2022-03-01,0.12955282294448978
2022-03-02,0.20370974772375705
2022-03-03,0.966984285399386
2022-03-04,1.3762265983358724
2022-03-07,2.151896085962113
2022-03-08,3.0273712315041723
2022-03-09,1.0941419109228856
2022-03-10,2.302533771398285
2022-03-11,0.5502709492229529
2022-03-14,2.7204897263153116
2022-03-15,4.81007933026798
2022-03-16,3.3905360990726496
2022-03-17,1.8762741734367427
2022-03-18,0.8919953125482216
2022-03-21,1.0907938477294765
2022-03-22,0.44522712336479975
2022-03-23,0.6284431298896997
2022-03-24,0.9494251475171467
2022-03-25,1.173687435320958
2022-03-28,0.7707161811056795
2022-03-29,0.6143454433264584
2022-03-30,2.067771021415399
2022-03-31,1.350135385875606
2022-04-01,0.00795916731575197
2022-04-06,0.12278733193945568
2022-04-07,2.0800798806875243
2022-04-08,0.7292500193663898
2022-04-11,3.759807638399515
2022-04-12,1.364609833666064
2022-04-13,1.9981187383062315
2022-04-14,1.1685406956951194
2022-04-15,1.3308126097544393
2022-04-18,0.8119762759713156
2022-04-19,0.312384178841163
2022-04-20,1.7576183351027286
2022-04-21,4.056094048436998
2022-04-22,1.4975797492229326
2022-04-25,7.8108515512970715
2022-04-26,3.038812871599228
2022-04-27,5.205793582384999
2022-04-28,0.844832852237376
2022-04-29,4.37913452310581
2022-05-05,1.7862956361391458
2022-05-06,1.2375722085732122
2022-05-09,1.3218104509626905
2022-05-10,1.8794600864094457
2022-05-11,0.8799147470416324
2022-05-12,0.5254764586979599
2022-05-13,0.6147013524254952
2022-05-16,0.18470379627026912
2022-05-17,0.5848428522013505
2022-05-18,0.15275746310687843
2022-05-19,0.8548348383750515
2022-05-20,1.3471600580577947
2022-05-23,1.277635917573261
2022-05-24,4.127473063942055
2022-05-25,1.7532616148766111
2022-05-26,0.6274775303092062
2022-05-27,0.2730918346991462
2022-05-30,1.1636169032360977
2022-05-31,1.1300124790775135
2022-06-01,0.3143445593116301
2022-06-02,1.0922975727149398
2022-06-06,2.515035929749909
2022-06-07,0.10811545883158136
2022-06-08,0.16758982556535074
2022-06-09,1.7932944949533347
2022-06-10,2.1165555711393225
2022-06-13,0.7099832722962551
2022-06-14,0.14308435981548184
2022-06-15,0.1724060587047438
2022-06-16,0.6462690120086378
2022-06-17,1.1643625609023767
2022-06-20,1.0925486042817179
2022-06-21,1.0163905999379552
2022-06-22,1.2882583845717166
2022-06-23,2.295985072383533
2022-06-24,1.2592209359120865
2022-06-27,1.0283230805137489
2022-06-28,1.096550388737061
2022-06-29,2.5245628548240084
2022-06-30,1.3699058306481993
2022-07-01,0.014706534660269277
2022-07-04,1.1697903991977565
2022-07-05,0.5697861201028664
2022-07-06,1.165744409964642
2022-07-07,1.263828735089012
2022-07-08,0.5833907731225718
2022-07-11,1.5305483599339142
2022-07-12,1.6548512739564147
2022-07-13,0.8163839421205799
2022-07-14,1.2578248374109924
2022-07-15,0.9833614210691621
2022-07-18,1.4755334970820488
2022-07-19,0.796556549539984
2022-07-20,1.4378048644606123
2022-07-21,0.48958494181302603
2022-07-22,0.5751958614640174
2022-07-25,1.218103807644999
2022-07-26,1.129819116348152
2022-07-27,1.0247660061932562
2022-07-28,0.7150500106804403
2022-07-29,0.4582236743653767
2022-08-01,0.8854356656424756
2022-08-02,3.0983067032637868
2022-08-03,0.5937281900661451
2022-08-04,0.6309596594338274
2022-08-05,1.863291526681321
2022-08-08,1.2144184373864775
2022-08-09,0.43604573790378964
2022-08-10,0.06492081099858105
2022-08-11,1.142682206086798
2022-08-12,0.9000195119977072
2022-08-15,0.7562145737324499
2022-08-16,0.5645609940275964
2022-08-17,0.05534348690698909
2022-08-18,0.3106128278193898
2022-08-19,1.5919621595629985
2022-08-22,0.7488024032715312
2022-08-23,0.2393375408855647
2022-08-24,3.6491902178927615
2022-08-25,0.3282178338148478
2022-08-26,0.5148777938794757
2022-08-29,0.589304261954382
2022-08-30,0.6351089684798028
2022-08-31,3.2390412930038304
2022-09-01,0.49835700304925457
2022-09-02,0.8891738862131904
2022-09-05,0.2105011743844587
2022-09-06,1.8929841932198155
2022-09-07,0.6340381785982618
2022-09-08,0.9538280038732139
2022-09-09,0.2389323187387271
2022-09-13,0.13743243550119466
2022-09-14,1.0793563658577199
2022-09-15,3.080274054049681
2022-09-16,2.0840106570158556
2022-09-19,1.256592059901085
2022-09-20,1.2864446074842162
2022-09-21,0.02358792084325989
2022-09-22,0.10296110903149636
2022-09-23,1.9051343408483357
2022-09-26,1.2585635347829638
2022-09-27,2.0081426349655818
2022-09-28,3.099435924125904
2022-09-29,0.2844854230623639
2022-09-30,1.668302942464417
2022-10-10,2.2916933713416965
2022-10-11,0.5550772087790534
2022-10-12,2.9069816714950125
2022-10-13,0.9619317625623847
2022-10-14,2.466879577622194
2022-10-17,1.0301137884740186
2022-10-18,0.5570177270246335
2022-10-19,0.7276265245477864
2022-10-20,0.4866319229860472
2022-10-21,0.04076859398911559
2022-10-24,0.8378493905508932
2022-10-25,0.355164073780323
2022-10-26,2.1384194263286416
2022-10-27,0.46338923432530654
2022-10-28,3.4306961710996564
2022-10-31,0.8443602170254527
2022-11-01,2.339299386482807
2022-11-02,1.3151185864243464
2022-11-03,0.6487487435078654
2022-11-04,2.174611711722041
2022-11-07,0.059509858391004755
2022-11-08,0.2782589914930633
2022-11-09,0.28302350954887423
2022-11-10,1.0889636604534125
2022-11-11,0.6083783514222008
2022-11-14,0.6595367004623487
2022-11-15,2.315984044948949
2022-11-16,0.7474506490006361
2022-11-17,0.18595081707197814
2022-11-18,0.8355494937190788
2022-11-21,0.46444938240046696
2022-11-22,1.585992512787615
2022-11-23,0.23149415396677142
2022-11-24,0.2872140523161981
2022-11-25,1.1340111557899824
2022-11-28,0.2986704000709772
2022-11-29,1.5649931800455708
2022-11-30,0.0608978405287286
2022-12-01,1.0336362646066188
2022-12-02,0.33213552781576894
2022-12-05,0.5063287160180119
2022-12-06,0.16106656070483671
2022-12-07,0.02588030787975537
2022-12-08,0.6404378825050405
2022-12-09,0.2706419802003257
2022-12-12,0.36976216545442364
2022-12-13,0.9316292053199726
2022-12-14,0.35866534064691313
2022-12-15,0.41905819349088436
2022-12-16,1.1839909372425517
2022-12-19,1.9735771319240203
2022-12-20,0.7696521702392656
2022-12-21,0.8270363648775314
2022-12-22,1.625158024486062
2022-12-23,0.4231922736061766
2022-12-26,1.8630749712400974
2022-12-27,0.7983954297110296
2022-12-28,0.9036589079164825
2022-12-29,0.10587279586018461
2022-12-30,0.3160689850818743
2023-01-03,2.261842958399485
2023-01-04,0.0377445943820498
2023-01-05,0.9996781481165451
2023-01-06,0.2289965530325455
2023-01-09,0.5450346808294926
2023-01-10,0.06811001762261348
2023-01-11,0.8148969982695209
2023-01-12,0.0410873913073706
2023-01-13,0.4305832148945754
2023-01-16,1.1398887538885072
2023-01-17,0.08630412280361544
2023-01-18,0.23509530420835478
2023-01-19,0.9538069304347863
2023-01-20,0.9102826399496777
2023-01-30,0.7362712388717663
2023-01-31,0.27735549041596474
2023-02-01,1.6376236107175535
2023-02-02,0.23862898954249978
2023-02-03,0.11754557478201866
2023-02-06,0.4861029684006368
2023-02-07,0.47752616190612773
2023-02-08,0.6729410433337302
2023-02-09,1.7659532083335705
2023-02-10,0.3398625676562905
2023-02-13,1.1007563801588516
2023-02-14,0.13148281056942768
2023-02-15,0.03052914493895109
2023-02-16,1.9593593344859772
2023-02-17,0.8181088226231759
2023-02-20,1.3221601416555595
2023-02-21,0.4470841568225081
2023-02-22,0.11379341012172084
2023-02-23,0.45214713734785805
2023-02-24,0.31524720450029076
2023-02-27,0.727564874214226
2023-02-28,0.8888188277500486
2023-03-01,0.6785550989129696
2023-03-02,0.4350406369844073
2023-03-03,0.06262203458592408
2023-03-06,0.41769016380739377
2023-03-07,2.0251536491607824
2023-03-08,0.5267730201995002
2023-03-09,0.020328071184261276
2023-03-10,1.3718231331233954
2023-03-13,0.5048660189055809
2023-03-14,0.918708940536872
2023-03-15,0.49668315354325365
2023-03-16,1.6710757378091246
2023-03-17,0.6963544674829958
2023-03-20,0.22137599624912907
2023-03-21,1.3083001603298783
2023-03-22,0.45429758163553213
2023-03-23,0.41676813599911267
2023-03-24,0.012846429769119982
2023-03-27,0.27281786080015635
2023-03-28,0.8902100720649564
2023-03-29,0.2798670744210696
2023-03-30,0.020032966314009748
2023-03-31,1.001281706157231
2023-04-03,1.2565286324227598
2023-04-04,0.12700430760095305
2023-04-06,0.4266137426317096
2023-04-07,0.8572772851427768
2023-04-10,1.0552187493930054
2023-04-11,0.22342308987959303
2023-04-12,0.5279732360535361
2023-04-13,0.7719409510557718
2023-04-14,0.7647120747316105
2023-04-17,0.10429062185104421
2023-04-18,0.22389859189795303
2023-04-19,0.4501283143955259
2023-04-20,0.024076976150011475
2023-04-21,2.7339068377589593
2023-04-24,0.712208072972953
2023-04-25,1.814524756817959
2023-04-26,0.32047151890870484
2023-04-27,0.13725317690638228
2023-04-28,1.353915733621247
2023-05-04,0.15862586619421748
2023-05-05,1.1927021824601702
2023-05-08,0.7341335433593166
2023-05-09,1.355661340629033
2023-05-10,0.23707745466412522
2023-05-11,0.07228119686664147
2023-05-12,1.3073148230512976
2023-05-15,0.7644848359239953
2023-05-16,1.0571295065638808
2023-05-17,0.59376743995041
2023-05-18,0.4387198606641052
2023-05-19,0.28219834136176125
2023-05-22,0.09592086560393787
2023-05-23,1.023821402609748
2023-05-24,0.23392370747294944
2023-05-25,0.18702994267763007
2023-05-26,0.6984802230659781
2023-05-29,0.18776250176756326
2023-05-30,0.4645157388222909
2023-05-31,0.042957018638190014
2023-06-01,0.1997805825843857
2023-06-02,0.7836304109523518
2023-06-05,0.10075337300143872
2023-06-06,2.1580771624643447
2023-06-07,0.019321054835608198
2023-06-08,0.7101039130824383
2023-06-09,0.8239371227414694
2023-06-12,0.5326204242252164
2023-06-13,0.3797165417340542
2023-06-14,0.3534134710607706
2023-06-15,0.5447161916770416
2023-06-16,0.8323340698921378
2023-06-19,0.3642807230721745
2023-06-20,0.009198752364114604
2023-06-21,2.173736991300468
2023-06-26,1.9460306572899766
2023-06-27,1.3440362601765399
2023-06-28,0.4881891535267968
2023-06-29,0.6877347789863597
2023-06-30,1.2576289225741277
2023-07-03,0.16430080097094013
2023-07-04,0.3865590029065169
2023-07-05,0.8138032763716718
2023-07-06,0.26341411347921007
2023-07-07,0.6951705727184287
2023-07-10,0.0831934546835722
2023-07-11,0.8046390634357747
2023-07-12,1.4649245645802278
2023-07-13,1.007655931177509
2023-07-14,0.05884874560589948
2023-07-17,0.426304125689958
2023-07-18,0.10014332715421181
2023-07-19,0.27166370756799285
2023-07-20,1.2874986212616624
2023-07-21,0.11457755055821472
2023-07-24,0.11908301299798918
2023-07-25,1.6340064016452827
2023-07-26,0.6311727209560858
2023-07-27,0.7697916769103141
2023-07-28,0.9025327184146281
2023-07-31,0.7806552574519232
2023-08-01,0.1294720076829292
2023-08-02,0.17503424248938027
2023-08-03,0.05422703142854424
2023-08-04,0.5504570104663431
2023-08-07,0.47954025830708735
2023-08-08,0.5018171558733409
2023-08-09,0.7783174080489341
2023-08-10,0.09091140151760158
2023-08-11,1.9010787646544958
2023-08-14,0.23430220881606179
2023-08-15,0.9126488808531175
2023-08-16,1.2030279219972462
2023-08-17,0.9892372189338028
2023-08-18,2.0887008935317586
2023-08-21,0.9798193178690906
2023-08-22,0.6937892522363764
2023-08-23,2.0580372346854836
2023-08-24,0.23930343269149557
2023-08-25,1.8193071661074756
2023-08-28,0.7337081708829851
2023-08-29,3.1508291980612446
2023-08-30,0.5053006757231859
2023-08-31,0.5754617157900488
2023-09-01,0.047577973496792936
2023-09-04,1.4992583507504875
2023-09-05,0.5020389312234252
2023-09-06,0.44977804402754895
2023-09-07,1.8060788753844204
2023-09-08,0.3123043217976962
2023-09-11,1.3134806010197453
2023-09-12,0.03174532161671628
2023-09-13,1.317286824738717
2023-09-14,0.5640361669744576
2023-09-15,0.1705485138191687
2023-09-18,0.08070322414150954
2023-09-19,0.8699518071196066
2023-09-20,0.8039042542833719
2023-09-21,0.7169842972515772
2023-09-22,1.940582899658394
2023-09-25,0.4547386930899733
2023-09-26,0.5190203434194074
2023-09-27,0.6329119623948332
2023-09-28,0.7438506789913868
2023-10-09,0.3122219449628538
2023-10-10,0.27200651700123313
2023-10-11,0.26342100553429226
2023-10-12,0.7435453937743697
2023-10-13,0.37005755697339104
2023-10-16,0.9455387851537211
2023-10-17,0.21561794603423
2023-10-18,1.7194433787786623
2023-10-19,1.1021685025901395
2023-10-20,1.173588453593566
2023-10-23,2.3584387425705455
2023-10-24,1.4399527985861749
2023-10-25,1.0417684597513688
2023-10-26,0.5673549078019091
2023-10-27,1.8064722875784867
2023-10-30,1.5191091258079936
2023-10-31,0.6196193091648872
2023-11-01,0.18299338990719338
2023-11-02,1.2280273464542968
2023-11-03,1.4939084627682897
2023-11-06,2.0659475953041184
2023-11-07,0.33112720194530265
2023-11-08,0.3626235333956229
2023-11-09,0.6229872637410927
2023-11-10,0.1989052751696474
2023-11-13,0.9210111365772766
2023-11-14,0.6077660012525188
2023-11-15,0.4090631421688862
2023-11-16,1.0007188670029699
2023-11-17,0.8799996029389412
2023-11-20,0.8718472968520352
2023-11-21,0.658064710917261
2023-11-22,1.2741952230516884
2023-11-23,1.0525943513440161
2023-11-24,1.3250207256099045
2023-11-27,0.06610843510141962
2023-11-28,0.5225854311681877
2023-11-29,0.4872868440528255
2023-11-30,0.5368400975829135
2023-12-01,0.8141372807413783
2023-12-04,0.2554367002819413
2023-12-05,1.991895319250514
2023-12-06,0.5206971671379401
2023-12-07,0.04935751889387774
2023-12-08,0.29376180401958774
2023-12-11,1.1983071868929995
2023-12-12,0.06436623480619019
2023-12-13,0.9777413843046423
2023-12-14,0.46001421600551096
2023-12-15,0.6719446807046947
2023-12-18,1.589406129978188
2023-12-19,0.11160481810739142
2023-12-20,1.743478630211559
2023-12-21,0.6526238822360142
2023-12-22,1.1209533788407167
2023-12-25,0.03168344722044303
2023-12-26,1.4668989743860772
2023-12-27,0.7886685588898823
2023-12-28,1.9200038004546505
2023-12-29,1.4074157021848999
2024-01-02,0.5517972358840773
2024-01-03,0.5244733446661209
2024-01-04,0.7044470895715249
2024-01-05,1.8538148479802619
2024-01-08,2.329792945291287
2024-01-09,0.17550048258574424
2024-01-10,0.7425291990614258
2024-01-11,1.7968988992626
2024-01-12,0.6526742127487051
2024-01-15,0.271174456308354
2024-01-16,0.3579880187992268
2024-01-17,2.7142016965112203
2024-01-18,0.2912849470681933
2024-01-19,1.2364127832907301
2024-01-22,5.768859922793856
2024-01-23,1.5756953000795715
2024-01-24,1.2555300517370194
2024-01-25,3.359391413607127
2024-01-26,0.8733765409282279
2024-01-29,2.6285443566113065
2024-01-30,2.8567464065505255
2024-01-31,4.004843018574711
2024-02-01,0.7228394710839914
2024-02-02,3.700174208982865
2024-02-05,6.155629788488326
2024-02-06,6.973446388417437
2024-02-07,4.472589804244542
2024-02-08,4.06972246043098
2024-02-19,0.7306376077120591
2024-02-20,0.32658750985492535
2024-02-21,0.5443902918901067
2024-02-22,1.5384345201493899
2024-02-23,1.4390935919809333
2024-02-26,0.5688553181996792
2024-02-27,2.638012334826434
2024-02-28,4.486109858183685
2024-02-29,3.7374099434052566
2024-03-01,1.0727490217612434
2024-03-04,0.4886430232815986
2024-03-05,0.9801144203390844
2024-03-06,0.1177087437690183
2024-03-07,1.4528049801812992
2024-03-08,1.2651668970085295
2024-03-11,1.7926803169813876
2024-03-12,0.543474055524551
2024-03-13,0.46264294449813725
2024-03-14,0.6363468993480059
2024-03-15,1.2575642522305142
2024-03-18,1.6625884717383466
2024-03-19,0.7177092072950142
2024-03-20,0.921600119725885
2024-03-21,0.015452840043805871
2024-03-22,1.1027133089256846
2024-03-25,2.3199780667393255
2024-03-26,0.33503282024908154
2024-03-27,3.331978400470925
2024-03-28,2.2028222615241955
2024-03-29,1.096644530452906
2024-04-01,2.164855079621897
2024-04-02,0.5037456271575036
2024-04-03,0.5446667091661084
2024-04-08,1.8362652516129008
2024-04-09,1.2777257152279509
2024-04-10,1.8625116017157994
2024-04-11,0.2396753465282231
2024-04-12,0.7648094385426463
2024-04-15,0.9601033137001003
2024-04-16,4.1768533269383905
2024-04-17,4.357829504206512
2024-04-18,0.013940540747359176
2024-04-19,0.4223810487229862
2024-04-22,0.3477573494710007
2024-04-23,0.5271381776776662
2024-04-24,1.6706008976611786
2024-04-25,0.15793104004617753
2024-04-26,1.9185579337243297
2024-04-29,2.387337196019179
2024-04-30,0.8620789461278977
2024-05-06,1.9902262335185883
2024-05-07,0.3298505882527447
2024-05-08,1.5763841155935876
2024-05-09,1.6285308816838873
2024-05-10,0.9346851744156726
2024-05-13,0.958485402114595
2024-05-14,0.5591812554541553
2024-05-15,0.9806085374124307
2024-05-16,0.15078307823448434
2024-05-17,1.3533563638629342
2024-05-20,0.6029985093195078
2024-05-21,1.0726262249639018
2024-05-22,0.05264826460211758
2024-05-23,2.2895991246538183
2024-05-24,1.1586632684896125
2024-05-27,1.0188300335583822
2024-05-28,1.0470031930854273
2024-05-29,0.0602670594942456
2024-05-30,0.31687161682002474
2024-05-31,0.3920686213164215
2024-06-03,1.3180865235553174
2024-06-04,0.5503589697476219
2024-06-05,1.3102507702718924
2024-06-06,2.1589237749021217
2024-06-07,0.44275928057648795
2024-06-11,0.8797038381056055
2024-06-12,0.3373602571147938
2024-06-13,0.6944630154602227
2024-06-14,0.008022800970231003
2024-06-17,0.06401704743186354
2024-06-18,0.8350051865677166
2024-06-19,1.2867118649022347
2024-06-20,2.0127191996037963
2024-06-21,0.015929152887284026
2024-06-24,3.3144385011717126
2024-06-25,0.821772351725536
2024-06-26,2.8627154994668835
2024-06-27,2.4526470976292014
2024-06-28,0.6558560699642335
2024-07-01,0.9040097717581741
2024-07-02,0.7003171966843413
2024-07-03,0.7851579781573026
2024-07-04,2.162764170427567
2024-07-05,1.0274518319281167
2024-07-08,2.428478592691319
2024-07-09,2.1964076083399675
2024-07-10,0.4040326004446815
2024-07-11,2.4261243690637535
2024-07-12,0.3182670929273046
2024-07-15,1.0335588039367405
2024-07-16,0.1888328705121456
2024-07-17,0.8496421871490356
2024-07-18,0.35037570504907745
2024-07-19,0.18694104468675032
2024-07-22,0.11300813761878636
2024-07-23,2.7330084396490872
2024-07-24,1.3619179320770725
2024-07-25,0.0335909365451581
2024-07-26,1.5005353295830526
2024-07-29,0.3495112801143341
2024-07-30,0.359517152566613
2024-07-31,3.96788179134151
2024-08-01,0.22073065801513359
2024-08-02,1.402128902162203
2024-08-05,2.725921477066906
2024-08-06,1.5211523408700467
2024-08-07,0.13761417865203462
2024-08-08,0.08257139905679667
2024-08-09,0.7753571463008591
2024-08-12,0.6090825288794455
2024-08-13,0.5024302316742446
2024-08-14,1.028345240655315
2024-08-15,0.9156668269209245
2024-08-16,0.7715378301818454
2024-08-19,0.1710007938954483
2024-08-20,1.8077832845489028
2024-08-21,0.6778256984505626
2024-08-22,1.2405875085010343
2024-08-23,0.07802371910372585
2024-08-26,0.3903839259105535
2024-08-27,1.1791305488519366
2024-08-28,0.24373945566187327
2024-08-29,1.6086074060550182
2024-08-30,1.9120857256382573
2024-09-02,2.0911280804878474
2024-09-03,0.8799199649554224
2024-09-04,0.47299698604473805
2024-09-05,0.7913298710765293
2024-09-06,1.7125996393156817
2024-09-09,0.7252649882555917
2024-09-10,0.2691077026270472
2024-09-11,0.034960971687281184
2024-09-12,0.38481218462762534
2024-09-13,1.243228550197295
2024-09-18,0.3184546533625432
2024-09-19,1.8899495927970467
2024-09-20,0.4220736498384059
2024-09-23,0.12942054970697114
2024-09-24,3.8805091618897336
2024-09-25,0.9413065560821998
2024-09-26,4.009034158253
2024-09-27,5.381649381230358
2024-09-30,11.143611350490001
2024-10-08,8.638547002082287
2024-10-09,7.6524752863816765
2024-10-10,1.2719637949638374
2024-10-11,4.20498623952783
2024-10-14,3.6737604798856127
2024-10-15,1.933497363480674
2024-10-16,0.31011902688853343
2024-10-17,0.33741565785184724
2024-10-18,4.428555291798575
2024-10-21,1.9330076328729406
2024-10-22,0.4819274353654812
2024-10-23,0.2507040975375796
2024-10-24,0.7105250048093703
2024-10-25,1.9325113199277988
2024-10-28,1.7938199088100015
2024-10-29,1.615420639199261
2024-10-30,0.5934453689275365
2024-10-31,1.6167201652697472
2024-11-01,3.0479248881972176
2024-11-04,2.0720892887848175
2024-11-05,3.525966711071371
2024-11-06,0.4252903550974185
2024-11-07,1.7594279203214658
2024-11-08,0.2998820643770106
2024-11-11,2.4269149376385135
2024-11-12,1.3228914510390877
2024-11-13,0.2707682532779754
2024-11-14,3.1231185015444196
2024-11-15,2.338552790587012
2024-11-18,2.4643651863519134
2024-11-19,2.6065059612112584
2024-11-20,1.965946182467726
2024-11-21,0.18176065029982258
2024-11-22,3.699618617486311
2024-11-25,0.3588515437274342
2024-11-26,1.1658509509224424
2024-11-27,2.2919350988442
2024-11-28,0.5324430648548706
2024-11-29,1.6930817859730052
2024-12-02,2.0112705383550367
2024-12-03,0.16364494740461755
2024-12-04,1.559998374178706
2024-12-05,1.2998649077426094
2024-12-06,1.0185247688418997
2024-12-09,0.729949067354585
2024-12-10,0.9320270340225312
2024-12-11,1.3416194223712097
2024-12-12,0.6633878746052035
2024-12-13,2.082498766784191
2024-12-16,1.219075415134907
2024-12-17,2.1277937920733736
2024-12-18,0.8451265731020063
2024-12-19,0.18267820663764311
2024-12-20,1.04019756971363
2024-12-23,2.7962181292465416
2024-12-24,1.1150746099165332
2024-12-25,1.1302697173534826
2024-12-26,1.0790579453256788
2024-12-27,0.18040072969973675
2024-12-30,0.4154100095157487
2024-12-31,3.0623658461342185
2025-01-02,2.6961367014869397
2025-01-03,2.9649363672008544
2025-01-06,0.30531487807831104
2025-01-07,1.4979687000493458
2025-01-08,0.5316493679507928
2025-01-09,0.1942905121716798
2025-01-10,2.253988503272719
2025-01-13,0.2625233732133525
2025-01-14,4.525285447495242
2025-01-15,0.6106223922009435
2025-01-16,0.44556980505598975
2025-01-17,0.6940972644241761
2025-01-20,0.6432806321065909
2025-01-21,0.4911237586320949
2025-01-22,0.8849677203377371
2025-01-23,0.456072216193093
2025-01-24,1.8716175027936544
2025-01-27,1.5503449478144748
2025-02-05,0.6049877690453398
2025-02-06,2.727175533950321
2025-02-07,1.5263710419570087
2025-02-10,1.2470153305615295
2025-02-11,0.3280419530189205
2025-02-12,1.5255920354676933
2025-02-13,1.1474680523966274
2025-02-14,0.5849129773394912
2025-02-17,0.5237984779401739
2025-02-18,2.2196344739396134
2025-02-19,2.3833883250425236
2025-02-20,0.7296666676738006
2025-02-21,1.8125369538901204
2025-02-24,0.22941660969990618
2025-02-25,0.4423730823379657
2025-02-26,1.382616579185325
2025-02-27,0.38126997528679096
2025-02-28,3.525047141484894
2025-03-03,0.051851402711777794
2025-03-04,1.3382565761070664
2025-03-05,0.6387492617725865
2025-03-06,2.137059005472919
2025-03-07,0.4163231877184481
2025-03-10,0.20295755938923854
2025-03-11,0.4717333189182993
2025-03-12,0.2325155411908364
2025-03-13,1.5245544294498425
2025-03-14,1.613146825450995
2025-03-17,0.27993185445631674
2025-03-18,0.3393364858426562
2025-03-19,0.7146117161045851
2025-03-20,0.45111589425265164
2025-03-21,1.9808747350293032
2025-03-24,0.7067210294224857
2025-03-25,0.7794723339684895
2025-03-26,0.382578077985829
2025-03-27,0.09694221748487442
2025-03-28,0.9550850074813155
2025-03-31,0.6648127519434444
2025-04-01,0.5273302069003893
2025-04-02,0.28388123634093265
2025-04-03,1.1788006069470058
2025-04-07,11.39424499097813
2025-04-08,0.6108714641926527
2025-04-09,2.211771825951625
2025-04-10,2.339831414310667
2025-04-11,1.3415360993985326
2025-04-14,1.3022203520064668
2025-04-15,0.4125198605674396
2025-04-16,1.330406146497154
2025-04-17,0.07224761916513334
2025-04-18,0.13489020986653388
2025-04-21,2.0740225268266688
2025-04-22,0.05585927340375774
2025-04-23,0.5928584384450764
2025-04-24,1.0711806785277722
2025-04-25,0.32133387346993114
2025-04-28,1.0513591703250613
2025-04-29,0.4479214986631286
2025-04-30,0.7916768105708627
2025-05-06,2.5681041661551163
2025-05-07,0.1404654993056642
2025-05-08,0.7622161688566331
2025-05-09,1.234081598259884
2025-05-12,1.4037775914782724
2025-05-13,0.26673538862981294
2025-05-14,0.15216851060781966
2025-05-15,1.6773993288097588
2025-05-16,0.18294097226470019
2025-05-19,0.44858070869271405
2025-05-20,0.8314503501849035
2025-05-21,0.2251165413383327
2025-05-22,1.0775579043990735
2025-05-23,1.2599175902565984
2025-05-26,0.6529719674950085
2025-05-27,0.33715244931314947
2025-05-28,0.39950670220831874
2025-05-29,1.7565858161503245
2025-05-30,1.034841857180968
2025-06-03,0.7214148342629123
2025-06-04,0.8753686633333091
2025-06-05,0.7160161432669288
2025-06-06,0.2297756731542755
2025-06-09,1.0746102705080585
2025-06-10,0.9209219214448949
2025-06-11,0.4028163108902083
2025-06-12,0.0922620018433129
2025-06-13,1.3922583499940244
2025-06-16,0.6788674034393205
2025-06-17,0.09746464393424192
2025-06-18,0.09904146050804252
2025-06-19,1.420636009556242
2025-06-20,0.8040855892199605
2025-06-23,1.3106059189297303
2025-06-24,1.9157508945378598
2025-06-25,1.3156060391310787
2025-06-26,0.4520659866822485
2025-06-27,0.466505681768159
2025-06-30,1.2624628256203918
2025-07-01,0.27668499638295874
2025-07-02,1.0085745356369191
2025-07-03,0.5254677177468636
2025-07-04,0.4799485639886747
2025-07-07,0.23672266481686854
2025-07-08,1.273223174012772
2025-07-09,0.26892810921663735
2025-07-10,0.2519722546033609
2025-07-11,0.8511890071808637
2025-07-14,0.018656266827155044
2025-07-15,0.3013027038912153
2025-07-16,0.29845561751242755
2025-07-17,1.1390836022489914
2025-07-18,0.2509734539434261
2025-07-21,0.9185610400834765
2025-07-22,0.37573543891331607
2025-07-23,0.45024911845957805
2025-07-24,1.4211725960388666
2025-07-25,0.08192361873835541
2025-07-28,0.34845027065686374
2025-07-29,0.6523839078844018
2025-07-30,0.8178822894864046
2025-07-31,0.8528072390877384
2025-08-01,0.13940159787155793
2025-08-04,1.0377316627668831
2025-08-05,0.7090381675511237
2025-08-06,1.0877158160864653
2025-08-07,0.012251306387001115
2025-08-08,0.3500331681776103
2025-08-11,1.5473046219844466
2025-08-12,0.2833320799616734
2025-08-13,1.4464176703724574
2025-08-14,1.2435199304494882
2025-08-15,2.021266432427482
2025-08-18,1.6874026668546094
2025-08-19,0.07250467965782548
2025-08-20,0.8644650267062071
2025-08-21,0.7134169610890972
2025-08-22,1.5109819225560095
2025-08-25,1.5590023310798395
2025-08-26,0.016860736309209923
2025-08-27,1.8720552937087742
2025-08-28,1.5076186972770023
2025-08-29,0.11324392800369232
2025-09-01,0.8398214160860062
2025-09-02,2.496496436418938
2025-09-03,1.4630615335023744
2025-09-04,2.2994901618812347
2025-09-05,2.904532245451108
2025-09-08,0.902157109897539
2025-09-09,1.1627164709102855
2025-09-10,0.05729427248113428
2025-09-11,2.347353542749042
2025-09-12,0.3108021105299841
2025-09-15,0.09852369518242865
2025-09-16,0.9177593887542912
2025-09-17,0.9512003816544379
2025-09-18,1.037888101127593
2025-09-19,0.5111188510195208
2025-09-22,0.6895455610046675
2025-09-23,1.0869822389767525
2025-09-24,1.7029160810608568
2025-09-25,0.3677871304646918
2025-09-26,1.4510466938015054
2025-09-29,1.3550549318133376
2025-09-30,1.0287282022955146
2025-10-09,0.9648786275935795
2025-10-10,1.493611648027049
2025-10-13,0.18657865217672764
2025-10-14,1.9496809713539398
2025-10-15,1.4959246331575748
2025-10-16,1.0905599810996258
2025-10-17,2.923049850797177
2025-10-20,0.7474297360950732
2025-10-21,1.4485374699318765
2025-10-22,0.4335048627413407
2025-10-23,0.056218297888055435
2025-10-24,1.5207237471543955
2025-10-27,1.0263578111123994
2025-10-28,0.21562740402155667
2025-10-29,1.2019433574699923
2025-10-30,1.1101981908854142
2025-10-31,0.2884376139599798
2025-11-03,0.41886989480002246
2025-11-04,1.3582568316987564
2025-11-05,0.39178933158794393
2025-11-06,1.1650139817699579
2025-11-07,0.13178130508474384
2025-11-10,0.2834241020605255
2025-11-11,0.2969952018664901
2025-11-12,0.7216006914924522
2025-11-13,1.3918575776698194
2025-11-14,1.1569556319458885
2025-11-17,0.2708217900761589
2025-11-18,0.9966016825192603
2025-11-19,0.8175547357999524
2025-11-20,0.6334815192163834
2025-11-21,3.7151703123794677
2025-11-24,1.2550824504085512
2025-11-25,1.3070606575910304
2025-11-26,0.020664978369289155
2025-11-27,0.12423485526675826
2025-11-28,1.0576119393936212
2025-12-01,0.715433593342718
2025-12-02,0.9950761242420447
2025-12-03,0.8874937817731188
2025-12-04,0.0052881554974293365
2025-12-05,1.2945169859251093
2025-12-08,1.0970906827223903
2025-12-09,0.5720387406453198
2025-12-10,0.37477524642868243
2025-12-11,1.2992133992992927
2025-12-12,0.8061602666259882
2025-12-15,0.83929711232551
2025-12-16,1.7438247165938559
2025-12-17,1.4915631849081512
2025-12-18,0.2241265786133928
2025-12-19,0.7893306343994322
2025-12-22,1.0715577358346495
2025-12-23,0.21500607530789972
2025-12-24,1.541592520901558
2025-12-25,0.9724752328731823
2025-12-26,0.3450256235368876
2025-12-29,0.14952804274689369
2025-12-30,0.04136732744877136
2025-12-31,0.02651600259513387
2026-01-05,2.0880784650002315
2026-01-06,1.431843154652901
2026-01-07,0.5278678947283622
2026-01-08,0.8242542449397039
2026-01-09,1.9769509683809972
2026-01-12,2.802589106401121
2026-01-13,1.8413043314638888
2026-01-14,0.6587593054541152
2026-01-15,0.19857283818588423
2026-01-16,0.09763401988728271
2026-01-19,0.39982973811611977
2026-01-20,1.0028737983002411
2026-01-21,0.7934689749006463
2026-01-22,0.7476745156862252
2026-01-23,1.9423695651797024
2026-01-26,1.2432119597337032
2026-01-27,0.19985572775689242
2026-01-28,0.21045308250327022
2026-01-29,0.8046280850370291
2026-01-30,0.9282823000538398
2026-02-02,3.385060314103694
2026-02-03,2.929907852096192
2026-02-04,0.024128098801567965
2026-02-05,1.6941825502423846
2026-02-06,0.2045406930749616
2026-02-09,2.2629624403138537
2026-02-10,0.20065879111659246
2026-02-11,0.13074797121621629
2026-02-12,0.9141219875494988
2026-02-13,1.3229707750446296
2026-02-24,1.1571367955560463
2026-02-25,1.524872284119172
