date,000852.SH_对_8841431.WI_相对换手率
2014-10-17,1.14071437650947
2014-10-20,1.3525814719882827
2014-10-21,1.3261520901697819
2014-10-22,1.2089462940803828
2014-10-23,1.1488988243086604
2014-10-24,1.238699303198142
2014-10-27,1.4022780602268283
2014-10-28,1.2731629910295024
2014-10-29,1.2832415811139215
2014-10-30,1.337349063919353
2014-10-31,1.336219246340704
2014-11-03,1.154926516530385
2014-11-04,1.1564129886153327
2014-11-05,1.1715813350615685
2014-11-06,1.185271653937231
2014-11-07,1.1767301182085577
2014-11-10,1.219578983398939
2014-11-11,1.2086384542254425
2014-11-12,1.3363695794290693
2014-11-13,1.309528681536048
2014-11-14,1.3790827302953257
2014-11-17,1.3119169622914202
2014-11-18,1.3134780864059923
2014-11-19,1.2431089019430637
2014-11-20,1.2026588715813078
2014-11-21,1.1918600448203571
2014-11-24,1.2124699978180233
2014-11-25,1.3217447696385272
2014-11-26,1.3008379742882423
2014-11-27,1.2598558098039687
2014-11-28,1.2763293874483277
2014-12-01,1.2474016190403225
2014-12-02,1.2344666207845838
2014-12-03,1.3675966052726618
2014-12-04,1.3557839492674393
2014-12-05,1.3942063701508294
2014-12-08,1.440868063158407
2014-12-09,1.4111571453579974
2014-12-10,1.4758480537752072
2014-12-11,1.4025433019074764
2014-12-12,1.3531889630215992
2014-12-15,1.3687062843718298
2014-12-16,1.4195993184889255
2014-12-17,1.4301992670636738
2014-12-18,1.4496272707534197
2014-12-19,1.3793208373904577
2014-12-22,1.2539380383572074
2014-12-23,1.3921364676513417
2014-12-24,1.2384636972296839
2014-12-25,1.287319355108178
2014-12-26,1.406405807506681
2014-12-29,1.464350100745873
2014-12-30,1.3409406033352071
2014-12-31,1.3601096171961977
2015-01-05,1.4733278054173577
2015-01-06,1.387761801588865
2015-01-07,1.4393698281349459
2015-01-08,1.326438620087971
2015-01-09,1.2635363790186125
2015-01-12,1.3120570517363572
2015-01-13,1.3713018497051561
2015-01-14,1.321952936444087
2015-01-15,1.2359261501210654
2015-01-16,1.346325850578744
2015-01-19,1.3086284570141409
2015-01-20,1.309166217672414
2015-01-21,1.231534279273306
2015-01-22,1.272500137279666
2015-01-23,1.3672150411280846
2015-01-26,1.3431553100061389
2015-01-27,1.231759224279058
2015-01-28,1.2309072722993646
2015-01-29,1.193467160942855
2015-01-30,1.310182861240588
2015-02-02,1.1941056110805068
2015-02-03,1.2472294834505357
2015-02-04,1.2709173387096775
2015-02-05,1.3806283082422492
2015-02-06,1.340581089829024
2015-02-09,1.2776529338327092
2015-02-10,1.2448319350770412
2015-02-11,1.3754828217117299
2015-02-12,1.3174945054945055
2015-02-13,1.3048479312561319
2015-02-16,1.3460923376442777
2015-02-17,1.4675671368236514
2015-02-25,1.443739113605574
2015-02-26,1.459614685568884
2015-02-27,1.3354877680459076
2015-03-02,1.3620705882352941
2015-03-03,1.383119038661562
2015-03-04,1.3122462537831254
2015-03-05,1.3107961768444842
2015-03-06,1.2673306972320937
2015-03-09,1.1943668778863707
2015-03-10,1.2658436861141689
2015-03-11,1.249168492974088
2015-03-12,1.325203473337507
2015-03-13,1.3179944425783994
2015-03-16,1.2459926499335365
2015-03-17,1.3187242654756088
2015-03-18,1.390971397940039
2015-03-19,1.3685681498482267
2015-03-20,1.3404695171646093
2015-03-23,1.4563038050162114
2015-03-24,1.525438249637538
2015-03-25,1.466632320741872
2015-03-26,1.4914226853135772
2015-03-27,1.3366127572684872
2015-03-30,1.3581432413587011
2015-03-31,1.3090874306485556
2015-04-01,1.3176742782416255
2015-04-02,1.357291992901138
2015-04-03,1.2969621404862597
2015-04-07,1.3354431450862259
2015-04-08,1.4098732119073565
2015-04-09,1.361194299116002
2015-04-10,1.2156233279828785
2015-04-13,1.261499017178019
2015-04-14,1.4160399122231184
2015-04-15,1.3673161001752867
2015-04-16,1.3018796066043865
2015-04-17,1.3877860766066223
2015-04-20,1.3485361267794789
2015-04-21,1.3457721728344016
2015-04-22,1.3372290031465024
2015-04-23,1.3162723006230275
2015-04-24,1.2826456016353118
2015-04-27,1.2022525406754339
2015-04-28,1.3353338054944646
2015-04-29,1.3206798077592812
2015-04-30,1.0915615083757655
2015-05-04,1.1804976605699702
2015-05-05,1.2732285072493363
2015-05-06,1.278274387874077
2015-05-07,1.2344696674207556
2015-05-08,1.1369339763561093
2015-05-11,1.1666433051827452
2015-05-12,1.1432578175845292
2015-05-13,1.157917193426043
2015-05-14,1.248664105084443
2015-05-15,1.214396427648817
2015-05-18,1.0896309314586994
2015-05-19,1.2011586565359418
2015-05-20,1.2370826739594696
2015-05-21,1.2694657735664108
2015-05-22,1.2997957890289416
2015-05-25,1.3211003770028276
2015-05-26,1.326437414827916
2015-05-27,1.3344950758506993
2015-05-28,1.3622766432673898
2015-05-29,1.305348278122951
2015-06-01,1.3659581479650684
2015-06-02,1.2961591855622399
2015-06-03,1.3888825772944902
2015-06-04,1.3931365390633148
2015-06-05,1.3895905385375493
2015-06-08,1.3607677082319347
2015-06-09,1.4879919499105545
2015-06-10,1.3638138753832034
2015-06-11,1.4118844039210316
2015-06-12,1.5300121086317247
2015-06-15,1.71942340989215
2015-06-16,1.6129903128473877
2015-06-17,1.5227064640175791
2015-06-18,1.5499082204693162
2015-06-19,1.3351798543748035
2015-06-23,1.2949612752161381
2015-06-24,1.2776324670941615
2015-06-25,1.3554985023534445
2015-06-26,1.121124594796775
2015-06-29,1.1041908040650137
2015-06-30,1.011760354086149
2015-07-01,1.00233590956281
2015-07-02,0.9391838472298242
2015-07-03,0.8749525838172215
2015-07-06,0.8505733878868207
2015-07-07,0.8372440898691851
2015-07-08,0.5533655057464582
2015-07-09,0.6443258100322428
2015-07-10,0.8038476046774803
2015-07-13,0.9478795280398685
2015-07-14,0.8985410964364486
2015-07-15,0.8680713998121057
2015-07-16,0.8301812183658712
2015-07-17,0.8677639624949043
2015-07-20,0.9211772628418138
2015-07-21,0.8984910345486236
2015-07-22,0.9503719131210949
2015-07-23,0.9636977914833794
2015-07-24,1.0081416539958807
2015-07-27,1.0096477644224862
2015-07-28,0.9100464881947467
2015-07-29,0.8993670378976044
2015-07-30,0.9314510446958149
2015-07-31,0.9335832886984466
2015-08-03,0.9148737137511693
2015-08-04,0.924896929419728
2015-08-05,0.888861360317129
2015-08-06,0.9079883259642438
2015-08-07,0.9221677994551608
2015-08-10,0.9634120197232081
2015-08-11,0.9861175277480423
2015-08-12,1.0468570937428374
2015-08-13,1.011302298819081
2015-08-14,1.012996207939327
2015-08-17,1.0269922059367547
2015-08-18,1.100085391019711
2015-08-19,1.062803983633135
2015-08-20,1.067061526526228
2015-08-21,1.0748410181921244
2015-08-24,0.9559765273077016
2015-08-25,0.8230433458532127
2015-08-26,0.9008758705754829
2015-08-27,0.9100655883753437
2015-08-28,0.9226377818652497
2015-08-31,0.9588201272411798
2015-09-01,0.8973358723585202
2015-09-02,0.9321770028206161
2015-09-07,0.8714748121139966
2015-09-08,0.8521347142537814
2015-09-09,0.8836063008554141
2015-09-10,0.9128723218951403
2015-09-11,0.9673801172047302
2015-09-14,0.9385212965443342
2015-09-15,0.9137225140300772
2015-09-16,0.9038968291363454
2015-09-17,0.9638703440775761
2015-09-18,0.9705983272571306
2015-09-21,0.9521905774908764
2015-09-22,0.9329038931728418
2015-09-23,0.9759346717594596
2015-09-24,0.9504473114229213
2015-09-25,0.9805166164880051
2015-09-28,0.979901707190895
2015-09-29,0.9548549437537004
2015-09-30,0.8841471536268948
2015-10-08,0.8773741007194245
2015-10-09,0.9440544677257614
2015-10-12,0.9798543459755983
2015-10-13,0.9958171724085482
2015-10-14,1.0037479613599296
2015-10-15,0.9993286588094883
2015-10-16,1.0242329285807548
2015-10-19,1.0470131906523803
2015-10-20,1.0560740583618677
2015-10-21,1.0898147693214761
2015-10-22,1.0562236830147527
2015-10-23,1.0925235081247993
2015-10-26,1.1047802219818086
2015-10-27,1.1034452618544688
2015-10-28,1.0796610169491525
2015-10-29,1.1157274989784927
2015-10-30,1.1724582445914136
2015-11-02,1.1105690112485722
2015-11-03,1.0146912086279005
2015-11-04,0.9765537041206935
2015-11-05,1.0817363285563941
2015-11-06,1.0638063965514746
2015-11-09,1.079924700820223
2015-11-10,1.155047816867887
2015-11-11,1.1449742170605937
2015-11-12,1.1187037992092144
2015-11-13,1.189419958023278
2015-11-16,1.117271986233131
2015-11-17,1.158991562468232
2015-11-18,1.090294718201695
2015-11-19,1.2301480484522205
2015-11-20,1.197004275015268
2015-11-23,1.2903225806451613
2015-11-24,1.1075991275220065
2015-11-25,1.1539585953700242
2015-11-26,1.1513570269496325
2015-11-27,1.1379984540535624
2015-11-30,1.1283173085075715
2015-12-01,1.1148912212973017
2015-12-02,1.0953326929793923
2015-12-03,1.1447383700675848
2015-12-04,1.0689736531655525
2015-12-07,1.0626002541507822
2015-12-08,1.0492511465925742
2015-12-09,1.1624240952149625
2015-12-10,1.1783369803063457
2015-12-11,1.1587591240875912
2015-12-14,1.1094029607938833
2015-12-15,1.1404653022465452
2015-12-16,1.1426238686199495
2015-12-17,1.097843633706605
2015-12-18,0.9991664721768413
2015-12-21,1.0580422926035786
2015-12-22,1.0627641757715927
2015-12-23,1.0556146071666637
2015-12-24,0.9741893503958357
2015-12-25,0.8991886324462943
2015-12-28,1.0282792133747347
2015-12-29,1.0379961840941878
2015-12-30,1.0917573164626098
2015-12-31,1.0989749374662807
2016-01-04,1.0604845052697813
2016-01-05,1.017321319219666
2016-01-06,1.1030011454753723
2016-01-07,1.2018245976417938
2016-01-08,1.0202107803397371
2016-01-11,1.0468938384415256
2016-01-12,1.0861652063128884
2016-01-13,1.05368475061435
2016-01-14,0.956183299113287
2016-01-15,1.0305925424408837
2016-01-18,0.9637690671847515
2016-01-19,1.0320835489485816
2016-01-20,1.0203417039330354
2016-01-21,1.0493892724375997
2016-01-22,0.9862055291185134
2016-01-25,0.9605171614100185
2016-01-26,0.9982932282026009
2016-01-27,0.9905404465465675
2016-01-28,0.9617930553942632
2016-01-29,1.0060109915273645
2016-02-01,0.981259863229879
2016-02-02,0.9710433627807611
2016-02-03,1.0432114630855234
2016-02-04,1.034732070854537
2016-02-05,1.0312303938654583
2016-02-15,1.0819330258672548
2016-02-16,1.0714653234760474
2016-02-17,1.1052408708215016
2016-02-18,1.1180587733203267
2016-02-19,1.1439339981006647
2016-02-22,1.076358991342196
2016-02-23,1.1827435387673957
2016-02-24,1.1372807982977475
2016-02-25,1.125504971219257
2016-02-26,1.0263444049031236
2016-02-29,0.9679758159653951
2016-03-01,1.0870609675281644
2016-03-02,1.1369080021774634
2016-03-03,1.1565290721560317
2016-03-04,1.0691833692968211
2016-03-07,0.9878348681456677
2016-03-08,1.0410014850566178
2016-03-09,1.066773438462486
2016-03-10,1.0123540822924821
2016-03-11,0.9949832775919732
2016-03-14,1.0020821595669107
2016-03-15,0.9879820313867336
2016-03-16,0.7674412855377009
2016-03-17,0.9348538228567896
2016-03-18,1.029295076753101
2016-03-21,1.104638692654694
2016-03-22,1.1264947910332808
2016-03-23,1.1566039939273618
2016-03-24,1.1743550998381003
2016-03-25,1.1994024754588135
2016-03-28,1.0841366632291618
2016-03-29,1.1001905656929543
2016-03-30,1.1446084381220567
2016-03-31,1.093665041211755
2016-04-01,1.0529437826129762
2016-04-05,1.0094502708309323
2016-04-06,1.1108058986327398
2016-04-07,1.200157995711545
2016-04-08,1.193222322711071
2016-04-11,1.1706506176135123
2016-04-12,1.1244771200405628
2016-04-13,1.203441816422734
2016-04-14,1.0838981286576763
2016-04-15,0.9641547950918631
2016-04-18,1.0525293766182036
2016-04-19,1.0058297396582017
2016-04-20,1.038286815569398
2016-04-21,0.9865002918855807
2016-04-22,0.9885425649870642
2016-04-25,0.9670212765957447
2016-04-26,0.9218906093906094
2016-04-27,0.8938415047152607
2016-04-28,1.0259622154423844
2016-04-29,1.0258973194002725
2016-05-03,0.989177099668372
2016-05-04,1.0670258149201488
2016-05-05,1.1345081640780565
2016-05-06,1.0337245580151535
2016-05-09,0.9566798694666565
2016-05-10,0.9745985053267611
2016-05-11,0.9472766108935563
2016-05-12,1.0304913504869895
2016-05-13,1.0838318308197825
2016-05-16,0.9852252513885359
2016-05-17,1.1403922673333566
2016-05-18,1.0015451970126192
2016-05-19,1.1454462318659848
2016-05-20,1.2092982301664172
2016-05-23,1.1591021120084934
2016-05-24,1.0887634282129695
2016-05-25,1.1191390919981823
2016-05-26,1.130883301096067
2016-05-27,1.1277468502783476
2016-05-30,1.1024690786121276
2016-05-31,1.123242456532474
2016-06-01,1.2069810818012257
2016-06-02,1.3284506863243517
2016-06-03,1.3238720163741986
2016-06-06,1.262133919978001
2016-06-07,1.218094097760248
2016-06-08,1.21836685905536
2016-06-13,1.2340656825723766
2016-06-14,1.2265164364752443
2016-06-15,1.2941821838905312
2016-06-16,1.3056574349496057
2016-06-17,1.3553813038130382
2016-06-20,1.2640352945138584
2016-06-21,1.1980683210347873
2016-06-22,1.2788495388298247
2016-06-23,1.4650340913147468
2016-06-24,1.3925228453184457
2016-06-27,1.3943192123332038
2016-06-28,1.3121678922226399
2016-06-29,1.3274858757062147
2016-06-30,1.376224711586691
2016-07-01,1.339128545039661
2016-07-04,1.1744081589515958
2016-07-05,1.1800357816827192
2016-07-06,1.1605219715431176
2016-07-07,1.2571061981839715
2016-07-08,1.1542265931442215
2016-07-11,1.1317224855992252
2016-07-12,1.2169104059975713
2016-07-13,1.2676308092297692
2016-07-14,1.2378299755516355
2016-07-15,1.2417815482502652
2016-07-18,1.2433638954706225
2016-07-19,1.2760348009491167
2016-07-20,1.1098290048855746
2016-07-21,1.1019397562119082
2016-07-22,1.1988653230860573
2016-07-25,1.1164465387933895
2016-07-26,1.06524689762151
2016-07-27,1.1271406541676812
2016-07-28,1.205106926268752
2016-07-29,1.2363811104801015
2016-08-01,1.0336979339299524
2016-08-02,1.0705048376281252
2016-08-03,1.1017768644989727
2016-08-04,1.2215299120111143
2016-08-05,1.1888534354392684
2016-08-08,1.1277075990971368
2016-08-09,1.282621126062593
2016-08-10,1.256075416296411
2016-08-11,1.266967202944704
2016-08-12,1.3058953858009825
2016-08-15,1.2025913477176624
2016-08-16,1.172531973585221
2016-08-17,1.0799100407094258
2016-08-18,1.1503624206326908
2016-08-19,1.161753743985905
2016-08-22,1.1643067944424181
2016-08-23,0.9848640000000001
2016-08-24,0.9688364496883645
2016-08-25,0.9864666166541635
2016-08-26,0.9767337950403727
2016-08-29,0.9231769530859258
2016-08-30,0.9286197106935243
2016-08-31,0.9562263071311066
2016-09-01,0.9494683414179704
2016-09-02,0.9275732330018813
2016-09-05,0.830055960233845
2016-09-06,0.819990458015267
2016-09-07,0.843727485590778
2016-09-08,0.8253016841267736
2016-09-09,0.8426681309486456
2016-09-12,0.9012460335887316
2016-09-13,0.8282239358033979
2016-09-14,0.8340637253286763
2016-09-19,0.7450781472909996
2016-09-20,0.7934234950941396
2016-09-21,0.7526739733262907
2016-09-22,0.8299603779335568
2016-09-23,0.7920451828830982
2016-09-26,0.8226938068427891
2016-09-27,0.7849198137609933
2016-09-28,0.832290691140663
2016-09-29,0.6983779044278825
2016-09-30,0.6935664427762414
2016-10-10,0.7579143389199255
2016-10-11,0.7126984126984127
2016-10-12,0.7628500802731837
2016-10-13,0.871072710951526
2016-10-14,0.8634684199807988
2016-10-17,0.8775852749566158
2016-10-18,0.938150642988365
2016-10-19,0.8609334863638848
2016-10-20,0.9192287791726805
2016-10-21,0.9525041908066935
2016-10-24,0.9493290960451977
2016-10-25,0.9684617411930071
2016-10-26,0.9536914176529908
2016-10-27,0.9790354297903542
2016-10-28,0.9741327571720082
2016-10-31,1.0773886408089455
2016-11-01,0.9422617223414037
2016-11-02,0.9522020795906146
2016-11-03,0.8779489486112672
2016-11-04,0.9035481079380064
2016-11-07,0.9089064941473176
2016-11-08,0.7985383376687725
2016-11-09,0.8966944849977121
2016-11-10,0.8572342467213988
2016-11-11,0.8756257139889916
2016-11-14,0.9252285471167062
2016-11-15,0.9500049920127794
2016-11-16,1.0036129358261747
2016-11-17,0.9589740695804294
2016-11-18,0.9866146293868341
2016-11-21,0.8763042794659958
2016-11-22,0.8265313662225068
2016-11-23,0.8003151024082827
2016-11-24,0.7850353399951255
2016-11-25,0.8588470272784481
2016-11-28,0.8652019348446879
2016-11-29,0.8580021774632552
2016-11-30,0.8726459434054001
2016-12-01,0.8737014002293181
2016-12-02,0.9137345727973603
2016-12-05,0.9871599654306761
2016-12-06,0.8877396569122099
2016-12-07,0.8999173491622211
2016-12-08,0.8857742250515427
2016-12-09,0.94991254571474
2016-12-12,0.8902270913444098
2016-12-13,0.9477704743293659
2016-12-14,0.9666362807657246
2016-12-15,0.9386320823069121
2016-12-16,0.8733690704966117
2016-12-19,0.8825745344957485
2016-12-20,0.8328232036146334
2016-12-21,0.8246604399739985
2016-12-22,0.8907093581283745
2016-12-23,0.8906844106463878
2016-12-26,0.8483885610531093
2016-12-27,0.735273098519653
2016-12-28,0.719185839562502
2016-12-29,0.7896656301585473
2016-12-30,0.7639214204760106
2017-01-03,0.6846086984515339
2017-01-04,0.7890407818187029
2017-01-05,0.7061788742075918
2017-01-06,0.8229999134473904
2017-01-09,0.8432135279367325
2017-01-10,0.7606897559549906
2017-01-11,0.8199363245478715
2017-01-12,0.8404776596130811
2017-01-13,0.7566736456425021
2017-01-16,0.7209556599823197
2017-01-17,0.7673486032760144
2017-01-18,0.8480518891459156
2017-01-19,0.8417438901426034
2017-01-20,0.8168282845619154
2017-01-23,0.8480802755219183
2017-01-24,0.8373397801395795
2017-01-25,0.8228742329706595
2017-01-26,0.7758894536213469
2017-02-03,0.784862684619491
2017-02-06,0.7341876322595814
2017-02-07,0.795830258302583
2017-02-08,0.8554325389378871
2017-02-09,0.8779734524904719
2017-02-10,0.8227873621151464
2017-02-13,0.8216510413389543
2017-02-14,0.8763588409309621
2017-02-15,0.8277171193972748
2017-02-16,0.8159177551403037
2017-02-17,0.8228807522439094
2017-02-20,0.8391179821995011
2017-02-21,0.918013329681366
2017-02-22,0.8656383890317053
2017-02-23,0.976926490164177
2017-02-24,0.8809828104032207
2017-02-27,0.8957580304166951
2017-02-28,0.8806875255775884
2017-03-01,0.865090226281786
2017-03-02,0.8808104487608841
2017-03-03,0.9058139534883721
2017-03-06,0.7971346529814272
2017-03-07,0.8494732951395305
2017-03-08,0.8268943294688237
2017-03-09,0.9151934593179618
2017-03-10,0.8244899498434967
2017-03-13,0.8772540452475285
2017-03-14,0.9019505658129839
2017-03-15,0.9277490147592921
2017-03-16,0.8788946937747845
2017-03-17,0.8885875770723909
2017-03-20,0.9259259259259259
2017-03-21,0.8416589467683319
2017-03-22,0.8464412420332172
2017-03-23,0.8522760646108665
2017-03-24,0.9305925030229747
2017-03-27,0.8818956192536506
2017-03-28,0.9380220123331513
2017-03-29,0.8850945286089896
2017-03-30,0.8690189647419789
2017-03-31,1.0103214159569875
2017-04-05,0.9824956729042161
2017-04-06,1.0380813651024867
2017-04-07,1.097843144410788
2017-04-10,0.9610731344564253
2017-04-11,1.1914467192895906
2017-04-12,1.338030236312931
2017-04-13,1.270589698930082
2017-04-14,1.1010056522058282
2017-04-17,0.9735635976973562
2017-04-18,0.9421950020793165
2017-04-19,0.9094034444371685
2017-04-20,0.9015578518866447
2017-04-21,1.0430874966957442
2017-04-24,0.9225546792422148
2017-04-25,0.9541271279385818
2017-04-26,0.9772383115653985
2017-04-27,0.9573199809251313
2017-04-28,0.9221839689265537
2017-05-02,0.9177700666605789
2017-05-03,0.9790702702702703
2017-05-04,1.1294197423229682
2017-05-05,1.0168362800731605
2017-05-08,0.9819798736250878
2017-05-09,0.9733434496712189
2017-05-10,0.9809282475326754
2017-05-11,0.9405552092119256
2017-05-12,1.0113014759005057
2017-05-15,1.016117850953206
2017-05-16,1.004960877631685
2017-05-17,0.939041095890411
2017-05-18,0.9359535468215106
2017-05-19,1.0585998178799079
2017-05-22,0.9733284450758443
2017-05-23,0.8963726493036431
2017-05-24,0.8442906574394464
2017-05-25,0.9444707706888382
2017-05-26,1.028853914447135
2017-05-31,0.8782188342474667
2017-06-01,0.8308790352352434
2017-06-02,0.8312770923641214
2017-06-05,0.845921744208682
2017-06-06,0.8577141121684551
2017-06-07,0.8131270632403392
2017-06-08,0.9166371890107299
2017-06-09,0.8885163809200477
2017-06-12,0.8398891076379122
2017-06-13,0.8493687236968207
2017-06-14,0.9137149917627678
2017-06-15,0.8187825520833333
2017-06-16,0.9136503131962836
2017-06-19,0.9566598169250887
2017-06-20,0.8473425916257701
2017-06-21,0.9205640037709553
2017-06-22,0.9325738802381921
2017-06-23,0.8728986645718775
2017-06-26,0.9157504305205988
2017-06-27,0.9386846052452161
2017-06-28,0.8530939374944031
2017-06-29,0.8877031287897162
2017-06-30,0.8037598488688199
2017-07-03,0.9198745625596509
2017-07-04,0.9392799314220401
2017-07-05,0.8717779758905384
2017-07-06,0.8809562320059522
2017-07-07,0.9202600216684723
2017-07-10,0.8990097689460875
2017-07-11,0.8881664499349805
2017-07-12,0.8612462275874312
2017-07-13,1.0018602540834844
2017-07-14,0.9531167522433899
2017-07-17,0.8462850182704019
2017-07-18,0.8508889827579588
2017-07-19,1.1621058893515763
2017-07-20,1.1581452104942038
2017-07-21,1.2266307080495498
2017-07-24,1.1486186731195807
2017-07-25,1.1275956284153004
2017-07-26,1.1917163041972572
2017-07-27,1.0229747185827645
2017-07-28,1.0209872893881171
2017-07-31,1.3774427694025684
2017-08-01,1.3223899638528598
2017-08-02,1.2863262979994499
2017-08-03,1.184209503827175
2017-08-04,1.32492569684312
2017-08-07,1.3378855069542432
2017-08-08,1.3658837545740787
2017-08-09,1.2362240289069557
2017-08-10,1.0911736522695816
2017-08-11,1.2607851072440308
2017-08-14,1.3311100524059074
2017-08-15,1.0999262838889343
2017-08-16,0.9620009001478815
2017-08-17,1.0930301047120419
2017-08-18,1.1049849223781691
2017-08-21,1.019488939740656
2017-08-22,1.0562658846529813
2017-08-23,0.8248554913294798
2017-08-24,0.7625145120535409
2017-08-25,0.748056038583943
2017-08-28,0.7413888962431495
2017-08-29,0.6957858104503772
2017-08-30,0.7898562880948388
2017-08-31,0.770123527721919
2017-09-01,0.9651427725994969
2017-09-04,1.0125536356256524
2017-09-05,1.006800528571889
2017-09-06,1.0148790310184759
2017-09-07,0.9499124440614837
2017-09-08,0.9794027441485068
2017-09-11,0.9990452245313644
2017-09-12,1.129936447145672
2017-09-13,1.0884717523372986
2017-09-14,1.1015861281000066
2017-09-15,1.2250693913673116
2017-09-18,1.1113121427690282
2017-09-19,1.093198704515146
2017-09-20,1.0889538823697258
2017-09-21,1.0198019801980198
2017-09-22,0.9194962042788128
2017-09-25,0.9276594093220009
2017-09-26,0.8645975443383356
2017-09-27,1.0151849013220924
2017-09-28,1.0731869594145043
2017-09-29,1.0763244392884765
2017-10-09,1.1394292570057416
2017-10-10,0.904990468409586
2017-10-11,0.9528903122497998
2017-10-12,0.9852303982517614
2017-10-13,0.8948929535688481
2017-10-16,0.9322539554840439
2017-10-17,0.9159069396702039
2017-10-18,0.8670672784116286
2017-10-19,0.903851808291679
2017-10-20,0.9709417732686368
2017-10-23,1.0211255982835452
2017-10-24,0.9777478084962913
2017-10-25,0.8472143798230755
2017-10-26,0.9553818453295859
2017-10-27,0.9393275194702235
2017-10-30,0.9240685018017013
2017-10-31,0.8982692694707185
2017-11-01,0.9882328654004955
2017-11-02,0.9376479500047343
2017-11-03,1.1085454058398072
2017-11-06,0.9965882846945203
2017-11-07,1.182094423498959
2017-11-08,1.0071897187022558
2017-11-09,0.9911378770074423
2017-11-10,1.0514508877889286
2017-11-13,1.1856932643470832
2017-11-14,1.0594017094017094
2017-11-15,0.9998031883487503
2017-11-16,1.022644074887564
2017-11-17,0.8979087765519512
2017-11-20,0.9900087302357163
2017-11-21,1.0666737333050667
2017-11-22,1.1585378983634798
2017-11-23,1.0889898183270115
2017-11-24,1.0588482051896686
2017-11-27,1.1440037771482532
2017-11-28,1.0991817341955918
2017-11-29,1.1582026812088162
2017-11-30,1.1294981791247454
2017-12-01,1.1049073610415625
2017-12-04,0.9692892981198654
2017-12-05,0.9664441720019978
2017-12-06,1.0311974390971732
2017-12-07,1.0977350898825362
2017-12-08,1.072474202063835
2017-12-11,1.2645474845658742
2017-12-12,1.238397965670693
2017-12-13,1.1101837474120082
2017-12-14,1.199633579794543
2017-12-15,1.198234894772573
2017-12-18,1.1948060846923394
2017-12-19,1.1346043165467625
2017-12-20,1.0840953917876994
2017-12-21,1.108573500090629
2017-12-22,1.1665641446244277
2017-12-25,0.9458638743455497
2017-12-26,0.7890534262485484
2017-12-27,0.9564792427594012
2017-12-28,1.0371183717193357
2017-12-29,1.0594811612106239
2018-01-02,1.1361996908455945
2018-01-03,1.0848107109879963
2018-01-04,1.1456305809170262
2018-01-05,1.2610635924135365
2018-01-08,1.3022178259058725
2018-01-09,1.1892794568550153
2018-01-10,1.2059635842880523
2018-01-11,1.2108919291547355
2018-01-12,1.2518288511130995
2018-01-15,1.1713306192414827
2018-01-16,1.2234446339182572
2018-01-17,1.21706445168752
2018-01-18,1.075
2018-01-19,1.033550593012074
2018-01-22,1.1123799359658484
2018-01-23,1.1323686729350826
2018-01-24,1.1836900294147479
2018-01-25,1.0668327463276353
2018-01-26,1.2059597346145046
2018-01-29,1.1665795525820615
2018-01-30,1.1160751565762004
2018-01-31,0.9297290994597536
2018-02-01,1.0492799878414834
2018-02-02,1.0078606233336398
2018-02-05,1.1179970252850768
2018-02-06,0.9453163115953813
2018-02-07,0.9716853932584268
2018-02-08,0.8949175063669583
2018-02-09,0.974699021820918
2018-02-12,0.8952483191140742
2018-02-13,0.904552807950081
2018-02-14,0.8776553266251398
2018-02-22,1.0522382645287671
2018-02-23,0.9976867352529373
2018-02-26,1.0659941151744432
2018-02-27,1.1091431532337839
2018-02-28,1.2334544653672503
2018-03-01,1.0526315789473684
2018-03-02,1.1448331566459689
2018-03-05,1.1683065169579814
2018-03-06,1.1441621999533909
2018-03-07,1.056392616636791
2018-03-08,0.8808010868136203
2018-03-09,0.9683639220167107
2018-03-12,1.0686331278313292
2018-03-13,0.9528546858665228
2018-03-14,0.9644109467574865
2018-03-15,0.9544481054365734
2018-03-16,1.0321830527392801
2018-03-19,1.0169531882470595
2018-03-20,0.81760906605381
2018-03-21,0.8811257198739542
2018-03-22,0.8104706583258863
2018-03-23,0.8501622060016221
2018-03-26,0.8819983090100357
2018-03-27,0.9152280932064325
2018-03-28,0.967745660290212
2018-03-29,0.9049766657515981
2018-03-30,0.9098213341790887
2018-04-02,0.9677617538640626
2018-04-03,0.8805698592516308
2018-04-04,0.8335943060498221
2018-04-09,0.8778504858219313
2018-04-10,0.850364441903673
2018-04-11,0.882204042701493
2018-04-12,0.8412513175726547
2018-04-13,0.9752466203872855
2018-04-16,1.1083462934162778
2018-04-17,1.1706735355848121
2018-04-18,1.211340692518162
2018-04-19,1.3968618446230388
2018-04-20,1.209132558022454
2018-04-23,1.257687012391005
2018-04-24,1.2007738157481962
2018-04-25,1.0674895951570185
2018-04-26,1.0578291814946619
2018-04-27,0.9828651539539955
2018-05-02,1.0338621444201312
2018-05-03,0.9905159705159704
2018-05-04,0.9184996887321021
2018-05-07,0.9037342924381688
2018-05-08,0.7894894669765349
2018-05-09,0.7915784521289109
2018-05-10,0.9043885912385754
2018-05-11,0.9142240832381678
2018-05-14,0.970466218885816
2018-05-15,0.8626847856027913
2018-05-16,0.8611798411251465
2018-05-17,0.8575883575883575
2018-05-18,0.8455443781714591
2018-05-21,0.9515481069674958
2018-05-22,0.8415496954333925
2018-05-23,0.9213297957871041
2018-05-24,0.8661995014814466
2018-05-25,0.9173874669020301
2018-05-28,0.9995898697836564
2018-05-29,0.8725695075413411
2018-05-30,0.7618185475759405
2018-05-31,0.8326780066672366
2018-06-01,0.8492172601889219
2018-06-04,0.9485832996710715
2018-06-05,0.9212632489725286
2018-06-06,0.9589237668161433
2018-06-07,0.9511474664848899
2018-06-08,0.9969903463940943
2018-06-11,1.0698039751383104
2018-06-12,0.9386560524467338
2018-06-13,0.9724775946805435
2018-06-14,1.005430664309169
2018-06-15,0.9592592592592594
2018-06-19,0.9839821339186015
2018-06-20,0.982866427059229
2018-06-21,1.0138329369509296
2018-06-22,1.036276030128489
2018-06-25,0.9373818142525259
2018-06-26,0.9369482976040353
2018-06-27,0.9262613832143737
2018-06-28,0.8461236698867259
2018-06-29,0.833158700733457
2018-07-02,0.887596110817298
2018-07-03,1.020339968037193
2018-07-04,0.9867398262459991
2018-07-05,0.9599321391148145
2018-07-06,0.9772239718837007
2018-07-09,1.0668225860340794
2018-07-10,0.89279378625881
2018-07-11,0.9254944459496072
2018-07-12,1.0376375217139548
2018-07-13,0.9921568627450981
2018-07-16,0.8527208017233304
2018-07-17,0.8418094461064274
2018-07-18,0.8330996915929026
2018-07-19,0.8212907279418364
2018-07-20,0.9150860383261635
2018-07-23,0.9868494324266438
2018-07-24,1.0232941011629537
2018-07-25,0.9429177718832892
2018-07-26,0.7504387131082159
2018-07-27,0.7091289711165804
2018-07-30,0.8182209160633646
2018-07-31,0.7482758620689655
2018-08-01,0.7665882528658376
2018-08-02,0.7801451432824711
2018-08-03,0.8260757425955381
2018-08-06,0.807212263360697
2018-08-07,0.8289411017621845
2018-08-08,0.8258001649051794
2018-08-09,0.8469464961268239
2018-08-10,0.7559298866286082
2018-08-13,0.8952052560458506
2018-08-14,0.8648673417953534
2018-08-15,0.8305144623537205
2018-08-16,0.8286322763842877
2018-08-17,0.8523818579442806
2018-08-20,0.9465992130410343
2018-08-21,0.9547772485289997
2018-08-22,0.9170351407959041
2018-08-23,0.9264232008592911
2018-08-24,0.925868196271588
2018-08-27,1.0341774202256897
2018-08-28,0.9489643060075417
2018-08-29,0.9069582052158068
2018-08-30,0.8669582169766584
2018-08-31,0.8357679101437467
2018-09-03,0.836041439476554
2018-09-04,0.800932982310286
2018-09-05,0.7485601448082936
2018-09-06,0.7376981392143349
2018-09-07,0.7960361153930852
2018-09-10,0.7896668680016726
2018-09-11,0.6978968382933284
2018-09-12,0.6713040163895374
2018-09-13,0.75018573551263
2018-09-14,0.7530259632264621
2018-09-17,0.7093871595330739
2018-09-18,0.8107906630014443
2018-09-19,0.7693090169294484
2018-09-20,0.7284976076555024
2018-09-21,0.8251833740831295
2018-09-25,0.7781348916484052
2018-09-26,0.8439336783928415
2018-09-27,0.8592903903661196
2018-09-28,0.7832496279761905
2018-10-08,0.8377545616484521
2018-10-09,0.8926090828138913
2018-10-10,0.8647405329593268
2018-10-11,0.8827154189221393
2018-10-12,0.9487302924539656
2018-10-15,0.8592436974789915
2018-10-16,0.8569407325892154
2018-10-17,0.8508391852183874
2018-10-18,0.8480881335836379
2018-10-19,0.8999173272382436
2018-10-22,0.8770746718171997
2018-10-23,0.7131978883378659
2018-10-24,0.5916395543724736
2018-10-25,0.6774035774175517
2018-10-26,0.7423292147068764
2018-10-29,0.6954633204633205
2018-10-30,0.6619115031398598
2018-10-31,0.6620107247214463
2018-11-01,0.6882643694393447
2018-11-02,0.7707451548229004
2018-11-05,0.6503558718861209
2018-11-06,0.7125579520258012
2018-11-07,0.7483412842024455
2018-11-08,0.5840490504819162
2018-11-09,0.601147531670738
2018-11-12,0.6776681356581721
2018-11-13,0.729565294065779
2018-11-14,0.7557136007671408
2018-11-15,0.7126671777834569
2018-11-16,0.7786294426787977
2018-11-19,0.8187531889234195
2018-11-20,0.926221891841665
2018-11-21,0.8564510048429661
2018-11-22,0.8441957361394118
2018-11-23,0.8473391960466536
2018-11-26,0.8842672673880687
2018-11-27,0.8735289502589048
2018-11-28,0.9189246852997653
2018-11-29,0.8066454144188329
2018-11-30,0.7719007705826686
2018-12-03,0.9429507594316511
2018-12-04,0.8228513356562137
2018-12-05,0.8775986624183727
2018-12-06,0.9040846353254396
2018-12-07,0.8360714713994484
2018-12-10,0.7933300476425168
2018-12-11,0.8503709064592003
2018-12-12,0.8325369244135534
2018-12-13,0.8150050280132164
2018-12-14,0.8090213118146079
2018-12-17,0.8354064350300638
2018-12-18,0.8081089877714233
2018-12-19,0.7492666636581073
2018-12-20,0.7834855579767259
2018-12-21,0.7848558820768003
2018-12-24,0.7391425908667288
2018-12-25,0.8425422705314011
2018-12-26,0.7986457745561873
2018-12-27,0.7740727461057328
2018-12-28,1.00816878232252
2019-01-02,0.8975562846475845
2019-01-03,0.9180999571203964
2019-01-04,0.943327239488117
2019-01-07,0.9130550651254206
2019-01-08,0.9253618492114928
2019-01-09,0.931624201808181
2019-01-10,0.9121870859148372
2019-01-11,0.9452143209689053
2019-01-14,0.9027612826603325
2019-01-15,0.8325332601837883
2019-01-16,0.9051481481481481
2019-01-17,0.9233296005972378
2019-01-18,1.1138419525516299
2019-01-21,1.0870906286854758
2019-01-22,1.0743255728011825
2019-01-23,0.9383700562367474
2019-01-24,0.9645913128514384
2019-01-25,0.9043738629472408
2019-01-28,0.9224071702944943
2019-01-29,0.9244746848108866
2019-01-30,0.9604431234801405
2019-01-31,0.8348128421364108
2019-02-01,0.899602096273292
2019-02-11,0.9902611973790504
2019-02-12,0.9911825726141079
2019-02-13,1.0306783536585367
2019-02-14,0.9252989938619249
2019-02-15,0.9526031512672185
2019-02-18,0.9461506912108857
2019-02-19,0.9643188332490306
2019-02-20,0.9542772503217348
2019-02-21,0.9816593130893677
2019-02-22,0.9779693045121445
2019-02-25,1.0049123337363968
2019-02-26,1.0593493769055442
2019-02-27,1.1038815973191844
2019-02-28,1.0553081167320348
2019-03-01,0.9585870889159561
2019-03-04,1.014022417108287
2019-03-05,1.0385933420365534
2019-03-06,1.0904847294566362
2019-03-07,1.0785077182227376
2019-03-08,1.1502663302495093
2019-03-11,1.1464658465700341
2019-03-12,1.0089444244196135
2019-03-13,1.0452511113781087
2019-03-14,1.0195470974404368
2019-03-15,1.0063901819720693
2019-03-18,1.0403062698642012
2019-03-19,1.0048163879122889
2019-03-20,0.9398142163290181
2019-03-21,0.962890015920692
2019-03-22,0.8990975651285544
2019-03-25,0.977688156985754
2019-03-26,0.9684257742413604
2019-03-27,0.9366154124866959
2019-03-28,0.9513480735143203
2019-03-29,0.986791556956015
2019-04-01,0.9751005232254916
2019-04-02,1.0727681272145881
2019-04-03,1.019125831656424
2019-04-04,0.9805347012263478
2019-04-08,1.0077042356973802
2019-04-09,0.9082858717618961
2019-04-10,1.005506141465481
2019-04-11,0.9809174872147164
2019-04-12,0.9720043497373962
2019-04-15,0.9631774313288789
2019-04-16,1.003597661520012
2019-04-17,1.018152934110855
2019-04-18,0.9929187435714851
2019-04-19,1.0474836447599094
2019-04-22,1.0334447478905964
2019-04-23,1.0667133193375322
2019-04-24,1.0952162499681422
2019-04-25,1.0454953356846213
2019-04-26,1.1330155012824803
2019-04-29,1.0676397922654162
2019-04-30,1.0865213218154395
2019-05-06,1.0075312739341333
2019-05-07,1.1746839826839826
2019-05-08,1.0607094133697135
2019-05-09,0.9425245423189174
2019-05-10,1.0770111575639763
2019-05-13,0.939718627567375
2019-05-14,1.0076214985647827
2019-05-15,1.0344235634260932
2019-05-16,1.1602694610778443
2019-05-17,0.999027521151415
2019-05-20,1.1101715729272656
2019-05-21,1.075833979829325
2019-05-22,0.9852853745541023
2019-05-23,0.9539329363835788
2019-05-24,1.0095649943196394
2019-05-27,0.9969635289799459
2019-05-28,0.977930992954778
2019-05-29,0.9480653082896396
2019-05-30,0.959940560955978
2019-05-31,1.079546692819004
2019-06-03,1.0704419889502763
2019-06-04,1.0281653458347286
2019-06-05,0.9916902961562697
2019-06-06,0.9930420896543858
2019-06-10,1.0414990859232174
2019-06-11,1.117062998007968
2019-06-12,1.1045651619484824
2019-06-13,1.0297108147365641
2019-06-14,1.014750729249536
2019-06-17,0.9116424116424117
2019-06-18,0.8953859238783756
2019-06-19,0.9579385403329065
2019-06-20,0.9760530871321408
2019-06-21,0.7809801800330674
2019-06-24,0.7175066631450044
2019-06-25,0.7342098972029645
2019-06-26,0.7529959849204646
2019-06-27,0.7934779493939308
2019-06-28,0.7977564290316912
2019-07-01,0.8614315778797637
2019-07-02,0.8284049566430506
2019-07-03,0.8883343529639051
2019-07-04,0.9796288597452663
2019-07-05,0.9450242666323068
2019-07-08,0.8882761243700675
2019-07-09,0.9856562275878556
2019-07-10,0.9160861892820655
2019-07-11,0.8565833723553702
2019-07-12,0.9059333616098778
2019-07-15,0.8845222785384672
2019-07-16,0.8869700332963374
2019-07-17,0.9290850895789168
2019-07-18,0.9525905268203407
2019-07-19,0.9368803701255783
2019-07-22,0.8964312954116656
2019-07-23,0.7596432452010141
2019-07-24,0.8156045077944006
2019-07-25,0.8614060130252476
2019-07-26,0.8964409545176423
2019-07-29,0.8803183348637894
2019-07-30,0.9001133465570983
2019-07-31,0.8563266058427795
2019-08-01,0.8516238191474362
2019-08-02,0.9388993684901172
2019-08-05,1.0650507561632483
2019-08-06,0.9910206628761614
2019-08-07,1.1313649025069639
2019-08-08,1.1969475357710653
2019-08-09,1.1729362591431558
2019-08-12,1.03908851884312
2019-08-13,1.166066871687496
2019-08-14,1.165948399701201
2019-08-15,1.154329946782777
2019-08-16,1.258592661402694
2019-08-19,1.1614173228346458
2019-08-20,1.082865117627868
2019-08-21,1.1697370207758113
2019-08-22,1.1452785583656722
2019-08-23,1.1196888833726366
2019-08-26,1.2372980513928264
2019-08-27,1.2286372417892701
2019-08-28,1.150881538685706
2019-08-29,1.0463526647442059
2019-08-30,1.1282350518294775
2019-09-02,1.1072206223221184
2019-09-03,1.163330201633302
2019-09-04,1.155277401894452
2019-09-05,1.1358241412738752
2019-09-06,1.126245627928463
2019-09-09,1.1318206686054881
2019-09-10,1.2569672261681053
2019-09-11,1.093820519954249
2019-09-12,1.0930310103367789
2019-09-16,1.1122803566745345
2019-09-17,1.0018127931401606
2019-09-18,0.9493434084073068
2019-09-19,0.9757274401473296
2019-09-20,0.9797808730515328
2019-09-23,0.9706039741714529
2019-09-24,1.06534453025418
2019-09-25,1.0068690372940157
2019-09-26,0.9554314820256636
2019-09-27,0.8734280792420326
2019-09-30,0.8570015333630112
2019-10-08,0.8770165305715993
2019-10-09,0.9189189189189189
2019-10-10,0.8821300691148305
2019-10-11,0.9205618325336636
2019-10-14,0.8922826052870897
2019-10-15,0.9674242424242425
2019-10-16,0.9377248381165562
2019-10-17,0.973973641793875
2019-10-18,0.9630688683044705
2019-10-21,0.7601556070920925
2019-10-22,0.7674312276156368
2019-10-23,0.7494571987898202
2019-10-24,0.7199304513841538
2019-10-25,0.7219910371318822
2019-10-28,0.9371080838970748
2019-10-29,1.1061858654743142
2019-10-30,1.150129773822766
2019-10-31,1.102391908137462
2019-11-01,1.0542101755165518
2019-11-04,1.1511522409726
2019-11-05,1.2256796116504856
2019-11-06,1.1891735417571283
2019-11-07,1.0704830411109445
2019-11-08,1.2929372197309417
2019-11-11,0.9977658812123256
2019-11-12,1.0723233156348266
2019-11-13,1.0233637381981118
2019-11-14,1.2275879148093114
2019-11-15,1.2307285856866081
2019-11-18,1.3133448873483538
2019-11-19,1.23976576770173
2019-11-20,1.2164681512169861
2019-11-21,1.0808649444941336
2019-11-22,1.2677368212445501
2019-11-25,1.2645631067961165
2019-11-26,1.059201178761248
2019-11-27,1.0016776039867765
2019-11-28,0.9812620700454094
2019-11-29,0.9378974141585418
2019-12-02,1.0179981945384788
2019-12-03,0.9335241573310961
2019-12-04,0.9481296269059176
2019-12-05,1.0502033979420913
2019-12-06,1.0711659409772618
2019-12-09,1.1446328727877642
2019-12-10,1.0797779802833236
2019-12-11,1.29890590809628
2019-12-12,1.2150607137910336
2019-12-13,1.2135896047644827
2019-12-16,1.269899323580305
2019-12-17,1.2570949972618626
2019-12-18,1.2050493018331017
2019-12-19,1.0671307963709677
2019-12-20,1.031382261654701
2019-12-23,1.0341253161400632
2019-12-24,1.0163255260675172
2019-12-25,1.1656804733727812
2019-12-26,1.095537826243836
2019-12-27,1.1819094433674884
2019-12-30,1.1219721023152938
2019-12-31,1.0180000699031841
2020-01-02,1.034960787938
2020-01-03,1.0800594255529878
2020-01-06,1.1953298642888894
2020-01-07,1.2983375549538532
2020-01-08,1.2768890899896197
2020-01-09,1.2361615794573644
2020-01-10,1.255497204811113
2020-01-13,1.217642380441924
2020-01-14,1.162360073227094
2020-01-15,1.2446472321840714
2020-01-16,1.264039024390244
2020-01-17,1.2942857142857143
2020-01-20,1.2442645591958874
2020-01-21,1.20369391279828
2020-01-22,1.4081778200404138
2020-01-23,1.330816656226303
2020-02-03,1.256065976008724
2020-02-04,1.227363042861198
2020-02-05,1.323815647192916
2020-02-06,1.3703607727966371
2020-02-07,1.438809967396367
2020-02-10,1.4992738523710298
2020-02-11,1.4114728682170543
2020-02-12,1.6208229059325776
2020-02-13,1.634355122479361
2020-02-14,1.7839757008578583
2020-02-17,1.4916376933221438
2020-02-18,1.4999321113374067
2020-02-19,1.6194443646392966
2020-02-20,1.378735763968509
2020-02-21,1.4742781767550932
2020-02-24,1.5803209912678666
2020-02-25,1.5928733889310083
2020-02-26,1.7020608674814282
2020-02-27,1.5764511498144587
2020-02-28,1.303873350923483
2020-03-02,1.3914982396661886
2020-03-03,1.4251602671491435
2020-03-04,1.3783156001798293
2020-03-05,1.1679249058594534
2020-03-06,1.1370413408701476
2020-03-09,1.1958062100351403
2020-03-10,1.2498434691280726
2020-03-11,1.108157193090923
2020-03-12,1.0348109517601043
2020-03-13,1.1144196136214801
2020-03-16,1.1571221339337912
2020-03-17,1.1019736842105263
2020-03-18,1.1624293785310735
2020-03-19,1.1595317631867053
2020-03-20,1.1696347532158617
2020-03-23,1.0981373863805692
2020-03-24,1.1222182765151514
2020-03-25,1.0144946225466176
2020-03-26,1.0266422207580141
2020-03-27,0.9709600372830013
2020-03-30,0.9818155907082798
2020-03-31,0.9528551423681344
2020-04-01,1.0318392781798706
2020-04-02,0.9622053022658471
2020-04-03,0.9315813739050254
2020-04-07,0.9642794650668668
2020-04-08,0.8799180601634343
2020-04-09,0.8936822735636883
2020-04-10,0.9086383859741862
2020-04-13,0.9773970818134445
2020-04-14,0.9566154422788605
2020-04-15,1.0342035255941766
2020-04-16,1.0871308903910217
2020-04-17,1.1971019710197102
2020-04-20,1.201549858327928
2020-04-21,1.1736906135945346
2020-04-22,1.0886643207314506
2020-04-23,1.128408042280697
2020-04-24,1.0743314033636615
2020-04-27,1.0187172690243744
2020-04-28,1.1141783453887883
2020-04-29,1.08556922751472
2020-04-30,1.2157857396239802
2020-05-06,1.241463854335677
2020-05-07,1.3089562340201533
2020-05-08,1.3304260959772543
2020-05-11,1.1775610094768632
2020-05-12,1.2783470519066016
2020-05-13,1.2898001378359751
2020-05-14,1.4288648558014754
2020-05-15,1.3449251920744036
2020-05-18,1.321596573755529
2020-05-19,1.1225871059083532
2020-05-20,1.3444043040826632
2020-05-21,1.2031913714771174
2020-05-22,1.0751311647429171
2020-05-25,0.9408410006843587
2020-05-26,0.9204870813067026
2020-05-27,1.0918660958663766
2020-05-28,1.154819934521644
2020-05-29,1.152393646562257
2020-06-01,1.156537260151718
2020-06-02,1.2518657280116023
2020-06-03,1.0616676167279888
2020-06-04,1.0052850339948802
2020-06-05,1.0205784368642943
2020-06-08,1.170426679744973
2020-06-09,1.1811065310290059
2020-06-10,1.253493095044679
2020-06-11,1.311451495258935
2020-06-12,1.4240074573111308
2020-06-15,1.386660293414715
2020-06-16,1.4033120918889153
2020-06-17,1.3027352960991714
2020-06-18,1.4517750170868011
2020-06-19,1.2897530535367758
2020-06-22,1.2736063708759953
2020-06-23,1.3005523166615525
2020-06-24,1.3198011258577476
2020-06-29,1.4072158111155326
2020-06-30,1.307918127701215
2020-07-01,1.4347842056932967
2020-07-02,1.3988963342530547
2020-07-03,1.287163582842725
2020-07-06,1.1984205856255545
2020-07-07,1.1958043096152595
2020-07-08,1.2768202136525495
2020-07-09,1.2289042263944527
2020-07-10,1.2864784655687251
2020-07-13,1.263182614664812
2020-07-14,1.246594692765614
2020-07-15,1.281562899947301
2020-07-16,1.2992081566136682
2020-07-17,1.2691587240372433
2020-07-20,1.1640020134710802
2020-07-21,1.3066127368478202
2020-07-22,1.2924870863806066
2020-07-23,1.2136227075019057
2020-07-24,1.2911578993685784
2020-07-27,1.3776923327576656
2020-07-28,1.2218095780047322
2020-07-29,1.2690293885823667
2020-07-30,1.2704131824889326
2020-07-31,1.1778943493465857
2020-08-03,1.154815240283362
2020-08-04,1.2589594418335024
2020-08-05,1.1315251408303777
2020-08-06,1.249269609045697
2020-08-07,1.245004061738424
2020-08-10,1.2857290830463266
2020-08-11,1.130235470381717
2020-08-12,1.2065344832078373
2020-08-13,1.0802919708029197
2020-08-14,0.9881799109655631
2020-08-17,0.9983439018543941
2020-08-18,0.9874181245336208
2020-08-19,0.9764809073107049
2020-08-20,1.0373637645852032
2020-08-21,0.9645877378435518
2020-08-24,0.8568644284090119
2020-08-25,0.7088068884746713
2020-08-26,0.8218740663280549
2020-08-27,0.7310535686638798
2020-08-28,0.8381688388237605
2020-08-31,0.8900026378264311
2020-09-01,0.8617969986095795
2020-09-02,0.7640258831759356
2020-09-03,0.7829989837780873
2020-09-04,0.7642944785276075
2020-09-07,0.7857094330649818
2020-09-08,0.9081452056949578
2020-09-09,0.9593870770899722
2020-09-10,0.8057140898418086
2020-09-11,0.7423949239492396
2020-09-14,0.8073313148788928
2020-09-15,0.869608955839868
2020-09-16,0.8787753900500441
2020-09-17,0.9784644194756554
2020-09-18,0.9723113138149183
2020-09-21,1.0120447737663567
2020-09-22,0.949002931606585
2020-09-23,0.926057730328193
2020-09-24,0.9213748102206286
2020-09-25,0.975378870120283
2020-09-28,0.8613343223307371
2020-09-29,0.8606571047364909
2020-09-30,0.9301623083859333
2020-10-09,1.036135970519666
2020-10-12,1.0528285835814548
2020-10-13,1.0603158602150538
2020-10-14,1.0352209944751383
2020-10-15,0.9663443339412919
2020-10-16,0.8502697235333783
2020-10-19,0.9573841681080485
2020-10-20,0.9199312843111624
2020-10-21,0.969338437149596
2020-10-22,0.9082618862042089
2020-10-23,0.912020109689214
2020-10-26,0.8424941715730825
2020-10-27,0.9744934552626862
2020-10-28,0.9775055941585209
2020-10-29,0.8888376710871569
2020-10-30,0.9141024449195873
2020-11-02,0.9623376623376625
2020-11-03,0.9945767680469035
2020-11-04,1.0228774571309076
2020-11-05,1.0182451541698283
2020-11-06,1.2225214198286414
2020-11-09,1.1413036626111075
2020-11-10,1.0803473741794312
2020-11-11,0.9826477031679243
2020-11-12,0.8053217575717411
2020-11-13,0.91342058390769
2020-11-16,0.8403151145740491
2020-11-17,1.0161678026935361
2020-11-18,0.9032912815388459
2020-11-19,0.9443089034188867
2020-11-20,0.8595475276044167
2020-11-23,0.9763415568076145
2020-11-24,0.9884563586224587
2020-11-25,0.8845297567332754
2020-11-26,0.8694116884799792
2020-11-27,0.7798176328870727
2020-11-30,0.8447305875628026
2020-12-01,0.9179749570965487
2020-12-02,0.9684045188183411
2020-12-03,0.8846812731043188
2020-12-04,0.7854944919687366
2020-12-07,0.8520453365105551
2020-12-08,0.9694471753762384
2020-12-09,0.9439559407954439
2020-12-10,0.9458117286204629
2020-12-11,0.957886274388547
2020-12-14,0.9100334102572935
2020-12-15,0.931166641116051
2020-12-16,0.8761656341701988
2020-12-17,0.927139541193139
2020-12-18,1.0474641942849234
2020-12-21,1.1598416208889206
2020-12-22,1.1576695089865914
2020-12-23,1.3349742995728662
2020-12-24,1.1375722543352602
2020-12-25,1.1966736251326102
2020-12-28,1.327931812822154
2020-12-29,1.4442723858929194
2020-12-30,1.4026751434586964
2020-12-31,1.3574446834665026
2021-01-04,1.455929402664979
2021-01-05,1.3936539725255814
2021-01-06,1.1730573858523698
2021-01-07,1.1299131154323543
2021-01-08,1.2262800698830802
2021-01-11,1.1933784084055488
2021-01-12,1.2867596243749744
2021-01-13,1.2385364534018666
2021-01-14,1.26698732630936
2021-01-15,1.0366754985357691
2021-01-18,1.0435471901774271
2021-01-19,1.2446687112188861
2021-01-20,1.2076679939247157
2021-01-21,1.321672134773473
2021-01-22,1.3525888863619135
2021-01-25,1.3542935886277923
2021-01-26,1.4123788877582621
2021-01-27,1.318185896285663
2021-01-28,1.1339895463736598
2021-01-29,1.088979102888327
2021-02-01,1.1525111650865785
2021-02-02,1.2647473146680754
2021-02-03,1.246183853459973
2021-02-04,1.238447832112453
2021-02-05,1.2124225848741015
2021-02-08,1.1640126588637163
2021-02-09,1.1916949720135865
2021-02-10,1.2957893579595428
2021-02-18,1.167516687917198
2021-02-19,1.1627790402352627
2021-02-22,1.123325851565005
2021-02-23,1.149933499854024
2021-02-24,1.0554800796183375
2021-02-25,0.9789640866070272
2021-02-26,0.8615211408556417
2021-03-01,0.8879063318440918
2021-03-02,1.0562714925839731
2021-03-03,1.0993441914096282
2021-03-04,0.9763354996648501
2021-03-05,0.8695700632505782
2021-03-08,0.9846548034688591
2021-03-09,0.9774260860139291
2021-03-10,0.9178211257284433
2021-03-11,1.0469642320408776
2021-03-12,1.0724419904948281
2021-03-15,1.1228348838968307
2021-03-16,0.9681254743232988
2021-03-17,0.8950171655918119
2021-03-18,0.9071069725768774
2021-03-19,0.8850925749188776
2021-03-22,0.9738656870327403
2021-03-23,0.9664738866218477
2021-03-24,0.98672295446489
2021-03-25,0.9508342450765865
2021-03-26,0.9167523465225035
2021-03-29,0.8868964643264478
2021-03-30,0.810035429328571
2021-03-31,0.8090673057719193
2021-04-01,0.7630115278252493
2021-04-02,0.8263057097412925
2021-04-06,0.8339017051153461
2021-04-07,0.8436212736093737
2021-04-08,0.9359033906177427
2021-04-09,0.9679802955665024
2021-04-12,1.0458781362007168
2021-04-13,0.9899015676266861
2021-04-14,0.904032990843643
2021-04-15,0.889584885217038
2021-04-16,0.7684013247413417
2021-04-19,0.8550623199720031
2021-04-20,0.9196117545478906
2021-04-21,0.9692143984148535
2021-04-22,1.001798285889195
2021-04-23,0.9040543266321522
2021-04-26,1.0797247337018192
2021-04-27,1.0009715267917194
2021-04-28,0.9737325033284157
2021-04-29,0.8981518682201687
2021-04-30,1.0474025029103609
2021-05-06,1.0919952666335841
2021-05-07,1.362952534191472
2021-05-10,1.336852669610598
2021-05-11,1.210836752637749
2021-05-12,1.1228378131285426
2021-05-13,1.1030083529104673
2021-05-14,0.9650909923314638
2021-05-17,0.9542998848640509
2021-05-18,0.9633956912271224
2021-05-19,1.026326815642458
2021-05-20,1.0253434139069322
2021-05-21,0.9770867997781477
2021-05-24,1.0379176704723998
2021-05-25,1.099403578528827
2021-05-26,1.2428664542294323
2021-05-27,1.209485884946313
2021-05-28,1.3175730879897694
2021-05-31,1.2820670008293966
2021-06-01,1.194304435483871
2021-06-02,1.1901403996964333
2021-06-03,1.1388074914001785
2021-06-04,1.198393937287075
2021-06-07,1.3401985305612005
2021-06-08,1.1618965018791558
2021-06-09,1.026850464489062
2021-06-10,1.1585097068325232
2021-06-11,1.2054984235495183
2021-06-15,0.9930108874223819
2021-06-16,1.1360339583542232
2021-06-17,1.258977954350705
2021-06-18,1.202777874960641
2021-06-21,1.1691946673921916
2021-06-22,1.1387724690323182
2021-06-23,1.2351854433909648
2021-06-24,1.2643031258961859
2021-06-25,1.2920671769015923
2021-06-28,1.288926998479947
2021-06-29,1.3169052435039674
2021-06-30,1.1746876024627493
2021-07-01,1.1162180997577407
2021-07-02,1.1749953419042294
2021-07-05,1.1585035687915333
2021-07-06,1.2079519059980872
2021-07-07,1.2896113889957677
2021-07-08,1.3787685929374114
2021-07-09,1.4373928627084305
2021-07-12,1.397545766781153
2021-07-13,1.4495285635052693
2021-07-14,1.4250823937554207
2021-07-15,1.2825014603751543
2021-07-16,1.7694946974422954
2021-07-19,1.6198409693297993
2021-07-20,1.7655495244260742
2021-07-21,1.587033202975232
2021-07-22,1.6047422231890363
2021-07-23,1.6833303871309881
2021-07-26,1.622109141954729
2021-07-27,1.896145821030668
2021-07-28,1.4199091120177796
2021-07-29,1.6719831223628692
2021-07-30,1.7543656805677377
2021-08-02,1.790966793095441
2021-08-03,1.6567740994604054
2021-08-04,1.7969771060235609
2021-08-05,1.8699440759526593
2021-08-06,1.9769743288261807
2021-08-09,1.7070807993049522
2021-08-10,1.5706353157431165
2021-08-11,1.655187157461033
2021-08-12,1.781188969611749
2021-08-13,1.794484021172444
2021-08-16,1.794968605080642
2021-08-17,1.5284729532411965
2021-08-18,1.5504814415278279
2021-08-19,1.5996774193548386
2021-08-20,1.5007240987905595
2021-08-23,1.369553641346907
2021-08-24,1.500260518431679
2021-08-25,1.3701827115000766
2021-08-26,1.450117508813161
2021-08-27,1.3989185576718612
2021-08-30,1.510208898855187
2021-08-31,1.6510165040044098
2021-09-01,1.585783106147698
2021-09-02,1.7466966645239625
2021-09-03,1.7188634335019337
2021-09-06,1.5578181818181818
2021-09-07,1.3332613565818243
2021-09-08,1.2833597908301428
2021-09-09,1.3057727457351747
2021-09-10,1.463558580182419
2021-09-13,1.5521948192957964
2021-09-14,1.451763085399449
2021-09-15,1.4793713791889385
2021-09-16,1.3076196794937225
2021-09-17,1.4244341390006448
2021-09-22,1.4271662085925068
2021-09-23,1.3649541612096678
2021-09-24,1.413871878668655
2021-09-27,1.2596427788735483
2021-09-28,1.4175499854512201
2021-09-29,1.5059928733398122
2021-09-30,1.472728969346335
2021-10-08,1.1380920834713482
2021-10-11,1.3325941439776603
2021-10-12,1.3589981073571458
2021-10-13,1.1390109225746645
2021-10-14,1.1263243352953116
2021-10-15,1.2678962302391568
2021-10-18,1.2645569107338221
2021-10-19,1.4753766584214076
2021-10-20,1.5846699787083036
2021-10-21,1.5547255750398543
2021-10-22,1.5535106245420456
2021-10-25,1.4848150700666207
2021-10-26,1.6646531473224986
2021-10-27,1.4302120503670892
2021-10-28,1.6776498237367803
2021-10-29,1.5476071444802981
2021-11-01,1.7945152192939804
2021-11-02,1.7332816270251634
2021-11-03,1.8235740556950202
2021-11-04,1.72118387784443
2021-11-05,1.6800068926894414
2021-11-08,1.4352361251705472
2021-11-09,1.6055138568129332
2021-11-10,1.632654923793009
2021-11-11,1.5120916244386768
2021-11-12,1.5672822109115385
2021-11-15,1.2327063106796117
2021-11-16,1.2916553133514987
2021-11-17,1.2734289989118608
2021-11-18,1.5995337294126493
2021-11-19,1.5726779369851247
2021-11-22,1.6594117407753957
2021-11-23,1.7856219291440394
2021-11-24,1.4947267142804277
2021-11-25,1.4898128733631366
2021-11-26,1.4851046859421735
2021-11-29,1.3631506750415132
2021-11-30,1.4844973489237683
2021-12-01,1.2134309108904953
2021-12-02,1.1624668825434208
2021-12-03,1.3005529359883305
2021-12-06,1.309200651486603
2021-12-07,1.2883828382838285
2021-12-08,1.258411402325666
2021-12-09,1.245677187118339
2021-12-10,1.1242800848742043
2021-12-13,1.2060884800700833
2021-12-14,1.1011938123528753
2021-12-15,0.960751457364707
2021-12-16,0.9582466495718225
2021-12-17,0.9532205746061168
2021-12-20,0.8555896351136966
2021-12-21,0.7030372016550129
2021-12-22,0.7705461171749894
2021-12-23,0.8670268679308751
2021-12-24,0.8861837099792312
2021-12-27,0.8547898432240069
2021-12-28,0.8709100526435102
2021-12-29,0.8688263144779468
2021-12-30,0.8631324955802951
2021-12-31,0.850055617352614
2022-01-04,0.8122155858930603
2022-01-05,0.8401521635758439
2022-01-06,0.8130184933653746
2022-01-07,0.8429703780162425
2022-01-10,0.9074615139090084
2022-01-11,0.7896167321371695
2022-01-12,0.6649848080287266
2022-01-13,0.7385087964255794
2022-01-14,0.7085573516983439
2022-01-17,0.7926135240880527
2022-01-18,0.8084098633306819
2022-01-19,0.8018317187698295
2022-01-20,0.7761519182571813
2022-01-21,0.8405180563433541
2022-01-24,0.8111641744304392
2022-01-25,0.7839425302414953
2022-01-26,0.7557681189888054
2022-01-27,0.7168743472029925
2022-01-28,0.6579610484421732
2022-02-07,0.6287343951786483
2022-02-08,0.6909822556133479
2022-02-09,0.8431520705876618
2022-02-10,0.7931939045620394
2022-02-11,0.8582119843726216
2022-02-14,0.7583591688231828
2022-02-15,0.7287007993524234
2022-02-16,0.6836267849715791
2022-02-17,0.6658880836876884
2022-02-18,0.7682568447862076
2022-02-21,0.7032609143752319
2022-02-22,0.746144770342158
2022-02-23,0.7976697678462743
2022-02-24,0.7324398007393769
2022-02-25,0.7189005098442255
2022-02-28,0.7192674306522437
2022-03-01,0.6594376397490946
2022-03-02,0.6120022861497428
2022-03-03,0.6901969628627274
2022-03-04,0.7012330190343637
2022-03-07,0.7128149147027976
2022-03-08,0.7960610699656584
2022-03-09,0.8276811509898591
2022-03-10,0.8253643341862276
2022-03-11,0.7560273028993675
2022-03-14,0.7172068836348413
2022-03-15,0.6639766716397667
2022-03-16,0.6439760705494972
2022-03-17,0.6860120790323391
2022-03-18,0.6089370795964125
2022-03-21,0.5992349197333913
2022-03-22,0.6179726615962995
2022-03-23,0.6178444670906983
2022-03-24,0.7051374673891231
2022-03-25,0.6906149897534868
2022-03-28,0.775573293960227
2022-03-29,0.7669179888061427
2022-03-30,0.7804599538675863
2022-03-31,0.7634349681005127
2022-04-01,0.6962555962555963
2022-04-06,0.609798819788106
2022-04-07,0.7900673400673401
2022-04-08,0.8075450140702028
2022-04-11,0.9232131102889438
2022-04-12,0.7770656993147924
2022-04-13,0.8083461792556705
2022-04-14,0.8455081998935707
2022-04-15,0.8301227074811981
2022-04-18,0.9006303299962922
2022-04-19,0.8972071721495495
2022-04-20,0.8046945826084826
2022-04-21,0.7215386227858714
2022-04-22,0.6415802645691813
2022-04-25,0.6841738540921246
2022-04-26,0.7784167272567034
2022-04-27,0.7691055603560879
2022-04-28,0.8088408691676492
2022-04-29,0.8464448673560636
2022-05-05,0.9392850122160128
2022-05-06,0.9097112548049704
2022-05-09,0.8142159040426478
2022-05-10,0.9129689582936583
2022-05-11,0.9094475027301698
2022-05-12,0.8378241105213704
2022-05-13,0.8194239785666444
2022-05-16,0.8064939071417554
2022-05-17,0.9437835592868374
2022-05-18,0.7474510781503179
2022-05-19,0.8625578312275101
2022-05-20,0.8795836541780623
2022-05-23,0.8609094281625947
2022-05-24,0.9051358676766975
2022-05-25,0.987535357931056
2022-05-26,1.0065919377866885
2022-05-27,0.8103231424148606
2022-05-30,0.8296911924802847
2022-05-31,0.9805469898267962
2022-06-01,0.9128187178589698
2022-06-02,0.9361251992464861
2022-06-06,0.9162195308906944
2022-06-07,0.94373795761079
2022-06-08,0.9121724268894797
2022-06-09,0.9276354338677888
2022-06-10,0.9874721762456481
2022-06-13,1.1199502617044041
2022-06-14,1.0790987924467137
2022-06-15,1.1174859229949778
2022-06-16,0.9214372716199758
2022-06-17,1.0072465705805278
2022-06-20,1.0837959364938383
2022-06-21,0.9076978590329564
2022-06-22,0.9677943773299325
2022-06-23,0.963957633955292
2022-06-24,0.9718324155606871
2022-06-27,1.005289281058859
2022-06-28,0.8239581873160183
2022-06-29,0.8685064292779426
2022-06-30,0.8340615307993571
2022-07-01,0.8338436665605173
2022-07-04,0.8994021315310632
2022-07-05,0.933869462195735
2022-07-06,0.9440128219059002
2022-07-07,0.9668233753868127
2022-07-08,0.8138789687392985
2022-07-11,0.9246158548445358
2022-07-12,0.8832855409727584
2022-07-13,0.8027385537013265
2022-07-14,0.9362945178071229
2022-07-15,0.8684216566064584
2022-07-18,0.7332825783530009
2022-07-19,0.8307202527706633
2022-07-20,1.0319228357272971
2022-07-21,1.019496255956433
2022-07-22,0.831443077622572
2022-07-25,0.8211777848707309
2022-07-26,0.7286313103699654
2022-07-27,0.743157192009449
2022-07-28,0.7872120530075102
2022-07-29,0.8422674986843095
2022-08-01,0.7420291245831633
2022-08-02,0.8212652143577022
2022-08-03,0.8463243194842407
2022-08-04,0.7565787813800934
2022-08-05,0.8619819341126461
2022-08-08,0.8615635645378296
2022-08-09,0.7991928390334765
2022-08-10,0.7630802592097632
2022-08-11,0.8030964574827123
2022-08-12,0.7997532990434519
2022-08-15,0.7788905634692984
2022-08-16,0.8447606098863746
2022-08-17,0.8635426755072139
2022-08-18,0.8162127805211948
2022-08-19,0.903390466658326
2022-08-22,0.9357056902183255
2022-08-23,0.8579040852575488
2022-08-24,0.858033059296834
2022-08-25,0.780764494126563
2022-08-26,0.7672377034788934
2022-08-29,0.7419115578403539
2022-08-30,0.7117551940415524
2022-08-31,0.7329444703686422
2022-09-01,0.6559019478207802
2022-09-02,0.56188400083486
2022-09-05,0.5887646835922697
2022-09-06,0.7009844345943718
2022-09-07,0.7131514173040785
2022-09-08,0.6215907680853705
2022-09-09,0.6852423458746976
2022-09-13,0.6286108384837795
2022-09-14,0.578143211878579
2022-09-15,0.7452939580095231
2022-09-16,0.7312136242438143
2022-09-19,0.6199792137922602
2022-09-20,0.595224505327245
2022-09-21,0.6424477901894123
2022-09-22,0.6575925987553662
2022-09-23,0.6059104787142117
2022-09-26,0.622161562228155
2022-09-27,0.6338776939483654
2022-09-28,0.6182605150079981
2022-09-29,0.6608301987284045
2022-09-30,0.7191936752349021
2022-10-10,0.726726158965439
2022-10-11,0.7403560209424084
2022-10-12,0.8052486681683293
2022-10-13,0.6941721054598775
2022-10-14,0.7933987883852098
2022-10-17,0.7154628482526145
2022-10-18,0.6739978421445764
2022-10-19,0.6995390877529031
2022-10-20,0.7304954192682499
2022-10-21,0.6392151286790843
2022-10-24,0.6675647772769623
2022-10-25,0.680715448980738
2022-10-26,0.787987049235235
2022-10-27,0.6921545903456616
2022-10-28,0.7071533763067043
2022-10-31,0.8423519255079703
2022-11-01,0.8613487289544479
2022-11-02,0.8367807239520298
2022-11-03,0.8080974626728954
2022-11-04,0.8353313668714313
2022-11-07,0.7271866809047666
2022-11-08,0.6966063472856278
2022-11-09,0.7260816201288739
2022-11-10,0.7256149163277006
2022-11-11,0.7072593060435006
2022-11-14,0.7071498318324835
2022-11-15,0.8305432804782948
2022-11-16,0.6675115791414153
2022-11-17,0.7197783584978708
2022-11-18,0.7535866801017226
2022-11-21,0.6480867959839155
2022-11-22,0.6570542707944796
2022-11-23,0.6550183345880182
2022-11-24,0.5861614579448547
2022-11-25,0.5372486552623682
2022-11-28,0.5372056445360094
2022-11-29,0.5973339835812403
2022-11-30,0.659625267179044
2022-12-01,0.7108063038729832
2022-12-02,0.634136911530589
2022-12-05,0.7319067768739997
2022-12-06,0.6273513184760415
2022-12-07,0.7634789452971271
2022-12-08,0.6575257976515242
2022-12-09,0.6883445751513617
2022-12-12,0.7155592595398641
2022-12-13,0.7023052261971401
2022-12-14,0.6024939172749392
2022-12-15,0.6628075656977069
2022-12-16,0.7429222648752398
2022-12-19,0.6308765544434335
2022-12-20,0.7439069152840991
2022-12-21,0.7659557246347485
2022-12-22,0.6924277130431895
2022-12-23,0.5126139556218107
2022-12-26,0.6711235791314486
2022-12-27,0.692442700805286
2022-12-28,0.6636541029064393
2022-12-29,0.6231778666578521
2022-12-30,0.7237443846371768
2023-01-03,0.794437961882536
2023-01-04,0.6877942981079307
2023-01-05,0.6991001124859393
2023-01-06,0.8260824276934828
2023-01-09,0.8751951905059338
2023-01-10,0.8126362519323
2023-01-11,0.8219808104036158
2023-01-12,0.7706642140200743
2023-01-13,0.854592051088144
2023-01-16,0.9225209186398433
2023-01-17,0.6892827471614512
2023-01-18,0.7368820139520776
2023-01-19,0.7092338622818984
2023-01-20,0.7542596993941018
2023-01-30,0.7551497901490665
2023-01-31,0.7288778833472398
2023-02-01,0.6680987261830601
2023-02-02,0.6791248254306046
2023-02-03,0.7509294646803422
2023-02-06,0.7222222222222222
2023-02-07,0.8179224253232278
2023-02-08,0.6721029361150089
2023-02-09,0.7552007072409316
2023-02-10,0.7763966519284781
2023-02-13,0.7085237385155612
2023-02-14,0.8144502065570888
2023-02-15,0.86957555581976
2023-02-16,0.8999864265677314
2023-02-17,0.9490007513148009
2023-02-20,0.9819007460265975
2023-02-21,0.9438763233878729
2023-02-22,0.8603235571758732
2023-02-23,0.7749185570399594
2023-02-24,0.7727606076479833
2023-02-27,0.8162644353779129
2023-02-28,0.7623566878980892
2023-03-01,0.7577919139762052
2023-03-02,0.7760527054978167
2023-03-03,0.8020125643139373
2023-03-06,0.8484276340225331
2023-03-07,0.7975196430038054
2023-03-08,0.695080936665095
2023-03-09,0.649694787476441
2023-03-10,0.6658426147600708
2023-03-13,0.7402444284687275
2023-03-14,0.7838462173088029
2023-03-15,0.793364395384471
2023-03-16,0.8304546038268911
2023-03-17,0.9706260508357234
2023-03-20,0.9765806530512413
2023-03-21,0.8681797489757429
2023-03-22,0.7818970828533927
2023-03-23,0.9014455451470984
2023-03-24,0.9365016426872097
2023-03-27,1.047808764940239
2023-03-28,0.9357728973090383
2023-03-29,0.9780572651859781
2023-03-30,0.9712708797836179
2023-03-31,1.1542488587343467
2023-04-03,1.153203978477091
2023-04-04,1.1583116611365198
2023-04-06,1.2499909984517337
2023-04-07,1.224595051978403
2023-04-10,1.0455167584428813
2023-04-11,1.1746789136745002
2023-04-12,1.255284864761174
2023-04-13,1.241378020498242
2023-04-14,1.231441556928097
2023-04-17,1.2755586195709476
2023-04-18,1.2357616456987421
2023-04-19,1.1778495119514258
2023-04-20,1.1203601942780161
2023-04-21,1.130486702814356
2023-04-24,1.0638305119384175
2023-04-25,1.1357343402071836
2023-04-26,1.3046655204751485
2023-04-27,1.125040202980381
2023-04-28,1.1763895585095392
2023-05-04,1.1514243351525284
2023-05-05,1.2453810195147288
2023-05-08,1.4356069454177374
2023-05-09,1.5269775770787917
2023-05-10,1.5059639255236619
2023-05-11,1.0991936115243088
2023-05-12,1.1204154495293737
2023-05-15,1.2183903217676217
2023-05-16,1.1546257093955499
2023-05-17,0.9210301476870498
2023-05-18,0.9725981182291862
2023-05-19,0.9797422472815143
2023-05-22,0.9036838066001536
2023-05-23,0.9006795813154194
2023-05-24,0.8316871821331171
2023-05-25,0.8056180518793011
2023-05-26,0.8456822429906543
2023-05-29,0.9867163746923412
2023-05-30,1.0272734179138494
2023-05-31,1.082662144976685
2023-06-01,0.9803886610804065
2023-06-02,0.9315274379587556
2023-06-05,0.9247007288244402
2023-06-06,0.9475471830246157
2023-06-07,0.8266610181458731
2023-06-08,0.7454472498302365
2023-06-09,0.9947788359010185
2023-06-12,0.8468755020080322
2023-06-13,0.967985347985348
2023-06-14,1.033837457989612
2023-06-15,0.9769600349421271
2023-06-16,1.0656375028308296
2023-06-19,1.0976779404341241
2023-06-20,0.9984730175255944
2023-06-21,1.0850492390331243
2023-06-26,0.9875485008818342
2023-06-27,0.8576422877919172
2023-06-28,0.9118379200663809
2023-06-29,0.7844678257522294
2023-06-30,0.7677347220996265
2023-07-03,0.8852483998780859
2023-07-04,0.8313093980992609
2023-07-05,0.7681735174446545
2023-07-06,0.8518179739309397
2023-07-07,0.8562581737056697
2023-07-10,0.9142109262855695
2023-07-11,0.831553698545342
2023-07-12,0.9719972228650775
2023-07-13,0.9670636026922618
2023-07-14,0.9482919617150417
2023-07-17,0.7436333878887069
2023-07-18,0.7760812416723685
2023-07-19,0.6584587476484816
2023-07-20,0.7151100244498778
2023-07-21,0.5906510658016683
2023-07-24,0.4962617533010619
2023-07-25,0.5890575613230645
2023-07-26,0.5623102849128095
2023-07-27,0.5787502507969771
2023-07-28,0.5529955722738138
2023-07-31,0.5908203299951629
2023-08-01,0.631614135625597
2023-08-02,0.6619391551761874
2023-08-03,0.7272546830418063
2023-08-04,0.7635062690094309
2023-08-07,0.8220628971810331
2023-08-08,0.800694922682026
2023-08-09,0.6992481203007519
2023-08-10,0.7249976998803938
2023-08-11,0.8376215877000315
2023-08-14,0.836037920448028
2023-08-15,0.7389344813668774
2023-08-16,0.7139711513913709
2023-08-17,0.5618105836046455
2023-08-18,0.6032575812580169
2023-08-21,0.519331813224943
2023-08-22,0.6171774154993547
2023-08-23,0.6158876500857633
2023-08-24,0.6469510387755651
2023-08-25,0.6265903466893293
2023-08-28,0.7442824160861928
2023-08-29,0.6220751375034959
2023-08-30,0.635846130971346
2023-08-31,0.610556484356341
2023-09-01,0.5770534550195567
2023-09-04,0.611265309718918
2023-09-05,0.6187069813176008
2023-09-06,0.5630555353726174
2023-09-07,0.5806151662710743
2023-09-08,0.6215034965034966
2023-09-11,0.716433644030182
2023-09-12,0.6947185701886914
2023-09-13,0.6083123084018339
2023-09-14,0.6027196099738612
2023-09-15,0.7374416371403026
2023-09-18,0.5648148148148148
2023-09-19,0.5865370665892935
2023-09-20,0.6312998232213736
2023-09-21,0.5510790034268778
2023-09-22,0.675190731845154
2023-09-25,0.6773250716081136
2023-09-26,0.6092005492865246
2023-09-27,0.5956270694797909
2023-09-28,0.6349418007056143
2023-10-09,0.6188572296168835
2023-10-10,0.6554514702055686
2023-10-11,0.6908450325426282
2023-10-12,0.7879751628047857
2023-10-13,0.7022453539702437
2023-10-16,0.8580933204937407
2023-10-17,0.7198116477929282
2023-10-18,0.7566400093397934
2023-10-19,0.9156150120267554
2023-10-20,0.7975456180930353
2023-10-23,0.8386245089831927
2023-10-24,0.741350996277644
2023-10-25,0.7272388059701493
2023-10-26,0.7974084155608483
2023-10-27,0.7942374104427606
2023-10-30,0.7330657300551932
2023-10-31,0.7039693247177449
2023-11-01,0.6207267707139014
2023-11-02,0.6534722762267673
2023-11-03,0.6958777898387652
2023-11-06,0.8490909550661239
2023-11-07,0.8469365663563542
2023-11-08,0.9033790054042251
2023-11-09,0.8413224569797942
2023-11-10,0.8263197170760196
2023-11-13,0.7088015470652799
2023-11-14,0.874916691911542
2023-11-15,0.9101066072396554
2023-11-16,0.7951551994105186
2023-11-17,0.7999270361475087
2023-11-20,0.7552109213588932
2023-11-21,0.7961773853717267
2023-11-22,0.7438030478395062
2023-11-23,0.7379516450379624
2023-11-24,0.705150976909414
2023-11-27,0.6748969197186514
2023-11-28,0.5963754045307443
2023-11-29,0.6993133565087482
2023-11-30,0.624392575479965
2023-12-01,0.6225744086688785
2023-12-04,0.6184763316932892
2023-12-05,0.586777805766104
2023-12-06,0.5373778450940929
2023-12-07,0.5968337849033789
2023-12-08,0.588073448201846
2023-12-11,0.5921941715375367
2023-12-12,0.5317797096130468
2023-12-13,0.5432291666666667
2023-12-14,0.5138516746411483
2023-12-15,0.5445229943099243
2023-12-18,0.5349843425047212
2023-12-19,0.4783619842240284
2023-12-20,0.4679148776424767
2023-12-21,0.4997649166013658
2023-12-22,0.5941004617849401
2023-12-25,0.46535171102661593
2023-12-26,0.4449073408992961
2023-12-27,0.5578272546131855
2023-12-28,0.5898653453536118
2023-12-29,0.5408020884907954
2024-01-02,0.46913984882315585
2024-01-03,0.5068721962393815
2024-01-04,0.48363530870058286
2024-01-05,0.5010153962406726
2024-01-08,0.49791133952758293
2024-01-09,0.45436645818855687
2024-01-10,0.44402530459231493
2024-01-11,0.5394263490520175
2024-01-12,0.456640169581346
2024-01-15,0.4418216717700288
2024-01-16,0.495043606729257
2024-01-17,0.4914894182001647
2024-01-18,0.5426448858972255
2024-01-19,0.4660739354234909
2024-01-22,0.5322376475959244
2024-01-23,0.4668171466575304
2024-01-24,0.479685970329091
2024-01-25,0.6048679764735327
2024-01-26,0.5979481851827804
2024-01-29,0.6040099682827368
2024-01-30,0.5389785272352299
2024-01-31,0.5313941180917819
2024-02-01,0.4905685166763641
2024-02-02,0.5192015334787494
2024-02-05,0.6082900713822194
2024-02-06,0.4122453040872959
2024-02-07,0.40363246064483543
2024-02-08,0.33061587997533737
2024-02-19,0.3829498606356709
2024-02-20,0.39350393417626833
2024-02-21,0.40913489683516324
2024-02-22,0.3461175209311823
2024-02-23,0.41092086369916825
2024-02-26,0.3970897509147713
2024-02-27,0.5007356699242648
2024-02-28,0.4216173274649817
2024-02-29,0.4324096197797631
2024-03-01,0.5605901853346845
2024-03-04,0.5375569751088669
2024-03-05,0.5817100792751982
2024-03-06,0.5211356106477779
2024-03-07,0.4586989898989899
2024-03-08,0.49445475076625267
2024-03-11,0.5633421606044084
2024-03-12,0.5409521585373991
2024-03-13,0.5868890399133038
2024-03-14,0.5624409775998187
2024-03-15,0.5516805906353216
2024-03-18,0.5599080233226574
2024-03-19,0.5187376084766145
2024-03-20,0.5725955442854556
2024-03-21,0.5770494012228192
2024-03-22,0.6383473408652521
2024-03-25,0.621854532919683
2024-03-26,0.6095969000996934
2024-03-27,0.5752631578947369
2024-03-28,0.6033850385879117
2024-03-29,0.6160042964554243
2024-04-01,0.6052518372468184
2024-04-02,0.5667620371127279
2024-04-03,0.5303999098068901
2024-04-08,0.5198272601185222
2024-04-09,0.6249222843947065
2024-04-10,0.5455366357069144
2024-04-11,0.6870924456790415
2024-04-12,0.6287686736079673
2024-04-15,0.5088904440223369
2024-04-16,0.6771448130400193
2024-04-17,0.47467763827621307
2024-04-18,0.5703868919962255
2024-04-19,0.6671524213816554
2024-04-22,0.6341896810104902
2024-04-23,0.606951871657754
2024-04-24,0.5985244774190859
2024-04-25,0.5945467346546905
2024-04-26,0.7571074144873308
2024-04-29,0.7640944769004695
2024-04-30,0.741841337224728
2024-05-06,0.6935314851862437
2024-05-07,0.6619893856545513
2024-05-08,0.6956987567241802
2024-05-09,0.690694212639271
2024-05-10,0.7003669147709404
2024-05-13,0.7091424303664002
2024-05-14,0.782655770668454
2024-05-15,0.7281330942418808
2024-05-16,0.6320638948397429
2024-05-17,0.6657781756770506
2024-05-20,0.6633745165045627
2024-05-21,0.6470317629592456
2024-05-22,0.6933671703772061
2024-05-23,0.7444959992424601
2024-05-24,0.7504443950672148
2024-05-27,0.7254896706947831
2024-05-28,0.7740844413342662
2024-05-29,0.7213207440493018
2024-05-30,0.728297210053032
2024-05-31,0.7346859032161107
2024-06-03,0.6099542596963178
2024-06-04,0.5018671516746318
2024-06-05,0.5252736495505919
2024-06-06,0.5100465757570661
2024-06-07,0.4644881826892367
2024-06-11,0.5436240020846658
2024-06-12,0.5773198617388993
2024-06-13,0.674698447509667
2024-06-14,0.7980155917788802
2024-06-17,0.7337079377381643
2024-06-18,0.5312735331454267
2024-06-19,0.6224888695841025
2024-06-20,0.6450225112556278
2024-06-21,0.5188855599088371
2024-06-24,0.626995994659546
2024-06-25,0.5910573564645094
2024-06-26,0.6614306046070317
2024-06-27,0.6093401294944206
2024-06-28,0.7304706163401815
2024-07-01,0.699204433717708
2024-07-02,0.5244296508661532
2024-07-03,0.4817253356835502
2024-07-04,0.5592307496887939
2024-07-05,0.5342589637195446
2024-07-08,0.5609353507565338
2024-07-09,0.6327871930895264
2024-07-10,0.6655270202220985
2024-07-11,0.6709074668662338
2024-07-12,0.6059398861053652
2024-07-15,0.6847530550658818
2024-07-16,0.7547189308349408
2024-07-17,0.7371638967707067
2024-07-18,0.6791796261509561
2024-07-19,0.6927933738416104
2024-07-22,0.5887286639199529
2024-07-23,0.6162076481077868
2024-07-24,0.6340579710144927
2024-07-25,0.6477287732734716
2024-07-26,0.6098802303964892
2024-07-29,0.5496859889957206
2024-07-30,0.5339107611548556
2024-07-31,0.7016632480156961
2024-08-01,0.6370930930930931
2024-08-02,0.6238454241350043
2024-08-05,0.6196757289380571
2024-08-06,0.585829537067671
2024-08-07,0.5303586192641588
2024-08-08,0.500552629868019
2024-08-09,0.4877010297350457
2024-08-12,0.46702223915424546
2024-08-13,0.45095085206223756
2024-08-14,0.4528832280212946
2024-08-15,0.4477643007171646
2024-08-16,0.4316692758160839
2024-08-19,0.5118824411737133
2024-08-20,0.5794758755816801
2024-08-21,0.572030450953045
2024-08-22,0.537976497563772
2024-08-23,0.49010409030933877
2024-08-26,0.4927143747303839
2024-08-27,0.5567387243127836
2024-08-28,0.5323562691955385
2024-08-29,0.6265031645569621
2024-08-30,0.6459578015521724
2024-09-02,0.6366901659825093
2024-09-03,0.6652483868240863
2024-09-04,0.6867234484232377
2024-09-05,0.63626200372653
2024-09-06,0.6333723112065918
2024-09-09,0.5830381739472649
2024-09-10,0.6004758010556835
2024-09-11,0.6003683241252301
2024-09-12,0.6142413111048318
2024-09-13,0.5524107119799602
2024-09-18,0.5083726816920605
2024-09-19,0.5974283549494138
2024-09-20,0.5911096543203651
2024-09-23,0.6551340559041643
2024-09-24,0.7833540716162035
2024-09-25,0.707647247398945
2024-09-26,0.7536538492595404
2024-09-27,0.7118162917155348
2024-09-30,0.7234389094918312
2024-10-08,0.7140889538702774
2024-10-09,0.8835235033306017
2024-10-10,0.8654826442268793
2024-10-11,0.8431665299425759
2024-10-14,0.9542168229137774
2024-10-15,0.9986101967668788
2024-10-16,0.8293476877193621
2024-10-17,0.8985471296952515
2024-10-18,1.019051147854816
2024-10-21,1.0224496844484914
2024-10-22,1.0253207346715387
2024-10-23,0.947240536106726
2024-10-24,0.8016717702557312
2024-10-25,0.7718188925617568
2024-10-28,0.6922356478001965
2024-10-29,0.7629012276157224
2024-10-30,0.880654047809473
2024-10-31,0.9734462189724841
2024-11-01,0.9581142477921282
2024-11-04,0.9570515310987886
2024-11-05,1.0798266672706134
2024-11-06,1.014841477887763
2024-11-07,0.9573671636451905
2024-11-08,0.9929420505200595
2024-11-11,1.0682423435419441
2024-11-12,0.912737840926027
2024-11-13,0.8535801780920387
2024-11-14,0.8801832051114878
2024-11-15,0.8947307450435243
2024-11-18,0.9776787931976618
2024-11-19,0.9571745958783423
2024-11-20,0.9775184822303375
2024-11-21,0.9247861517436857
2024-11-22,0.8746331236897275
2024-11-25,0.8209826626989261
2024-11-26,0.6843556590477358
2024-11-27,0.8709011694565466
2024-11-28,0.803051965103726
2024-11-29,0.8356150877489507
2024-12-02,0.8840322117553767
2024-12-03,0.8766330144454731
2024-12-04,0.747114806104031
2024-12-05,0.7766263248669605
2024-12-06,0.8840611899275382
2024-12-09,0.739265369177506
2024-12-10,0.8145505738624161
2024-12-11,0.8499543057996486
2024-12-12,0.6727241390453825
2024-12-13,0.8289275493297183
2024-12-16,0.7832460149370193
2024-12-17,0.6533338582470506
2024-12-18,0.7936827600826752
2024-12-19,0.855691018728984
2024-12-20,0.8493198129726193
2024-12-23,0.6130093017162321
2024-12-24,0.6515101006733782
2024-12-25,0.7071581578007854
2024-12-26,0.8067174321030265
2024-12-27,0.903685637995921
2024-12-30,0.7556732376215693
2024-12-31,0.942166959539115
2025-01-02,0.810958904109589
2025-01-03,0.8000261672460843
2025-01-06,0.8336176116076506
2025-01-07,0.8055178444050715
2025-01-08,0.9102306248323948
2025-01-09,0.9161586967945349
2025-01-10,0.8153322831769514
2025-01-13,0.7629875808990729
2025-01-14,0.8434970639581019
2025-01-15,0.8262722318164487
2025-01-16,0.8581199964810415
2025-01-17,0.8580790250036273
2025-01-20,0.733038257412758
2025-01-21,0.8251683946757397
2025-01-22,0.821472811386101
2025-01-23,0.8840455275961517
2025-01-24,0.8935237050985628
2025-01-27,0.7573953944581913
2025-02-05,0.8702199507164371
2025-02-06,1.0982281258197601
2025-02-07,1.1747167681328872
2025-02-10,1.1249553505767655
2025-02-11,1.1781971126520403
2025-02-12,1.2165588242368843
2025-02-13,1.3816516464896986
2025-02-14,1.3547799696509861
2025-02-17,1.0868152188124545
2025-02-18,0.9865581565471836
2025-02-19,1.1075404801156252
2025-02-20,1.1214018064068962
2025-02-21,1.1740432413008324
2025-02-24,0.987981765437215
2025-02-25,1.1703630144543749
2025-02-26,1.0900406544769992
2025-02-27,1.0713287783965857
2025-02-28,1.0015880217785844
2025-03-03,0.9377760329767396
2025-03-04,0.9019465682397398
2025-03-05,0.8375887359297173
2025-03-06,1.0300011516756882
2025-03-07,1.1222260713630714
2025-03-10,0.9078662401398797
2025-03-11,0.9539844065348092
2025-03-12,1.024853232965819
2025-03-13,0.9001992220851912
2025-03-14,0.79254872854008
2025-03-17,0.7407065037966325
2025-03-18,0.7602455283960511
2025-03-19,0.7683918341634348
2025-03-20,0.8200633453516861
2025-03-21,0.8149562535857715
2025-03-24,0.6735090561036666
2025-03-25,0.7445434258032911
2025-03-26,0.6899660505469635
2025-03-27,0.7012968902524055
2025-03-28,0.7271681859998328
2025-03-31,0.7792441638774732
2025-04-01,0.6980719710903859
2025-04-02,0.7834274429084032
2025-04-03,0.7465180418294645
2025-04-07,0.8644982625720988
2025-04-08,0.8736575012367744
2025-04-09,0.8229060401662682
2025-04-10,0.8385533829382247
2025-04-11,0.8970134588579395
2025-04-14,0.8640518155762678
2025-04-15,0.7679012345679013
2025-04-16,0.7352549113874259
2025-04-17,0.6727848240388632
2025-04-18,0.6239193392684758
2025-04-21,0.742115673020496
2025-04-22,0.7554602264524511
2025-04-23,0.8650235527872657
2025-04-24,0.7154491211094984
2025-04-25,0.6824825986078886
2025-04-28,0.6942186628416608
2025-04-29,0.6422949301643646
2025-04-30,0.6294113419104435
2025-05-06,0.6449941145697097
2025-05-07,0.6355653294911655
2025-05-08,0.6030972939952781
2025-05-09,0.6173197078164563
2025-05-12,0.685055458260362
2025-05-13,0.6974656101912784
2025-05-14,0.7485207686066531
2025-05-15,0.6334573182071788
2025-05-16,0.6362737381687554
2025-05-19,0.5812864261440671
2025-05-20,0.6134099480537963
2025-05-21,0.6504946093142158
2025-05-22,0.6756000081150717
2025-05-23,0.6475470957613815
2025-05-26,0.629719275227905
2025-05-27,0.5594226493011435
2025-05-28,0.635905363624143
2025-05-29,0.5972794650911857
2025-05-30,0.6783451815941173
2025-06-03,0.6871690591717168
2025-06-04,0.6083214298795004
2025-06-05,0.6286877082116976
2025-06-06,0.6089598154201116
2025-06-09,0.5961712181224376
2025-06-10,0.6139724950884087
2025-06-11,0.6967889452231834
2025-06-12,0.6943378214434875
2025-06-13,0.7401287364429946
2025-06-16,0.7112405428125376
2025-06-17,0.7462469926232278
2025-06-18,0.7905505712257148
2025-06-19,0.7643080124869926
2025-06-20,0.756819608846306
2025-06-23,0.7491926803013994
2025-06-24,0.82785624112356
2025-06-25,0.8293810589112603
2025-06-26,0.8215923601244537
2025-06-27,0.832832646054522
2025-06-30,0.7706192073280681
2025-07-01,0.7688992100772329
2025-07-02,0.7178459422744731
2025-07-03,0.677701855677384
2025-07-04,0.7870477875453825
2025-07-07,0.6876810669970665
2025-07-08,0.7853819237641453
2025-07-09,0.7564699377530454
2025-07-10,0.7491750894376715
2025-07-11,0.9101292832935861
2025-07-14,0.801020596146052
2025-07-15,0.7897292189383818
2025-07-16,0.7977571149075213
2025-07-17,0.7730725623582767
2025-07-18,0.8626554911162573
2025-07-21,0.741171378250097
2025-07-22,0.826064405900569
2025-07-23,0.8526941465305595
2025-07-24,0.8549278144037386
2025-07-25,0.7749223475559914
2025-07-28,0.76308354634737
2025-07-29,0.7452830188679246
2025-07-30,0.7631074118113357
2025-07-31,0.7563380501427525
2025-08-01,0.7120449231084334
2025-08-04,0.699333637608398
2025-08-05,0.6706196759645899
2025-08-06,0.8059688506047159
2025-08-07,0.7751206452039401
2025-08-08,0.7049554478661872
2025-08-11,0.6848172747754337
2025-08-12,0.7804784337309145
2025-08-13,0.8857660013072552
2025-08-14,0.8821523245539243
2025-08-15,0.9873557596507436
2025-08-18,1.0477523337895822
2025-08-19,0.9040094688563396
2025-08-20,0.9784666072719327
2025-08-21,0.898892094279401
2025-08-22,0.9351359974475553
2025-08-25,1.0734426806725155
2025-08-26,0.9824352261238287
2025-08-27,0.9326788394197097
2025-08-28,0.8642584925488408
2025-08-29,1.0953226318838412
2025-09-01,0.9672057277324387
2025-09-02,1.0134446439838858
2025-09-03,1.0607138476634368
2025-09-04,0.8845654993514916
2025-09-05,0.9416981870353462
2025-09-08,0.987878461372697
2025-09-09,0.9078542510121457
2025-09-10,0.8408544427668736
2025-09-11,0.951412306465064
2025-09-12,1.1054158986626927
2025-09-15,1.10715609173632
2025-09-16,0.9155930402443884
2025-09-17,1.0053593770424454
2025-09-18,1.0598754209757697
2025-09-19,0.9828318188589305
2025-09-22,1.108472784111806
2025-09-23,0.9776311413718866
2025-09-24,1.07761666341548
2025-09-25,1.068970991812388
2025-09-26,0.9918260233603647
2025-09-29,0.9760089781052811
2025-09-30,1.0925983797687442
2025-10-09,1.1327368729832796
2025-10-10,1.011933874596498
2025-10-13,0.9846410492406811
2025-10-14,1.1230676778979651
2025-10-15,1.0731653240706525
2025-10-16,1.0016326922615189
2025-10-17,1.0216703574818096
2025-10-20,0.8608113796999978
2025-10-21,0.8016043492310908
2025-10-22,0.7639028079795784
2025-10-23,0.8005294816141403
2025-10-24,0.8212463042127266
2025-10-27,0.8220473540034547
2025-10-28,0.9105441068664982
2025-10-29,0.9504508130735791
2025-10-30,1.0856015941165595
2025-10-31,0.9493309545049062
2025-11-03,0.8572023602915654
2025-11-04,0.7903576927841985
2025-11-05,0.7544413738649822
2025-11-06,0.9205330603728273
2025-11-07,0.9156134401972872
2025-11-10,0.9022115937192962
2025-11-11,0.9404157505496702
2025-11-12,0.9678659035159443
2025-11-13,0.8976604965476715
2025-11-14,0.7849423865633748
2025-11-17,0.8032095766828591
2025-11-18,0.8630230721993158
2025-11-19,0.7586435931497505
2025-11-20,0.7396072103130215
2025-11-21,0.7537333492622902
2025-11-24,0.7852433049692414
2025-11-25,0.9422293490508798
2025-11-26,0.8121068249258161
2025-11-27,0.8197256551845035
2025-11-28,0.7645350088221371
2025-12-01,0.8431766928749923
2025-12-02,0.7866687349037161
2025-12-03,0.8810694244771137
2025-12-04,0.8008684143311584
2025-12-05,0.8271342850334683
2025-12-08,0.9031492391811129
2025-12-09,0.8264150171765091
2025-12-10,0.7665386857498944
2025-12-11,0.8001546790409899
2025-12-12,0.8523892473969674
2025-12-15,0.7961249098217047
2025-12-16,0.9333549537862819
2025-12-17,0.8576549697185607
2025-12-18,0.7441429545067303
2025-12-19,0.7826318048940041
2025-12-22,0.8161826776971128
2025-12-23,0.8841296735569864
2025-12-24,0.9626319653662118
2025-12-25,0.9220433837472827
2025-12-26,0.9993755114346011
2025-12-29,0.984974958263773
2025-12-30,1.0773834671173075
2025-12-31,0.933282258947138
2026-01-05,0.9666339548577036
2026-01-06,1.008726980185033
2026-01-07,1.027315123251166
2026-01-08,1.0002117074203452
2026-01-09,1.1529628407136527
2026-01-12,1.276903403501869
2026-01-13,1.2042940397754074
2026-01-14,1.250150224971054
2026-01-15,1.2332618584797899
2026-01-16,1.2245537049965096
2026-01-19,1.0850913668790294
2026-01-20,1.0861171326403942
2026-01-21,1.1672808877725391
2026-01-22,1.1252311445095802
2026-01-23,1.3638048916618495
2026-01-26,1.1865291980055777
2026-01-27,1.1336043215489118
2026-01-28,1.172723064460132
2026-01-29,1.2144271864901492
2026-01-30,0.9759110277038564
2026-02-02,0.8605763827566829
2026-02-03,0.9741011235955056
2026-02-04,0.9879855611227845
2026-02-05,0.9122520020543645
2026-02-06,0.9098745206091521
2026-02-09,0.9864395899781349
2026-02-10,1.126642692239389
2026-02-11,1.1598896134026913
2026-02-12,1.0782604809153482
2026-02-13,1.122042279639016
2026-02-24,0.9703073172681134
2026-02-25,1.0274723325766175
