date,000852.SH_动量_20日
2014-11-14,-0.8124227965618847
2014-11-17,-0.8723182311537014
2014-11-18,0.5982951357756727
2014-11-19,2.7549021071719526
2014-11-20,4.307170259150883
2014-11-21,5.029480340212911
2014-11-24,4.764320263006927
2014-11-25,3.7115862102980346
2014-11-26,3.0166492734802874
2014-11-27,3.7009652030861595
2014-11-28,4.340713944022911
2014-12-01,1.8558178761512334
2014-12-02,3.622379094633077
2014-12-03,4.604154806820682
2014-12-04,5.0265598506135545
2014-12-05,3.7558723136357663
2014-12-08,3.3762141781817245
2014-12-09,2.2972423727429137
2014-12-10,4.031857214425094
2014-12-11,7.296645197319562
2014-12-12,8.915031435510024
2014-12-15,9.135014841415924
2014-12-16,8.074455959275006
2014-12-17,5.773043040499148
2014-12-18,5.738225799594221
2014-12-19,3.160954073965816
2014-12-22,-2.7401933855954463
2014-12-23,-5.773630797119478
2014-12-24,-4.355181083861437
2014-12-25,-3.8636946865295174
2014-12-26,-3.7691869292700964
2014-12-29,-4.591109156031226
2014-12-30,-7.3544851953277535
2014-12-31,-7.467611468727842
2015-01-05,-8.410415116780069
2015-01-06,-4.483023988063306
2015-01-07,-4.502384897215039
2015-01-08,0.044535571408088614
2015-01-09,-3.750669487545577
2015-01-12,-6.204756196354932
2015-01-13,-5.7763487385392835
2015-01-14,-7.792786128869233
2015-01-15,-7.032088442719986
2015-01-16,-4.564777406730059
2015-01-19,-6.598438344926327
2015-01-20,-1.5751838835472043
2015-01-21,5.639185946695924
2015-01-22,9.052579570957509
2015-01-23,5.640875416214586
2015-01-26,6.751395659562243
2015-01-27,7.3768803529583815
2015-01-28,9.301310924336681
2015-01-29,10.737223524881001
2015-01-30,8.611783950944996
2015-02-02,8.035258100822396
2015-02-03,7.811509703207453
2015-02-04,7.890177173816615
2015-02-05,7.948769903721731
2015-02-06,6.51005578970798
2015-02-09,6.804928110416486
2015-02-10,6.302799184773056
2015-02-11,8.245578886157844
2015-02-12,8.675420164320968
2015-02-13,9.01737423175506
2015-02-16,14.011721502598107
2015-02-17,10.78525797067873
2015-02-25,8.33520344870411
2015-02-26,7.256179212853309
2015-02-27,9.840270793887541
2015-03-02,10.16264385154515
2015-03-03,8.78875187001238
2015-03-04,11.17222480237805
2015-03-05,12.466420780059796
2015-03-06,12.094940317847591
2015-03-09,13.998264662128545
2015-03-10,13.703888873611113
2015-03-11,13.722044483535933
2015-03-12,12.929852682909516
2015-03-13,17.196334765293877
2015-03-16,22.063110046198986
2015-03-17,21.92594425287584
2015-03-18,22.653505900976747
2015-03-19,22.566389436462675
2015-03-20,22.051269335818514
2015-03-23,22.901235711134383
2015-03-24,23.29508053571674
2015-03-25,25.415119780888883
2015-03-26,22.236144884765196
2015-03-27,21.96062161714101
2015-03-30,19.152840443763775
2015-03-31,20.579631612165052
2015-04-01,21.551203246402583
2015-04-02,23.985633424982144
2015-04-03,28.354898422054696
2015-04-07,28.854638203386052
2015-04-08,24.966810859632105
2015-04-09,23.833870451020257
2015-04-10,27.759282288978106
2015-04-13,28.293285242069732
2015-04-14,24.37821722221287
2015-04-15,18.11466259689589
2015-04-16,17.063223665557548
2015-04-17,16.443140150991443
2015-04-20,12.439046409055887
2015-04-21,13.502902478972745
2015-04-22,15.480337085142448
2015-04-23,15.029876803504738
2015-04-24,17.55770876084435
2015-04-27,16.814696546877705
2015-04-28,12.944655599927524
2015-04-29,15.108762485708782
2015-04-30,13.013575074534867
2015-05-04,11.172018606085054
2015-05-05,6.243300254448347
2015-05-06,3.8879263455394275
2015-05-07,3.7112226735719345
2015-05-08,9.655881746791795
2015-05-11,12.19968832551892
2015-05-12,12.613459938640247
2015-05-13,13.298369837341806
2015-05-14,18.74665826094841
2015-05-15,17.566601402717286
2015-05-18,20.638042914202437
2015-05-19,26.489745351849116
2015-05-20,24.86552304780325
2015-05-21,25.920160972268636
2015-05-22,25.551222283026576
2015-05-25,27.202533408534848
2015-05-26,31.70950083047499
2015-05-27,37.92341163739288
2015-05-28,26.827769752854348
2015-05-29,27.962504751735917
2015-06-01,33.31058126820208
2015-06-02,42.65948655327576
2015-06-03,43.9403745200893
2015-06-04,45.90973667690885
2015-06-05,40.79438370003836
2015-06-08,30.897023845995285
2015-06-09,27.641671711262706
2015-06-10,29.85024287753766
2015-06-11,31.73445424623811
2015-06-12,33.77101479506468
2015-06-15,27.425243539404676
2015-06-16,19.193582141021825
2015-06-17,18.751019792505485
2015-06-18,10.711579884078004
2015-06-19,2.6595561384661126
2015-06-23,1.3134858482031442
2015-06-24,-0.65303391981828
2015-06-25,-6.052412102293003
2015-06-26,-8.489295178481292
2015-06-29,-16.28257854137609
2015-06-30,-16.869976050257208
2015-07-01,-24.812478285720687
2015-07-02,-30.32919493473385
2015-07-03,-34.59388411904687
2015-07-06,-38.75940203584328
2015-07-07,-40.73556373065299
2015-07-08,-42.4750312450598
2015-07-09,-42.26950661801965
2015-07-10,-41.63219700579355
2015-07-13,-39.808394170068986
2015-07-14,-36.508636817644735
2015-07-15,-36.58513369857791
2015-07-16,-37.24555968732296
2015-07-17,-31.526397167352403
2015-07-20,-24.451964233291967
2015-07-21,-22.87208978541383
2015-07-22,-23.170942042978304
2015-07-23,-17.297596396486114
2015-07-24,-10.920006030987917
2015-07-27,-10.879231436828107
2015-07-28,-18.42408112222452
2015-07-29,-9.379340874919162
2015-07-30,-5.415022704444472
2015-07-31,-1.443529925987208
2015-08-03,-1.5274799326933208
2015-08-04,10.879390214998551
2015-08-05,13.879668613296769
2015-08-06,10.546015008561206
2015-08-07,11.192974476581451
2015-08-10,11.573532068657011
2015-08-11,8.73345513451298
2015-08-12,11.886789450555636
2015-08-13,14.019783616357362
2015-08-14,8.769488479135589
2015-08-17,7.349816209828108
2015-08-18,-2.545908989135537
2015-08-19,-1.671965854426527
2015-08-20,-7.706705992665497
2015-08-21,-11.881582197131479
2015-08-24,-12.478221086458674
2015-08-25,-15.104988872309487
2015-08-26,-22.44675018895663
2015-08-27,-17.622215320240453
2015-08-28,-10.328645771270184
2015-08-31,-8.862570020884853
2015-09-01,-19.685260610621157
2015-09-02,-22.843211352298454
2015-09-07,-20.996934940749068
2015-09-08,-20.173275781448453
2015-09-09,-21.048082822384938
2015-09-10,-22.757336335400748
2015-09-11,-20.52576745144735
2015-09-14,-28.097265232714907
2015-09-15,-32.21319739677625
2015-09-16,-28.992563247762327
2015-09-17,-24.24937499369053
2015-09-18,-24.87250418705701
2015-09-21,-19.42554167534274
2015-09-22,-14.414600207440053
2015-09-23,-8.024916996538089
2015-09-24,0.5926393689244858
2015-09-25,1.277723436498568
2015-09-28,0.5912436081026318
2015-09-29,-6.653184635388243
2015-09-30,-2.80423931745023
2015-10-08,8.263847062667406
2015-10-09,14.732556090209536
2015-10-12,16.88495466523463
2015-10-13,13.063473145737547
2015-10-14,7.264256911618894
2015-10-15,12.309907217889492
2015-10-16,12.460577256756022
2015-10-19,20.548129349568423
2015-10-20,29.59016843423983
2015-10-21,13.878835743179652
2015-10-22,19.736049032842118
2015-10-23,21.523368468350125
2015-10-26,18.030398458448317
2015-10-27,18.5910592855288
2015-10-28,16.715149130899466
2015-10-29,16.21631135318202
2015-10-30,20.262534631087536
2015-11-02,14.095914576241576
2015-11-03,15.59109089549815
2015-11-04,21.602470560630316
2015-11-05,16.573002456506323
2015-11-06,17.71165593609483
2015-11-09,15.176124109962164
2015-11-10,14.566874472990389
2015-11-11,18.346048309437734
2015-11-12,15.060710521761855
2015-11-13,11.08966843585324
2015-11-16,14.094367310716848
2015-11-17,10.890756398385193
2015-11-18,16.238821336547105
2015-11-19,15.071724052084278
2015-11-20,13.697703827004348
2015-11-23,11.643875020988336
2015-11-24,11.915636802585095
2015-11-25,17.131627460806143
2015-11-26,15.261064966162996
2015-11-27,8.110668806628007
2015-11-30,11.811534883392284
2015-12-01,11.550221499112268
2015-12-02,4.525059541013254
2015-12-03,7.575471177165438
2015-12-04,4.697056123706367
2015-12-07,4.298935758587041
2015-12-08,1.4780955763355585
2015-12-09,-0.6565677976715256
2015-12-10,-0.9830526980525889
2015-12-11,0.11427140839495031
2015-12-14,-0.7442565495494491
2015-12-15,1.6724110737152298
2015-12-16,4.4876715680347345
2015-12-17,4.343888582217503
2015-12-18,1.8162060401068159
2015-12-21,3.463354119911055
2015-12-22,3.342811167584392
2015-12-23,-0.5436342929644344
2015-12-24,0.11635435183146026
2015-12-25,7.988079322127839
2015-12-28,5.14112033772629
2015-12-29,7.016468481054949
2015-12-30,10.024879926346975
2015-12-31,5.062767915228239
2016-01-04,-3.83607498552061
2016-01-05,-7.677056394630089
2016-01-06,-3.46169699237332
2016-01-07,-11.736891988902066
2016-01-08,-11.551017681909226
2016-01-11,-17.504303084502936
2016-01-12,-19.082529337198963
2016-01-13,-23.761770867591835
2016-01-14,-21.365364873231883
2016-01-15,-26.32775797652168
2016-01-18,-24.1683737191321
2016-01-19,-21.601034990995004
2016-01-20,-23.015953671424317
2016-01-21,-25.32009977853782
2016-01-22,-24.065255076425984
2016-01-25,-23.739064384411247
2016-01-26,-28.242651186608335
2016-01-27,-29.914115821734754
2016-01-28,-34.2917007812928
2016-01-29,-30.417417279777613
2016-02-01,-24.778376092848532
2016-02-02,-19.847303660545002
2016-02-03,-21.413003575894997
2016-02-04,-11.845442541727081
2016-02-05,-13.040912107435965
2016-02-15,-5.834794412563271
2016-02-16,-1.4456067554215357
2016-02-17,4.670978297188277
2016-02-18,0.22558216266148623
2016-02-19,4.716324293854646
2016-02-22,4.3044088788726675
2016-02-23,-0.36989486710997665
2016-02-24,0.5199911202357743
2016-02-25,-3.045801024093586
2016-02-26,-5.046425532592636
2016-02-29,-12.185403693418051
2016-03-01,-2.656644698999977
2016-03-02,3.283092883649541
2016-03-03,8.819422559507718
2016-03-04,0.4473731317542029
2016-03-07,4.22103692238831
2016-03-08,1.248991329985083
2016-03-09,-1.707483172571489
2016-03-10,-5.516604194317787
2016-03-11,-4.782423245609635
2016-03-14,-1.1161683947312873
2016-03-15,-6.1685184388642345
2016-03-16,-8.752841710398629
2016-03-17,-4.84659410658792
2016-03-18,-1.7240865161136765
2016-03-21,-0.9737968283077714
2016-03-22,-0.5521375883109747
2016-03-23,0.52573429560685
2016-03-24,7.491741220798542
2016-03-25,8.822684902087087
2016-03-28,15.52271780397454
2016-03-29,10.536437701838164
2016-03-30,9.424380754591022
2016-03-31,9.318034171908373
2016-04-01,13.081440684630351
2016-04-05,13.620657243243839
2016-04-06,13.304411032238583
2016-04-07,13.990921539111767
2016-04-08,15.013180559636364
2016-04-11,18.0669432634603
2016-04-12,12.673122201953957
2016-04-13,15.293825604431643
2016-04-14,18.07525016349052
2016-04-15,13.640568249210872
2016-04-18,7.640243471697139
2016-04-19,5.146872252950008
2016-04-20,0.011911621256843752
2016-04-21,-2.4989491461667623
2016-04-22,0.03351108079527876
2016-04-25,-1.3275942055236079
2016-04-26,0.5379514846890698
2016-04-27,2.5183112843640387
2016-04-28,-1.6012758388201154
2016-04-29,-1.840623887313475
2016-05-03,2.017952277372448
2016-05-04,-0.8169884555641826
2016-05-05,-0.718993752541286
2016-05-06,-3.1987763887694642
2016-05-09,-6.6715508190349215
2016-05-10,-8.974414955265864
2016-05-11,-9.111989305111257
2016-05-12,-10.40028726297706
2016-05-13,-11.656209010141094
2016-05-16,-9.95293173260392
2016-05-17,-8.654899881768262
2016-05-18,-11.908724381930746
2016-05-19,-6.5552527770862845
2016-05-20,-4.127371471812024
2016-05-23,-3.4632699316045734
2016-05-24,-3.8724963218242814
2016-05-25,-5.4377164092692665
2016-05-26,-4.73349303538857
2016-05-27,-4.705130641062983
2016-05-30,-5.1147747352366935
2016-05-31,-4.218243768147301
2016-06-01,-3.439506931040004
2016-06-02,-3.0051720758087375
2016-06-03,1.3983764758021433
2016-06-06,6.369210084130406
2016-06-07,6.786041393540265
2016-06-08,7.769854004094623
2016-06-13,2.287246362689266
2016-06-14,2.9669973324304877
2016-06-15,4.765557382539787
2016-06-16,4.980620490957599
2016-06-17,9.10992007136555
2016-06-20,8.89131011726394
2016-06-21,6.242060005155903
2016-06-22,6.478100597889003
2016-06-23,7.355679511444202
2016-06-24,6.832842275120221
2016-06-27,9.038354605295318
2016-06-28,10.329171978534134
2016-06-29,11.162470857683005
2016-06-30,6.630542732324152
2016-07-01,5.320112651729647
2016-07-04,6.029546568990574
2016-07-05,6.233220451215793
2016-07-06,6.229351815698569
2016-07-07,6.160368666042126
2016-07-08,6.0172382436372684
2016-07-11,10.92610587279288
2016-07-12,11.251669913712469
2016-07-13,8.185288351973984
2016-07-14,8.192462289757096
2016-07-15,6.754741142009801
2016-07-18,5.674243164537329
2016-07-19,7.736671401643869
2016-07-20,5.689138990792197
2016-07-21,6.023857727012705
2016-07-22,5.969317636732341
2016-07-25,3.228942879967178
2016-07-26,3.497744667159286
2016-07-27,-1.6338625959959052
2016-07-28,-1.93951122302789
2016-07-29,-2.404302642228806
2016-08-01,-5.7522721139434685
2016-08-02,-5.261567052412586
2016-08-03,-5.196511348903854
2016-08-04,-4.481320633016928
2016-08-05,-4.853810861381858
2016-08-08,-3.015193335740396
2016-08-09,-2.7247516776827574
2016-08-10,-3.8950358455634437
2016-08-11,-5.651713972820039
2016-08-12,-4.0948133181745945
2016-08-15,-1.4547461168843534
2016-08-16,-1.3312140245620774
2016-08-17,-0.9573677403316716
2016-08-18,-1.1016198549002376
2016-08-19,-0.09631810170701582
2016-08-22,-1.2828429203026626
2016-08-23,-2.383327336654517
2016-08-24,2.8779831555805213
2016-08-25,2.4851915600099472
2016-08-26,3.686282495861537
2016-08-29,5.660035491133186
2016-08-30,4.64946636071506
2016-08-31,4.199170917746287
2016-09-01,2.5458313146472733
2016-09-02,2.5816403056151405
2016-09-05,1.7957064167858139
2016-09-06,2.3849953034628557
2016-09-07,2.606373135715434
2016-09-08,4.767386173427091
2016-09-09,2.986170729785287
2016-09-12,-2.5026975991367717
2016-09-13,-2.4826446874218644
2016-09-14,-3.2945076148084396
2016-09-19,-2.153477858749353
2016-09-20,-2.3654725772216723
2016-09-21,-0.8948417815889953
2016-09-22,-0.5681894130843856
2016-09-23,-1.3660262102380472
2016-09-26,-2.7367054496055587
2016-09-27,-2.3865919748907394
2016-09-28,-2.7709345126363916
2016-09-29,-2.4875103577106983
2016-09-30,-2.00671611750759
2016-10-10,0.8216753710335034
2016-10-11,2.0460572246574493
2016-10-12,1.7516499758267523
2016-10-13,0.2542173016549132
2016-10-14,0.17867231228871905
2016-10-17,-1.1896517941303864
2016-10-18,1.06372706509974
2016-10-19,4.2714216153888485
2016-10-20,3.9129344244999587
2016-10-21,3.769507683047446
2016-10-24,3.260681004485999
2016-10-25,3.7555850314368033
2016-10-26,3.0778769865696276
2016-10-27,2.5874441536810844
2016-10-28,2.11929152808612
2016-10-31,4.287504042812218
2016-11-01,4.6802134113030025
2016-11-02,4.127238076731676
2016-11-03,4.481566972663575
2016-11-04,3.682096760208009
2016-11-07,1.5011956595736953
2016-11-08,1.4294657840284275
2016-11-09,0.5850041780324222
2016-11-10,1.728349962276754
2016-11-11,2.331402383283221
2016-11-14,3.6239524342040585
2016-11-15,2.5780960639135264
2016-11-16,2.878494172110857
2016-11-17,1.9902228135262545
2016-11-18,2.272195547202216
2016-11-21,1.853070871899809
2016-11-22,2.2648591866503587
2016-11-23,1.9915141384289514
2016-11-24,1.32877946786778
2016-11-25,2.4700860382486978
2016-11-28,2.5071701578948336
2016-11-29,0.27202257301610633
2016-11-30,0.7619465030829886
2016-12-01,0.5678159423029294
2016-12-02,-0.8854382443080566
2016-12-05,-1.3820821996072596
2016-12-06,-1.760678086421552
2016-12-07,0.017166250001698913
2016-12-08,-1.8641017643169167
2016-12-09,-2.632966702483852
2016-12-12,-8.245934981091308
2016-12-13,-8.309249653120421
2016-12-14,-9.052293039231818
2016-12-15,-7.703256088061883
2016-12-16,-6.409464209113502
2016-12-19,-6.721208955282321
2016-12-20,-7.550896875815849
2016-12-21,-6.215742007280833
2016-12-22,-5.579086222637509
2016-12-23,-6.846928804351404
2016-12-26,-6.424548953007491
2016-12-27,-5.2628108556542985
2016-12-28,-5.4746828948876285
2016-12-29,-6.268653960757176
2016-12-30,-4.6015082174151285
2017-01-03,-3.2353778753138496
2017-01-04,-2.2744112737080213
2017-01-05,-3.3266806298849927
2017-01-06,-3.4170529646821657
2017-01-09,-2.5615056479803333
2017-01-10,2.525394601242259
2017-01-11,1.0227865783426715
2017-01-12,0.7782795727724778
2017-01-13,-2.143047420352151
2017-01-16,-7.3368667874105675
2017-01-17,-6.112203092530999
2017-01-18,-6.518112063235093
2017-01-19,-7.596500394707862
2017-01-20,-6.042940351863058
2017-01-23,-3.998562289224783
2017-01-24,-4.955026134486928
2017-01-25,-4.73813544968923
2017-01-26,-3.702506887650081
2017-02-03,-3.60518361680362
2017-02-06,-2.4832923011777863
2017-02-07,-3.3013064835874184
2017-02-08,-3.777591914840739
2017-02-09,-3.0043509905451127
2017-02-10,-2.661032531335872
2017-02-13,-2.5525030094131096
2017-02-14,-2.157113075773631
2017-02-15,-2.063072743694283
2017-02-16,-0.5412458591679936
2017-02-17,0.4607155348159253
2017-02-20,5.865994909653693
2017-02-21,5.616836222332422
2017-02-22,6.523412543271556
2017-02-23,7.0054752929387565
2017-02-24,5.6341385872102245
2017-02-27,3.7678222162027986
2017-02-28,4.733126304080759
2017-03-01,4.6116359323282285
2017-03-02,3.2363342410005824
2017-03-03,3.949671231552432
2017-03-06,3.963107186294823
2017-03-07,4.13034309760596
2017-03-08,2.965990536646612
2017-03-09,1.4897896570654767
2017-03-10,1.873260985070102
2017-03-13,1.9632614993381203
2017-03-14,1.874178335984844
2017-03-15,2.755911428594171
2017-03-16,3.1844789811081187
2017-03-17,3.3569689822486204
2017-03-20,2.829502324185307
2017-03-21,1.8863938939815972
2017-03-22,0.9659160049865223
2017-03-23,0.919277747294589
2017-03-24,0.6887289050934386
2017-03-27,1.2976903932783834
2017-03-28,0.5875128740766566
2017-03-29,-0.44865452256539484
2017-03-30,-1.8461406797427693
2017-03-31,-1.955280070020049
2017-04-05,-1.0007256143587995
2017-04-06,-0.9368974916404538
2017-04-07,-0.5253013325685285
2017-04-10,-1.0122304506385738
2017-04-11,-0.27342469798619096
2017-04-12,-1.7924530507181125
2017-04-13,-1.2981102654421095
2017-04-14,-2.6636028564258396
2017-04-17,-5.12781292172988
2017-04-18,-5.433095348820672
2017-04-19,-6.964122581628196
2017-04-20,-7.545698126702282
2017-04-21,-7.53118449380249
2017-04-24,-10.390867721525087
2017-04-25,-10.20996060839523
2017-04-26,-9.723710404617714
2017-04-27,-8.868236911304317
2017-04-28,-7.6121380071676015
2017-05-02,-5.647323412657768
2017-05-03,-6.097850880705257
2017-05-04,-8.418557556692786
2017-05-05,-9.871625320427546
2017-05-08,-11.579796335690219
2017-05-09,-10.01514257612074
2017-05-10,-12.480685890183295
2017-05-11,-12.52002615652561
2017-05-12,-12.974862759205442
2017-05-15,-11.431656217232922
2017-05-16,-8.161048739573317
2017-05-17,-6.956019541298863
2017-05-18,-6.402077967834352
2017-05-19,-5.978533763644256
2017-05-22,-7.206694699693794
2017-05-23,-7.274951687939635
2017-05-24,-7.144697603161387
2017-05-25,-6.699129835056472
2017-05-26,-7.254451299190501
2017-05-31,-8.025757393543287
2017-06-01,-10.568698019511347
2017-06-02,-9.401662380617159
2017-06-05,-8.25223447336272
2017-06-06,-6.527658802789727
2017-06-07,-2.748875300192277
2017-06-08,-3.426026728505016
2017-06-09,-1.3856441925474305
2017-06-12,-1.9011477411583155
2017-06-13,-0.24860331315164075
2017-06-14,-0.38895068722147874
2017-06-15,-1.2500693895779458
2017-06-16,-1.6839922145596153
2017-06-19,-0.39141442268094684
2017-06-20,-0.08396285836909101
2017-06-21,1.7822588192529576
2017-06-22,3.2742448511420497
2017-06-23,2.851620498922003
2017-06-26,3.1726281968776693
2017-06-27,3.3275714018854874
2017-06-28,2.9222416395267903
2017-06-29,6.2763514807796295
2017-06-30,5.23417717968333
2017-07-03,5.259091743145783
2017-07-04,4.530354599555286
2017-07-05,3.2730372516055484
2017-07-06,3.5315455037807197
2017-07-07,3.740337783353609
2017-07-10,4.56903997311775
2017-07-11,1.7827053243732127
2017-07-12,1.5140484146660693
2017-07-13,0.2536675625020468
2017-07-14,-0.1313134684227113
2017-07-17,-5.891044336892859
2017-07-18,-5.253347147133047
2017-07-19,-4.016247078532986
2017-07-20,-1.72357650745798
2017-07-21,-1.6804083547073745
2017-07-24,-2.270773580794816
2017-07-25,-2.611575338395966
2017-07-26,-1.79957395116207
2017-07-27,-0.9864601927838557
2017-07-28,-1.0655924579865084
2017-07-31,-1.2226018845960196
2017-08-01,-0.9405192278390095
2017-08-02,-2.6169599795047294
2017-08-03,-2.3373219972418813
2017-08-04,-3.0725844806666736
2017-08-07,-1.7503455711175064
2017-08-08,-0.178578247828165
2017-08-09,0.281696042733115
2017-08-10,-0.442355835486663
2017-08-11,-1.4096000048216317
2017-08-14,6.045349677759981
2017-08-15,5.5937225722966
2017-08-16,4.742342542564626
2017-08-17,5.0975415079210995
2017-08-18,4.458299378196329
2017-08-21,4.6499087402882555
2017-08-22,4.207664655051158
2017-08-23,3.3551099226990955
2017-08-24,1.3943044743121025
2017-08-25,2.343527382800259
2017-08-28,2.6553423302420054
2017-08-29,2.2852961492987545
2017-08-30,3.584302709768372
2017-08-31,3.445045936904645
2017-09-01,4.7469602540645806
2017-09-04,4.741305176520982
2017-09-05,4.4151738902198145
2017-09-06,4.841605393652859
2017-09-07,5.135741889133616
2017-09-08,6.964607493189345
2017-09-11,5.967462957900427
2017-09-12,5.223351330459236
2017-09-13,5.0947015310853105
2017-09-14,3.972221892794403
2017-09-15,4.019398170652044
2017-09-18,4.061096078880988
2017-09-19,4.2266059030741765
2017-09-20,5.852163966398227
2017-09-21,5.349376205065148
2017-09-22,3.841900555547051
2017-09-25,1.1664990960002841
2017-09-26,1.613267560904097
2017-09-27,2.036245376204726
2017-09-28,1.1524177945176461
2017-09-29,1.3266415546453691
2017-10-09,1.8337846224758092
2017-10-10,2.4860082075883527
2017-10-11,1.3084979904457228
2017-10-12,1.4921697974967119
2017-10-13,1.7046431837828502
2017-10-16,-1.2764581733935687
2017-10-17,-1.1944593171894113
2017-10-18,-2.503287087714068
2017-10-19,-3.291913748282027
2017-10-20,-1.6386943963824674
2017-10-23,-1.8654233063227332
2017-10-24,-1.9325474451677649
2017-10-25,-2.202287341491438
2017-10-26,-0.7152652071821808
2017-10-27,-1.0065802929567047
2017-10-30,-2.0324238436812636
2017-10-31,-1.4807845123797847
2017-11-01,-2.238075069197676
2017-11-02,-2.9094951541475567
2017-11-03,-4.661792619656424
2017-11-06,-4.90893394135713
2017-11-07,-4.982094223907119
2017-11-08,-4.315802479010966
2017-11-09,-3.5700842262481713
2017-11-10,-3.793684010151299
2017-11-13,-1.7641752163839008
2017-11-14,-2.275119162637429
2017-11-15,-2.2489572035218064
2017-11-16,-1.5734773193982865
2017-11-17,-6.176565143867685
2017-11-20,-6.4294391530869355
2017-11-21,-5.97989390711775
2017-11-22,-6.440690756604884
2017-11-23,-8.953277489558321
2017-11-24,-8.12229488293912
2017-11-27,-6.717331857816145
2017-11-28,-5.957036104958946
2017-11-29,-5.792929861979957
2017-11-30,-5.154652830103568
2017-12-01,-3.4934621339816174
2017-12-04,-5.4507357098690035
2017-12-05,-8.55182782360564
2017-12-06,-7.8865541175935245
2017-12-07,-8.41045478268092
2017-12-08,-7.71802657402485
2017-12-11,-6.785137627407933
2017-12-12,-6.973442848558298
2017-12-13,-5.514549738367536
2017-12-14,-5.164030035925249
2017-12-15,-2.0612565753144296
2017-12-18,-2.97006385777302
2017-12-19,-2.379589752216349
2017-12-20,-3.506613479987397
2017-12-21,-1.0901276995391784
2017-12-22,-1.4308361763569866
2017-12-25,-1.7737324681321276
2017-12-26,-2.872744774283531
2017-12-27,-3.483613653753048
2017-12-28,-2.7551213047746437
2017-12-29,-2.749867980233023
2018-01-02,-0.6674478519468452
2018-01-03,3.0708609921804797
2018-01-04,2.253183817886195
2018-01-05,2.3409004630650987
2018-01-08,1.5582084013951558
2018-01-09,0.22786634995177746
2018-01-10,0.6086368012061971
2018-01-11,0.4997353887271627
2018-01-12,-0.2605671602539661
2018-01-15,-2.7158170233710033
2018-01-16,-1.6279026449542044
2018-01-17,-2.4310274724262393
2018-01-18,-1.2251338841194004
2018-01-19,-1.602918276981402
2018-01-22,-0.32468822422018206
2018-01-23,1.144931547547423
2018-01-24,1.4583891857995912
2018-01-25,1.7298555548667327
2018-01-26,1.430757488097889
2018-01-29,-0.6394449803225011
2018-01-30,-1.9296442840787131
2018-01-31,-5.151854729100192
2018-02-01,-9.316027548950402
2018-02-02,-9.600299317199356
2018-02-05,-10.10640554793375
2018-02-06,-14.408676773314511
2018-02-07,-13.73516851126263
2018-02-08,-13.060979667999462
2018-02-09,-15.079033893634918
2018-02-12,-10.470821822863075
2018-02-13,-10.69101581093287
2018-02-14,-10.258018918132194
2018-02-22,-8.743770157487196
2018-02-23,-8.249777824193172
2018-02-26,-7.233817901527962
2018-02-27,-6.988554702993177
2018-02-28,-7.1913092322101075
2018-03-01,-5.721050206883838
2018-03-02,-6.003985281603708
2018-03-05,-4.276840356538325
2018-03-06,-3.1542135302974783
2018-03-07,-1.5088228268392512
2018-03-08,3.3617396982189796
2018-03-09,5.383268408811892
2018-03-12,7.515652573531706
2018-03-13,12.518950844829124
2018-03-14,10.986517062440404
2018-03-15,9.390988382601195
2018-03-16,12.43850425483448
2018-03-19,9.941563264048758
2018-03-20,9.744129588078687
2018-03-21,8.673115803987974
2018-03-22,6.579515864178531
2018-03-23,0.5808511717181775
2018-03-26,0.12482926415462448
2018-03-27,2.3197193767378055
2018-03-28,1.0979221877253087
2018-03-29,0.3859247308982683
2018-03-30,2.5073550993744753
2018-04-02,2.421195475351312
2018-04-03,0.5002880627271944
2018-04-04,0.30465220306281626
2018-04-09,-0.09714680460869429
2018-04-10,-1.701777811216132
2018-04-11,-2.7009640155981063
2018-04-12,-2.662469627256414
2018-04-13,-1.65581895359177
2018-04-16,-1.5550937738380122
2018-04-17,-3.5444657226344045
2018-04-18,-2.3342901935540894
2018-04-19,-2.1278140750794816
2018-04-20,-3.472015603357781
2018-04-23,-4.407758652880133
2018-04-24,3.1812339075669938
2018-04-25,1.792222641682506
2018-04-26,-2.549218484923066
2018-04-27,-1.7905556391667465
2018-05-02,-2.9541123179052775
2018-05-03,-3.727116621837301
2018-05-04,-4.455637615119501
2018-05-07,-1.8165765032222114
2018-05-08,-0.45875030979269926
2018-05-09,-0.6510222225768025
2018-05-10,-0.261319615626987
2018-05-11,-1.8202459423500628
2018-05-14,-2.0202374837065884
2018-05-15,-0.9005822056324719
2018-05-16,-1.4184381855300576
2018-05-17,0.4046358976877551
2018-05-18,-0.6082394264907753
2018-05-21,0.300343413073656
2018-05-22,2.8830501542136844
2018-05-23,2.8728565011782337
2018-05-24,0.3317675266335529
2018-05-25,-1.3656309709384695
2018-05-28,-0.3091835335235049
2018-05-29,-1.2318694730491853
2018-05-30,-3.92178021806483
2018-05-31,-3.5155441389383535
2018-06-01,-4.402818994732572
2018-06-04,-6.484162585898634
2018-06-05,-5.416559781940633
2018-06-06,-5.309968701597656
2018-06-07,-6.389880909313472
2018-06-08,-6.491276941997626
2018-06-11,-6.671874909687981
2018-06-12,-6.935377079032012
2018-06-13,-8.007332240577004
2018-06-14,-8.058045091564503
2018-06-15,-10.462555084377057
2018-06-19,-17.539051943961425
2018-06-20,-16.895614037383623
2018-06-21,-17.96947319994533
2018-06-22,-16.400811742936085
2018-06-25,-15.730711802308894
2018-06-26,-14.354898172144825
2018-06-27,-14.414946310437404
2018-06-28,-12.652663717537315
2018-06-29,-11.189501866465367
2018-07-02,-11.301564875031932
2018-07-03,-9.87864502727287
2018-07-04,-12.914811382842084
2018-07-05,-15.312359968963085
2018-07-06,-14.34773501303721
2018-07-09,-11.576086500262972
2018-07-10,-10.194120444933585
2018-07-11,-12.950837294841378
2018-07-12,-9.043879577065939
2018-07-13,-8.22496393517187
2018-07-16,-6.091575297029516
2018-07-17,0.958716628466183
2018-07-18,-0.7829149271599278
2018-07-19,0.43718327430879445
2018-07-20,-0.002932485591755629
2018-07-23,1.2675691247844734
2018-07-24,2.0419813662649666
2018-07-25,3.207001625292749
2018-07-26,4.028925048638832
2018-07-27,0.3867569143447547
2018-07-30,0.19762942200096667
2018-07-31,-1.054114879441581
2018-08-01,-0.8082658508914209
2018-08-02,-0.5017822820470141
2018-08-03,-2.213181267872444
2018-08-06,-6.248819031024944
2018-08-07,-4.437454712180378
2018-08-08,-3.7901014618873075
2018-08-09,-4.211843149990502
2018-08-10,-3.9491357053229925
2018-08-13,-3.5528137037821095
2018-08-14,-4.025761755861479
2018-08-15,-5.454614220249887
2018-08-16,-5.519844010159747
2018-08-17,-8.247378456953724
2018-08-20,-8.574818618897172
2018-08-21,-8.994630798722126
2018-08-22,-10.257988877206703
2018-08-23,-9.356035216765314
2018-08-24,-9.13085887546421
2018-08-27,-5.760930819477461
2018-08-28,-5.575792153472348
2018-08-29,-4.627642866963921
2018-08-30,-3.971892380365516
2018-08-31,-3.7606541205167154
2018-09-03,-1.759827054240648
2018-09-04,-3.1535151334227907
2018-09-05,-3.068005707399768
2018-09-06,-5.566302713121729
2018-09-07,-5.9857656057974
2018-09-10,-8.297947703630781
2018-09-11,-7.9558309149620365
2018-09-12,-6.147948913090239
2018-09-13,-4.249951923795548
2018-09-14,-3.467063791855851
2018-09-17,-5.330928589456341
2018-09-18,-4.7399196706921165
2018-09-19,-2.5938470739634845
2018-09-20,-3.5404687110632826
2018-09-21,-2.041543397442047
2018-09-25,-4.4683470032314325
2018-09-26,-4.135748320145128
2018-09-27,-4.958403056802696
2018-09-28,-2.4831245099614763
2018-10-08,-4.755870361650749
2018-10-09,-4.657053926322197
2018-10-10,-5.881318813535463
2018-10-11,-11.44348477159076
2018-10-12,-11.667387829085918
2018-10-15,-13.209435132745572
2018-10-16,-13.454897352050853
2018-10-17,-12.854122794979805
2018-10-18,-15.658372443448322
2018-10-19,-14.459610136395618
2018-10-22,-9.274724806320245
2018-10-23,-9.365652093715749
2018-10-24,-10.977448342912478
2018-10-25,-12.569082328171433
2018-10-26,-11.957999548790932
2018-10-29,-14.266480400856329
2018-10-30,-13.19226627741953
2018-10-31,-12.286981243311079
2018-11-01,-10.45262090490212
2018-11-02,-8.483506426267818
2018-11-05,-4.550815189232704
2018-11-06,-4.4747055589947955
2018-11-07,-4.563007492124194
2018-11-08,2.5977086072897837
2018-11-09,3.0158545318673013
2018-11-12,7.765245984680913
2018-11-13,12.42087771557554
2018-11-14,11.626434157895616
2018-11-15,17.391362920364138
2018-11-16,16.09797479907673
2018-11-19,10.99896560248148
2018-11-20,9.884000564687945
2018-11-21,10.724839560970945
2018-11-22,11.617159960178824
2018-11-23,6.483412312273251
2018-11-26,7.843984416874439
2018-11-27,7.724723534852274
2018-11-28,7.4526590976003115
2018-11-29,4.258819739192421
2018-11-30,1.840563986879462
2018-12-03,4.438522708369574
2018-12-04,5.280364230381185
2018-12-05,4.880560168114023
2018-12-06,3.4672263870741515
2018-12-07,3.7421867271792086
2018-12-10,-0.4413300710939816
2018-12-11,-1.4608027699788195
2018-12-12,-1.5111831817406052
2018-12-13,-2.2042791210696633
2018-12-14,-5.729059516860547
2018-12-17,-6.378638678193893
2018-12-18,-4.473752960302413
2018-12-19,-6.470752301597271
2018-12-20,-6.175779964032713
2018-12-21,-2.678461084060113
2018-12-24,-1.6275004632335777
2018-12-25,-3.361266469818036
2018-12-26,-4.950293808332429
2018-12-27,-4.173287079079547
2018-12-28,-4.693444022016591
2019-01-02,-8.199584560984652
2019-01-03,-9.684170147164695
2019-01-04,-6.624431315180212
2019-01-07,-2.8908712923222835
2019-01-08,-3.1038132891131887
2019-01-09,-1.7507662753772357
2019-01-10,-2.923150097028482
2019-01-11,-2.0600672409385568
2019-01-14,-3.5587044880313723
2019-01-15,0.04908132102539042
2019-01-16,0.21543350725603538
2019-01-17,-0.024363607093047523
2019-01-18,2.051806014581037
2019-01-21,2.2966919089939974
2019-01-22,1.8908181403617608
2019-01-23,1.126617466348434
2019-01-24,2.6830578670286043
2019-01-25,2.524137570440299
2019-01-28,3.293955406357152
2019-01-29,1.3550130362730783
2019-01-30,0.3314101504966027
2019-01-31,-0.4825904572371087
2019-02-01,-0.33144405626517326
2019-02-11,0.38487221635559177
2019-02-12,1.9794690659226344
2019-02-13,3.59295964286106
2019-02-14,4.3112284022102765
2019-02-15,3.2868107370702893
2019-02-18,7.589712058279874
2019-02-19,6.881422250503344
2019-02-20,7.112973941498457
2019-02-21,7.663337148740679
2019-02-22,9.361384497263536
2019-02-25,14.374236658829043
2019-02-26,15.653331632488587
2019-02-27,15.198527565582665
2019-02-28,14.983385742359179
2019-03-01,16.415589440220725
2019-03-04,19.952289944388223
2019-03-05,25.929650869014598
2019-03-06,30.608099164043235
2019-03-07,34.93236355307954
2019-03-08,25.65998599192372
2019-03-11,27.418882630924468
2019-03-12,28.4526355514803
2019-03-13,23.253114567895096
2019-03-14,19.01460072303516
2019-03-15,21.02422064548499
2019-03-18,19.69435850088812
2019-03-19,19.70601225351527
2019-03-20,19.3098951459898
2019-03-21,21.08028889628184
2019-03-22,18.87607398757174
2019-03-25,11.96766393505666
2019-03-26,8.726966033425931
2019-03-27,9.721766737293901
2019-03-28,7.832976182829032
2019-03-29,10.194043243991114
2019-04-01,11.955474514932018
2019-04-02,9.207786391744154
2019-04-03,7.96338816319937
2019-04-04,6.512723007687149
2019-04-08,10.59580030506706
2019-04-09,6.280949951517467
2019-04-10,3.8215452096672875
2019-04-11,4.096327275134093
2019-04-12,7.246575747962236
2019-04-15,4.759195629453816
2019-04-16,4.453040895055516
2019-04-17,4.917652299761932
2019-04-18,4.668703789184558
2019-04-19,4.4171150634925604
2019-04-22,2.9528114499882685
2019-04-23,1.959798237172805
2019-04-24,6.306287209266315
2019-04-25,1.2594089068839853
2019-04-26,1.5051505921313213
2019-04-29,-4.88440449918569
2019-04-30,-7.421267391986541
2019-05-06,-15.030299392923885
2019-05-07,-14.823114130218674
2019-05-08,-15.452282119232063
2019-05-09,-15.928655354834609
2019-05-10,-12.807855200283091
2019-05-13,-13.311912398187564
2019-05-14,-12.096398761948235
2019-05-15,-10.076993813270807
2019-05-16,-8.671064899056969
2019-05-17,-13.735305189772461
2019-05-20,-14.772945409103965
2019-05-21,-12.652251109039515
2019-05-22,-13.745602894975296
2019-05-23,-14.927260817460631
2019-05-24,-14.436568369353687
2019-05-27,-12.980754268723892
2019-05-28,-9.243898564634945
2019-05-29,-7.847707966234763
2019-05-30,-4.988970711950758
2019-05-31,-6.124138778685307
2019-06-03,0.15711963522964112
2019-06-04,-2.85212638277752
2019-06-05,-2.5370705969466667
2019-06-06,-3.9524824867178565
2019-06-10,-6.364635615930014
2019-06-11,-2.1457411282801653
2019-06-12,-1.9250800189440587
2019-06-13,-3.504565345514743
2019-06-14,-6.408340341156526
2019-06-17,-3.1947878012742126
2019-06-18,-2.8659237136785642
2019-06-19,-3.3918136491032924
2019-06-20,-1.447890185729217
2019-06-21,2.623727212281435
2019-06-24,3.9037285604027305
2019-06-25,-0.05498415017720637
2019-06-26,-0.058537400905800396
2019-06-27,0.3916795506380799
2019-06-28,-0.3846363866223945
2019-07-01,2.7587938970288217
2019-07-02,4.3470617738434525
2019-07-03,5.183849980029942
2019-07-04,4.767278453288792
2019-07-05,7.820818973044141
2019-07-08,2.8501580417241046
2019-07-09,-0.5535516010087949
2019-07-10,-0.9542846520459225
2019-07-11,-1.6568216107987865
2019-07-12,0.8915462843764654
2019-07-15,2.192392518758113
2019-07-16,2.4094871603540735
2019-07-17,1.0536148146430113
2019-07-18,-2.307713862836669
2019-07-19,-3.4408309964410244
2019-07-22,-6.115419079036277
2019-07-23,-4.121922387953047
2019-07-24,-2.9256318590811237
2019-07-25,-3.4549873098478123
2019-07-26,-1.9699824846055036
2019-07-29,-4.787555884813976
2019-07-30,-4.445996773967065
2019-07-31,-4.207775674603553
2019-08-01,-4.277170480644643
2019-08-02,-6.1425447125845185
2019-08-05,-4.03533871021533
2019-08-06,-6.853685505518792
2019-08-07,-6.313067463223431
2019-08-08,-5.436996418925677
2019-08-09,-6.694457958677402
2019-08-12,-6.098008978244751
2019-08-13,-6.750212715475534
2019-08-14,-6.194887670575266
2019-08-15,-4.026880443980918
2019-08-16,-3.954862458286368
2019-08-19,1.968003993902867
2019-08-20,1.0556786752026648
2019-08-21,-0.15798787602055997
2019-08-22,-0.04862326388869187
2019-08-23,-0.3652511870850583
2019-08-26,-0.9638582657989447
2019-08-27,0.5141459804870019
2019-08-28,1.0784977080704916
2019-08-29,1.695666317800093
2019-08-30,1.804970682646978
2019-09-02,5.660865380018465
2019-09-03,9.331864516302968
2019-09-04,10.42416219574569
2019-09-05,10.607613941044924
2019-09-06,12.293474769068169
2019-09-09,13.125928990471781
2019-09-10,13.921389881895884
2019-09-11,12.186380592897606
2019-09-12,12.185535854311835
2019-09-16,12.239806809597864
2019-09-17,6.1673092698981025
2019-09-18,5.797458536932698
2019-09-19,7.013917999573427
2019-09-20,6.679891071453259
2019-09-23,5.8424990814418765
2019-09-24,6.969157209302668
2019-09-25,2.942412492749913
2019-09-26,-0.23022054012102888
2019-09-27,0.5794828370908611
2019-09-30,0.953722253644651
2019-10-08,-1.5110709320804827
2019-10-09,-1.3423593533192113
2019-10-10,-0.5149659398510642
2019-10-11,-1.3757997939721545
2019-10-14,-0.23503330216002594
2019-10-15,-4.046822971719044
2019-10-16,-4.658592539033579
2019-10-17,-3.936847392240339
2019-10-18,-5.585438565775702
2019-10-21,-6.7517526191192445
2019-10-22,-3.2730648343737734
2019-10-23,-3.9402310528624973
2019-10-24,-5.242006388288045
2019-10-25,-4.614133601474435
2019-10-28,-1.371707936218003
2019-10-29,-2.9325672052717855
2019-10-30,-1.9958611299672024
2019-10-31,0.186963325440348
2019-11-01,0.2372626303570824
2019-11-04,2.0009359018107853
2019-11-05,2.193534782143125
2019-11-06,0.3725306303078213
2019-11-07,-0.49850329576036634
2019-11-08,-0.9100604710327476
2019-11-11,-4.986343956191552
2019-11-12,-3.3264373916106704
2019-11-13,-3.204235130726518
2019-11-14,-2.442810367830328
2019-11-15,-2.4234052611816215
2019-11-18,-1.1043016385079873
2019-11-19,-0.49524340745897844
2019-11-20,-0.1945605295155528
2019-11-21,-0.16711809180970372
2019-11-22,-2.2449600566540773
2019-11-25,-5.057099711594015
2019-11-26,-4.081166822167237
2019-11-27,-3.1514487307469863
2019-11-28,-2.336419451898142
2019-11-29,-3.344197166265661
2019-12-02,-3.7342438281644297
2019-12-03,-3.3763591259516557
2019-12-04,-2.359048431657129
2019-12-05,-1.9108170522850854
2019-12-06,-0.8694105779950001
2019-12-09,2.13579398959145
2019-12-10,2.4947624607174923
2019-12-11,2.3813506850401067
2019-12-12,1.682681529505281
2019-12-13,4.335954158121336
2019-12-16,5.542815151378622
2019-12-17,4.908477037195769
2019-12-18,5.405816864008184
2019-12-19,6.045862762145382
2019-12-20,6.1772138256183995
2019-12-23,4.381715351594728
2019-12-24,6.294178468863221
2019-12-25,6.96564513530693
2019-12-26,8.039867020283499
2019-12-27,7.26231302817264
2019-12-30,7.63388725897074
2019-12-31,7.651315915929358
2020-01-02,9.59252538142017
2020-01-03,8.932836377377583
2020-01-06,9.273484810889743
2020-01-07,10.54117352845707
2020-01-08,8.375574024659116
2020-01-09,10.543126720431871
2020-01-10,10.321001536981434
2020-01-13,10.244570451526357
2020-01-14,7.9811142196320795
2020-01-15,6.634062907540228
2020-01-16,6.463899136095952
2020-01-17,5.5907468113524095
2020-01-20,8.247524271028418
2020-01-21,9.75941116962089
2020-01-22,8.1848182936624
2020-01-23,3.5351883236749204
2020-02-03,-6.196296915020638
2020-02-04,-5.216026389446926
2020-02-05,-3.284908284112542
2020-02-06,-0.9231470336173775
2020-02-07,-1.6376543961614365
2020-02-10,-0.7795541282035079
2020-02-11,-2.4541429791011704
2020-02-12,-1.676301268433389
2020-02-13,-1.125021918677438
2020-02-14,-2.3251835920988895
2020-02-17,1.4455134926600222
2020-02-18,2.454494998938861
2020-02-19,1.7574469450034824
2020-02-20,3.735001736698873
2020-02-21,5.783444212479294
2020-02-24,8.52130096476824
2020-02-25,7.595075006547591
2020-02-26,5.421619124836052
2020-02-27,5.2791182898401345
2020-02-28,3.017333735064054
2020-03-02,17.561926527525372
2020-03-03,18.875146294200018
2020-03-04,16.419899793969762
2020-03-05,14.50772059842691
2020-03-06,12.77211073044242
2020-03-09,6.854274370672364
2020-03-10,10.370310908340596
2020-03-11,6.406588290267234
2020-03-12,5.117919081180555
2020-03-13,3.799614063205903
2020-03-16,-4.6948338618084335
2020-03-17,-7.069513086811641
2020-03-18,-7.675945889786084
2020-03-19,-8.431048052389245
2020-03-20,-9.177693466156523
2020-03-23,-15.106286590001316
2020-03-24,-13.889000829917443
2020-03-25,-9.245018551600925
2020-03-26,-10.215767136830046
2020-03-27,-5.405484861913035
2020-03-30,-11.417527605823851
2020-03-31,-12.407562333846545
2020-04-01,-13.221322363504706
2020-04-02,-12.306067405276844
2020-04-03,-12.540139629428793
2020-04-07,-5.859080992692267
2020-04-08,-7.8673493589206505
2020-04-09,-5.449120404249652
2020-04-10,-6.035494299282485
2020-04-13,-6.166187688110836
2020-04-14,0.6049410203626593
2020-04-15,0.2663408872727313
2020-04-16,2.607080258084249
2020-04-17,1.6531116207684216
2020-04-20,2.3442691092151025
2020-04-21,6.580493695383782
2020-04-22,5.606128206648853
2020-04-23,2.5299447889688187
2020-04-24,1.4311009658537266
2020-04-27,1.6573771571591012
2020-04-28,2.6920746749641733
2020-04-29,2.220242498598335
2020-04-30,5.086940340010537
2020-05-06,4.763198452173145
2020-05-07,5.243273583334962
2020-05-08,2.942802978152237
2020-05-11,2.3377492655726195
2020-05-12,1.3860465109851727
2020-05-13,4.957758462941464
2020-05-14,5.0974680113629045
2020-05-15,3.4781407009264464
2020-05-18,3.5718690390272645
2020-05-19,4.133317607328046
2020-05-20,2.728309033472609
2020-05-21,-0.20267249791291464
2020-05-22,-1.541860006808582
2020-05-25,-2.6531505830644786
2020-05-26,0.3293369076544428
2020-05-27,1.701591694955451
2020-05-28,2.0063317702732952
2020-05-29,4.588988170461694
2020-06-01,8.042309398580949
2020-06-02,5.717876360707885
2020-06-03,3.3127409437033517
2020-06-04,3.6386724896616096
2020-06-05,2.602199831768859
2020-06-08,2.5569517993229818
2020-06-09,2.9445201227735085
2020-06-10,2.23583912109373
2020-06-11,2.8000252556761973
2020-06-12,2.3971945423824748
2020-06-15,2.882451692715482
2020-06-16,3.6230557724024948
2020-06-17,5.3240462766022345
2020-06-18,6.175262751992094
2020-06-19,8.851378190576554
2020-06-22,9.803362576424469
2020-06-23,7.408881798802547
2020-06-24,7.891183350151065
2020-06-29,7.856571061647921
2020-06-30,8.650633966854038
2020-07-01,5.765692007686707
2020-07-02,6.848690843026994
2020-07-03,8.069146396134208
2020-07-06,11.973690063576313
2020-07-07,13.341544801036086
2020-07-08,16.205553624997627
2020-07-09,18.864256010420345
2020-07-10,18.202077852691588
2020-07-13,22.823692802636497
2020-07-14,21.783775021198615
2020-07-15,18.286882059638977
2020-07-16,9.858351828941858
2020-07-17,9.620869305789427
2020-07-20,13.893931025393957
2020-07-21,14.088691708995803
2020-07-22,14.41152962961143
2020-07-23,14.117463165084088
2020-07-24,8.945149755298587
2020-07-27,9.259578058748396
2020-07-28,8.51937884621574
2020-07-29,11.375994312367244
2020-07-30,9.900749179289159
2020-07-31,10.237756538740484
2020-08-03,9.624522238058963
2020-08-04,7.455769511423305
2020-08-05,6.4983168116497625
2020-08-06,3.48903965314471
2020-08-07,2.648612055091615
2020-08-10,-0.59736847298687
2020-08-11,-1.7909138471520425
2020-08-12,-0.5483951428988609
2020-08-13,5.26460511629212
2020-08-14,6.074921282766299
2020-08-17,4.797859327182197
2020-08-18,4.978902335510504
2020-08-19,1.8323113189872453
2020-08-20,0.4436988669322295
2020-08-21,6.037750271212117
2020-08-24,6.882913194653706
2020-08-25,5.187265562892507
2020-08-26,-0.3194814693000536
2020-08-27,0.9195981268953046
2020-08-28,0.8848111177451878
2020-08-31,-2.024799828875412
2020-09-01,-0.9186508462182386
2020-09-02,-2.0810672505968575
2020-09-03,-3.2680337746141097
2020-09-04,-2.1486383444217494
2020-09-07,-4.099381127136237
2020-09-08,-1.529905571335044
2020-09-09,-3.0279505185513145
2020-09-10,-6.747882256975357
2020-09-11,-6.151188351847592
2020-09-14,-6.694212958462453
2020-09-15,-7.134117404088247
2020-09-16,-6.108209564898715
2020-09-17,-4.560155195006876
2020-09-18,-3.6766294972918723
2020-09-21,-4.500500500445304
2020-09-22,-5.515981685026771
2020-09-23,-2.4866816853750695
2020-09-24,-6.166206219131498
2020-09-25,-7.916867320447296
2020-09-28,-9.325479359502397
2020-09-29,-8.787235321689534
2020-09-30,-9.0127796096933
2020-10-09,-5.1113077213207685
2020-10-12,-2.0304631289658204
2020-10-13,-0.04708811895809406
2020-10-14,-1.6116543593170274
2020-10-15,0.716008283119618
2020-10-16,4.107668289530442
2020-10-19,1.7249388221053152
2020-10-20,1.0955267441748795
2020-10-21,-0.9662453093297163
2020-10-22,-0.6033279604468644
2020-10-23,-2.693320078830763
2020-10-26,-4.058523062650654
2020-10-27,-3.531766951152404
2020-10-28,-1.912445198837931
2020-10-29,-2.7426015765342315
2020-10-30,-2.456781582105738
2020-11-02,-1.8178133249535655
2020-11-03,1.4839790168153622
2020-11-04,0.17596200302139042
2020-11-05,2.082325757125947
2020-11-06,-1.9597662376507063
2020-11-09,-2.6191684114463265
2020-11-10,-3.889784716933653
2020-11-11,-4.648683240846873
2020-11-12,-3.6152715502763666
2020-11-13,-3.185413134097881
2020-11-16,-1.6118338450740732
2020-11-17,-3.490501076048913
2020-11-18,-1.951081282414835
2020-11-19,-0.7878118445573623
2020-11-20,1.8781074728233538
2020-11-23,2.394464874217883
2020-11-24,1.8774275209465507
2020-11-25,0.09640219049518173
2020-11-26,-0.47278383821204306
2020-11-27,2.0060256870747972
2020-11-30,1.6667936281252516
2020-12-01,0.9876579053263779
2020-12-02,1.5533655449374573
2020-12-03,-0.6381483680966138
2020-12-04,0.8666486271851515
2020-12-07,-1.736451959296914
2020-12-08,-0.6655175439653549
2020-12-09,-0.9186175407926211
2020-12-10,-1.0668948288004465
2020-12-11,-2.8139573584333943
2020-12-14,-2.534072348356542
2020-12-15,-1.2754254388920083
2020-12-16,-2.0766208975923295
2020-12-17,-1.7950338665499221
2020-12-18,-2.847401379281189
2020-12-21,-1.7058448738508925
2020-12-22,-3.7900719527301896
2020-12-23,-1.3543441098015863
2020-12-24,-2.210667155026824
2020-12-25,-1.212003107483306
2020-12-28,-1.5536426957933558
2020-12-29,-3.514978474669639
2020-12-30,-3.100392356442805
2020-12-31,-0.9739411510957696
2021-01-04,0.7727547510945953
2021-01-05,1.1056747049829951
2021-01-06,-0.13990614121108802
2021-01-07,0.2125825779824675
2021-01-08,-0.30026078729132877
2021-01-11,-0.34292828652610075
2021-01-12,-0.18368614564120422
2021-01-13,-1.256167093382654
2021-01-14,-0.5583612486448897
2021-01-15,-1.0518350526888987
2021-01-18,1.197134768965058
2021-01-19,-1.1584349688931739
2021-01-20,1.8546514125699742
2021-01-21,2.1793714029217037
2021-01-22,3.4725905607660534
2021-01-25,1.4630906563600776
2021-01-26,0.22434180783430513
2021-01-27,0.9339147127558567
2021-01-28,-1.9573215588431614
2021-01-29,-5.150933047427342
2021-02-01,-6.662242921669714
2021-02-02,-5.728817194921721
2021-02-03,-6.209115124748433
2021-02-04,-6.7830763344366325
2021-02-05,-8.200945834583017
2021-02-08,-5.978054386667441
2021-02-09,-4.733229613489054
2021-02-10,-3.2291238574610137
2021-02-18,-1.5711483207144772
2021-02-19,-0.012476141007822239
2021-02-22,-1.7666942604752767
2021-02-23,-1.8764419920700215
2021-02-24,-3.5016653429911115
2021-02-25,-5.126113241914498
2021-02-26,-5.89879520524258
2021-03-01,-2.435168529909759
2021-03-02,-1.032515998805228
2021-03-03,0.24231869973443398
2021-03-04,0.5589434745507882
2021-03-05,2.413676228559236
2021-03-08,-0.28625010798456474
2021-03-09,-4.537274235671629
2021-03-10,-3.6329763832753437
2021-03-11,0.8417482650795005
2021-03-12,2.897804690158323
2021-03-15,1.4603735860947875
2021-03-16,-0.32856352004732026
2021-03-17,-0.4081191420426622
2021-03-18,-1.65052125310845
2021-03-19,-4.240912861932699
2021-03-22,-2.677660436283391
2021-03-23,-3.096479077726433
2021-03-24,-3.7523427706701584
2021-03-25,-3.260248475992833
2021-03-26,-0.38042151485455644
2021-03-29,-2.5949674961642577
2021-03-30,-2.552285450244529
2021-03-31,-3.970397320799135
2021-04-01,-1.5400828669438926
2021-04-02,-1.4718632594430403
2021-04-06,1.4829756762910318
2021-04-07,4.839453142477201
2021-04-08,5.361484071971234
2021-04-09,2.8917689839651484
2021-04-12,0.6899984324355568
2021-04-13,0.8644134515120694
2021-04-14,1.3893432912010617
2021-04-15,0.30309443697535965
2021-04-16,1.1106774012425769
2021-04-19,3.624700313064788
2021-04-20,1.5414365198617386
2021-04-21,2.6826755892493725
2021-04-22,4.66319801906534
2021-04-23,4.241684962892789
2021-04-26,2.0590441266997495
2021-04-27,1.1743304584969305
2021-04-28,2.152821937744931
2021-04-29,1.7750458965516192
2021-04-30,0.7314808491245772
2021-05-06,0.584568932701357
2021-05-07,-1.5764869282297589
2021-05-10,-1.310778819646996
2021-05-11,-0.9410445299628867
2021-05-12,0.32526492838886867
2021-05-13,1.7820307826145187
2021-05-14,3.712595484543324
2021-05-17,2.1710148904745763
2021-05-18,3.020881844899237
2021-05-19,1.8857874723301693
2021-05-20,0.08410488919299297
2021-05-21,0.35221439000510113
2021-05-24,1.2410334572383608
2021-05-25,2.0123153429451923
2021-05-26,2.9666748149494104
2021-05-27,4.259874315528034
2021-05-28,4.584369215563688
2021-05-31,5.858349346778957
2021-06-01,7.019884208571958
2021-06-02,5.912167593284279
2021-06-03,5.558111735218363
2021-06-04,7.366012204986294
2021-06-07,8.255433182245175
2021-06-08,7.345705952936221
2021-06-09,6.278020724518951
2021-06-10,8.206903300051959
2021-06-11,6.042519551792869
2021-06-15,5.541684383113332
2021-06-16,2.873874362043094
2021-06-17,4.603511363758761
2021-06-18,5.875203564464804
2021-06-21,7.529228906707708
2021-06-22,7.072572754763939
2021-06-23,6.506635466608213
2021-06-24,4.964685659402424
2021-06-25,4.405408100834385
2021-06-28,5.51398025351455
2021-06-29,2.7873551381493167
2021-06-30,3.340262559583662
2021-07-01,3.107831558709062
2021-07-02,2.292870918995704
2021-07-05,3.2552696228235867
2021-07-06,1.7081719446454757
2021-07-07,4.108751537218613
2021-07-08,4.044946869872468
2021-07-09,3.5472019312383196
2021-07-12,6.293061603863359
2021-07-13,7.580316979658774
2021-07-14,8.550137664667655
2021-07-15,6.687932781159445
2021-07-16,5.312683701521648
2021-07-19,3.4007092953266094
2021-07-20,3.614505695352288
2021-07-21,5.004614915511962
2021-07-22,6.765066938202713
2021-07-23,5.419107344224883
2021-07-26,3.152514006358298
2021-07-27,1.2787281236638526
2021-07-28,-1.950830863143449
2021-07-29,3.4141605728568614
2021-07-30,5.1158588654761195
2021-08-02,5.646801160894621
2021-08-03,4.72689426018027
2021-08-04,5.480408762919464
2021-08-05,4.909265353792414
2021-08-06,4.749812100111606
2021-08-09,3.059316623327879
2021-08-10,2.9710015225200115
2021-08-11,4.998764325356553
2021-08-12,5.743238694651209
2021-08-13,5.721264887758615
2021-08-16,5.036170897076175
2021-08-17,1.4718410768386203
2021-08-18,0.0902469646328452
2021-08-19,0.2993561576439596
2021-08-20,1.1866271813542717
2021-08-23,5.02887431252248
2021-08-24,8.756907513495872
2021-08-25,11.865482221626177
2021-08-26,6.4106377447237906
2021-08-27,5.751488182322517
2021-08-30,4.3957813366426235
2021-08-31,5.7390746390253655
2021-09-01,1.7205594410382163
2021-09-02,3.26156654819183
2021-09-03,1.986957346365803
2021-09-06,3.037361092506452
2021-09-07,4.355182930059964
2021-09-08,3.7909180582092805
2021-09-09,3.1695703631099414
2021-09-10,3.8044682218410397
2021-09-13,5.01237992851451
2021-09-14,7.56603944574703
2021-09-15,7.653068692753928
2021-09-16,3.8316094423384905
2021-09-17,3.52015653829838
2021-09-22,1.5223849246657872
2021-09-23,1.188953074353205
2021-09-24,-0.9525451080867886
2021-09-27,-2.630023578243057
2021-09-28,-2.7518639426336033
2021-09-29,-6.839847492905237
2021-09-30,-4.178853232090063
2021-10-08,-2.3821269451254956
2021-10-11,-3.978948307060992
2021-10-12,-5.53501617180795
2021-10-13,-5.762523083736371
2021-10-14,-6.804654295072588
2021-10-15,-6.889046961715783
2021-10-18,-5.9569335731995405
2021-10-19,-5.402943974140706
2021-10-20,-5.3340145051239745
2021-10-21,-5.221259695719127
2021-10-22,-6.695137152610641
2021-10-25,-2.8700944425551156
2021-10-26,-2.8658329029770946
2021-10-27,-4.318594471936176
2021-10-28,-6.903610643733781
2021-10-29,-4.032330036773136
2021-11-01,-0.1634654235940225
2021-11-02,-1.3406946356415372
2021-11-03,2.5839056045748876
2021-11-04,1.056382394924893
2021-11-05,-0.4859117875012253
2021-11-08,0.5154218838161917
2021-11-09,4.487570391121665
2021-11-10,3.372931353793107
2021-11-11,3.4250665572143735
2021-11-12,4.726201163474775
2021-11-15,3.3226317622250034
2021-11-16,1.1344120701682003
2021-11-17,2.6786649205787105
2021-11-18,2.815503888614179
2021-11-19,4.910707167805217
2021-11-22,5.509540247650513
2021-11-23,5.76492278558467
2021-11-24,6.796592188930983
2021-11-25,9.052326969957258
2021-11-26,7.521475518228105
2021-11-29,7.29950417876577
2021-11-30,9.305573776641074
2021-12-01,9.080611960186214
2021-12-02,6.474647547975754
2021-12-03,8.584740044862581
2021-12-06,6.518330615687251
2021-12-07,3.3123298093671094
2021-12-08,5.140174990593183
2021-12-09,4.451368869178496
2021-12-10,3.264782564990365
2021-12-13,4.0176540702282715
2021-12-14,5.173760901274549
2021-12-15,2.9836393931029104
2021-12-16,3.7742874517262104
2021-12-17,1.157656948713437
2021-12-20,-2.4589374623059324
2021-12-21,-1.1650886620028333
2021-12-22,-0.10029508713669255
2021-12-23,0.08707555901072972
2021-12-24,-2.067583008881946
2021-12-27,-2.792582010242184
2021-12-28,-2.3684333507517863
2021-12-29,-2.487535503365912
2021-12-30,-0.5485217240706275
2021-12-31,-0.16998955902515211
2022-01-04,0.9651416725718454
2022-01-05,0.0030354272658295045
2022-01-06,-0.9849755731480392
2022-01-07,-3.140025793782253
2022-01-10,-2.7039253088097737
2022-01-11,-4.235571261368321
2022-01-12,-2.534554899864727
2022-01-13,-3.9066158496802728
2022-01-14,-4.129471947402474
2022-01-17,-1.0896398950132724
2022-01-18,0.0858364580951676
2022-01-19,-2.342297601647081
2022-01-20,-5.52531099749376
2022-01-21,-6.85668099090474
2022-01-24,-4.5161653031584486
2022-01-25,-8.273266791069911
2022-01-26,-8.806490326945916
2022-01-27,-11.397463662488827
2022-01-28,-12.007240810256514
2022-02-07,-11.84350544644046
2022-02-08,-11.304546496580503
2022-02-09,-7.328084182565364
2022-02-10,-8.526969016803399
2022-02-11,-8.44554815403179
2022-02-14,-9.414193722895092
2022-02-15,-6.82444406165007
2022-02-16,-7.6665091977288995
2022-02-17,-5.54862657853149
2022-02-18,-5.518670257841752
2022-02-21,-6.064160844742739
2022-02-22,-6.178550298115459
2022-02-23,-2.802085084758821
2022-02-24,-2.769292861185413
2022-02-25,-0.3625379213623603
2022-02-28,-0.0750316279172436
2022-03-01,4.1549718947656356
2022-03-02,3.392536878494501
2022-03-03,5.4956591488157125
2022-03-04,3.851307894220257
2022-03-07,0.34144004681986306
2022-03-08,-2.957339275225135
2022-03-09,-5.7601696994933
2022-03-10,-3.1090942687005962
2022-03-11,-0.6123714811489878
2022-03-14,-2.9328903006921814
2022-03-15,-9.142203703435726
2022-03-16,-6.823502446532248
2022-03-17,-5.568255165708658
2022-03-18,-5.135646259477122
2022-03-21,-5.183459986154371
2022-03-22,-4.887777019990636
2022-03-23,-6.488875939248262
2022-03-24,-5.275283697563571
2022-03-25,-7.364136708589708
2022-03-28,-8.795070065346245
2022-03-29,-9.472664115663477
2022-03-30,-7.412155633606132
2022-03-31,-7.770370863181075
2022-04-01,-6.475926983989988
2022-04-06,-4.5364871003581335
2022-04-07,-3.6039377693062424
2022-04-08,-3.2483052297828885
2022-04-11,-8.981709712063557
2022-04-12,-8.2445686553833
2022-04-13,-7.563217963864243
2022-04-14,-1.7575150876714574
2022-04-15,-6.243777049291632
2022-04-18,-7.223245053695326
2022-04-19,-7.75623520766644
2022-04-20,-10.355366675765932
2022-04-21,-13.606791314962418
2022-04-22,-15.432059922440121
2022-04-25,-21.290245983708633
2022-04-26,-22.775716406405135
2022-04-27,-18.124552283140417
2022-04-28,-18.314431394787455
2022-04-29,-16.464630620267727
2022-05-05,-13.808743306251692
2022-05-06,-14.882197013668685
2022-05-09,-13.651075457561445
2022-05-10,-10.159426185125064
2022-05-11,-8.703123235817433
2022-05-12,-4.637950000894431
2022-05-13,-5.343450768866253
2022-05-16,-3.2351397237421753
2022-05-17,-3.793430274152676
2022-05-18,-2.346887625601135
2022-05-19,-2.3053720025053237
2022-05-20,-1.297599677997352
2022-05-23,1.751867112705785
2022-05-24,1.6761671708671377
2022-05-25,5.031750608722296
2022-05-26,14.645598773799563
2022-05-27,17.915749993140693
2022-05-30,13.385236240080323
2022-05-31,15.643497820085251
2022-06-01,11.140044793148318
2022-06-02,10.382271112779339
2022-06-06,14.576390457224608
2022-06-07,12.959406427465447
2022-06-08,11.061360949193698
2022-06-09,8.11835433323469
2022-06-10,9.829610636723295
2022-06-13,9.933619057157506
2022-06-14,9.573934026238451
2022-06-15,8.749011106917614
2022-06-16,9.284881454098826
2022-06-17,9.620281343626825
2022-06-20,9.344885573481365
2022-06-21,6.868128836545417
2022-06-22,10.032972508100313
2022-06-23,10.61985762933979
2022-06-24,11.314333604502913
2022-06-27,12.76696195421334
2022-06-28,12.692202991253865
2022-06-29,8.619800197275552
2022-06-30,9.762755922025047
2022-07-01,8.560806569206104
2022-07-04,7.136225886910497
2022-07-05,6.641074028693872
2022-07-06,5.221571022144977
2022-07-07,8.497063336229571
2022-07-08,5.628417327955915
2022-07-11,3.2784635041546384
2022-07-12,1.7148966438333302
2022-07-13,2.722380334119867
2022-07-14,3.3465512120788965
2022-07-15,1.1524992665767453
2022-07-18,1.5357112799541328
2022-07-19,3.3954017827647176
2022-07-20,6.2508108790507055
2022-07-21,3.3575490119370777
2022-07-22,1.485118804685892
2022-07-25,-0.7714652172932102
2022-07-26,-0.7388112139445235
2022-07-27,2.8755414112456856
2022-07-28,2.210959092919018
2022-07-29,1.7575692927568332
2022-08-01,1.4715625076354932
2022-08-02,-1.1088697814469195
2022-08-03,-0.5365243921747198
2022-08-04,-1.1581417915528247
2022-08-05,1.2743956570584691
2022-08-08,4.097553995681746
2022-08-09,6.310751773213674
2022-08-10,5.518334833866834
2022-08-11,5.398347477381282
2022-08-12,5.487060845334479
2022-08-15,4.7393058307056535
2022-08-16,4.498235557355246
2022-08-17,3.074064609713245
2022-08-18,3.902918921690657
2022-08-19,2.8403572485845796
2022-08-22,4.888073937594339
2022-08-23,3.9644996828067436
2022-08-24,-0.8454646416506395
2022-08-25,-1.8725677246979822
2022-08-26,-1.9284168714677752
2022-08-29,-2.2162887072996296
2022-08-30,0.26932953073650623
2022-08-31,-2.3989505123736987
2022-09-01,-3.494264437981076
2022-09-02,-4.417147824217338
2022-09-05,-5.365207170184938
2022-09-06,-3.9924224505990535
2022-09-07,-3.446381146996369
2022-09-08,-5.447768131389874
2022-09-09,-4.361083380730324
2022-09-13,-5.209343035628466
2022-09-14,-6.758875047685075
2022-09-15,-9.680942942812232
2022-09-16,-11.837047158111513
2022-09-19,-11.536591840335397
2022-09-20,-11.064510181590192
2022-09-21,-11.297785912438341
2022-09-22,-7.843490810586784
2022-09-23,-9.301507487052618
2022-09-26,-9.979510128126634
2022-09-27,-8.709747638718612
2022-09-28,-10.973817244654938
2022-09-29,-7.7319505087358635
2022-09-30,-8.816843447070255
2022-10-10,-11.691696178512334
2022-10-11,-11.388046114114692
2022-10-12,-10.506216040172223
2022-10-13,-10.214620491626103
2022-10-14,-7.113748219613935
2022-10-17,-6.380601132929842
2022-10-18,-5.729566332359393
2022-10-19,-5.394371134916353
2022-10-20,-2.8626559194081302
2022-10-21,-0.7547732887460135
2022-10-24,-0.33390254891346727
2022-10-25,-1.9492493155761847
2022-10-26,0.1711152680978545
2022-10-27,-0.395620669560659
2022-10-28,-1.944658309923808
2022-10-31,0.14365349121541193
2022-11-01,0.4687574105553871
2022-11-02,5.0458701490205815
2022-11-03,5.4274282464485735
2022-11-04,9.547652152727814
2022-11-07,12.183751399949694
2022-11-08,11.25404418158813
2022-11-09,7.805289086581202
2022-11-10,5.6153807705979775
2022-11-11,3.6997733521145992
2022-11-14,1.9654748724173388
2022-11-15,3.7490782443731607
2022-11-16,3.7283601476159056
2022-11-17,4.4294308282486705
2022-11-18,3.514669772230894
2022-11-21,4.874130278062205
2022-11-22,3.5787087856933297
2022-11-23,1.1753762301339066
2022-11-24,1.9383374093557837
2022-11-25,4.362712886147668
2022-11-28,3.1798031442901165
2022-11-29,2.399137628378356
2022-11-30,1.0083985417702168
2022-12-01,1.3946613876598457
2022-12-02,-0.43375024662258843
2022-12-05,0.010865942642879212
2022-12-06,0.12839815143226296
2022-12-07,0.43857647322436133
2022-12-08,0.8940290932336614
2022-12-09,0.5553338093789106
2022-12-12,0.8486521021406235
2022-12-13,-2.352386541975715
2022-12-14,-1.969887978900764
2022-12-15,-1.7417966942752994
2022-12-16,-2.0870537901707786
2022-12-19,-4.463161561851948
2022-12-20,-3.670687224022373
2022-12-21,-4.245700064193125
2022-12-22,-6.071634219024258
2022-12-23,-5.3963154693681625
2022-12-26,-3.345098319469586
2022-12-27,-4.074635415541172
2022-12-28,-4.883549653311281
2022-12-29,-5.956321662482866
2022-12-30,-5.971381212136773
2023-01-03,-4.3290112083536725
2023-01-04,-4.210837525488708
2023-01-05,-3.2782860773169276
2023-01-06,-2.4319338294159887
2023-01-09,-2.164936783790228
2023-01-10,-1.7349543442912618
2023-01-11,-1.6191686948120898
2023-01-12,-1.224472997282211
2023-01-13,-1.213136602743703
2023-01-16,1.1100576628092051
2023-01-17,3.234736972227137
2023-01-18,4.280030509100152
2023-01-19,6.152581115234579
2023-01-20,8.888479495242851
2023-01-30,10.156367287456835
2023-01-31,8.441544741663343
2023-02-01,9.344408323480424
2023-02-02,10.604826144221757
2023-02-03,10.591901804028758
2023-02-06,9.707559715996217
2023-02-07,7.793326255690003
2023-02-08,7.108368340520177
2023-02-09,7.92098945877282
2023-02-10,7.308473707057184
2023-02-13,7.901577558980111
2023-02-14,7.969911260216955
2023-02-15,8.89021665787022
2023-02-16,6.712820519300333
2023-02-17,5.38601901105471
2023-02-20,5.575942652192301
2023-02-21,5.956511127724151
2023-02-22,5.828285325657556
2023-02-23,4.354445826542874
2023-02-24,3.0870874918350166
2023-02-27,1.5890907960314449
2023-02-28,2.208552729297253
2023-03-01,1.2440968410404318
2023-03-02,0.5636698081240787
2023-03-03,0.6189679362363698
2023-03-06,1.5327974103424014
2023-03-07,-0.9961669456326261
2023-03-08,0.1996430592809295
2023-03-09,-1.5191146405520772
2023-03-10,-2.5388642893244273
2023-03-13,-3.1133026362385685
2023-03-14,-4.1294626641075975
2023-03-15,-3.6826947056834203
2023-03-16,-3.399478490407959
2023-03-17,-1.9244315650599697
2023-03-20,-3.418509305933537
2023-03-21,-2.5904362351566013
2023-03-22,-2.259129612188149
2023-03-23,-1.4059868002846643
2023-03-24,-1.1068948615544305
2023-03-27,-0.11033468987021733
2023-03-28,-1.871744957572652
2023-03-29,-2.805889228622649
2023-03-30,-2.3616518735221415
2023-03-31,-1.3222229238483707
2023-04-03,-0.49791880697511726
2023-04-04,1.4298189434271302
2023-04-06,1.3287599211986523
2023-04-07,2.176657819584671
2023-04-10,2.5046531126971416
2023-04-11,2.2176101967312345
2023-04-12,3.7100856502104262
2023-04-13,2.4008970241055305
2023-04-14,4.937555070922639
2023-04-17,4.1031878428479995
2023-04-18,4.10055591390226
2023-04-19,2.2936616963105116
2023-04-20,1.8065278816673969
2023-04-21,-1.3877521725119468
2023-04-24,-2.0774970169055273
2023-04-25,-4.115913988334386
2023-04-26,-2.9446361772718643
2023-04-27,-2.538662412870374
2023-04-28,-1.2389028064126562
2023-05-04,-2.062868739374246
2023-05-05,-4.431808728177611
2023-05-08,-3.6077883182417225
2023-05-09,-5.318464708676096
2023-05-10,-5.900688160644963
2023-05-11,-4.965886485359805
2023-05-12,-6.417366749091958
2023-05-15,-6.197195411724088
2023-05-16,-6.466791396967986
2023-05-17,-6.625467979824718
2023-05-18,-6.117905142516378
2023-05-19,-5.6417045331035975
2023-05-22,-5.305969182130921
2023-05-23,-6.252895468638798
2023-05-24,-3.8433591932315214
2023-05-25,-3.334743140298324
2023-05-26,-0.8606473408072524
2023-05-29,-1.3628976895780687
2023-05-30,-1.0405378307047353
2023-05-31,-2.404409914797112
2023-06-01,-2.3643083379618623
2023-06-02,-0.41141008070573193
2023-06-05,-1.0375874828435272
2023-06-06,-1.8425906553516391
2023-06-07,-2.0936695384496384
2023-06-08,-2.7185900547753605
2023-06-09,-0.6178143603711161
2023-06-12,-0.846498028472964
2023-06-13,0.5934068052173114
2023-06-14,0.35305369801117426
2023-06-15,0.45895962266542245
2023-06-16,1.0100650417079304
2023-06-19,1.4753612819338846
2023-06-20,2.5344655525068926
2023-06-21,0.540824770787518
2023-06-26,-1.2310029036917025
2023-06-27,-0.5978163629054456
2023-06-28,-0.8970087861609355
2023-06-29,-0.6768148757692272
2023-06-30,0.6155236564249433
2023-07-03,0.579896664175128
2023-07-04,0.18362793455404258
2023-07-05,-0.7316858867561282
2023-07-06,1.1905985617794546
2023-07-07,0.5065702277674111
2023-07-10,1.309588467761147
2023-07-11,1.2901974530648452
2023-07-12,-0.72240030360049
2023-07-13,-0.10135536059299177
2023-07-14,-0.5117493397964523
2023-07-17,-1.4725667391532915
2023-07-18,-2.38372887134245
2023-07-19,-3.002260917971844
2023-07-20,-4.259912364882701
2023-07-21,-2.2446651373175364
2023-07-24,-0.4232816691975838
2023-07-25,-0.1383682577438594
2023-07-26,-0.28185446540462955
2023-07-27,-1.7253454285160674
2023-07-28,-2.0699807629075417
2023-07-31,-1.4673748115119012
2023-08-01,-1.9738757879082969
2023-08-02,-1.3425777371053549
2023-08-03,-1.0283735132221583
2023-08-04,0.21307454741690268
2023-08-07,-0.3503894427265841
2023-08-08,-1.641876170657386
2023-08-09,-0.9565020394072365
2023-08-10,-1.8554198899078278
2023-08-11,-3.664533447400309
2023-08-14,-3.0254106461077734
2023-08-15,-3.8141244144942354
2023-08-16,-4.712405542850762
2023-08-17,-2.5146628213464917
2023-08-18,-4.441351170884545
2023-08-21,-5.26483978885901
2023-08-22,-6.141235647254229
2023-08-23,-7.48897964126699
2023-08-24,-6.548213519681112
2023-08-25,-9.06906996271818
2023-08-28,-9.111428709377945
2023-08-29,-6.126144702309022
2023-08-30,-5.486368257793206
2023-08-31,-6.0811874086936
2023-09-01,-6.550899863847571
2023-09-04,-4.692820129820452
2023-09-05,-4.69303256368182
2023-09-06,-3.5133906728957554
2023-09-07,-5.342069792526438
2023-09-08,-3.2063249843123365
2023-09-11,-2.1641903031000997
2023-09-12,-1.2317244492032309
2023-09-13,-1.3459501643515726
2023-09-14,-2.8633070059482457
2023-09-15,-0.6219312088586282
2023-09-18,0.4424243740988709
2023-09-19,-1.1174130722960474
2023-09-20,0.14876446746456828
2023-09-21,-0.8066595164371582
2023-09-22,2.9920105143933062
2023-09-25,1.776920410666949
2023-09-26,-1.8440488787337839
2023-09-27,-1.7194205543285213
2023-09-28,-0.4152879039124979
2023-10-09,-0.7734232233051586
2023-10-10,-2.5050274955695673
2023-10-11,-1.7549769951794136
2023-10-12,-1.4676574948686127
2023-10-13,-0.02668698702240624
2023-10-16,-1.280279390293948
2023-10-17,-2.7702309787142276
2023-10-18,-4.472367358567375
2023-10-19,-4.264126792500312
2023-10-20,-4.850997157865322
2023-10-23,-7.253206382193889
2023-10-24,-5.99356255781176
2023-10-25,-4.180650984068812
2023-10-26,-2.856071027011209
2023-10-27,-0.386983182448819
2023-10-30,-0.798833624426798
2023-10-31,-0.9631443029323838
2023-11-01,-0.6286175117789616
2023-11-02,-2.466228172554774
2023-11-03,-1.740070057223253
2023-11-06,0.6040364819922761
2023-11-07,1.2124683228952104
2023-11-08,1.3126098561485167
2023-11-09,-0.06164185839464542
2023-11-10,0.11004024455785189
2023-11-13,1.996481152834284
2023-11-14,2.838118526662581
2023-11-15,5.06533022968132
2023-11-16,5.173106500437319
2023-11-17,7.3585772870225385
2023-11-20,10.91033238962904
2023-11-21,8.616445090604884
2023-11-22,6.126863346148226
2023-11-23,6.638927526042027
2023-11-24,3.3587917058123695
2023-11-27,1.7448475617263037
2023-11-28,2.914227738996922
2023-11-29,2.600492365607532
2023-11-30,3.3184708583503975
2023-12-01,2.6264793868981062
2023-12-04,0.29234637610544567
2023-12-05,-2.029778231009971
2023-12-06,-1.8754726896805018
2023-12-07,-1.309072613702622
2023-12-08,-1.4028739775719945
2023-12-11,-1.131963160185312
2023-12-12,-1.6659663516197964
2023-12-13,-3.024111510059213
2023-12-14,-2.4944580283265627
2023-12-15,-3.9944894427012323
2023-12-18,-6.337005200922219
2023-12-19,-5.611334285771774
2023-12-20,-6.060001528786129
2023-12-21,-6.431820040697856
2023-12-22,-6.238313942528628
2023-12-25,-6.146561969042475
2023-12-26,-8.004054497406631
2023-12-27,-6.824479345748314
2023-12-28,-4.522946701999009
2023-12-29,-3.96107634341053
2024-01-02,-4.246426701484629
2024-01-03,-2.81276059743214
2024-01-04,-3.997276737242894
2024-01-05,-5.730460369719093
2024-01-08,-7.655472503697447
2024-01-09,-8.58879445793599
2024-01-10,-9.325912846145702
2024-01-11,-6.785191412299374
2024-01-12,-6.965609006068119
2024-01-15,-6.590232546362362
2024-01-16,-5.421390098817036
2024-01-17,-8.091019184155568
2024-01-18,-6.732639714739985
2024-01-19,-8.48307061738478
2024-01-22,-12.784913621491267
2024-01-23,-11.438728868061599
2024-01-24,-8.991817397597778
2024-01-25,-6.67055630418848
2024-01-26,-9.22849020892521
2024-01-29,-12.841146990055597
2024-01-30,-14.861261183954333
2024-01-31,-17.84002686243995
2024-02-01,-17.855245243593075
2024-02-02,-19.40058026264485
2024-02-05,-22.5577377917443
2024-02-06,-17.30247770538743
2024-02-07,-12.957440333743309
2024-02-08,-11.014037513293484
2024-02-19,-9.774997279573016
2024-02-20,-9.234200025326588
2024-02-21,-8.412206494475715
2024-02-22,-4.408646114053171
2024-02-23,-2.749721643959624
2024-02-26,-0.9721148323317719
2024-02-27,7.862701130467542
2024-02-28,1.4257018447105807
2024-02-29,3.9117528265987467
2024-03-01,1.6128904225672702
2024-03-04,3.0090717904173614
2024-03-05,4.752942584223918
2024-03-06,7.960400828156811
2024-03-07,10.830535720555257
2024-03-08,13.049896242327996
2024-03-11,19.498159560914253
2024-03-12,28.028565575283615
2024-03-13,20.236268946446035
2024-03-14,14.35645407180257
2024-03-15,11.266329169230715
2024-03-18,12.29575531076006
2024-03-19,11.126871851932352
2024-03-20,11.54378370626359
2024-03-21,9.836780083168616
2024-03-22,7.084548416827796
2024-03-25,4.008552200117665
2024-03-26,0.9958075534634236
2024-03-27,2.2161791499033523
2024-03-28,0.7040950377401156
2024-03-29,0.7279033896603782
2024-04-01,2.40810645531937
2024-04-02,2.90077543588374
2024-04-03,2.219987305672344
2024-04-08,1.8222357099005437
2024-04-09,1.8348636153112663
2024-04-10,-1.82184302969709
2024-04-11,-2.118494777803037
2024-04-12,-3.3144108249946402
2024-04-15,-3.6294413084160926
2024-04-16,-8.801576962037993
2024-04-17,-6.383758022314301
2024-04-18,-5.72015349367383
2024-04-19,-6.9756858883092026
2024-04-22,-7.284857654784604
2024-04-23,-6.745262161222465
2024-04-24,-2.9354719115399663
2024-04-25,-2.4553703691602258
2024-04-26,2.8427790457941526
2024-04-29,3.028449345488604
2024-04-30,1.0322976094343517
2024-05-06,0.859604626735444
2024-05-07,1.704623217983725
2024-05-08,0.6495724065677333
2024-05-09,4.202108892532896
2024-05-10,1.925814882081922
2024-05-13,2.8647385143552917
2024-05-14,3.192611601152917
2024-05-15,2.9682066046234246
2024-05-16,3.809627648091163
2024-05-17,9.800758483907712
2024-05-20,5.850089011610371
2024-05-21,4.729313030281634
2024-05-22,5.228918204393351
2024-05-23,3.1784083122760265
2024-05-24,2.5233577539073515
2024-05-27,1.8661201957144602
2024-05-28,0.6406358616676933
2024-05-29,-1.194354536450637
2024-05-30,-3.8039653002237217
2024-05-31,-2.5870341639438355
2024-06-03,-5.746871821740063
2024-06-04,-5.539719068859861
2024-06-05,-5.284302415668051
2024-06-06,-8.814132147096586
2024-06-07,-7.546246729594319
2024-06-11,-5.830324924787222
2024-06-12,-6.038051470267069
2024-06-13,-5.766520910358041
2024-06-14,-5.616646620316534
2024-06-17,-6.817318928514737
2024-06-18,-6.602424695412212
2024-06-19,-6.804543471184443
2024-06-20,-8.72835925282559
2024-06-21,-6.604515864797145
2024-06-24,-8.641514535605666
2024-06-25,-10.306101684415747
2024-06-26,-6.762218000563314
2024-06-27,-9.103792226283325
2024-06-28,-8.216809049096973
2024-07-01,-7.74876816686495
2024-07-02,-7.171256246140212
2024-07-03,-8.404214157044375
2024-07-04,-9.19544764824659
2024-07-05,-6.238229455581735
2024-07-08,-8.918485838222146
2024-07-09,-7.729670164378277
2024-07-10,-8.411455725902805
2024-07-11,-5.533367912197518
2024-07-12,-5.841578258702729
2024-07-15,-6.874377190383029
2024-07-16,-7.471146132514472
2024-07-17,-7.061459077136611
2024-07-18,-4.820121316697357
2024-07-19,-4.626998946004135
2024-07-22,-1.24608180774205
2024-07-23,-3.149141145949297
2024-07-24,-7.126864018632828
2024-07-25,-4.759760082342302
2024-07-26,-3.960527345365239
2024-07-29,-5.15361670876745
2024-07-30,-4.141312821418941
2024-07-31,0.4509451827961364
2024-08-01,2.444859874318217
2024-08-02,-0.0188077065616854
2024-08-05,-0.3235963763511762
2024-08-06,-0.982200902327035
2024-08-07,-0.7173290761500528
2024-08-08,-3.1490330767516284
2024-08-09,-3.593142667838878
2024-08-12,-3.1796446861415917
2024-08-13,-2.8765908720259525
2024-08-14,-3.0516406667111973
2024-08-15,-2.50551369482791
2024-08-16,-3.438234112931038
2024-08-19,-3.382298591636357
2024-08-20,-2.463249628191122
2024-08-21,-1.7867955444978212
2024-08-22,-3.0377868061781
2024-08-23,-4.3966946542806635
2024-08-26,-3.6868493919631984
2024-08-27,-5.163460798673658
2024-08-28,-8.560517317703509
2024-08-29,-6.884079643497943
2024-08-30,-3.7541322938194344
2024-09-02,-3.1260488188009417
2024-09-03,-3.7379283379733175
2024-09-04,-4.061219671080507
2024-09-05,-3.2221165920838124
2024-09-06,-4.1362478210333675
2024-09-09,-4.248307220187364
2024-09-10,-4.470600622132325
2024-09-11,-3.5117664711151853
2024-09-12,-4.7551900792742625
2024-09-13,-5.207944178116952
2024-09-18,-5.671117029651763
2024-09-19,-2.1188699828867175
2024-09-20,-1.866828586306457
2024-09-23,-0.5055078552233194
2024-09-24,3.274806183348966
2024-09-25,3.841557954066266
2024-09-26,9.293312316280279
2024-09-27,14.89505061133305
2024-09-30,25.676861215203537
2024-10-08,33.97185914690053
2024-10-09,26.362088858182364
2024-10-10,23.666641369942298
2024-10-11,19.02948197971872
2024-10-14,22.43348729096808
2024-10-15,22.15832202456658
2024-10-16,23.432369987788036
2024-10-17,22.685733086830506
2024-10-18,28.16374590264761
2024-10-21,31.145826011645017
2024-10-22,33.43677784617882
2024-10-23,34.19867122914122
2024-10-24,30.773600974826508
2024-10-25,33.865828003282104
2024-10-28,36.0910101436686
2024-10-29,28.890943024789962
2024-10-30,28.44676256008418
2024-10-31,25.49235585962064
2024-11-01,15.454107832801256
2024-11-04,6.030763804353612
2024-11-05,1.0409069972979967
2024-11-06,9.879094804256038
2024-11-07,13.25287382869571
2024-11-08,18.578717644666256
2024-11-11,17.152615757204416
2024-11-12,17.88206034751969
2024-11-13,17.199415465029432
2024-11-14,13.923534680930928
2024-11-15,6.541139414051189
2024-11-18,1.944972564192593
2024-11-19,4.100485551014454
2024-11-20,5.881595573992793
2024-11-21,6.833122700864225
2024-11-22,0.9302167400518924
2024-11-25,-0.4925775733223947
2024-11-26,-0.03787703821581667
2024-11-27,1.6499530048706967
2024-11-28,-0.4999130898689863
2024-11-29,4.36569268058471
2024-12-02,4.303507306886578
2024-12-03,0.5861845056084558
2024-12-04,-1.4022849099518342
2024-12-05,-1.8475690856417093
2024-12-06,-1.1443127412640974
2024-12-09,-4.191109191064046
2024-12-10,-2.0017337412237657
2024-12-11,-0.417331716028857
2024-12-12,3.474932388459906
2024-12-13,3.746228519716044
2024-12-16,5.070812272359704
2024-12-17,0.22280857163436973
2024-12-18,-0.8788502993751446
2024-12-19,-0.8779424570840022
2024-12-20,4.000754035137666
2024-12-23,0.7311906635429022
2024-12-24,3.055896747106468
2024-12-25,-0.39186661610224327
2024-12-26,1.221911911453355
2024-12-27,-0.2837605093163664
2024-12-30,-2.6558460387077876
2024-12-31,-5.48220656947932
2025-01-02,-6.5730770078728185
2025-01-03,-10.506421446720282
2025-01-06,-11.679227599895691
2025-01-07,-9.69704449217732
2025-01-08,-11.006582295878564
2025-01-09,-12.014112287321177
2025-01-10,-14.564075643604601
2025-01-13,-12.51797426597937
2025-01-14,-7.430672978589836
2025-01-15,-5.995704452755712
2025-01-16,-6.368157280052966
2025-01-17,-5.890179353730362
2025-01-20,-6.259871641632831
2025-01-21,-3.0896673080471504
2025-01-22,-5.006540418912875
2025-01-23,-4.358775396260739
2025-01-24,-3.608853818156643
2025-01-27,-5.274135234378874
2025-02-05,-4.303522592519792
2025-02-06,1.4118914539951621
2025-02-07,5.812667357703161
2025-02-10,10.405624039924554
2025-02-11,10.380455226879493
2025-02-12,10.410495989048574
2025-02-13,9.726933368808632
2025-02-14,10.15472027152262
2025-02-17,13.285143121560129
2025-02-18,10.480589660260042
2025-02-19,8.216658439531077
2025-02-20,9.675985451065984
2025-02-21,11.168569637890634
2025-02-24,10.655551644507732
2025-02-25,9.461894105601477
2025-02-26,10.432969849103845
2025-02-27,10.99418479917642
2025-02-28,7.572194351484951
2025-03-03,5.650596978331612
2025-03-04,8.750480622139811
2025-03-05,8.786975617487736
2025-03-06,8.1620485515846
2025-03-07,6.09238147460216
2025-03-10,4.998358357188848
2025-03-11,5.8408730649715634
2025-03-12,4.492835172749832
2025-03-13,4.094233094816246
2025-03-14,5.158341127453436
2025-03-17,4.903231293063892
2025-03-18,7.648611932848137
2025-03-19,4.391292462831919
2025-03-20,3.16758725427857
2025-03-21,-0.6763119659641714
2025-03-24,-1.6039901463848372
2025-03-25,-1.937156196159362
2025-03-26,-2.904448446545871
2025-03-27,-2.6273222428803034
2025-03-28,-0.0334459329397907
2025-03-31,-0.7494991089665115
2025-04-01,-1.5437188937628465
2025-04-02,-1.8908911939335749
2025-04-03,-5.075984192187177
2025-04-07,-15.54023351644026
2025-04-08,-15.196408204451096
2025-04-09,-13.727721337164766
2025-04-10,-11.913909309652638
2025-04-11,-9.350197017840634
2025-04-14,-9.627576711711349
2025-04-15,-10.251615224099375
2025-04-16,-11.745114279328861
2025-04-17,-11.045674191388589
2025-04-18,-10.763103042443788
2025-04-21,-7.071512772161781
2025-04-22,-6.462371861434102
2025-04-23,-5.168641939888074
2025-04-24,-6.542006918269694
2025-04-25,-6.150715151206798
2025-04-28,-6.2419390301205695
2025-04-29,-5.191678708457115
2025-04-30,-4.942370806998497
2025-05-06,-2.7771891887810263
2025-05-07,-1.4792616201456665
2025-05-08,12.037507459142628
2025-05-09,9.983018322053105
2025-05-12,9.113591610171845
2025-05-13,6.334499034874641
2025-05-14,5.086532884072148
2025-05-15,1.9956045659948352
2025-05-16,2.6054642346504897
2025-05-19,4.455413798800012
2025-05-20,5.247869622592871
2025-05-21,5.152780064375562
2025-05-22,1.9061416373186146
2025-05-23,0.6784464819572511
2025-05-26,0.7386111577726728
2025-05-27,1.486067610491415
2025-05-28,0.7568580538089398
2025-05-29,3.6161162715363293
2025-05-30,2.0865855655738397
2025-06-03,2.015420907108556
2025-06-04,0.3318066275169951
2025-06-05,0.9084569918461627
2025-06-06,-0.08497457339525782
2025-06-09,2.2505781203169484
2025-06-10,-0.09353444430598712
2025-06-11,0.5771800266031191
2025-06-12,0.5170192951244434
2025-06-13,0.8085242092926714
2025-06-16,1.3075474078323879
2025-06-17,0.7568326534994174
2025-06-18,-0.1729705708897633
2025-06-19,-1.3691148609135229
2025-06-20,-1.0964485585482353
2025-06-23,1.4783305779251688
2025-06-24,2.751464345367971
2025-06-25,4.455442899768713
2025-06-26,4.400321653312589
2025-06-27,3.0767239725552065
2025-06-30,5.46947153254238
2025-07-01,5.003776912851654
2025-07-02,3.0427317736624104
2025-07-03,2.847781347179823
2025-07-04,2.5898915113181875
2025-07-07,1.7394425376690892
2025-07-08,3.9925024488809635
2025-07-09,3.2967412559212317
2025-07-10,3.4615646730897787
2025-07-11,5.815442471638943
2025-07-14,5.12154776118916
2025-07-15,4.907060988867085
2025-07-16,5.32447690575546
2025-07-17,8.059340656397286
2025-07-18,9.208672110570726
2025-07-21,8.786063833399727
2025-07-22,7.142233334291137
2025-07-23,5.274824425380631
2025-07-24,7.255828500025041
2025-07-25,6.845257160685692
2025-07-28,5.880853335634084
2025-07-29,6.277548951853107
2025-07-30,6.4822768303530065
2025-07-31,5.022329825539473
2025-08-01,5.675922704942349
2025-08-04,6.520397291730107
2025-08-05,5.926980698964313
2025-08-06,7.3679077056280295
2025-08-07,7.11117124384717
2025-08-08,5.83538743412364
2025-08-11,7.452936569027058
2025-08-12,8.083042338200851
2025-08-13,9.320102574054134
2025-08-14,6.744773103873825
2025-08-15,8.629737566612693
2025-08-18,9.457326300396375
2025-08-19,9.12666044758832
2025-08-20,10.567853045607677
2025-08-21,8.24075527672985
2025-08-22,9.78631260163667
2025-08-25,11.110718176089396
2025-08-26,10.371935345869442
2025-08-27,9.198829574877632
2025-08-28,11.798557740361627
2025-08-29,11.516496883578853
2025-09-01,11.298061086931321
2025-09-02,7.755481466864156
2025-09-03,5.036454340761298
2025-09-04,2.6085805152283426
2025-09-05,5.959774177439958
2025-09-08,5.286593486467028
2025-09-09,3.7683997569651684
2025-09-10,2.347481055503353
2025-09-11,6.068926519254858
2025-09-12,4.290600089702834
2025-09-15,2.4589540142979427
2025-09-16,3.3243656840358904
2025-09-17,3.41321635637164
2025-09-18,3.0752592711424276
2025-09-19,1.021998061752405
2025-09-22,0.1571386389020768
2025-09-23,-0.9148451824947501
2025-09-24,2.694999018333477
2025-09-25,0.7976557241982984
2025-09-26,-0.5523468979368396
2025-09-29,-0.04422656195185448
2025-09-30,3.569659528569935
2025-10-09,6.121605425751908
2025-10-10,6.996944989588627
2025-10-13,3.7829036305422337
2025-10-14,0.8496458565377063
2025-10-15,3.5624178412712038
2025-10-16,2.374352916124578
2025-10-17,-2.8974408171240085
2025-10-20,-2.4747778639796603
2025-10-21,-0.9645150593998064
2025-10-22,-2.290576113869469
2025-10-23,-3.265644249940025
2025-10-24,-0.7646298313012112
2025-10-27,0.7689291345889027
2025-10-28,-0.1369574682263619
2025-10-29,2.1739524540882016
2025-10-30,-0.6521907377222025
2025-10-31,0.002160790409155844
2025-11-03,1.8996512566647805
2025-11-04,-0.8282395489639383
2025-11-05,-1.4534711066777395
2025-11-06,-1.2581294717349256
2025-11-07,0.10695636334612235
2025-11-10,0.5783413191340125
2025-11-11,2.2736381326835975
2025-11-12,0.03912099888701004
2025-11-13,2.549891158783213
2025-11-14,4.415553086161372
2025-11-17,3.921592273273311
2025-11-18,1.416846907892788
2025-11-19,1.02565982103906
2025-11-20,0.4421478022630154
2025-11-21,-4.738119098852667
2025-11-24,-4.522445290354815
2025-11-25,-3.0654783432659483
2025-11-26,-4.236532477962751
2025-11-27,-3.041125198741901
2025-11-28,-2.2974873587833455
2025-12-01,-2.0089457875014927
2025-12-02,-1.6481607967840928
2025-12-03,-2.901449017846691
2025-12-04,-4.014558113921495
2025-12-05,-2.6437128789407627
2025-12-08,-1.853796120941864
2025-12-09,-2.124545024520641
2025-12-10,-1.043662430767911
2025-12-11,-3.6700915581337257
2025-12-12,-1.7568889045809
2025-12-15,-2.844558604606895
2025-12-16,-3.5778342792814333
2025-12-17,-1.332979857451977
2025-12-18,-0.9265066028039448
2025-12-19,3.708456623035783
2025-12-22,3.5204851707389295
2025-12-23,1.9651633044329264
2025-12-24,3.558450967351101
2025-12-25,4.435785607459586
2025-12-26,3.6993788165069708
2025-12-29,2.808790540585271
2025-12-30,3.885055170269336
2025-12-31,4.787491477281347
2026-01-05,6.969879787253852
2026-01-06,7.114900112119971
2026-01-07,6.511794308918639
2026-01-08,8.007567423361595
2026-01-09,9.731577284285219
2026-01-12,14.291796854571249
2026-01-13,11.290159998011662
2026-01-14,12.971460488686827
2026-01-15,14.74813621439175
2026-01-16,12.951362062877724
2026-01-19,13.657712340010209
2026-01-20,11.636686358548353
2026-01-21,11.329528652862564
2026-01-22,12.403585705163644
2026-01-23,12.847234221272053
2026-01-26,10.370973527369799
2026-01-27,10.211299018099961
2026-01-28,10.608633018211687
2026-01-29,9.673275989269348
2026-01-30,8.684017037149827
2026-02-02,2.8572572699087306
2026-02-03,4.376374158645113
2026-02-04,3.803246114040726
2026-02-05,1.2103986248061194
2026-02-06,-0.9546949434562468
2026-02-09,-1.4745990453261082
2026-02-10,0.5749925269403544
2026-02-11,-0.2138577330765279
2026-02-12,0.8986666800311127
2026-02-13,-0.33889004464170425
2026-02-24,0.4128449146541202
2026-02-25,2.9767392931683734
