date,000852.SH_换手率均值_20日
2014-11-13,3.8814450000000003
2014-11-14,3.79812
2014-11-17,3.7632000000000003
2014-11-18,3.7246
2014-11-19,3.7179049999999996
2014-11-20,3.6946199999999996
2014-11-21,3.7208300000000003
2014-11-24,3.7996749999999997
2014-11-25,3.8374900000000003
2014-11-26,3.82868
2014-11-27,3.8484849999999993
2014-11-28,3.9056599999999997
2014-12-01,3.937325
2014-12-02,3.9553350000000003
2014-12-03,4.07751
2014-12-04,4.209820000000001
2014-12-05,4.341185
2014-12-08,4.459155
2014-12-09,4.586705
2014-12-10,4.669415
2014-12-11,4.733305
2014-12-12,4.831605000000001
2014-12-15,4.938174999999999
2014-12-16,5.032505
2014-12-17,5.117215
2014-12-18,5.16734
2014-12-19,5.22912
2014-12-22,5.27034
2014-12-23,5.203255
2014-12-24,5.10778
2014-12-25,5.000635000000001
2014-12-26,4.90523
2014-12-29,4.868119999999999
2014-12-30,4.822825
2014-12-31,4.678694999999999
2015-01-05,4.581915
2015-01-06,4.449885
2015-01-07,4.334665
2015-01-08,4.154365
2015-01-09,4.082625
2015-01-12,3.97485
2015-01-13,3.8715649999999995
2015-01-14,3.7466750000000006
2015-01-15,3.6275500000000003
2015-01-16,3.531315
2015-01-19,3.5401650000000005
2015-01-20,3.5079000000000002
2015-01-21,3.476585
2015-01-22,3.5410199999999996
2015-01-23,3.619265
2015-01-26,3.68396
2015-01-27,3.7521950000000004
2015-01-28,3.754275
2015-01-29,3.7459900000000004
2015-01-30,3.7698750000000003
2015-02-02,3.70839
2015-02-03,3.6664000000000003
2015-02-04,3.6620049999999997
2015-02-05,3.6804
2015-02-06,3.6921399999999998
2015-02-09,3.67196
2015-02-10,3.64943
2015-02-11,3.653295
2015-02-12,3.6806550000000002
2015-02-13,3.71997
2015-02-16,3.70442
2015-02-17,3.6942
2015-02-25,3.64852
2015-02-26,3.6175550000000003
2015-02-27,3.6059449999999997
2015-03-02,3.676585
2015-03-03,3.7445449999999996
2015-03-04,3.8019949999999993
2015-03-05,3.9097649999999993
2015-03-06,3.98026
2015-03-09,4.05094
2015-03-10,4.123045
2015-03-11,4.188785
2015-03-12,4.231364999999999
2015-03-13,4.271154999999999
2015-03-16,4.461930000000001
2015-03-17,4.7263399999999995
2015-03-18,4.9543
2015-03-19,5.1741399999999995
2015-03-20,5.318465
2015-03-23,5.51564
2015-03-24,5.794415
2015-03-25,6.00647
2015-03-26,6.18215
2015-03-27,6.24908
2015-03-30,6.3005
2015-03-31,6.330135
2015-04-01,6.390955
2015-04-02,6.502600000000001
2015-04-03,6.6342799999999995
2015-04-07,6.806415000000001
2015-04-08,6.972475
2015-04-09,7.107485000000001
2015-04-10,7.182145
2015-04-13,7.33535
2015-04-14,7.394145
2015-04-15,7.355544999999999
2015-04-16,7.282825000000001
2015-04-17,7.26058
2015-04-20,7.29995
2015-04-21,7.234655000000001
2015-04-22,7.158455000000001
2015-04-23,7.162375
2015-04-24,7.156135000000001
2015-04-27,7.234255
2015-04-28,7.2516250000000015
2015-04-29,7.193910000000001
2015-04-30,7.162270000000001
2015-05-04,7.049760000000001
2015-05-05,6.97663
2015-05-06,6.861645
2015-05-07,6.691470000000001
2015-05-08,6.58061
2015-05-11,6.595454999999999
2015-05-12,6.59533
2015-05-13,6.5842
2015-05-14,6.594225
2015-05-15,6.6327300000000005
2015-05-18,6.59837
2015-05-19,6.554599999999999
2015-05-20,6.631715
2015-05-21,6.633495000000001
2015-05-22,6.692485
2015-05-25,6.770815000000001
2015-05-26,6.86215
2015-05-27,6.9653149999999995
2015-05-28,7.193225
2015-05-29,7.315479999999999
2015-06-01,7.410995
2015-06-02,7.519395
2015-06-03,7.66771
2015-06-04,7.83102
2015-06-05,8.01463
2015-06-08,8.10108
2015-06-09,8.0649
2015-06-10,8.04776
2015-06-11,8.059215
2015-06-12,8.128175
2015-06-15,8.227195
2015-06-16,8.249915000000001
2015-06-17,8.179945
2015-06-18,8.10384
2015-06-19,7.918355000000001
2015-06-23,7.7574
2015-06-24,7.602774999999999
2015-06-25,7.4581599999999995
2015-06-26,7.215599999999999
2015-06-29,7.131075
2015-06-30,7.15463
2015-07-01,7.08205
2015-07-02,6.963029999999999
2015-07-03,6.862205
2015-07-06,6.7812
2015-07-07,6.504549999999999
2015-07-08,6.314595
2015-07-09,6.20917
2015-07-10,5.99754
2015-07-13,5.840120000000001
2015-07-14,5.7661299999999995
2015-07-15,5.798715
2015-07-16,5.8335
2015-07-17,5.861665
2015-07-20,6.002905
2015-07-21,6.091635
2015-07-22,6.18806
2015-07-23,6.296290000000001
2015-07-24,6.493965
2015-07-27,6.571155
2015-07-28,6.571940000000001
2015-07-29,6.56112
2015-07-30,6.615810000000001
2015-07-31,6.586119999999999
2015-08-03,6.48118
2015-08-04,6.6390649999999996
2015-08-05,6.83713
2015-08-06,6.853109999999999
2015-08-07,7.039065000000001
2015-08-10,7.20291
2015-08-11,7.302345
2015-08-12,7.279660000000002
2015-08-13,7.281350000000001
2015-08-14,7.362845
2015-08-17,7.3481749999999995
2015-08-18,7.435644999999999
2015-08-19,7.449365
2015-08-20,7.38197
2015-08-21,7.217920000000001
2015-08-24,7.00347
2015-08-25,6.808775
2015-08-26,6.83356
2015-08-27,6.766250000000001
2015-08-28,6.83467
2015-08-31,6.8607249999999995
2015-09-01,6.802795000000001
2015-09-02,6.716445
2015-09-07,6.690900000000001
2015-09-08,6.584505
2015-09-09,6.518865000000001
2015-09-10,6.3433399999999995
2015-09-11,6.2082250000000005
2015-09-14,6.11941
2015-09-15,5.92609
2015-09-16,5.782525
2015-09-17,5.63781
2015-09-18,5.45111
2015-09-21,5.353105
2015-09-22,5.3473299999999995
2015-09-23,5.4103650000000005
2015-09-24,5.45999
2015-09-25,5.35411
2015-09-28,5.247285
2015-09-29,5.1022300000000005
2015-09-30,4.978065
2015-10-08,4.9792950000000005
2015-10-09,4.993125
2015-10-12,5.12149
2015-10-13,5.22011
2015-10-14,5.201335
2015-10-15,5.27422
2015-10-16,5.43617
2015-10-19,5.536495
2015-10-20,5.656255
2015-10-21,5.840895000000001
2015-10-22,5.870495
2015-10-23,6.035165
2015-10-26,6.189135
2015-10-27,6.27025
2015-10-28,6.36126
2015-10-29,6.409304999999999
2015-10-30,6.467435
2015-11-02,6.564830000000001
2015-11-03,6.610275
2015-11-04,6.791274999999999
2015-11-05,6.963655
2015-11-06,7.06306
2015-11-09,7.102029999999999
2015-11-10,7.175059999999999
2015-11-11,7.233605
2015-11-12,7.28913
2015-11-13,7.270925
2015-11-16,7.198715
2015-11-17,7.2492350000000005
2015-11-18,7.107305000000001
2015-11-19,7.051115
2015-11-20,7.032549999999999
2015-11-23,7.00577
2015-11-24,6.911405
2015-11-25,6.900515
2015-11-26,6.962010000000001
2015-11-27,7.023645
2015-11-30,7.069524999999999
2015-12-01,7.10779
2015-12-02,7.011715000000001
2015-12-03,6.84187
2015-12-04,6.746
2015-12-07,6.599469999999999
2015-12-08,6.474765
2015-12-09,6.33547
2015-12-10,6.18196
2015-12-11,6.017485000000001
2015-12-14,5.913675
2015-12-15,5.74283
2015-12-16,5.68605
2015-12-17,5.7166049999999995
2015-12-18,5.643885
2015-12-21,5.533525
2015-12-22,5.515680000000001
2015-12-23,5.469189999999999
2015-12-24,5.331905
2015-12-25,5.170375
2015-12-28,5.13076
2015-12-29,5.076575
2015-12-30,5.06557
2015-12-31,5.043195
2016-01-04,4.973599999999999
2016-01-05,5.009285
2016-01-06,4.97434
2016-01-07,4.804875
2016-01-08,4.8385
2016-01-11,4.8764199999999995
2016-01-12,4.8807100000000005
2016-01-13,4.847615
2016-01-14,4.8146
2016-01-15,4.69706
2016-01-18,4.580925
2016-01-19,4.523874999999999
2016-01-20,4.479815
2016-01-21,4.394325
2016-01-22,4.343835
2016-01-25,4.295615
2016-01-26,4.210179999999999
2016-01-27,4.20074
2016-01-28,4.12651
2016-01-29,4.07817
2016-02-01,4.025155
2016-02-02,3.902605
2016-02-03,3.82423
2016-02-04,3.9404600000000003
2016-02-05,3.817825
2016-02-15,3.705245
2016-02-16,3.6942
2016-02-17,3.7209600000000003
2016-02-18,3.738295
2016-02-19,3.7255300000000005
2016-02-22,3.769495
2016-02-23,3.7732
2016-02-24,3.78324
2016-02-25,3.844615
2016-02-26,3.8781800000000004
2016-02-29,3.9094349999999998
2016-03-01,3.8986400000000003
2016-03-02,3.935645
2016-03-03,4.037435
2016-03-04,4.10202
2016-03-07,4.141585000000001
2016-03-08,4.197725
2016-03-09,4.208550000000001
2016-03-10,4.1712299999999995
2016-03-11,4.151225
2016-03-14,4.220875
2016-03-15,4.192394999999999
2016-03-16,4.125755
2016-03-17,4.1234
2016-03-18,4.238104999999999
2016-03-21,4.3350550000000005
2016-03-22,4.389855
2016-03-23,4.404955
2016-03-24,4.40811
2016-03-25,4.411225
2016-03-28,4.456095
2016-03-29,4.469975
2016-03-30,4.4551099999999995
2016-03-31,4.441115000000001
2016-04-01,4.414695
2016-04-05,4.488670000000001
2016-04-06,4.53327
2016-04-07,4.625954999999999
2016-04-08,4.701515
2016-04-11,4.814785
2016-04-12,4.83202
2016-04-13,4.95498
2016-04-14,5.034055
2016-04-15,5.0268
2016-04-18,4.930755
2016-04-19,4.79522
2016-04-20,4.81902
2016-04-21,4.774205
2016-04-22,4.662675
2016-04-25,4.601895000000001
2016-04-26,4.50775
2016-04-27,4.46858
2016-04-28,4.4076900000000006
2016-04-29,4.289734999999999
2016-05-03,4.268230000000001
2016-05-04,4.200555
2016-05-05,4.102565
2016-05-06,4.08023
2016-05-09,4.04796
2016-05-10,3.9293500000000003
2016-05-11,3.84062
2016-05-12,3.6900850000000007
2016-05-13,3.5844350000000005
2016-05-16,3.500515
2016-05-17,3.4510549999999993
2016-05-18,3.4176899999999995
2016-05-19,3.2537749999999996
2016-05-20,3.1883299999999997
2016-05-23,3.180695
2016-05-24,3.1695599999999997
2016-05-25,3.157365
2016-05-26,3.1349
2016-05-27,3.09475
2016-05-30,3.078265
2016-05-31,3.10197
2016-06-01,3.133365
2016-06-02,3.1714849999999997
2016-06-03,3.14787
2016-06-06,3.1394399999999996
2016-06-07,3.1898
2016-06-08,3.2351299999999994
2016-06-13,3.309045
2016-06-14,3.33226
2016-06-15,3.4088900000000004
2016-06-16,3.4730149999999993
2016-06-17,3.53784
2016-06-20,3.587725
2016-06-21,3.66064
2016-06-22,3.68943
2016-06-23,3.75578
2016-06-24,3.871
2016-06-27,3.9371650000000002
2016-06-28,4.046919999999999
2016-06-29,4.16289
2016-06-30,4.152575000000001
2016-07-01,4.110945
2016-07-04,4.124145
2016-07-05,4.144975
2016-07-06,4.18283
2016-07-07,4.2646250000000006
2016-07-08,4.289289999999999
2016-07-11,4.295610000000001
2016-07-12,4.37425
2016-07-13,4.39595
2016-07-14,4.369885
2016-07-15,4.33686
2016-07-18,4.330235
2016-07-19,4.2893799999999995
2016-07-20,4.28039
2016-07-21,4.263225
2016-07-22,4.19428
2016-07-25,4.14724
2016-07-26,4.067585
2016-07-27,4.11037
2016-07-28,4.09337
2016-07-29,4.05002
2016-08-01,3.9681149999999996
2016-08-02,3.83912
2016-08-03,3.7544000000000004
2016-08-04,3.644735
2016-08-05,3.581415
2016-08-08,3.501795
2016-08-09,3.4395350000000002
2016-08-10,3.36806
2016-08-11,3.3212400000000004
2016-08-12,3.2694449999999997
2016-08-15,3.310235
2016-08-16,3.3512399999999998
2016-08-17,3.368265
2016-08-18,3.3849600000000004
2016-08-19,3.3746700000000005
2016-08-22,3.3820150000000004
2016-08-23,3.371085
2016-08-24,3.2386749999999997
2016-08-25,3.214265
2016-08-26,3.225775
2016-08-29,3.2238700000000002
2016-08-30,3.2495
2016-08-31,3.2464649999999997
2016-09-01,3.2491700000000003
2016-09-02,3.2475099999999997
2016-09-05,3.2378750000000003
2016-09-06,3.2415100000000003
2016-09-07,3.26633
2016-09-08,3.26875
2016-09-09,3.29432
2016-09-12,3.247165
2016-09-13,3.16887
2016-09-14,3.105765
2016-09-19,3.018545
2016-09-20,2.966785
2016-09-21,2.905225
2016-09-22,2.8874950000000004
2016-09-23,2.87468
2016-09-26,2.85278
2016-09-27,2.82114
2016-09-28,2.793795
2016-09-29,2.767925
2016-09-30,2.73956
2016-10-10,2.744405
2016-10-11,2.7590049999999997
2016-10-12,2.775925
2016-10-13,2.759315
2016-10-14,2.72034
2016-10-17,2.7189900000000002
2016-10-18,2.711055
2016-10-19,2.693905
2016-10-20,2.7305699999999997
2016-10-21,2.7659450000000003
2016-10-24,2.8097450000000004
2016-10-25,2.8554250000000003
2016-10-26,2.92111
2016-10-27,2.931825
2016-10-28,2.96161
2016-10-31,2.96511
2016-11-01,2.99746
2016-11-02,3.06128
2016-11-03,3.14496
2016-11-04,3.2119100000000005
2016-11-07,3.225065
2016-11-08,3.2335699999999994
2016-11-09,3.2896549999999998
2016-11-10,3.3353949999999997
2016-11-11,3.39778
2016-11-14,3.4555700000000003
2016-11-15,3.4926749999999998
2016-11-16,3.533765
2016-11-17,3.534925
2016-11-18,3.534775
2016-11-21,3.526735
2016-11-22,3.529165
2016-11-23,3.52727
2016-11-24,3.5414499999999998
2016-11-25,3.53609
2016-11-28,3.5385800000000005
2016-11-29,3.542465
2016-11-30,3.502165
2016-12-01,3.432705
2016-12-02,3.40443
2016-12-05,3.358585
2016-12-06,3.30299
2016-12-07,3.2169999999999996
2016-12-08,3.138445
2016-12-09,3.0471399999999997
2016-12-12,3.0191600000000003
2016-12-13,2.96223
2016-12-14,2.8961650000000003
2016-12-15,2.85578
2016-12-16,2.823515
2016-12-19,2.793245
2016-12-20,2.739735
2016-12-21,2.682465
2016-12-22,2.6402
2016-12-23,2.6003750000000005
2016-12-26,2.564055
2016-12-27,2.51447
2016-12-28,2.490985
2016-12-29,2.468105
2016-12-30,2.4252100000000003
2017-01-03,2.4116049999999998
2017-01-04,2.443695
2017-01-05,2.462615
2017-01-06,2.4828
2017-01-09,2.4944650000000004
2017-01-10,2.44055
2017-01-11,2.43208
2017-01-12,2.41531
2017-01-13,2.40141
2017-01-16,2.42684
2017-01-17,2.41674
2017-01-18,2.395945
2017-01-19,2.36308
2017-01-20,2.33948
2017-01-23,2.3220850000000004
2017-01-24,2.30173
2017-01-25,2.27349
2017-01-26,2.23564
2017-02-03,2.19895
2017-02-06,2.1915199999999997
2017-02-07,2.193025
2017-02-08,2.16933
2017-02-09,2.16425
2017-02-10,2.16446
2017-02-13,2.1639
2017-02-14,2.1567049999999997
2017-02-15,2.1724249999999996
2017-02-16,2.1872
2017-02-17,2.215945
2017-02-20,2.197225
2017-02-21,2.23515
2017-02-22,2.293195
2017-02-23,2.370665
2017-02-24,2.413345
2017-02-27,2.44496
2017-02-28,2.4715350000000003
2017-03-01,2.527655
2017-03-02,2.585885
2017-03-03,2.644365
2017-03-06,2.681165
2017-03-07,2.7112249999999998
2017-03-08,2.7217200000000004
2017-03-09,2.71572
2017-03-10,2.6821949999999997
2017-03-13,2.67007
2017-03-14,2.66828
2017-03-15,2.6477150000000003
2017-03-16,2.65679
2017-03-17,2.66804
2017-03-20,2.66568
2017-03-21,2.632965
2017-03-22,2.616235
2017-03-23,2.59621
2017-03-24,2.593025
2017-03-27,2.59213
2017-03-28,2.5939400000000004
2017-03-29,2.599415
2017-03-30,2.632185
2017-03-31,2.636265
2017-04-05,2.656215
2017-04-06,2.667975
2017-04-07,2.6939249999999997
2017-04-10,2.7343249999999997
2017-04-11,2.818215
2017-04-12,2.8820749999999995
2017-04-13,2.91412
2017-04-14,2.94405
2017-04-17,2.93718
2017-04-18,2.906145
2017-04-19,2.9111450000000003
2017-04-20,2.9082
2017-04-21,2.87205
2017-04-24,2.840415
2017-04-25,2.8057799999999995
2017-04-26,2.778585
2017-04-27,2.79894
2017-04-28,2.7620199999999997
2017-05-02,2.69825
2017-05-03,2.682735
2017-05-04,2.6489000000000003
2017-05-05,2.607655
2017-05-08,2.562145
2017-05-09,2.49035
2017-05-10,2.40747
2017-05-11,2.35339
2017-05-12,2.29818
2017-05-15,2.236135
2017-05-16,2.22796
2017-05-17,2.2267400000000004
2017-05-18,2.19586
2017-05-19,2.1795099999999996
2017-05-22,2.187055
2017-05-23,2.18751
2017-05-24,2.1850650000000003
2017-05-25,2.19143
2017-05-26,2.152885
2017-05-31,2.1428900000000004
2017-06-01,2.143665
2017-06-02,2.13018
2017-06-05,2.1005
2017-06-06,2.0768150000000003
2017-06-07,2.0975349999999997
2017-06-08,2.1179300000000003
2017-06-09,2.1122900000000002
2017-06-12,2.08857
2017-06-13,2.092505
2017-06-14,2.115485
2017-06-15,2.1166650000000002
2017-06-16,2.10194
2017-06-19,2.0963649999999996
2017-06-20,2.119275
2017-06-21,2.125375
2017-06-22,2.1375249999999997
2017-06-23,2.151045
2017-06-26,2.14512
2017-06-27,2.1464
2017-06-28,2.147195
2017-06-29,2.137415
2017-06-30,2.124915
2017-07-03,2.139205
2017-07-04,2.1530949999999995
2017-07-05,2.13993
2017-07-06,2.1594849999999997
2017-07-07,2.18221
2017-07-10,2.21251
2017-07-11,2.23353
2017-07-12,2.24389
2017-07-13,2.22853
2017-07-14,2.219175
2017-07-17,2.273085
2017-07-18,2.26215
2017-07-19,2.2866
2017-07-20,2.3028950000000004
2017-07-21,2.32595
2017-07-24,2.364655
2017-07-25,2.385205
2017-07-26,2.418985
2017-07-27,2.4937899999999997
2017-07-28,2.5447300000000004
2017-07-31,2.603885
2017-08-01,2.66075
2017-08-02,2.7119349999999995
2017-08-03,2.72816
2017-08-04,2.76569
2017-08-07,2.763615
2017-08-08,2.80118
2017-08-09,2.8304300000000002
2017-08-10,2.873755
2017-08-11,2.930215
2017-08-14,2.9135850000000003
2017-08-15,2.937085
2017-08-16,2.94996
2017-08-17,2.9746099999999998
2017-08-18,2.98884
2017-08-21,2.980095
2017-08-22,2.991355
2017-08-23,2.97647
2017-08-24,2.9218200000000003
2017-08-25,2.8976599999999997
2017-08-28,2.87732
2017-08-29,2.8587949999999998
2017-08-30,2.836405
2017-08-31,2.818055
2017-09-01,2.8162
2017-09-04,2.85808
2017-09-05,2.853765
2017-09-06,2.868295
2017-09-07,2.88544
2017-09-08,2.881355
2017-09-11,2.89861
2017-09-12,2.967895
2017-09-13,2.96788
2017-09-14,2.96477
2017-09-15,2.968635
2017-09-18,2.97011
2017-09-19,2.9784949999999997
2017-09-20,3.01699
2017-09-21,3.0577750000000004
2017-09-22,3.0770100000000005
2017-09-25,3.0565100000000003
2017-09-26,3.020955
2017-09-27,2.98567
2017-09-28,2.9645400000000004
2017-09-29,2.9127899999999998
2017-10-09,2.871125
2017-10-10,2.84786
2017-10-11,2.8315650000000003
2017-10-12,2.791435
2017-10-13,2.7574150000000004
2017-10-16,2.739515
2017-10-17,2.627865
2017-10-18,2.585035
2017-10-19,2.5287200000000003
2017-10-20,2.4644950000000003
2017-10-23,2.42217
2017-10-24,2.3729649999999998
2017-10-25,2.310335
2017-10-26,2.26667
2017-10-27,2.234145
2017-10-30,2.2390049999999997
2017-10-31,2.226875
2017-11-01,2.21665
2017-11-02,2.202765
2017-11-03,2.194885
2017-11-06,2.15686
2017-11-07,2.12897
2017-11-08,2.09227
2017-11-09,2.0627400000000002
2017-11-10,2.0608449999999996
2017-11-13,2.046685
2017-11-14,2.07871
2017-11-15,2.073535
2017-11-16,2.06372
2017-11-17,2.1119999999999997
2017-11-20,2.121255
2017-11-21,2.127635
2017-11-22,2.145215
2017-11-23,2.145535
2017-11-24,2.1331700000000002
2017-11-27,2.0936
2017-11-28,2.087615
2017-11-29,2.09382
2017-11-30,2.08629
2017-12-01,2.071095
2017-12-04,2.06406
2017-12-05,2.065445
2017-12-06,2.048405
2017-12-07,2.031765
2017-12-08,2.005375
2017-12-11,1.9767500000000002
2017-12-12,1.9502000000000002
2017-12-13,1.9343949999999999
2017-12-14,1.9282899999999998
2017-12-15,1.88904
2017-12-18,1.874165
2017-12-19,1.8523900000000002
2017-12-20,1.8354750000000002
2017-12-21,1.8181199999999997
2017-12-22,1.8151149999999998
2017-12-25,1.8206400000000003
2017-12-26,1.81888
2017-12-27,1.8099000000000003
2017-12-28,1.81522
2017-12-29,1.812725
2018-01-02,1.824055
2018-01-03,1.8351199999999999
2018-01-04,1.8542750000000001
2018-01-05,1.888385
2018-01-08,1.92407
2018-01-09,1.936405
2018-01-10,1.9568999999999999
2018-01-11,1.98528
2018-01-12,2.01254
2018-01-15,2.0521299999999996
2018-01-16,2.0761499999999997
2018-01-17,2.11305
2018-01-18,2.1133049999999995
2018-01-19,2.1182950000000003
2018-01-22,2.137185
2018-01-23,2.1474149999999996
2018-01-24,2.1825900000000003
2018-01-25,2.213815
2018-01-26,2.2224250000000003
2018-01-29,2.248255
2018-01-30,2.2425800000000002
2018-01-31,2.2447000000000004
2018-02-01,2.268595
2018-02-02,2.259535
2018-02-05,2.22467
2018-02-06,2.23232
2018-02-07,2.222525
2018-02-08,2.18917
2018-02-09,2.17387
2018-02-12,2.1164300000000003
2018-02-13,2.083505
2018-02-14,2.0227
2018-02-22,2.00427
2018-02-23,1.9894849999999997
2018-02-26,1.999375
2018-02-27,2.016545
2018-02-28,2.0118549999999997
2018-03-01,2.003565
2018-03-02,2.0115299999999996
2018-03-05,2.000865
2018-03-06,2.03005
2018-03-07,2.0194699999999997
2018-03-08,1.9818850000000001
2018-03-09,2.00786
2018-03-12,2.07453
2018-03-13,2.09955
2018-03-14,2.11109
2018-03-15,2.14614
2018-03-16,2.15348
2018-03-19,2.1810300000000002
2018-03-20,2.20592
2018-03-21,2.272605
2018-03-22,2.30892
2018-03-23,2.394695
2018-03-26,2.4005400000000003
2018-03-27,2.422245
2018-03-28,2.43595
2018-03-29,2.4354299999999998
2018-03-30,2.45113
2018-04-02,2.499845
2018-04-03,2.50536
2018-04-04,2.513455
2018-04-09,2.523635
2018-04-10,2.5070349999999997
2018-04-11,2.470405
2018-04-12,2.440865
2018-04-13,2.427995
2018-04-16,2.429715
2018-04-17,2.441455
2018-04-18,2.46307
2018-04-19,2.48765
2018-04-20,2.4861
2018-04-23,2.48689
2018-04-24,2.434
2018-04-25,2.4268899999999998
2018-04-26,2.40041
2018-04-27,2.3693400000000002
2018-05-02,2.348455
2018-05-03,2.32015
2018-05-04,2.25903
2018-05-07,2.2325399999999997
2018-05-08,2.22073
2018-05-09,2.2110049999999997
2018-05-10,2.2067900000000003
2018-05-11,2.194625
2018-05-14,2.18114
2018-05-15,2.1683250000000003
2018-05-16,2.1499300000000003
2018-05-17,2.11797
2018-05-18,2.0845599999999997
2018-05-21,2.074055
2018-05-22,2.065185
2018-05-23,2.07016
2018-05-24,2.04742
2018-05-25,2.038505
2018-05-28,2.02304
2018-05-29,2.0244299999999997
2018-05-30,2.0435450000000004
2018-05-31,2.040175
2018-06-01,2.0473950000000003
2018-06-04,2.02782
2018-06-05,2.00769
2018-06-06,1.9869300000000003
2018-06-07,1.955865
2018-06-08,1.935575
2018-06-11,1.9156400000000002
2018-06-12,1.9018650000000001
2018-06-13,1.886765
2018-06-14,1.875625
2018-06-15,1.8816550000000003
2018-06-19,1.892185
2018-06-20,1.8807850000000002
2018-06-21,1.8706300000000002
2018-06-22,1.8720950000000003
2018-06-25,1.854905
2018-06-26,1.8540050000000001
2018-06-27,1.852055
2018-06-28,1.82472
2018-06-29,1.830675
2018-07-02,1.8440199999999998
2018-07-03,1.867175
2018-07-04,1.8791049999999998
2018-07-05,1.8951049999999998
2018-07-06,1.918435
2018-07-09,1.9264400000000002
2018-07-10,1.9412299999999998
2018-07-11,1.9635299999999998
2018-07-12,1.9959149999999997
2018-07-13,2.020035
2018-07-16,2.01007
2018-07-17,1.9751550000000002
2018-07-18,1.9793399999999999
2018-07-19,1.9663999999999997
2018-07-20,1.96644
2018-07-23,1.9948799999999998
2018-07-24,2.044355
2018-07-25,2.083575
2018-07-26,2.13842
2018-07-27,2.160385
2018-07-30,2.165445
2018-07-31,2.147985
2018-08-01,2.153525
2018-08-02,2.18311
2018-08-03,2.172145
2018-08-06,2.17272
2018-08-07,2.1840450000000002
2018-08-08,2.1917350000000004
2018-08-09,2.19279
2018-08-10,2.1830749999999997
2018-08-13,2.18809
2018-08-14,2.1896
2018-08-15,2.179635
2018-08-16,2.1756800000000003
2018-08-17,2.1717299999999997
2018-08-20,2.14074
2018-08-21,2.079865
2018-08-22,2.0253699999999997
2018-08-23,1.9618749999999998
2018-08-24,1.91079
2018-08-27,1.8924100000000004
2018-08-28,1.8963800000000002
2018-08-29,1.87337
2018-08-30,1.8298650000000003
2018-08-31,1.805585
2018-09-03,1.785885
2018-09-04,1.76816
2018-09-05,1.74897
2018-09-06,1.7117149999999999
2018-09-07,1.70807
2018-09-10,1.6969900000000002
2018-09-11,1.6777799999999998
2018-09-12,1.654195
2018-09-13,1.64743
2018-09-14,1.6392849999999999
2018-09-17,1.6280100000000002
2018-09-18,1.6298300000000001
2018-09-19,1.6568999999999998
2018-09-20,1.6744350000000001
2018-09-21,1.7048100000000002
2018-09-25,1.688935
2018-09-26,1.6932800000000001
2018-09-27,1.71996
2018-09-28,1.721905
2018-10-08,1.7371049999999997
2018-10-09,1.7356200000000002
2018-10-10,1.725985
2018-10-11,1.7646450000000002
2018-10-12,1.80261
2018-10-15,1.79404
2018-10-16,1.790825
2018-10-17,1.801085
2018-10-18,1.81647
2018-10-19,1.8282150000000001
2018-10-22,1.880675
2018-10-23,1.9192049999999998
2018-10-24,1.9222099999999998
2018-10-25,1.9132799999999999
2018-10-26,1.91695
2018-10-29,1.89158
2018-10-30,1.9028599999999998
2018-10-31,1.9097449999999998
2018-11-01,1.925265
2018-11-02,1.9794450000000001
2018-11-05,2.03864
2018-11-06,2.087185
2018-11-07,2.14659
2018-11-08,2.1393549999999997
2018-11-09,2.1269299999999998
2018-11-12,2.1866
2018-11-13,2.3116849999999998
2018-11-14,2.415405
2018-11-15,2.49689
2018-11-16,2.591785
2018-11-19,2.63434
2018-11-20,2.697325
2018-11-21,2.754975
2018-11-22,2.796815
2018-11-23,2.85745
2018-11-26,2.888105
2018-11-27,2.9082700000000004
2018-11-28,2.934395
2018-11-29,2.944135
2018-11-30,2.9199349999999997
2018-12-03,2.9277
2018-12-04,2.94567
2018-12-05,2.9482899999999996
2018-12-06,2.9549250000000002
2018-12-07,2.953685
2018-12-10,2.908795
2018-12-11,2.795945
2018-12-12,2.70263
2018-12-13,2.6487749999999997
2018-12-14,2.5786550000000004
2018-12-17,2.4931449999999997
2018-12-18,2.405605
2018-12-19,2.340955
2018-12-20,2.28666
2018-12-21,2.2107900000000003
2018-12-24,2.18019
2018-12-25,2.1804699999999997
2018-12-26,2.14326
2018-12-27,2.10883
2018-12-28,2.08041
2019-01-02,2.00578
2019-01-03,1.9604350000000004
2019-01-04,1.9451800000000001
2019-01-07,1.953185
2019-01-08,1.9771100000000001
2019-01-09,2.027885
2019-01-10,2.06124
2019-01-11,2.089895
2019-01-14,2.0980499999999997
2019-01-15,2.10215
2019-01-16,2.13334
2019-01-17,2.17012
2019-01-18,2.217625
2019-01-21,2.25296
2019-01-22,2.28565
2019-01-23,2.308125
2019-01-24,2.31487
2019-01-25,2.342175
2019-01-28,2.353085
2019-01-29,2.3827999999999996
2019-01-30,2.3923300000000003
2019-01-31,2.4088299999999996
2019-02-01,2.377685
2019-02-11,2.350965
2019-02-12,2.35623
2019-02-13,2.371145
2019-02-14,2.390015
2019-02-15,2.4145649999999996
2019-02-18,2.48903
2019-02-19,2.596405
2019-02-20,2.67071
2019-02-21,2.77397
2019-02-22,2.85564
2019-02-25,3.068235
2019-02-26,3.3098300000000003
2019-02-27,3.5045200000000003
2019-02-28,3.62428
2019-03-01,3.7174650000000007
2019-03-04,3.933735
2019-03-05,4.13647
2019-03-06,4.430725000000001
2019-03-07,4.708435
2019-03-08,5.0055250000000004
2019-03-11,5.20881
2019-03-12,5.4529250000000005
2019-03-13,5.6386400000000005
2019-03-14,5.768855
2019-03-15,5.857635
2019-03-18,5.913584999999999
2019-03-19,5.93203
2019-03-20,5.98998
2019-03-21,6.05637
2019-03-22,6.1082
2019-03-25,6.037595
2019-03-26,5.927999999999999
2019-03-27,5.838325
2019-03-28,5.80415
2019-03-29,5.820269999999999
2019-04-01,5.785735
2019-04-02,5.7778350000000005
2019-04-03,5.675795
2019-04-04,5.573875
2019-04-08,5.492775
2019-04-09,5.426355
2019-04-10,5.321479999999999
2019-04-11,5.230515
2019-04-12,5.16413
2019-04-15,5.153365
2019-04-16,5.135655
2019-04-17,5.151205
2019-04-18,5.147745
2019-04-19,5.09939
2019-04-22,5.088905
2019-04-23,5.0786
2019-04-24,5.04518
2019-04-25,5.088865
2019-04-26,5.08811
2019-04-29,5.071244999999999
2019-04-30,4.93993
2019-05-06,4.82693
2019-05-07,4.715445
2019-05-08,4.597855
2019-05-09,4.431265
2019-05-10,4.3863
2019-05-13,4.271595
2019-05-14,4.167275
2019-05-15,4.128955
2019-05-16,4.095675
2019-05-17,4.06681
2019-05-20,3.9622450000000002
2019-05-21,3.8776650000000004
2019-05-22,3.798415
2019-05-23,3.7123
2019-05-24,3.598525
2019-05-27,3.5330499999999994
2019-05-28,3.44497
2019-05-29,3.3846199999999995
2019-05-30,3.327915
2019-05-31,3.31804
2019-06-03,3.2834650000000005
2019-06-04,3.2520399999999996
2019-06-05,3.2068950000000003
2019-06-06,3.19539
2019-06-10,3.107105
2019-06-11,3.128245
2019-06-12,3.1487849999999997
2019-06-13,3.13301
2019-06-14,3.09231
2019-06-17,2.9964749999999998
2019-06-18,2.943545
2019-06-19,2.9267650000000005
2019-06-20,2.93019
2019-06-21,2.9540750000000005
2019-06-24,2.965745
2019-06-25,2.969915
2019-06-26,2.93035
2019-06-27,2.925955
2019-06-28,2.9071000000000002
2019-07-01,2.928365
2019-07-02,2.9170350000000003
2019-07-03,2.91681
2019-07-04,2.920505
2019-07-05,2.89993
2019-07-08,2.92612
2019-07-09,2.84975
2019-07-10,2.775145
2019-07-11,2.719795
2019-07-12,2.662845
2019-07-15,2.670145
2019-07-16,2.664765
2019-07-17,2.6268900000000004
2019-07-18,2.5670450000000002
2019-07-19,2.474965
2019-07-22,2.43721
2019-07-23,2.3675450000000002
2019-07-24,2.34856
2019-07-25,2.3066649999999997
2019-07-26,2.258385
2019-07-29,2.1747950000000005
2019-07-30,2.11867
2019-07-31,2.073645
2019-08-01,2.0346450000000003
2019-08-02,2.03911
2019-08-05,2.0018000000000002
2019-08-06,2.04165
2019-08-07,2.044555
2019-08-08,2.038055
2019-08-09,2.0429649999999997
2019-08-12,2.01496
2019-08-13,2.0041700000000002
2019-08-14,1.99387
2019-08-15,1.9919349999999998
2019-08-16,2.0011
2019-08-19,2.0369450000000002
2019-08-20,2.1024149999999997
2019-08-21,2.1277749999999997
2019-08-22,2.1596
2019-08-23,2.2070149999999997
2019-08-26,2.258205
2019-08-27,2.32826
2019-08-28,2.39331
2019-08-29,2.4496650000000004
2019-08-30,2.4995350000000003
2019-09-02,2.55435
2019-09-03,2.5723949999999998
2019-09-04,2.6416049999999998
2019-09-05,2.76425
2019-09-06,2.833885
2019-09-09,2.9415
2019-09-10,3.0497199999999998
2019-09-11,3.125185
2019-09-12,3.165325
2019-09-16,3.22658
2019-09-17,3.25316
2019-09-18,3.2332
2019-09-19,3.2364400000000004
2019-09-20,3.2497999999999996
2019-09-23,3.250515
2019-09-24,3.25513
2019-09-25,3.2348950000000003
2019-09-26,3.223235
2019-09-27,3.1776849999999994
2019-09-30,3.099965
2019-10-08,3.0304
2019-10-09,2.96055
2019-10-10,2.895735
2019-10-11,2.797935
2019-10-14,2.769545
2019-10-15,2.707095
2019-10-16,2.6270700000000002
2019-10-17,2.552875
2019-10-18,2.5249300000000003
2019-10-21,2.456895
2019-10-22,2.3835249999999997
2019-10-23,2.3594
2019-10-24,2.33253
2019-10-25,2.303565
2019-10-28,2.3192150000000002
2019-10-29,2.34907
2019-10-30,2.3590500000000003
2019-10-31,2.3457049999999997
2019-11-01,2.3629249999999997
2019-11-04,2.403175
2019-11-05,2.44135
2019-11-06,2.47347
2019-11-07,2.474685
2019-11-08,2.47106
2019-11-11,2.44714
2019-11-12,2.417065
2019-11-13,2.3956899999999997
2019-11-14,2.392105
2019-11-15,2.377355
2019-11-18,2.37047
2019-11-19,2.385145
2019-11-20,2.397315
2019-11-21,2.39445
2019-11-22,2.409615
2019-11-25,2.375155
2019-11-26,2.3038549999999995
2019-11-27,2.2502649999999997
2019-11-28,2.2113
2019-11-29,2.181175
2019-12-02,2.14451
2019-12-03,2.112845
2019-12-04,2.0863000000000005
2019-12-05,2.08887
2019-12-06,2.084245
2019-12-09,2.08975
2019-12-10,2.1160799999999997
2019-12-11,2.153715
2019-12-12,2.18616
2019-12-13,2.2158349999999998
2019-12-16,2.282565
2019-12-17,2.3623000000000003
2019-12-18,2.426945
2019-12-19,2.4936
2019-12-20,2.53015
2019-12-23,2.55808
2019-12-24,2.581325
2019-12-25,2.616735
2019-12-26,2.659365
2019-12-27,2.74158
2019-12-30,2.808615
2019-12-31,2.859665
2020-01-02,2.958945
2020-01-03,3.045515
2020-01-06,3.163375
2020-01-07,3.2624899999999997
2020-01-08,3.37202
2020-01-09,3.442575
2020-01-10,3.4962700000000004
2020-01-13,3.537845
2020-01-14,3.5700449999999995
2020-01-15,3.5501899999999997
2020-01-16,3.53005
2020-01-17,3.51696
2020-01-20,3.5146349999999997
2020-01-21,3.5402299999999998
2020-01-22,3.59405
2020-01-23,3.6589599999999995
2020-02-03,3.6144749999999997
2020-02-04,3.7032
2020-02-05,3.772435
2020-02-06,3.8647750000000003
2020-02-07,3.9159300000000004
2020-02-10,3.95708
2020-02-11,3.933355
2020-02-12,3.93059
2020-02-13,3.9322450000000004
2020-02-14,3.9454450000000003
2020-02-17,4.0089999999999995
2020-02-18,4.109109999999999
2020-02-19,4.197295
2020-02-20,4.2926
2020-02-21,4.432415000000001
2020-02-24,4.60008
2020-02-25,4.816095000000001
2020-02-26,5.0004800000000005
2020-02-27,5.11378
2020-02-28,5.22081
2020-03-02,5.39545
2020-03-03,5.455025000000001
2020-03-04,5.504465
2020-03-05,5.587505
2020-03-06,5.62903
2020-03-09,5.70296
2020-03-10,5.807525
2020-03-11,5.8741
2020-03-12,5.870685
2020-03-13,5.925645
2020-03-16,5.94403
2020-03-17,5.892305
2020-03-18,5.832675
2020-03-19,5.768635
2020-03-20,5.65372
2020-03-23,5.514010000000001
2020-03-24,5.3254399999999995
2020-03-25,5.16698
2020-03-26,5.05516
2020-03-27,4.91298
2020-03-30,4.81843
2020-03-31,4.652514999999999
2020-04-01,4.535550000000001
2020-04-02,4.371875
2020-04-03,4.234765
2020-04-07,4.116275
2020-04-08,4.00446
2020-04-09,3.9143749999999997
2020-04-10,3.882535
2020-04-13,3.7603099999999996
2020-04-14,3.6462250000000003
2020-04-15,3.59866
2020-04-16,3.5445150000000005
2020-04-17,3.5375
2020-04-20,3.52663
2020-04-21,3.530515
2020-04-22,3.52189
2020-04-23,3.5269800000000004
2020-04-24,3.542625
2020-04-27,3.533515
2020-04-28,3.5584450000000003
2020-04-29,3.559295
2020-04-30,3.5717
2020-05-06,3.5865250000000004
2020-05-07,3.6090449999999996
2020-05-08,3.5893
2020-05-11,3.56132
2020-05-12,3.516825
2020-05-13,3.4602749999999993
2020-05-14,3.4806600000000003
2020-05-15,3.4938249999999997
2020-05-18,3.505175
2020-05-19,3.4996549999999997
2020-05-20,3.473185
2020-05-21,3.4600700000000004
2020-05-22,3.4256349999999998
2020-05-25,3.3683800000000006
2020-05-26,3.300035
2020-05-27,3.260785
2020-05-28,3.26195
2020-05-29,3.2204099999999998
2020-06-01,3.2608449999999998
2020-06-02,3.2966450000000003
2020-06-03,3.3293550000000005
2020-06-04,3.3378950000000005
2020-06-05,3.337845
2020-06-08,3.3352899999999996
2020-06-09,3.33925
2020-06-10,3.343835
2020-06-11,3.3442100000000003
2020-06-12,3.3459499999999998
2020-06-15,3.34628
2020-06-16,3.36211
2020-06-17,3.3824300000000003
2020-06-18,3.40011
2020-06-19,3.4159000000000006
2020-06-22,3.4712899999999998
2020-06-23,3.50741
2020-06-24,3.5124299999999997
2020-06-29,3.512835
2020-06-30,3.5176000000000003
2020-07-01,3.5185250000000003
2020-07-02,3.5420449999999994
2020-07-03,3.582045
2020-07-06,3.737095
2020-07-07,3.931385
2020-07-08,4.1013850000000005
2020-07-09,4.32715
2020-07-10,4.52397
2020-07-13,4.70279
2020-07-14,4.9054
2020-07-15,5.057295
2020-07-16,5.18984
2020-07-17,5.22684
2020-07-20,5.289095
2020-07-21,5.3602799999999995
2020-07-22,5.43388
2020-07-23,5.5349900000000005
2020-07-24,5.667825
2020-07-27,5.720090000000001
2020-07-28,5.763675
2020-07-29,5.79377
2020-07-30,5.82136
2020-07-31,5.83247
2020-08-03,5.7963949999999995
2020-08-04,5.733065
2020-08-05,5.66718
2020-08-06,5.565335
2020-08-07,5.482415
2020-08-10,5.3810400000000005
2020-08-11,5.263105
2020-08-12,5.154185
2020-08-13,5.053425
2020-08-14,5.01618
2020-08-17,5.0024500000000005
2020-08-18,4.99997
2020-08-19,4.986605
2020-08-20,4.918214999999999
2020-08-21,4.8164050000000005
2020-08-24,4.789655
2020-08-25,4.80053
2020-08-26,4.79519
2020-08-27,4.72579
2020-08-28,4.66178
2020-08-31,4.56264
2020-09-01,4.43834
2020-09-02,4.385605
2020-09-03,4.31356
2020-09-04,4.232225000000001
2020-09-07,4.215275
2020-09-08,4.193465
2020-09-09,4.244925
2020-09-10,4.26982
2020-09-11,4.241675
2020-09-14,4.199255
2020-09-15,4.1296349999999995
2020-09-16,4.039540000000001
2020-09-17,3.988805
2020-09-18,3.9623999999999997
2020-09-21,3.938235
2020-09-22,3.870675
2020-09-23,3.7794199999999996
2020-09-24,3.7331600000000003
2020-09-25,3.6534999999999997
2020-09-28,3.5555699999999995
2020-09-29,3.4790349999999997
2020-09-30,3.363755
2020-10-09,3.293495
2020-10-12,3.2922650000000004
2020-10-13,3.218735
2020-10-14,3.1377300000000004
2020-10-15,2.9951350000000003
2020-10-16,2.8861749999999997
2020-10-19,2.8512750000000002
2020-10-20,2.7877850000000004
2020-10-21,2.74457
2020-10-22,2.7118399999999996
2020-10-23,2.6800450000000002
2020-10-26,2.62143
2020-10-27,2.56964
2020-10-28,2.54685
2020-10-29,2.543375
2020-10-30,2.548255
2020-11-02,2.569325
2020-11-03,2.600525
2020-11-04,2.6196
2020-11-05,2.66406
2020-11-06,2.676105
2020-11-09,2.67151
2020-11-10,2.671725
2020-11-11,2.6631150000000003
2020-11-12,2.6442249999999996
2020-11-13,2.63608
2020-11-16,2.65214
2020-11-17,2.6832749999999996
2020-11-18,2.70256
2020-11-19,2.731175
2020-11-20,2.7546799999999996
2020-11-23,2.8265599999999997
2020-11-24,2.871995
2020-11-25,2.91039
2020-11-26,2.91924
2020-11-27,2.8996
2020-11-30,2.9066099999999997
2020-12-01,2.915325
2020-12-02,2.95334
2020-12-03,2.952905
2020-12-04,2.93072
2020-12-07,2.8891250000000004
2020-12-08,2.8593249999999997
2020-12-09,2.868865
2020-12-10,2.8768599999999998
2020-12-11,2.913805
2020-12-14,2.899775
2020-12-15,2.866955
2020-12-16,2.85668
2020-12-17,2.865315
2020-12-18,2.8734699999999997
2020-12-21,2.8575600000000003
2020-12-22,2.886035
2020-12-23,2.90754
2020-12-24,2.955395
2020-12-25,3.00238
2020-12-28,3.059075
2020-12-29,3.101185
2020-12-30,3.11077
2020-12-31,3.140275
2021-01-04,3.219695
2021-01-05,3.30293
2021-01-06,3.3768049999999996
2021-01-07,3.444455
2021-01-08,3.49744
2021-01-11,3.53052
2021-01-12,3.55668
2021-01-13,3.6183300000000003
2021-01-14,3.6499200000000003
2021-01-15,3.64482
2021-01-18,3.6481149999999998
2021-01-19,3.660055
2021-01-20,3.62455
2021-01-21,3.619415
2021-01-22,3.615795
2021-01-25,3.6276849999999996
2021-01-26,3.59022
2021-01-27,3.5506100000000003
2021-01-28,3.52934
2021-01-29,3.5162850000000008
2021-02-01,3.4563249999999996
2021-02-02,3.37729
2021-02-03,3.322175
2021-02-04,3.26008
2021-02-05,3.211685
2021-02-08,3.13957
2021-02-09,3.105855
2021-02-10,3.0405900000000003
2021-02-18,3.030305
2021-02-19,3.0556
2021-02-22,3.12863
2021-02-23,3.13136
2021-02-24,3.151295
2021-02-25,3.1230450000000003
2021-02-26,3.0823650000000002
2021-03-01,3.03972
2021-03-02,3.032145
2021-03-03,3.0377650000000003
2021-03-04,3.056655
2021-03-05,3.049065
2021-03-08,3.076825
2021-03-09,3.113515
2021-03-10,3.098075
2021-03-11,3.08102
2021-03-12,3.100365
2021-03-15,3.132955
2021-03-16,3.161485
2021-03-17,3.183095
2021-03-18,3.16917
2021-03-19,3.1343050000000003
2021-03-22,3.057695
2021-03-23,3.045055
2021-03-24,3.0311150000000002
2021-03-25,3.0191500000000002
2021-03-26,3.019615
2021-03-29,3.0155000000000003
2021-03-30,3.0040649999999998
2021-03-31,2.9730499999999997
2021-04-01,2.928325
2021-04-02,2.899565
2021-04-06,2.84942
2021-04-07,2.80732
2021-04-08,2.8269349999999998
2021-04-09,2.82319
2021-04-12,2.815645
2021-04-13,2.8029599999999997
2021-04-14,2.77922
2021-04-15,2.77111
2021-04-16,2.77902
2021-04-19,2.798725
2021-04-20,2.802055
2021-04-21,2.76952
2021-04-22,2.74734
2021-04-23,2.74275
2021-04-26,2.75203
2021-04-27,2.746
2021-04-28,2.740695
2021-04-29,2.753295
2021-04-30,2.77447
2021-05-06,2.7902250000000004
2021-05-07,2.83493
2021-05-10,2.863195
2021-05-11,2.877325
2021-05-12,2.89526
2021-05-13,2.918385
2021-05-14,2.95126
2021-05-17,2.983545
2021-05-18,2.99483
2021-05-19,2.9921499999999996
2021-05-20,2.97777
2021-05-21,2.96427
2021-05-24,2.980835
2021-05-25,3.0102900000000004
2021-05-26,3.047445
2021-05-27,3.07005
2021-05-28,3.121565
2021-05-31,3.1640249999999996
2021-06-01,3.219455
2021-06-02,3.2636849999999997
2021-06-03,3.29942
2021-06-04,3.30237
2021-06-07,3.3073300000000003
2021-06-08,3.3229300000000004
2021-06-09,3.3407400000000003
2021-06-10,3.36357
2021-06-11,3.399485
2021-06-15,3.41617
2021-06-16,3.4434650000000007
2021-06-17,3.45811
2021-06-18,3.48557
2021-06-21,3.5165299999999995
2021-06-22,3.5513000000000003
2021-06-23,3.568105
2021-06-24,3.572835
2021-06-25,3.5808500000000003
2021-06-28,3.560745
2021-06-29,3.5522549999999997
2021-06-30,3.523915
2021-07-01,3.5039050000000005
2021-07-02,3.48279
2021-07-05,3.47517
2021-07-06,3.480524999999999
2021-07-07,3.467255
2021-07-08,3.4854849999999997
2021-07-09,3.4781050000000002
2021-07-12,3.4831050000000006
2021-07-13,3.5138749999999996
2021-07-14,3.5493200000000003
2021-07-15,3.5853
2021-07-16,3.61196
2021-07-19,3.632575
2021-07-20,3.6264399999999997
2021-07-21,3.65623
2021-07-22,3.701195
2021-07-23,3.761155
2021-07-26,3.8269149999999996
2021-07-27,3.89846
2021-07-28,3.95127
2021-07-29,3.981225
2021-07-30,4.043585
2021-08-02,4.110215
2021-08-03,4.160605
2021-08-04,4.195135
2021-08-05,4.221245
2021-08-06,4.2385399999999995
2021-08-09,4.2254700000000005
2021-08-10,4.22146
2021-08-11,4.228985
2021-08-12,4.2594
2021-08-13,4.286295000000001
2021-08-16,4.312475000000001
2021-08-17,4.360265
2021-08-18,4.347334999999999
2021-08-19,4.324385
2021-08-20,4.278029999999999
2021-08-23,4.265535000000001
2021-08-24,4.255065
2021-08-25,4.2641350000000005
2021-08-26,4.3128150000000005
2021-08-27,4.323055
2021-08-30,4.3476
2021-08-31,4.374985000000001
2021-09-01,4.462545
2021-09-02,4.49143
2021-09-03,4.578515
2021-09-06,4.62836
2021-09-07,4.67027
2021-09-08,4.732225000000001
2021-09-09,4.7614
2021-09-10,4.795095
2021-09-13,4.82658
2021-09-14,4.865015
2021-09-15,4.90208
2021-09-16,4.959935
2021-09-17,5.00013
2021-09-22,4.978834999999999
2021-09-23,4.97777
2021-09-24,4.977475
2021-09-27,4.9605749999999995
2021-09-28,4.90083
2021-09-29,4.83087
2021-09-30,4.7341
2021-10-08,4.61622
2021-10-11,4.5339149999999995
2021-10-12,4.4138
2021-10-13,4.30877
2021-10-14,4.200525
2021-10-15,4.08205
2021-10-18,3.980905
2021-10-19,3.885785
2021-10-20,3.8030699999999995
2021-10-21,3.7102450000000005
2021-10-22,3.6593600000000004
2021-10-25,3.56473
2021-10-26,3.50644
2021-10-27,3.4834700000000005
2021-10-28,3.432645
2021-10-29,3.3801
2021-11-01,3.33472
2021-11-02,3.3653400000000007
2021-11-03,3.33556
2021-11-04,3.351325
2021-11-05,3.3745199999999995
2021-11-08,3.37532
2021-11-09,3.373425
2021-11-10,3.4110150000000004
2021-11-11,3.4557949999999997
2021-11-12,3.4856949999999998
2021-11-15,3.5328049999999998
2021-11-16,3.5583949999999995
2021-11-17,3.5781799999999997
2021-11-18,3.6201999999999996
2021-11-19,3.6413900000000003
2021-11-22,3.683755
2021-11-23,3.7172899999999998
2021-11-24,3.7449000000000003
2021-11-25,3.75473
2021-11-26,3.770665
2021-11-29,3.7749449999999998
2021-11-30,3.7852000000000006
2021-12-01,3.8313050000000004
2021-12-02,3.85516
2021-12-03,3.851865
2021-12-06,3.89379
2021-12-07,3.9221349999999995
2021-12-08,3.9158549999999996
2021-12-09,3.9261299999999997
2021-12-10,3.925285
2021-12-13,3.91488
2021-12-14,3.9217400000000007
2021-12-15,3.938035
2021-12-16,3.9234050000000003
2021-12-17,3.9277049999999996
2021-12-20,3.9259950000000003
2021-12-21,3.9134
2021-12-22,3.9207549999999998
2021-12-23,3.9386699999999997
2021-12-24,3.967955
2021-12-27,3.95689
2021-12-28,3.9183850000000007
2021-12-29,3.89043
2021-12-30,3.87363
2021-12-31,3.872985
2022-01-04,3.89647
2022-01-05,3.922135
2022-01-06,3.9440600000000003
2022-01-07,3.96669
2022-01-10,3.9660400000000005
2022-01-11,3.9592300000000002
2022-01-12,3.9433149999999997
2022-01-13,3.93812
2022-01-14,3.9370849999999997
2022-01-17,3.931935
2022-01-18,3.9532849999999997
2022-01-19,3.948275
2022-01-20,3.9402549999999996
2022-01-21,3.9118700000000004
2022-01-24,3.851805
2022-01-25,3.853575
2022-01-26,3.8244949999999998
2022-01-27,3.79773
2022-01-28,3.75678
2022-02-07,3.7117850000000003
2022-02-08,3.644735
2022-02-09,3.5968400000000003
2022-02-10,3.5686099999999996
2022-02-11,3.5213350000000005
2022-02-14,3.484525
2022-02-15,3.4426249999999996
2022-02-16,3.409995
2022-02-17,3.378425
2022-02-18,3.338255
2022-02-21,3.3082900000000004
2022-02-22,3.264935
2022-02-23,3.2588700000000004
2022-02-24,3.314145
2022-02-25,3.3146949999999995
2022-02-28,3.3271749999999995
2022-03-01,3.3142899999999997
2022-03-02,3.3311100000000002
2022-03-03,3.367165
2022-03-04,3.4063300000000005
2022-03-07,3.4267849999999997
2022-03-08,3.4577749999999994
2022-03-09,3.498245
2022-03-10,3.51742
2022-03-11,3.52937
2022-03-14,3.5441249999999997
2022-03-15,3.59591
2022-03-16,3.6455100000000003
2022-03-17,3.6837600000000004
2022-03-18,3.7007199999999996
2022-03-21,3.70949
2022-03-22,3.707605
2022-03-23,3.6999450000000005
2022-03-24,3.61906
2022-03-25,3.6142449999999995
2022-03-28,3.6144399999999997
2022-03-29,3.61361
2022-03-30,3.6238599999999996
2022-03-31,3.63529
2022-04-01,3.6275
2022-04-06,3.6402800000000006
2022-04-07,3.6356
2022-04-08,3.613005
2022-04-11,3.630895
2022-04-12,3.6425899999999998
2022-04-13,3.66338
2022-04-14,3.6423350000000005
2022-04-15,3.6335499999999996
2022-04-18,3.58641
2022-04-19,3.56246
2022-04-20,3.5473099999999995
2022-04-21,3.5410650000000006
2022-04-22,3.508805
2022-04-25,3.514775
2022-04-26,3.51787
2022-04-27,3.541145
2022-04-28,3.54341
2022-04-29,3.55712
2022-05-05,3.529305
2022-05-06,3.5108800000000002
2022-05-09,3.46905
2022-05-10,3.4491199999999997
2022-05-11,3.4623150000000003
2022-05-12,3.4238999999999997
2022-05-13,3.384035
2022-05-16,3.3573550000000005
2022-05-17,3.34165
2022-05-18,3.302825
2022-05-19,3.304345
2022-05-20,3.3201099999999997
2022-05-23,3.318345
2022-05-24,3.3416000000000006
2022-05-25,3.35689
2022-05-26,3.3409150000000003
2022-05-27,3.3317750000000004
2022-05-30,3.2966450000000003
2022-05-31,3.2987
2022-06-01,3.2836350000000003
2022-06-02,3.2779049999999996
2022-06-06,3.3045549999999997
2022-06-07,3.35077
2022-06-08,3.37512
2022-06-09,3.345235
2022-06-10,3.353295
2022-06-13,3.3940150000000004
2022-06-14,3.436885
2022-06-15,3.4981050000000002
2022-06-16,3.544875
2022-06-17,3.5738099999999995
2022-06-20,3.6034150000000005
2022-06-21,3.6296349999999995
2022-06-22,3.606915
2022-06-23,3.6332750000000003
2022-06-24,3.6590800000000003
2022-06-27,3.692085
2022-06-28,3.7415800000000004
2022-06-29,3.7909750000000004
2022-06-30,3.805675
2022-07-01,3.8143700000000003
2022-07-04,3.808075
2022-07-05,3.8194900000000005
2022-07-06,3.8011050000000006
2022-07-07,3.789425
2022-07-08,3.782775
2022-07-11,3.75551
2022-07-12,3.71596
2022-07-13,3.6551299999999998
2022-07-14,3.633925
2022-07-15,3.6347750000000003
2022-07-18,3.6129100000000003
2022-07-19,3.5977700000000006
2022-07-20,3.5979099999999997
2022-07-21,3.5999049999999997
2022-07-22,3.5729999999999995
2022-07-25,3.5268500000000005
2022-07-26,3.46105
2022-07-27,3.3862499999999995
2022-07-28,3.373415
2022-07-29,3.3712599999999995
2022-08-01,3.35291
2022-08-02,3.36969
2022-08-03,3.38497
2022-08-04,3.37244
2022-08-05,3.3683
2022-08-08,3.3524049999999996
2022-08-09,3.34669
2022-08-10,3.338545
2022-08-11,3.3332
2022-08-12,3.3158250000000002
2022-08-15,3.302665
2022-08-16,3.30311
2022-08-17,3.3042000000000002
2022-08-18,3.2839350000000005
2022-08-19,3.299875
2022-08-22,3.3088
2022-08-23,3.3306750000000003
2022-08-24,3.382175
2022-08-25,3.37563
2022-08-26,3.36053
2022-08-29,3.35092
2022-08-30,3.284305
2022-08-31,3.2523400000000002
2022-09-01,3.231375
2022-09-02,3.190295
2022-09-05,3.16411
2022-09-06,3.145655
2022-09-07,3.1290649999999998
2022-09-08,3.08416
2022-09-09,3.035555
2022-09-13,2.993835
2022-09-14,2.93395
2022-09-15,2.911125
2022-09-16,2.871705
2022-09-19,2.792595
2022-09-20,2.72316
2022-09-21,2.6605649999999996
2022-09-22,2.5631500000000003
2022-09-23,2.503495
2022-09-26,2.454255
2022-09-27,2.408775
2022-09-28,2.3620799999999997
2022-09-29,2.30427
2022-09-30,2.262175
2022-10-10,2.2371250000000003
2022-10-11,2.201205
2022-10-12,2.17781
2022-10-13,2.163805
2022-10-14,2.1715
2022-10-17,2.1724550000000002
2022-10-18,2.1757800000000005
2022-10-19,2.17856
2022-10-20,2.1527
2022-10-21,2.13757
2022-10-24,2.168715
2022-10-25,2.1960749999999996
2022-10-26,2.238025
2022-10-27,2.2765899999999997
2022-10-28,2.317865
2022-10-31,2.35076
2022-11-01,2.3936800000000003
2022-11-02,2.4472300000000002
2022-11-03,2.4803
2022-11-04,2.5477649999999996
2022-11-07,2.6014850000000003
2022-11-08,2.639755
2022-11-09,2.64546
2022-11-10,2.65764
2022-11-11,2.70388
2022-11-14,2.74266
2022-11-15,2.7805999999999997
2022-11-16,2.808575
2022-11-17,2.8321250000000004
2022-11-18,2.8767899999999997
2022-11-21,2.872365
2022-11-22,2.892075
2022-11-23,2.88578
2022-11-24,2.866295
2022-11-25,2.8362000000000003
2022-11-28,2.82085
2022-11-29,2.82535
2022-11-30,2.818285
2022-12-01,2.837275
2022-12-02,2.82235
2022-12-05,2.83945
2022-12-06,2.85721
2022-12-07,2.884395
2022-12-08,2.890085
2022-12-09,2.8604200000000004
2022-12-12,2.839145
2022-12-13,2.8174
2022-12-14,2.8013250000000003
2022-12-15,2.7713849999999995
2022-12-16,2.7381900000000003
2022-12-19,2.7348600000000003
2022-12-20,2.69527
2022-12-21,2.6550350000000003
2022-12-22,2.641445
2022-12-23,2.61449
2022-12-26,2.585345
2022-12-27,2.53897
2022-12-28,2.4908550000000003
2022-12-29,2.4338
2022-12-30,2.3838
2023-01-03,2.3394350000000004
2023-01-04,2.31553
2023-01-05,2.2819000000000003
2023-01-06,2.26227
2023-01-09,2.22486
2023-01-10,2.1856999999999998
2023-01-11,2.15135
2023-01-12,2.1189449999999996
2023-01-13,2.101855
2023-01-16,2.1075399999999997
2023-01-17,2.0823
2023-01-18,2.078145
2023-01-19,2.0822899999999995
2023-01-20,2.0906599999999997
2023-01-30,2.15779
2023-01-31,2.201085
2023-02-01,2.2559899999999997
2023-02-02,2.31224
2023-02-03,2.36239
2023-02-06,2.406875
2023-02-07,2.42192
2023-02-08,2.4283449999999998
2023-02-09,2.4531549999999998
2023-02-10,2.473795
2023-02-13,2.5089949999999996
2023-02-14,2.545475
2023-02-15,2.588095
2023-02-16,2.69065
2023-02-17,2.746835
2023-02-20,2.76865
2023-02-21,2.8259999999999996
2023-02-22,2.86097
2023-02-23,2.891835
2023-02-24,2.889815
2023-02-27,2.85132
2023-02-28,2.83561
2023-03-01,2.822455
2023-03-02,2.82123
2023-03-03,2.817885
2023-03-06,2.82104
2023-03-07,2.8290999999999995
2023-03-08,2.8127400000000002
2023-03-09,2.79154
2023-03-10,2.7798749999999997
2023-03-13,2.76129
2023-03-14,2.764815
2023-03-15,2.7453899999999996
2023-03-16,2.67581
2023-03-17,2.66513
2023-03-20,2.67348
2023-03-21,2.65007
2023-03-22,2.663865
2023-03-23,2.684825
2023-03-24,2.739515
2023-03-27,2.7990000000000004
2023-03-28,2.834405
2023-03-29,2.83825
2023-03-30,2.81916
2023-03-31,2.81589
2023-04-03,2.85565
2023-04-04,2.90374
2023-04-06,2.9667499999999998
2023-04-07,3.00323
2023-04-10,3.03953
2023-04-11,3.05853
2023-04-12,3.0796099999999997
2023-04-13,3.11869
2023-04-14,3.14786
2023-04-17,3.15792
2023-04-18,3.143585
2023-04-19,3.163335
2023-04-20,3.1754000000000002
2023-04-21,3.199935
2023-04-24,3.1907699999999997
2023-04-25,3.18921
2023-04-26,3.2010599999999996
2023-04-27,3.21227
2023-04-28,3.250205
2023-05-04,3.2948999999999997
2023-05-05,3.285925
2023-05-08,3.2765549999999997
2023-05-09,3.2991
2023-05-10,3.302435
2023-05-11,3.2786
2023-05-12,3.2689700000000004
2023-05-15,3.2504
2023-05-16,3.2126399999999995
2023-05-17,3.167325
2023-05-18,3.139785
2023-05-19,3.116045
2023-05-22,3.080545
2023-05-23,3.03784
2023-05-24,2.97554
2023-05-25,2.94112
2023-05-26,2.878265
2023-05-29,2.847625
2023-05-30,2.8254349999999997
2023-05-31,2.782335
2023-06-01,2.7373149999999997
2023-06-02,2.70273
2023-06-05,2.64079
2023-06-06,2.57997
2023-06-07,2.5417549999999998
2023-06-08,2.52211
2023-06-09,2.519305
2023-06-12,2.506075
2023-06-13,2.51003
2023-06-14,2.53219
2023-06-15,2.536665
2023-06-16,2.5561949999999998
2023-06-19,2.59066
2023-06-20,2.61921
2023-06-21,2.645755
2023-06-26,2.663995
2023-06-27,2.673545
2023-06-28,2.66911
2023-06-29,2.656165
2023-06-30,2.6589300000000002
2023-07-03,2.66668
2023-07-04,2.659385
2023-07-05,2.656835
2023-07-06,2.63328
2023-07-07,2.627505
2023-07-10,2.61502
2023-07-11,2.5872149999999996
2023-07-12,2.58142
2023-07-13,2.5706999999999995
2023-07-14,2.5572150000000002
2023-07-17,2.5366
2023-07-18,2.50319
2023-07-19,2.4489799999999997
2023-07-20,2.4148050000000003
2023-07-21,2.3773950000000004
2023-07-24,2.335315
2023-07-25,2.344975
2023-07-26,2.34741
2023-07-27,2.35494
2023-07-28,2.365605
2023-07-31,2.385275
2023-08-01,2.42464
2023-08-02,2.455975
2023-08-03,2.490785
2023-08-04,2.5539449999999997
2023-08-07,2.597025
2023-08-08,2.6174500000000003
2023-08-09,2.610025
2023-08-10,2.606815
2023-08-11,2.6184250000000002
2023-08-14,2.62874
2023-08-15,2.6308350000000003
2023-08-16,2.644695
2023-08-17,2.65063
2023-08-18,2.6732899999999997
2023-08-21,2.680155
2023-08-22,2.67693
2023-08-23,2.657525
2023-08-24,2.647765
2023-08-25,2.6319749999999997
2023-08-28,2.6556699999999998
2023-08-29,2.65717
2023-08-30,2.6556249999999997
2023-08-31,2.6368850000000004
2023-09-01,2.5730700000000004
2023-09-04,2.5604649999999998
2023-09-05,2.558415
2023-09-06,2.55608
2023-09-07,2.55652
2023-09-08,2.529695
2023-09-11,2.53492
2023-09-12,2.53313
2023-09-13,2.53338
2023-09-14,2.520375
2023-09-15,2.5070950000000005
2023-09-18,2.508465
2023-09-19,2.480445
2023-09-20,2.4601800000000003
2023-09-21,2.429385
2023-09-22,2.42352
2023-09-25,2.3508000000000004
2023-09-26,2.28601
2023-09-27,2.245165
2023-09-28,2.231625
2023-10-09,2.243255
2023-10-10,2.230455
2023-10-11,2.2330449999999997
2023-10-12,2.24688
2023-10-13,2.2570950000000005
2023-10-16,2.297475
2023-10-17,2.29293
2023-10-18,2.31449
2023-10-19,2.3413150000000003
2023-10-20,2.362835
2023-10-23,2.3817150000000002
2023-10-24,2.4110050000000003
2023-10-25,2.456105
2023-10-26,2.502085
2023-10-27,2.5669250000000003
2023-10-30,2.6081600000000003
2023-10-31,2.641
2023-11-01,2.6716050000000005
2023-11-02,2.68882
2023-11-03,2.70596
2023-11-06,2.751575
2023-11-07,2.7821100000000003
2023-11-08,2.819165
2023-11-09,2.83503
2023-11-10,2.833515
2023-11-13,2.8221
2023-11-14,2.84192
2023-11-15,2.863405
2023-11-16,2.85396
2023-11-17,2.86139
2023-11-20,2.875545
2023-11-21,2.898825
2023-11-22,2.906885
2023-11-23,2.903315
2023-11-24,2.884205
2023-11-27,2.8626250000000004
2023-11-28,2.82909
2023-11-29,2.818155
2023-11-30,2.80968
2023-12-01,2.80868
2023-12-04,2.77843
2023-12-05,2.75007
2023-12-06,2.71408
2023-12-07,2.70141
2023-12-08,2.724755
2023-12-11,2.7319950000000004
2023-12-12,2.70351
2023-12-13,2.66192
2023-12-14,2.63982
2023-12-15,2.6187899999999997
2023-12-18,2.5863050000000003
2023-12-19,2.527355
2023-12-20,2.472835
2023-12-21,2.4474
2023-12-22,2.4385
2023-12-25,2.39728
2023-12-26,2.375015
2023-12-27,2.3498949999999996
2023-12-28,2.360895
2023-12-29,2.350625
2024-01-02,2.32749
2024-01-03,2.30558
2024-01-04,2.2677699999999996
2024-01-05,2.2405850000000003
2024-01-08,2.1882349999999997
2024-01-09,2.143455
2024-01-10,2.12229
2024-01-11,2.123735
2024-01-12,2.12405
2024-01-15,2.110195
2024-01-16,2.10217
2024-01-17,2.0949549999999997
2024-01-18,2.12745
2024-01-19,2.1104600000000002
2024-01-22,2.11262
2024-01-23,2.130525
2024-01-24,2.16501
2024-01-25,2.21343
2024-01-26,2.222995
2024-01-29,2.23615
2024-01-30,2.23271
2024-01-31,2.2670749999999997
2024-02-01,2.30607
2024-02-02,2.357085
2024-02-05,2.446225
2024-02-06,2.53459
2024-02-07,2.631625
2024-02-08,2.713705
2024-02-19,2.786665
2024-02-20,2.8267700000000002
2024-02-21,2.89412
2024-02-22,2.93717
2024-02-23,2.956635
2024-02-26,3.02534
2024-02-27,3.058755
2024-02-28,3.173805
2024-02-29,3.212905
2024-03-01,3.231085
2024-03-04,3.251575
2024-03-05,3.2723649999999997
2024-03-06,3.29814
2024-03-07,3.299475
2024-03-08,3.291395
2024-03-11,3.2789499999999996
2024-03-12,3.25362
2024-03-13,3.22694
2024-03-14,3.1840450000000002
2024-03-15,3.13298
2024-03-18,3.12276
2024-03-19,3.14558
2024-03-20,3.13242
2024-03-21,3.168125
2024-03-22,3.201775
2024-03-25,3.2188500000000007
2024-03-26,3.2192350000000003
2024-03-27,3.146855
2024-03-28,3.13829
2024-03-29,3.124215
2024-04-01,3.1344250000000002
2024-04-02,3.1536600000000004
2024-04-03,3.181475
2024-04-08,3.204475
2024-04-09,3.2225900000000003
2024-04-10,3.22595
2024-04-11,3.20974
2024-04-12,3.1888750000000003
2024-04-15,3.2181400000000004
2024-04-16,3.25916
2024-04-17,3.256575
2024-04-18,3.2632
2024-04-19,3.26308
2024-04-22,3.2398949999999997
2024-04-23,3.19304
2024-04-24,3.156235
2024-04-25,3.13353
2024-04-26,3.161195
2024-04-29,3.216455
2024-04-30,3.249085
2024-05-06,3.2622500000000003
2024-05-07,3.25357
2024-05-08,3.24475
2024-05-09,3.23296
2024-05-10,3.25926
2024-05-13,3.2726599999999997
2024-05-14,3.2785249999999997
2024-05-15,3.28581
2024-05-16,3.259595
2024-05-17,3.2402050000000004
2024-05-20,3.24899
2024-05-21,3.23748
2024-05-22,3.229805
2024-05-23,3.238935
2024-05-24,3.2355600000000004
2024-05-27,3.2273449999999997
2024-05-28,3.2207500000000002
2024-05-29,3.16218
2024-05-30,3.075335
2024-05-31,3.01581
2024-06-03,2.9798299999999998
2024-06-04,2.94487
2024-06-05,2.90708
2024-06-06,2.90563
2024-06-07,2.854955
2024-06-11,2.80828
2024-06-12,2.7650449999999998
2024-06-13,2.73577
2024-06-14,2.707685
2024-06-17,2.65768
2024-06-18,2.60449
2024-06-19,2.564425
2024-06-20,2.543095
2024-06-21,2.487165
2024-06-24,2.469475
2024-06-25,2.436475
2024-06-26,2.429215
2024-06-27,2.412215
2024-06-28,2.40818
2024-07-01,2.403295
2024-07-02,2.3652
2024-07-03,2.32843
2024-07-04,2.320445
2024-07-05,2.269205
2024-07-08,2.265005
2024-07-09,2.285055
2024-07-10,2.302045
2024-07-11,2.3240950000000002
2024-07-12,2.318875
2024-07-15,2.319865
2024-07-16,2.30596
2024-07-17,2.3004249999999997
2024-07-18,2.28176
2024-07-19,2.28249
2024-07-22,2.2651100000000004
2024-07-23,2.27158
2024-07-24,2.255475
2024-07-25,2.243
2024-07-26,2.22075
2024-07-29,2.2023249999999996
2024-07-30,2.19611
2024-07-31,2.2605449999999996
2024-08-01,2.283075
2024-08-02,2.307595
2024-08-05,2.333805
2024-08-06,2.3141100000000003
2024-08-07,2.29119
2024-08-08,2.2677199999999997
2024-08-09,2.25446
2024-08-12,2.2379399999999996
2024-08-13,2.21968
2024-08-14,2.2015900000000004
2024-08-15,2.2096299999999998
2024-08-16,2.21926
2024-08-19,2.22844
2024-08-20,2.2378899999999997
2024-08-21,2.2269499999999995
2024-08-22,2.23208
2024-08-23,2.23231
2024-08-26,2.2362
2024-08-27,2.238795
2024-08-28,2.1802400000000004
2024-08-29,2.1664299999999996
2024-08-30,2.2042
2024-09-02,2.20854
2024-09-03,2.21149
2024-09-04,2.22133
2024-09-05,2.216825
2024-09-06,2.2279
2024-09-09,2.2335350000000003
2024-09-10,2.263395
2024-09-11,2.27669
2024-09-12,2.2670649999999997
2024-09-13,2.2623450000000003
2024-09-18,2.257575
2024-09-19,2.27332
2024-09-20,2.2921050000000003
2024-09-23,2.303715
2024-09-24,2.401735
2024-09-25,2.5417549999999998
2024-09-26,2.6707849999999995
2024-09-27,2.8390299999999997
2024-09-30,3.1533100000000003
2024-10-08,3.4960899999999997
2024-10-09,3.773855
2024-10-10,3.976705
2024-10-11,4.121185
2024-10-14,4.268230000000001
2024-10-15,4.424815
2024-10-16,4.549135000000001
2024-10-17,4.68155
2024-10-18,4.907265000000001
2024-10-21,5.124215
2024-10-22,5.3357399999999995
2024-10-23,5.53733
2024-10-24,5.64545
2024-10-25,5.809585
2024-10-28,5.99408
2024-10-29,6.13446
2024-10-30,6.1889449999999995
2024-10-31,6.30974
2024-11-01,6.418065
2024-11-04,6.25597
2024-11-05,6.10806
2024-11-06,6.076675
2024-11-07,6.13046
2024-11-08,6.287820000000001
2024-11-11,6.398829999999999
2024-11-12,6.49324
2024-11-13,6.556144999999999
2024-11-14,6.57258
2024-11-15,6.5128699999999995
2024-11-18,6.482445
2024-11-19,6.413845
2024-11-20,6.382185
2024-11-21,6.414085
2024-11-22,6.4456299999999995
2024-11-25,6.400105000000001
2024-11-26,6.284775000000001
2024-11-27,6.253335000000001
2024-11-28,6.174435
2024-11-29,6.0957
2024-12-02,6.148025
2024-12-03,6.088705
2024-12-04,5.9728200000000005
2024-12-05,5.86156
2024-12-06,5.765675
2024-12-09,5.66462
2024-12-10,5.63854
2024-12-11,5.649875
2024-12-12,5.692125
2024-12-13,5.751995
2024-12-16,5.73784
2024-12-17,5.73689
2024-12-18,5.687165
2024-12-19,5.640855
2024-12-20,5.548655
2024-12-23,5.528795000000001
2024-12-24,5.500875
2024-12-25,5.43309
2024-12-26,5.344845
2024-12-27,5.26312
2024-12-30,5.12747
2024-12-31,5.040985
2025-01-02,4.988315
2025-01-03,4.93891
2025-01-06,4.803755000000001
2025-01-07,4.71081
2025-01-08,4.573095
2025-01-09,4.445175
2025-01-10,4.31149
2025-01-13,4.133965000000001
2025-01-14,4.0655
2025-01-15,4.000775
2025-01-16,3.97122
2025-01-17,3.92089
2025-01-20,3.879055
2025-01-21,3.82457
2025-01-22,3.7916049999999997
2025-01-23,3.7943100000000003
2025-01-24,3.794755
2025-01-27,3.749725
2025-02-05,3.7527800000000004
2025-02-06,3.771255
2025-02-07,3.8421
2025-02-10,3.895785000000001
2025-02-11,3.9716250000000004
2025-02-12,4.04947
2025-02-13,4.127140000000001
2025-02-14,4.220635
2025-02-17,4.333
2025-02-18,4.450055
2025-02-19,4.482675
2025-02-20,4.55734
2025-02-21,4.6563
2025-02-24,4.7649550000000005
2025-02-25,4.851265
2025-02-26,4.94394
2025-02-27,5.061355000000001
2025-02-28,5.125475
2025-03-03,5.17692
2025-03-04,5.212305
2025-03-05,5.235165
2025-03-06,5.273210000000001
2025-03-07,5.2572
2025-03-10,5.21796
2025-03-11,5.183369999999999
2025-03-12,5.181
2025-03-13,5.1369
2025-03-14,5.114655
2025-03-17,5.04808
2025-03-18,4.98705
2025-03-19,4.936995
2025-03-20,4.883965
2025-03-21,4.817195
2025-03-24,4.759805
2025-03-25,4.699814999999999
2025-03-26,4.610580000000001
2025-03-27,4.506704999999999
2025-03-28,4.4157
2025-03-31,4.36075
2025-04-01,4.316785
2025-04-02,4.24405
2025-04-03,4.13815
2025-04-07,4.10785
2025-04-08,4.1531199999999995
2025-04-09,4.198825
2025-04-10,4.190614999999999
2025-04-11,4.1496699999999995
2025-04-14,4.09551
2025-04-15,4.03287
2025-04-16,3.992405
2025-04-17,3.9502800000000002
2025-04-18,3.88986
2025-04-21,3.833305
2025-04-22,3.7877649999999994
2025-04-23,3.7763150000000003
2025-04-24,3.7708649999999997
2025-04-25,3.77134
2025-04-28,3.77168
2025-04-29,3.7542250000000004
2025-04-30,3.768065
2025-05-06,3.824505
2025-05-07,3.8716300000000006
2025-05-08,3.80922
2025-05-09,3.7049350000000003
2025-05-12,3.61073
2025-05-13,3.5502000000000002
2025-05-14,3.543045
2025-05-15,3.521915
2025-05-16,3.5178350000000003
2025-05-19,3.5146699999999997
2025-05-20,3.53404
2025-05-21,3.5641950000000002
2025-05-22,3.5599800000000004
2025-05-23,3.5418250000000002
2025-05-26,3.4872799999999997
2025-05-27,3.450705
2025-05-28,3.4161300000000003
2025-05-29,3.4107250000000002
2025-05-30,3.410765
2025-06-03,3.40628
2025-06-04,3.375105
2025-06-05,3.34863
2025-06-06,3.3243449999999997
2025-06-09,3.3264899999999997
2025-06-10,3.3457850000000002
2025-06-11,3.33924
2025-06-12,3.324675
2025-06-13,3.364215
2025-06-16,3.38425
2025-06-17,3.4068400000000003
2025-06-18,3.4181549999999996
2025-06-19,3.4335499999999994
2025-06-20,3.4297649999999997
2025-06-23,3.4387700000000003
2025-06-24,3.5094250000000002
2025-06-25,3.5909799999999996
2025-06-26,3.67748
2025-06-27,3.73182
2025-06-30,3.7789949999999997
2025-07-01,3.8268649999999993
2025-07-02,3.87479
2025-07-03,3.8836500000000003
2025-07-04,3.9388199999999998
2025-07-07,3.9559400000000005
2025-07-08,3.9716049999999994
2025-07-09,4.008445
2025-07-10,4.049580000000001
2025-07-11,4.09352
2025-07-14,4.13325
2025-07-15,4.187955
2025-07-16,4.201995
2025-07-17,4.21558
2025-07-18,4.263335
2025-07-21,4.337619999999999
2025-07-22,4.398529999999999
2025-07-23,4.44005
2025-07-24,4.4677500000000006
2025-07-25,4.48159
2025-07-28,4.494785
2025-07-29,4.508915
2025-07-30,4.535565
2025-07-31,4.586045
2025-08-01,4.581105
2025-08-04,4.583925
2025-08-05,4.57369
2025-08-06,4.5932
2025-08-07,4.61201
2025-08-08,4.583705
2025-08-11,4.60035
2025-08-12,4.591595
2025-08-13,4.65809
2025-08-14,4.73806
2025-08-15,4.80011
2025-08-18,4.892465
2025-08-19,4.92722
2025-08-20,4.9543
2025-08-21,4.991079999999999
2025-08-22,5.047165000000001
2025-08-25,5.186125
2025-08-26,5.278995
2025-08-27,5.411215
2025-08-28,5.510120000000001
2025-08-29,5.5946
2025-09-01,5.6928399999999995
2025-09-02,5.80529
2025-09-03,5.833155
2025-09-04,5.86463
2025-09-05,5.89185
2025-09-08,5.932855
2025-09-09,5.95152
2025-09-10,5.91282
2025-09-11,5.8906849999999995
2025-09-12,5.900029999999999
2025-09-15,5.828285
2025-09-16,5.798515
2025-09-17,5.776665
2025-09-18,5.83939
2025-09-19,5.810205
2025-09-22,5.68548
2025-09-23,5.63923
2025-09-24,5.5149349999999995
2025-09-25,5.409294999999999
2025-09-26,5.34677
2025-09-29,5.287465
2025-09-30,5.20152
2025-10-09,5.212384999999999
2025-10-10,5.20503
2025-10-13,5.209085
2025-10-14,5.205015
2025-10-15,5.17056
2025-10-16,5.15359
2025-10-17,5.117265000000001
2025-10-20,5.029649999999999
2025-10-21,4.971604999999999
2025-10-22,4.89786
2025-10-23,4.83429
2025-10-24,4.696715
2025-10-27,4.668375
2025-10-28,4.650835
2025-10-29,4.60769
2025-10-30,4.62333
2025-10-31,4.653720000000001
2025-11-03,4.670135
2025-11-04,4.66295
2025-11-05,4.6650149999999995
2025-11-06,4.62853
2025-11-07,4.607525
2025-11-10,4.594110000000001
2025-11-11,4.55837
2025-11-12,4.5772949999999994
2025-11-13,4.613124999999999
2025-11-14,4.62821
2025-11-17,4.66544
2025-11-18,4.7005300000000005
2025-11-19,4.70984
2025-11-20,4.705885
2025-11-21,4.740205
2025-11-24,4.717805
2025-11-25,4.71164
2025-11-26,4.680770000000001
2025-11-27,4.603585000000001
2025-11-28,4.51519
2025-12-01,4.47574
2025-12-02,4.4299599999999995
2025-12-03,4.390625
2025-12-04,4.32926
2025-12-05,4.2825549999999994
2025-12-08,4.252294999999999
2025-12-09,4.219125
2025-12-10,4.173049999999999
2025-12-11,4.135555
2025-12-12,4.10971
2025-12-15,4.071345
2025-12-16,4.026864999999999
2025-12-17,4.008155
2025-12-18,3.981185
2025-12-19,3.9202399999999997
2025-12-22,3.9004399999999997
2025-12-23,3.8787100000000003
2025-12-24,3.863565
2025-12-25,3.8758749999999997
2025-12-26,3.930265
2025-12-29,3.9528550000000005
2025-12-30,4.00487
2025-12-31,4.0280700000000005
2026-01-05,4.1215649999999995
2026-01-06,4.219040000000001
2026-01-07,4.28352
2026-01-08,4.364915000000001
2026-01-09,4.50609
2026-01-12,4.6886
2026-01-13,4.869020000000001
2026-01-14,5.102395
2026-01-15,5.208640000000001
2026-01-16,5.32301
2026-01-19,5.43275
2026-01-20,5.534435
2026-01-21,5.624545
2026-01-22,5.7148650000000005
2026-01-23,5.86684
2026-01-26,6.01849
2026-01-27,6.10437
2026-01-28,6.178275
2026-01-29,6.29826
2026-01-30,6.402289999999999
2026-02-02,6.404345000000001
2026-02-03,6.37604
2026-02-04,6.37355
2026-02-05,6.32987
2026-02-06,6.242395
2026-02-09,6.09884
2026-02-10,5.95688
2026-02-11,5.767855
2026-02-12,5.7014
2026-02-13,5.62134
2026-02-24,5.579705
2026-02-25,5.576265
