date,000852.SH_均线_60日
2015-01-12,6242.458799999999
2015-01-13,6244.266283333333
2015-01-14,6244.012449999999
2015-01-15,6245.106616666667
2015-01-16,6248.849366666666
2015-01-19,6251.8294
2015-01-20,6258.407816666668
2015-01-21,6266.056066666667
2015-01-22,6272.805466666667
2015-01-23,6277.0616
2015-01-26,6283.745333333333
2015-01-27,6291.831933333334
2015-01-28,6298.33645
2015-01-29,6304.8895999999995
2015-01-30,6310.212133333333
2015-02-02,6314.323983333334
2015-02-03,6321.43035
2015-02-04,6328.209116666666
2015-02-05,6338.727083333333
2015-02-06,6345.5086
2015-02-09,6353.02585
2015-02-10,6362.13205
2015-02-11,6371.210000000001
2015-02-12,6380.614883333334
2015-02-13,6390.986316666666
2015-02-16,6403.9760166666665
2015-02-17,6416.964000000001
2015-02-25,6428.8247
2015-02-26,6439.705133333334
2015-02-27,6451.484266666666
2015-03-02,6465.569099999999
2015-03-03,6478.9691
2015-03-04,6495.945266666667
2015-03-05,6512.5010999999995
2015-03-06,6526.241883333334
2015-03-09,6540.333450000001
2015-03-10,6558.739983333333
2015-03-11,6577.22
2015-03-12,6599.771300000001
2015-03-13,6621.146883333334
2015-03-16,6645.147666666667
2015-03-17,6669.281883333333
2015-03-18,6694.161983333334
2015-03-19,6720.518133333333
2015-03-20,6749.979966666667
2015-03-23,6783.6393
2015-03-24,6820.594933333333
2015-03-25,6865.000383333333
2015-03-26,6908.142016666667
2015-03-27,6950.732233333333
2015-03-30,6992.344133333333
2015-03-31,7034.79085
2015-04-01,7083.277883333333
2015-04-02,7137.534833333334
2015-04-03,7194.06285
2015-04-07,7253.2451
2015-04-08,7307.965066666667
2015-04-09,7361.346533333333
2015-04-10,7418.618033333333
2015-04-13,7480.0444333333335
2015-04-14,7542.84075
2015-04-15,7597.408666666666
2015-04-16,7654.116599999999
2015-04-17,7710.767216666666
2015-04-20,7762.4595
2015-04-21,7822.577233333333
2015-04-22,7883.554416666666
2015-04-23,7944.213366666667
2015-04-24,8003.467933333333
2015-04-27,8064.681816666666
2015-04-28,8118.103166666667
2015-04-29,8174.9964
2015-04-30,8233.566833333334
2015-05-04,8294.318916666667
2015-05-05,8351.996799999999
2015-05-06,8409.298266666667
2015-05-07,8461.830916666666
2015-05-08,8522.181616666667
2015-05-11,8590.80725
2015-05-12,8666.215266666666
2015-05-13,8743.923316666665
2015-05-14,8821.511349999999
2015-05-15,8897.718350000001
2015-05-18,8978.359433333333
2015-05-19,9061.951299999999
2015-05-20,9148.069116666667
2015-05-21,9240.835733333333
2015-05-22,9335.54615
2015-05-25,9432.756183333335
2015-05-26,9537.079883333332
2015-05-27,9641.494433333333
2015-05-28,9733.7758
2015-05-29,9827.378733333333
2015-06-01,9931.383133333333
2015-06-02,10047.015066666667
2015-06-03,10162.111466666667
2015-06-04,10274.48095
2015-06-05,10389.471583333332
2015-06-08,10499.226333333334
2015-06-09,10606.841083333333
2015-06-10,10716.148551666667
2015-06-11,10829.075858333334
2015-06-12,10943.332321666667
2015-06-15,11051.518228333332
2015-06-16,11147.908108333333
2015-06-17,11245.355976666666
2015-06-18,11333.336556666667
2015-06-19,11404.0
2015-06-23,11477.91925
2015-06-24,11554.644315000001
2015-06-25,11621.998616666666
2015-06-26,11671.165435
2015-06-29,11702.796156666667
2015-06-30,11738.519821666669
2015-07-01,11760.433325
2015-07-02,11767.127271666666
2015-07-03,11765.512975
2015-07-06,11757.000555
2015-07-07,11736.262630000001
2015-07-08,11707.946103333334
2015-07-09,11683.259651666665
2015-07-10,11669.577645
2015-07-13,11661.090816666667
2015-07-14,11657.265383333333
2015-07-15,11650.420268333333
2015-07-16,11639.168263333333
2015-07-17,11631.601545
2015-07-20,11627.178991666668
2015-07-21,11626.162043333334
2015-07-22,11627.06143
2015-07-23,11638.816915
2015-07-24,11644.522743333335
2015-07-27,11636.840418333335
2015-07-28,11620.413936666668
2015-07-29,11615.746631666667
2015-07-30,11607.192261666667
2015-07-31,11597.47773
2015-08-03,11571.631291666667
2015-08-04,11546.524641666667
2015-08-05,11516.348885000001
2015-08-06,11484.549693333332
2015-08-07,11457.4503
2015-08-10,11438.450501666666
2015-08-11,11415.307731666668
2015-08-12,11384.883888333334
2015-08-13,11354.490878333332
2015-08-14,11317.689686666668
2015-08-17,11282.287063333331
2015-08-18,11231.100913333332
2015-08-19,11175.376415
2015-08-20,11111.33252
2015-08-21,11051.151921666666
2015-08-24,10975.810480000002
2015-08-25,10878.99285
2015-08-26,10766.783921666669
2015-08-27,10657.399568333332
2015-08-28,10556.771391666667
2015-08-31,10448.18321
2015-09-01,10337.210011666666
2015-09-02,10220.939008333333
2015-09-07,10101.433293333333
2015-09-08,9982.810276666665
2015-09-09,9865.316771666667
2015-09-10,9750.903781666666
2015-09-11,9648.402345
2015-09-14,9531.818818333333
2015-09-15,9416.830235000001
2015-09-16,9324.761803333333
2015-09-17,9231.122108333333
2015-09-18,9135.16225
2015-09-21,9053.285695
2015-09-22,8989.120485
2015-09-23,8937.75418
2015-09-24,8880.210043333333
2015-09-25,8828.646073333333
2015-09-28,8792.600386666667
2015-09-29,8765.29947
2015-09-30,8746.44276
2015-10-08,8741.445316666668
2015-10-09,8742.541853333334
2015-10-12,8745.43776
2015-10-13,8745.950768333334
2015-10-14,8737.653591666667
2015-10-15,8728.82519
2015-10-16,8728.827065
2015-10-19,8727.0631
2015-10-20,8719.984426666666
2015-10-21,8698.345930000001
2015-10-22,8678.876991666666
2015-10-23,8661.438486666668
2015-10-26,8639.932946666666
2015-10-27,8621.536556666666
2015-10-28,8611.741886666667
2015-10-29,8610.575995
2015-10-30,8601.593228333333
2015-11-02,8592.992471666666
2015-11-03,8588.005453333333
2015-11-04,8599.226260000001
2015-11-05,8601.330013333332
2015-11-06,8607.803275
2015-11-09,8617.581368333333
2015-11-10,8623.016428333334
2015-11-11,8623.39257
2015-11-12,8623.082045
2015-11-13,8621.896031666667
2015-11-16,8619.995835
2015-11-17,8615.519501666666
2015-11-18,8604.945013333334
2015-11-19,8612.089163333334
2015-11-20,8618.464358333333
2015-11-23,8628.489903333333
2015-11-24,8649.347296666667
2015-11-25,8685.840376666667
2015-11-26,8731.485703333334
2015-11-27,8771.314223333333
2015-11-30,8808.108373333333
2015-12-01,8836.179128333333
2015-12-02,8867.37239
2015-12-03,8911.73163
2015-12-04,8960.925016666666
2015-12-07,9010.034198333333
2015-12-08,9050.138151666666
2015-12-09,9084.762575
2015-12-10,9121.30341
2015-12-11,9154.536503333333
2015-12-14,9199.646516666668
2015-12-15,9253.706006666667
2015-12-16,9301.599663333333
2015-12-17,9355.788411666666
2015-12-18,9407.017856666667
2015-12-21,9454.54661
2015-12-22,9503.35339
2015-12-23,9550.254948333335
2015-12-24,9595.327696666667
2015-12-25,9646.774663333334
2015-12-28,9691.370384999998
2015-12-29,9740.254240000002
2015-12-30,9791.574153333331
2015-12-31,9834.209146666668
2016-01-04,9859.449808333333
2016-01-05,9874.939996666666
2016-01-06,9892.581948333333
2016-01-07,9897.944710000002
2016-01-08,9899.074504999999
2016-01-11,9886.776245
2016-01-12,9874.319061666667
2016-01-13,9852.978801666666
2016-01-14,9846.580971666668
2016-01-15,9829.471151666665
2016-01-18,9810.776590000001
2016-01-19,9796.201486666667
2016-01-20,9779.125250000001
2016-01-21,9759.33686
2016-01-22,9740.331823333334
2016-01-25,9723.53579
2016-01-26,9700.216803333335
2016-01-27,9675.922316666667
2016-01-28,9637.656638333334
2016-01-29,9604.228513333333
2016-02-01,9565.284063333333
2016-02-02,9527.951251666667
2016-02-03,9489.938231666665
2016-02-04,9451.719735
2016-02-05,9411.446835
2016-02-15,9374.640191666665
2016-02-16,9339.220466666668
2016-02-17,9307.432933333333
2016-02-18,9278.224205
2016-02-19,9244.95597
2016-02-22,9211.080979999999
2016-02-23,9178.012751666665
2016-02-24,9143.097166666668
2016-02-25,9093.201881666666
2016-02-26,9043.968395
2016-02-29,8998.138074999999
2016-03-01,8953.86971
2016-03-02,8916.481065
2016-03-03,8881.56615
2016-03-04,8836.831285
2016-03-07,8795.479021666666
2016-03-08,8752.690200000001
2016-03-09,8710.064073333333
2016-03-10,8665.772465
2016-03-11,8621.007763333333
2016-03-14,8582.574588333333
2016-03-15,8540.123211666667
2016-03-16,8493.552485
2016-03-17,8450.313255
2016-03-18,8407.267285
2016-03-21,8368.8674
2016-03-22,8329.060753333333
2016-03-23,8289.05069
2016-03-24,8249.742188333334
2016-03-25,8211.576398333333
2016-03-28,8171.106183333333
2016-03-29,8131.1667733333325
2016-03-30,8094.249690000001
2016-03-31,8054.924278333333
2016-04-01,8017.839413333333
2016-04-05,8000.186586666666
2016-04-06,7987.506408333333
2016-04-07,7968.172136666666
2016-04-08,7961.966851666667
2016-04-11,7958.652793333333
2016-04-12,7965.373656666667
2016-04-13,7974.405003333333
2016-04-14,7991.08659
2016-04-15,8002.475878333334
2016-04-18,8016.60392
2016-04-19,8028.16434
2016-04-20,8026.894635000001
2016-04-21,8024.846615
2016-04-22,8030.4775666666665
2016-04-25,8033.114106666666
2016-04-26,8035.829403333333
2016-04-27,8048.794631666667
2016-04-28,8062.741483333333
2016-04-29,8082.588101666666
2016-05-03,8102.135096666667
2016-05-04,8123.343446666667
2016-05-05,8140.888031666666
2016-05-06,8151.647603333334
2016-05-09,8153.493395
2016-05-10,8156.49263
2016-05-11,8158.119458333334
2016-05-12,8153.991424999999
2016-05-13,8147.404930000001
2016-05-16,8143.82171
2016-05-17,8139.192478333334
2016-05-18,8127.594181666666
2016-05-19,8117.760183333333
2016-05-20,8109.351271666667
2016-05-23,8114.234439999999
2016-05-24,8118.348653333333
2016-05-25,8130.116213333333
2016-05-26,8139.855908333333
2016-05-27,8143.2055366666655
2016-05-30,8145.546151666666
2016-05-31,8158.52542
2016-06-01,8169.693410000001
2016-06-02,8181.339113333333
2016-06-03,8196.199
2016-06-06,8213.628573333333
2016-06-07,8231.713605
2016-06-08,8244.909618333333
2016-06-13,8252.059598333333
2016-06-14,8261.298988333334
2016-06-15,8270.64339
2016-06-16,8274.99056
2016-06-17,8276.466068333333
2016-06-20,8278.911406666666
2016-06-21,8277.946795
2016-06-22,8281.845023333333
2016-06-23,8284.38732
2016-06-24,8286.55473
2016-06-27,8295.340808333332
2016-06-28,8300.199366666666
2016-06-29,8305.176628333335
2016-06-30,8311.040171666667
2016-07-01,8312.287683333334
2016-07-04,8315.335031666667
2016-07-05,8321.423821666667
2016-07-06,8329.13987
2016-07-07,8333.754311666667
2016-07-08,8339.269056666666
2016-07-11,8341.68832
2016-07-12,8343.45576
2016-07-13,8346.491461666667
2016-07-14,8351.94001
2016-07-15,8355.746365
2016-07-18,8366.173929999999
2016-07-19,8379.479295000001
2016-07-20,8391.403735
2016-07-21,8404.321666666667
2016-07-22,8414.13074
2016-07-25,8424.162118333334
2016-07-26,8436.36212
2016-07-27,8441.549151666668
2016-07-28,8441.765588333334
2016-07-29,8440.69852
2016-08-01,8436.27968
2016-08-02,8439.108795
2016-08-03,8448.509626666666
2016-08-04,8459.415350000001
2016-08-05,8470.771751666667
2016-08-08,8483.863185
2016-08-09,8498.737041666665
2016-08-10,8510.580906666666
2016-08-11,8520.084071666666
2016-08-12,8535.135716666666
2016-08-15,8552.47766
2016-08-16,8569.426623333333
2016-08-17,8584.69606
2016-08-18,8601.273548333334
2016-08-19,8618.500763333333
2016-08-22,8633.190345
2016-08-23,8648.312785
2016-08-24,8664.694688333335
2016-08-25,8674.478483333334
2016-08-26,8683.54428
2016-08-29,8691.33697
2016-08-30,8698.781978333334
2016-08-31,8705.713785000002
2016-09-01,8711.315151666666
2016-09-02,8716.199321666667
2016-09-05,8728.885041666666
2016-09-06,8743.356361666667
2016-09-07,8752.643991666668
2016-09-08,8762.317265
2016-09-09,8769.947365
2016-09-12,8772.10515
2016-09-13,8777.203781666667
2016-09-14,8778.947218333335
2016-09-19,8782.62565
2016-09-20,8787.349989999999
2016-09-21,8788.78063
2016-09-22,8789.44559
2016-09-23,8789.175518333333
2016-09-26,8785.893468333332
2016-09-27,8784.119830000001
2016-09-28,8779.420751666667
2016-09-29,8774.483513333334
2016-09-30,8769.714876666667
2016-10-10,8767.857250000001
2016-10-11,8767.260591666667
2016-10-12,8767.934661666666
2016-10-13,8767.708770000001
2016-10-14,8765.883078333334
2016-10-17,8762.371935
2016-10-18,8762.102018333333
2016-10-19,8762.374476666668
2016-10-20,8762.350761666667
2016-10-21,8761.436106666666
2016-10-24,8761.321923333335
2016-10-25,8763.11383
2016-10-26,8764.370813333335
2016-10-27,8763.728461666667
2016-10-28,8768.923398333334
2016-10-31,8774.572456666667
2016-11-01,8783.000775
2016-11-02,8792.719666666666
2016-11-03,8802.037576666666
2016-11-04,8810.333041666667
2016-11-07,8817.375711666666
2016-11-08,8826.13183
2016-11-09,8832.135133333333
2016-11-10,8838.542733333334
2016-11-11,8846.038248333332
2016-11-14,8856.379471666667
2016-11-15,8866.092926666666
2016-11-16,8872.828206666667
2016-11-17,8877.784421666667
2016-11-18,8881.692193333332
2016-11-21,8886.01165
2016-11-22,8891.359133333333
2016-11-23,8897.511941666666
2016-11-24,8902.451213333336
2016-11-25,8907.189618333332
2016-11-28,8913.011706666668
2016-11-29,8916.625463333334
2016-11-30,8919.590789999998
2016-12-01,8923.216155
2016-12-02,8924.250058333333
2016-12-05,8925.596148333334
2016-12-06,8928.042599999999
2016-12-07,8931.495499999999
2016-12-08,8931.622898333333
2016-12-09,8931.34866
2016-12-12,8922.332878333335
2016-12-13,8915.020776666666
2016-12-14,8911.531736666666
2016-12-15,8908.382210000002
2016-12-16,8907.412896666667
2016-12-19,8904.660228333332
2016-12-20,8901.892025000001
2016-12-21,8899.848788333335
2016-12-22,8897.146299999999
2016-12-23,8893.475471666667
2016-12-26,8893.524155
2016-12-27,8892.722338333335
2016-12-28,8891.543155
2016-12-29,8889.371341666667
2016-12-30,8886.535376666667
2017-01-03,8881.907348333332
2017-01-04,8878.015518333332
2017-01-05,8873.937528333334
2017-01-06,8868.610653333333
2017-01-09,8864.279848333334
2017-01-10,8860.57083
2017-01-11,8853.123401666668
2017-01-12,8844.607706666666
2017-01-13,8832.788226666666
2017-01-16,8815.937298333334
2017-01-17,8799.736443333333
2017-01-18,8782.230781666667
2017-01-19,8764.807983333334
2017-01-20,8749.653923333333
2017-01-23,8737.228794999999
2017-01-24,8724.113431666667
2017-01-25,8709.843538333334
2017-01-26,8697.495654999999
2017-02-03,8683.786053333333
2017-02-06,8672.120755
2017-02-07,8660.567570000001
2017-02-08,8649.095953333333
2017-02-09,8639.807033333333
2017-02-10,8628.089401666666
2017-02-13,8616.613533333333
2017-02-14,8604.474703333333
2017-02-15,8590.244933333333
2017-02-16,8576.671821666667
2017-02-17,8562.504796666666
2017-02-20,8550.021958333333
2017-02-21,8538.557216666666
2017-02-22,8526.32544
2017-02-23,8515.203668333334
2017-02-24,8505.651705
2017-02-27,8494.686556666666
2017-02-28,8484.256159999999
2017-03-01,8475.842521666667
2017-03-02,8466.784638333333
2017-03-03,8457.609071666668
2017-03-06,8452.738061666667
2017-03-07,8448.95388
2017-03-08,8444.256228333334
2017-03-09,8437.029905
2017-03-10,8430.751041666666
2017-03-13,8426.037295
2017-03-14,8429.107786666666
2017-03-15,8431.448491666666
2017-03-16,8436.230566666667
2017-03-17,8438.499851666666
2017-03-20,8439.747405
2017-03-21,8441.218081666666
2017-03-22,8441.990026666666
2017-03-23,8441.682608333333
2017-03-24,8441.58835
2017-03-27,8442.88084
2017-03-28,8443.063753333332
2017-03-29,8441.934203333332
2017-03-30,8438.495373333333
2017-03-31,8436.009523333334
2017-04-05,8436.528668333332
2017-04-06,8436.17078
2017-04-07,8434.084076666666
2017-04-10,8430.390669999999
2017-04-11,8428.799626666667
2017-04-12,8425.308741666666
2017-04-13,8422.988071666667
2017-04-14,8420.084848333332
2017-04-17,8416.374778333333
2017-04-18,8413.877576666668
2017-04-19,8415.57003
2017-04-20,8414.886686666667
2017-04-21,8414.15751
2017-04-24,8409.872395
2017-04-25,8403.809513333334
2017-04-26,8396.856766666668
2017-04-27,8391.449026666667
2017-04-28,8386.307136666666
2017-05-02,8380.300423333334
2017-05-03,8374.43974
2017-05-04,8366.515928333334
2017-05-05,8356.81409
2017-05-08,8343.694903333333
2017-05-09,8330.239913333333
2017-05-10,8314.756406666665
2017-05-11,8297.326345
2017-05-12,8279.784113333333
2017-05-15,8263.90963
2017-05-16,8249.779676666667
2017-05-17,8237.213371666667
2017-05-18,8222.579171666666
2017-05-19,8206.420818333332
2017-05-22,8187.462231666666
2017-05-23,8164.554458333333
2017-05-24,8141.6993649999995
2017-05-25,8120.961446666667
2017-05-26,8099.715654999999
2017-05-31,8077.819393333334
2017-06-01,8053.567126666667
2017-06-02,8030.050056666666
2017-06-05,8005.922948333334
2017-06-06,7982.142151666668
2017-06-07,7961.437613333333
2017-06-08,7941.553045
2017-06-09,7921.732053333334
2017-06-12,7899.201963333334
2017-06-13,7878.723015
2017-06-14,7858.536781666667
2017-06-15,7838.376896666667
2017-06-16,7819.028363333333
2017-06-19,7799.94364
2017-06-20,7781.014211666667
2017-06-21,7762.875621666666
2017-06-22,7742.558981666666
2017-06-23,7722.1319066666665
2017-06-26,7703.384996666667
2017-06-27,7685.317678333334
2017-06-28,7667.571863333334
2017-06-29,7653.2656400000005
2017-06-30,7638.7092416666665
2017-07-03,7622.294178333334
2017-07-04,7605.294715
2017-07-05,7589.350381666667
2017-07-06,7575.227523333334
2017-07-07,7560.376596666667
2017-07-10,7545.933666666666
2017-07-11,7529.496085000001
2017-07-12,7514.974106666667
2017-07-13,7502.534820000001
2017-07-14,7490.814329999999
2017-07-17,7474.398206666666
2017-07-18,7459.764026666667
2017-07-19,7447.387615000001
2017-07-20,7439.831206666667
2017-07-21,7431.9763366666675
2017-07-24,7424.3214100000005
2017-07-25,7415.650093333333
2017-07-26,7406.446678333334
2017-07-27,7398.740795
2017-07-28,7391.333631666667
2017-07-31,7385.3399266666665
2017-08-01,7381.217739999999
2017-08-02,7378.4548583333335
2017-08-03,7375.473948333334
2017-08-04,7374.430108333333
2017-08-07,7375.397216666666
2017-08-08,7377.053744999999
2017-08-09,7378.783451666666
2017-08-10,7376.974644999999
2017-08-11,7372.940689999999
2017-08-14,7372.198228333334
2017-08-15,7372.15131
2017-08-16,7375.01126
2017-08-17,7382.9441566666665
2017-08-18,7389.676016666666
2017-08-21,7396.327995
2017-08-22,7402.190891666667
2017-08-23,7407.553641666666
2017-08-24,7415.382873333333
2017-08-25,7423.130841666667
2017-08-28,7431.1661583333325
2017-08-29,7438.260114999999
2017-08-30,7443.373028333333
2017-08-31,7448.996174999999
2017-09-01,7455.519249999999
2017-09-04,7464.710348333333
2017-09-05,7472.1697
2017-09-06,7480.426853333333
2017-09-07,7486.56038
2017-09-08,7493.157758333333
2017-09-11,7500.3399266666665
2017-09-12,7506.93364
2017-09-13,7514.009620000001
2017-09-14,7523.088016666666
2017-09-15,7531.486368333333
2017-09-18,7539.479483333333
2017-09-19,7546.674018333333
2017-09-20,7555.872711666667
2017-09-21,7563.0367683333325
2017-09-22,7569.436171666667
2017-09-25,7572.681033333333
2017-09-26,7576.390088333333
2017-09-27,7580.092538333333
2017-09-28,7582.869036666667
2017-09-29,7586.522466666666
2017-10-09,7592.578508333333
2017-10-10,7601.085195000001
2017-10-11,7609.198153333333
2017-10-12,7616.9621216666665
2017-10-13,7625.949451666666
2017-10-16,7638.800300000001
2017-10-17,7650.391435
2017-10-18,7659.18254
2017-10-19,7666.03513
2017-10-20,7674.347143333333
2017-10-23,7682.69528
2017-10-24,7690.596623333333
2017-10-25,7699.09448
2017-10-26,7706.544330000001
2017-10-27,7712.952746666666
2017-10-30,7715.114373333333
2017-10-31,7718.09104
2017-11-01,7722.189795
2017-11-02,7724.160588333333
2017-11-03,7725.624513333333
2017-11-06,7727.394066666667
2017-11-07,7729.485310000001
2017-11-08,7731.5209233333335
2017-11-09,7735.111448333334
2017-11-10,7740.804273333333
2017-11-13,7744.254125
2017-11-14,7746.257495
2017-11-15,7746.4580633333335
2017-11-16,7745.147685000001
2017-11-17,7740.0910416666675
2017-11-20,7734.436141666666
2017-11-21,7729.5060533333335
2017-11-22,7725.554891666668
2017-11-23,7719.604838333334
2017-11-24,7712.608955
2017-11-27,7702.995518333334
2017-11-28,7695.556605000001
2017-11-29,7687.869063333333
2017-11-30,7679.097421666666
2017-12-01,7670.361925
2017-12-04,7659.388095
2017-12-05,7645.155083333333
2017-12-06,7631.129741666667
2017-12-07,7617.618211666666
2017-12-08,7604.938290000001
2017-12-11,7592.267206666666
2017-12-12,7578.870058333333
2017-12-13,7565.719516666666
2017-12-14,7552.88258
2017-12-15,7540.252271666667
2017-12-18,7525.821983333333
2017-12-19,7512.657754999999
2017-12-20,7497.092921666666
2017-12-21,7483.173315000001
2017-12-22,7469.634493333333
2017-12-25,7456.446381666667
2017-12-26,7443.5215
2017-12-27,7429.05992
2017-12-28,7415.528381666666
2017-12-29,7401.774466666667
2018-01-02,7387.623038333334
2018-01-03,7373.713311666666
2018-01-04,7360.6092216666675
2018-01-05,7347.88806
2018-01-08,7334.819246666667
2018-01-09,7324.105171666667
2018-01-10,7313.000386666667
2018-01-11,7303.752496666666
2018-01-12,7294.948701666667
2018-01-15,7281.246686666666
2018-01-16,7267.3656949999995
2018-01-17,7253.864686666667
2018-01-18,7239.789406666667
2018-01-19,7224.926171666667
2018-01-22,7212.323420000001
2018-01-23,7203.078758333333
2018-01-24,7193.759971666667
2018-01-25,7184.213304999999
2018-01-26,7176.107615000001
2018-01-29,7167.699250000001
2018-01-30,7157.764073333334
2018-01-31,7144.344765
2018-02-01,7125.826898333334
2018-02-02,7106.346883333333
2018-02-05,7086.210913333333
2018-02-06,7060.561466666667
2018-02-07,7036.074198333334
2018-02-08,7014.104194999999
2018-02-09,6989.394711666667
2018-02-12,6971.579639999999
2018-02-13,6953.647208333334
2018-02-14,6936.00314
2018-02-22,6920.164663333333
2018-02-23,6907.445691666667
2018-02-26,6896.905283333334
2018-02-27,6887.964286666666
2018-02-28,6877.745743333333
2018-03-01,6868.836718333334
2018-03-02,6860.150031666667
2018-03-05,6851.125061666667
2018-03-06,6844.39357
2018-03-07,6840.093376666667
2018-03-08,6835.23368
2018-03-09,6832.30733
2018-03-12,6830.1316566666665
2018-03-13,6825.9856616666675
2018-03-14,6821.639675
2018-03-15,6816.378558333334
2018-03-16,6810.7031633333345
2018-03-19,6805.665725
2018-03-20,6801.438883333333
2018-03-21,6795.692285
2018-03-22,6791.078785000001
2018-03-23,6780.271351666667
2018-03-26,6771.568911666666
2018-03-27,6767.241121666666
2018-03-28,6761.659913333334
2018-03-29,6757.355515
2018-03-30,6754.7252733333335
2018-04-02,6751.700663333333
2018-04-03,6746.325051666668
2018-04-04,6738.809153333334
2018-04-09,6731.205558333333
2018-04-10,6723.603988333333
2018-04-11,6716.462675
2018-04-12,6708.977726666666
2018-04-13,6702.025758333333
2018-04-16,6694.401306666667
2018-04-17,6685.015705
2018-04-18,6680.548775
2018-04-19,6675.822321666667
2018-04-20,6669.040660000001
2018-04-23,6660.895436666667
2018-04-24,6655.366639999999
2018-04-25,6648.991156666667
2018-04-26,6640.500476666667
2018-04-27,6631.244608333333
2018-05-02,6621.647595
2018-05-03,6613.135274999999
2018-05-04,6605.78217
2018-05-07,6600.637858333333
2018-05-08,6598.75678
2018-05-09,6601.564393333333
2018-05-10,6605.153458333333
2018-05-11,6608.069355
2018-05-14,6615.553725
2018-05-15,6623.934915
2018-05-16,6630.341923333334
2018-05-17,6639.3125
2018-05-18,6646.262883333334
2018-05-21,6654.273451666667
2018-05-22,6662.502378333334
2018-05-23,6667.58921
2018-05-24,6671.965643333333
2018-05-25,6672.537671666666
2018-05-28,6671.888080000001
2018-05-29,6669.770828333334
2018-05-30,6662.66812
2018-05-31,6657.381466666667
2018-06-01,6650.205708333334
2018-06-04,6641.534861666666
2018-06-05,6635.33276
2018-06-06,6628.587613333334
2018-06-07,6619.216903333334
2018-06-08,6606.8584949999995
2018-06-11,6594.196371666666
2018-06-12,6583.601688333333
2018-06-13,6571.406571666666
2018-06-14,6558.976623333333
2018-06-15,6544.102805
2018-06-19,6522.440700000001
2018-06-20,6502.72761
2018-06-21,6480.931288333333
2018-06-22,6466.572643333333
2018-06-25,6449.859015
2018-06-26,6431.1568516666675
2018-06-27,6412.37422
2018-06-28,6391.70045
2018-06-29,6371.864906666667
2018-07-02,6350.235203333334
2018-07-03,6330.76908
2018-07-04,6310.631471666667
2018-07-05,6287.864984999999
2018-07-06,6265.428425
2018-07-09,6244.224043333334
2018-07-10,6224.17667
2018-07-11,6202.087488333334
2018-07-12,6182.4779733333335
2018-07-13,6165.761196666667
2018-07-16,6147.522333333333
2018-07-17,6129.162066666667
2018-07-18,6112.637988333333
2018-07-19,6096.208798333334
2018-07-20,6078.452595
2018-07-23,6060.957401666666
2018-07-24,6046.985525
2018-07-25,6033.127726666667
2018-07-26,6019.40045
2018-07-27,6004.149668333334
2018-07-30,5987.778743333332
2018-07-31,5969.378070000001
2018-08-01,5949.012415
2018-08-02,5926.527281666667
2018-08-03,5902.400946666667
2018-08-06,5877.532201666667
2018-08-07,5855.664058333334
2018-08-08,5831.175016666667
2018-08-09,5809.263773333334
2018-08-10,5788.443636666666
2018-08-13,5767.583654999999
2018-08-14,5745.148230000001
2018-08-15,5720.443031666667
2018-08-16,5695.875448333333
2018-08-17,5670.137191666667
2018-08-20,5646.173601666667
2018-08-21,5624.03396
2018-08-22,5601.793741666666
2018-08-23,5583.475626666666
2018-08-24,5563.491743333333
2018-08-27,5546.585565
2018-08-28,5530.217135000001
2018-08-29,5511.672013333334
2018-08-30,5491.568555
2018-08-31,5471.286905
2018-09-03,5452.089395
2018-09-04,5434.7762133333335
2018-09-05,5415.3320066666665
2018-09-06,5397.3347533333335
2018-09-07,5380.037348333334
2018-09-10,5363.29688
2018-09-11,5353.343081666666
2018-09-12,5342.20201
2018-09-13,5333.889581666666
2018-09-14,5323.33225
2018-09-17,5311.9844183333325
2018-09-18,5301.295028333334
2018-09-19,5292.313308333334
2018-09-20,5284.108905
2018-09-21,5274.16149
2018-09-25,5265.121534999999
2018-09-26,5255.379328333333
2018-09-27,5246.129749999999
2018-09-28,5240.03996
2018-10-08,5230.754185
2018-10-09,5219.607248333333
2018-10-10,5207.734325
2018-10-11,5192.072598333333
2018-10-12,5173.511268333333
2018-10-15,5153.46433
2018-10-16,5131.7012233333335
2018-10-17,5110.313265
2018-10-18,5087.062025
2018-10-19,5066.40313
2018-10-22,5048.261883333334
2018-10-23,5028.207696666667
2018-10-24,5006.629848333333
2018-10-25,4984.292196666666
2018-10-26,4962.563808333333
2018-10-29,4940.338338333333
2018-10-30,4920.1318783333345
2018-10-31,4901.099708333333
2018-11-01,4883.975225
2018-11-02,4871.281486666668
2018-11-05,4860.324323333333
2018-11-06,4851.298768333333
2018-11-07,4839.8519983333335
2018-11-08,4829.528528333333
2018-11-09,4817.082628333333
2018-11-12,4806.337613333334
2018-11-13,4796.692153333333
2018-11-14,4787.362273333333
2018-11-15,4781.178983333333
2018-11-16,4776.941463333334
2018-11-19,4774.579545
2018-11-20,4769.717001666667
2018-11-21,4764.467165
2018-11-22,4760.263353333333
2018-11-23,4752.076491666667
2018-11-26,4744.036363333334
2018-11-27,4734.741076666667
2018-11-28,4726.32563
2018-11-29,4716.552906666666
2018-11-30,4708.784863333334
2018-12-03,4704.523338333333
2018-12-04,4701.057745
2018-12-05,4696.121815
2018-12-06,4691.095328333334
2018-12-07,4686.418538333333
2018-12-10,4680.657383333333
2018-12-11,4677.271129999999
2018-12-12,4673.829813333334
2018-12-13,4671.22833
2018-12-14,4665.957051666667
2018-12-17,4661.2786166666665
2018-12-18,4657.36273
2018-12-19,4650.963496666666
2018-12-20,4643.973251666666
2018-12-21,4636.743166666667
2018-12-24,4629.186941666666
2018-12-25,4621.168981666667
2018-12-26,4612.4596366666665
2018-12-27,4603.775676666667
2018-12-28,4594.488195
2019-01-02,4587.673055
2019-01-03,4580.308480000001
2019-01-04,4575.066253333333
2019-01-07,4577.358583333334
2019-01-08,4579.981118333334
2019-01-09,4583.912276666667
2019-01-10,4589.267438333333
2019-01-11,4594.757676666667
2019-01-14,4602.170108333333
2019-01-15,4608.885656666667
2019-01-16,4611.959988333333
2019-01-17,4615.567226666666
2019-01-18,4619.714928333333
2019-01-21,4624.877985
2019-01-22,4628.940125
2019-01-23,4634.156344999999
2019-01-24,4639.141304999999
2019-01-25,4642.596831666667
2019-01-28,4644.957878333334
2019-01-29,4643.722446666667
2019-01-30,4640.804686666666
2019-01-31,4636.681808333334
2019-02-01,4634.850971666668
2019-02-11,4635.5085
2019-02-12,4637.41815
2019-02-13,4638.459478333333
2019-02-14,4638.286076666667
2019-02-15,4637.990885
2019-02-18,4639.187331666666
2019-02-19,4639.85008
2019-02-20,4640.259204999999
2019-02-21,4642.522143333333
2019-02-22,4646.063361666666
2019-02-25,4653.965301666667
2019-02-26,4665.325973333333
2019-02-27,4676.601691666667
2019-02-28,4687.579946666666
2019-03-01,4698.17645
2019-03-04,4712.592286666667
2019-03-05,4729.360988333333
2019-03-06,4745.605653333333
2019-03-07,4762.7911183333335
2019-03-08,4776.39657
2019-03-11,4795.487056666667
2019-03-12,4816.724988333333
2019-03-13,4836.558625000001
2019-03-14,4852.699978333333
2019-03-15,4870.338093333334
2019-03-18,4889.548541666666
2019-03-19,4911.215548333334
2019-03-20,4932.864570000001
2019-03-21,4956.09838
2019-03-22,4980.784205
2019-03-25,5004.298168333334
2019-03-26,5025.474503333333
2019-03-27,5046.61133
2019-03-28,5067.165428333334
2019-03-29,5090.777335000001
2019-04-01,5119.328671666667
2019-04-02,5148.410645
2019-04-03,5178.885491666667
2019-04-04,5210.272346666667
2019-04-08,5239.144356666667
2019-04-09,5266.665755
2019-04-10,5294.176989999999
2019-04-11,5319.380511666666
2019-04-12,5344.69254
2019-04-15,5368.533234999999
2019-04-16,5394.960080000001
2019-04-17,5421.459155
2019-04-18,5447.5532883333335
2019-04-19,5475.215986666667
2019-04-22,5501.311506666667
2019-04-23,5525.030785
2019-04-24,5550.867246666666
2019-04-25,5572.371156666666
2019-04-26,5592.348325
2019-04-29,5609.257318333333
2019-04-30,5627.787926666667
2019-05-06,5640.400905
2019-05-07,5655.223580000001
2019-05-08,5670.840413333333
2019-05-09,5683.421068333333
2019-05-10,5697.316008333333
2019-05-13,5709.479724999999
2019-05-14,5719.619778333334
2019-05-15,5731.392151666666
2019-05-16,5743.954830000001
2019-05-17,5750.423336666668
2019-05-20,5756.246636666667
2019-05-21,5763.763401666667
2019-05-22,5771.226266666667
2019-05-23,5774.698223333334
2019-05-24,5772.640338333334
2019-05-27,5773.154948333334
2019-05-28,5773.892463333334
2019-05-29,5774.662018333333
2019-05-30,5774.288921666666
2019-05-31,5771.821408333333
2019-06-03,5765.1675399999995
2019-06-04,5754.900935000001
2019-06-05,5742.920398333333
2019-06-06,5732.878428333333
2019-06-10,5719.9217
2019-06-11,5707.979141666667
2019-06-12,5697.9500216666665
2019-06-13,5691.369390000001
2019-06-14,5681.302054999999
2019-06-17,5668.707538333333
2019-06-18,5655.690368333334
2019-06-19,5644.158798333333
2019-06-20,5632.9366549999995
2019-06-21,5622.79489
2019-06-24,5613.50094
2019-06-25,5606.223105
2019-06-26,5598.304171666667
2019-06-27,5592.465968333333
2019-06-28,5582.636321666667
2019-07-01,5571.6975766666665
2019-07-02,5560.17379
2019-07-03,5546.698759999999
2019-07-04,5532.4373283333325
2019-07-05,5519.0046016666665
2019-07-08,5502.318501666667
2019-07-09,5486.06245
2019-07-10,5471.190688333333
2019-07-11,5456.277255
2019-07-12,5442.396193333334
2019-07-15,5427.296426666667
2019-07-16,5411.481728333333
2019-07-17,5396.258055
2019-07-18,5378.58055
2019-07-19,5362.378603333334
2019-07-22,5345.629703333334
2019-07-23,5328.591483333334
2019-07-24,5316.840186666667
2019-07-25,5306.451993333334
2019-07-26,5299.687283333334
2019-07-29,5291.966406666667
2019-07-30,5291.847876666667
2019-07-31,5289.9745183333325
2019-08-01,5287.982568333334
2019-08-02,5285.536546666667
2019-08-05,5278.655146666667
2019-08-06,5270.225168333333
2019-08-07,5262.17869
2019-08-08,5252.794361666666
2019-08-09,5241.836316666667
2019-08-12,5235.523496666666
2019-08-13,5229.112091666667
2019-08-14,5221.507178333334
2019-08-15,5214.6737016666675
2019-08-16,5210.436298333333
2019-08-19,5209.976341666667
2019-08-20,5207.153528333333
2019-08-21,5204.355135000001
2019-08-22,5201.555793333333
2019-08-23,5199.14859
2019-08-26,5196.389120000001
2019-08-27,5196.58219
2019-08-28,5198.168865
2019-08-29,5199.876938333333
2019-08-30,5202.4128550000005
2019-09-02,5206.056105
2019-09-03,5207.180038333333
2019-09-04,5209.343708333333
2019-09-05,5211.868071666667
2019-09-06,5216.791248333334
2019-09-09,5224.150731666667
2019-09-10,5231.712353333333
2019-09-11,5237.247903333334
2019-09-12,5241.84143
2019-09-16,5245.528016666667
2019-09-17,5247.001755
2019-09-18,5249.238238333333
2019-09-19,5252.555175
2019-09-20,5255.203615
2019-09-23,5258.199976666667
2019-09-24,5258.991381666667
2019-09-25,5257.959876666666
2019-09-26,5254.885916666667
2019-09-27,5253.003455
2019-09-30,5249.805725
2019-10-08,5249.687650000001
2019-10-09,5250.1010799999995
2019-10-10,5252.639101666667
2019-10-11,5255.376695
2019-10-14,5259.316988333333
2019-10-15,5261.012221666667
2019-10-16,5262.141995
2019-10-17,5263.106043333333
2019-10-18,5264.538221666667
2019-10-21,5264.992736666666
2019-10-22,5268.978156666666
2019-10-23,5271.288576666668
2019-10-24,5272.365668333334
2019-10-25,5273.849143333334
2019-10-28,5277.335016666666
2019-10-29,5279.797871666667
2019-10-30,5281.02618
2019-10-31,5281.922623333334
2019-11-01,5284.101983333333
2019-11-04,5288.202315
2019-11-05,5293.525961666667
2019-11-06,5300.276328333333
2019-11-07,5307.855178333333
2019-11-08,5314.49603
2019-11-11,5319.725675
2019-11-12,5323.800643333334
2019-11-13,5328.017766666667
2019-11-14,5332.265986666666
2019-11-15,5335.051693333333
2019-11-18,5337.98119
2019-11-19,5339.864059999999
2019-11-20,5341.1008016666665
2019-11-21,5342.168188333333
2019-11-22,5341.7108100000005
2019-11-25,5340.941148333334
2019-11-26,5340.59196
2019-11-27,5338.580445
2019-11-28,5336.496295
2019-11-29,5334.257378333334
2019-12-02,5333.504511666667
2019-12-03,5331.068226666667
2019-12-04,5328.112128333333
2019-12-05,5325.502526666666
2019-12-06,5322.668118333333
2019-12-09,5319.765158333333
2019-12-10,5315.167146666668
2019-12-11,5310.005581666666
2019-12-12,5305.639163333332
2019-12-13,5302.023411666666
2019-12-16,5299.519298333334
2019-12-17,5300.409228333333
2019-12-18,5301.374365
2019-12-19,5301.669461666666
2019-12-20,5300.74746
2019-12-23,5298.678658333333
2019-12-24,5297.726033333334
2019-12-25,5299.105901666667
2019-12-26,5304.099029999999
2019-12-27,5307.557188333333
2019-12-30,5312.517348333333
2019-12-31,5318.014871666665
2020-01-02,5324.538348333333
2020-01-03,5330.190321666666
2020-01-06,5336.75831
2020-01-07,5343.370885
2020-01-08,5349.986641666666
2020-01-09,5358.506086666666
2020-01-10,5366.916511666666
2020-01-13,5377.686341666666
2020-01-14,5388.799923333334
2020-01-15,5398.8175833333335
2020-01-16,5409.357738333333
2020-01-17,5419.6903649999995
2020-01-20,5430.6032399999995
2020-01-21,5438.538315
2020-01-22,5447.752191666666
2020-01-23,5454.17872
2020-02-03,5453.283408333333
2020-02-04,5451.751899999999
2020-02-05,5451.939526666666
2020-02-06,5454.665861666666
2020-02-07,5459.311818333333
2020-02-10,5464.668335
2020-02-11,5469.6930133333335
2020-02-12,5479.2044566666655
2020-02-13,5487.718080000001
2020-02-14,5496.823695
2020-02-17,5508.821011666666
2020-02-18,5524.148171666667
2020-02-19,5537.959809999999
2020-02-20,5552.09713
2020-02-21,5568.4972733333325
2020-02-24,5587.326431666666
2020-02-25,5607.760333333334
2020-02-26,5625.601443333333
2020-02-27,5643.674123333333
2020-02-28,5655.757446666667
2020-03-02,5672.128825000001
2020-03-03,5689.950106666667
2020-03-04,5708.095931666667
2020-03-05,5727.170576666666
2020-03-06,5745.787978333334
2020-03-09,5759.312826666666
2020-03-10,5774.8277966666665
2020-03-11,5788.638260000001
2020-03-12,5799.85957
2020-03-13,5810.53595
2020-03-16,5816.425141666667
2020-03-17,5820.87418
2020-03-18,5822.192843333333
2020-03-19,5823.385786666667
2020-03-20,5825.4971866666665
2020-03-23,5822.971483333333
2020-03-24,5823.239778333334
2020-03-25,5827.732086666667
2020-03-26,5829.793718333333
2020-03-27,5830.613641666668
2020-03-30,5828.476081666667
2020-03-31,5827.279531666666
2020-04-01,5825.16798
2020-04-02,5824.694163333334
2020-04-03,5821.870176666666
2020-04-07,5821.688928333334
2020-04-08,5820.912175
2020-04-09,5819.86057
2020-04-10,5817.611526666666
2020-04-13,5812.8560916666665
2020-04-14,5810.191226666667
2020-04-15,5805.71166
2020-04-16,5802.159115
2020-04-17,5798.768036666666
2020-04-20,5797.122541666667
2020-04-21,5795.349138333334
2020-04-22,5793.210685
2020-04-23,5791.337735
2020-04-24,5787.269778333333
2020-04-27,5786.380581666666
2020-04-28,5792.397835
2020-04-29,5797.989966666667
2020-04-30,5803.48705
2020-05-06,5808.266676666667
2020-05-07,5811.804618333334
2020-05-08,5815.158025
2020-05-11,5818.96711
2020-05-12,5820.887923333334
2020-05-13,5824.379493333333
2020-05-14,5826.636281666667
2020-05-15,5825.861181666667
2020-05-18,5822.325338333333
2020-05-19,5820.967816666667
2020-05-20,5816.4920366666665
2020-05-21,5808.9614016666665
2020-05-22,5797.35443
2020-05-25,5785.101576666667
2020-05-26,5778.21347
2020-05-27,5770.546713333333
2020-05-28,5768.679391666667
2020-05-29,5763.729211666667
2020-06-01,5760.360774999999
2020-06-02,5756.632496666667
2020-06-03,5751.279211666667
2020-06-04,5746.4463166666665
2020-06-05,5745.874755
2020-06-08,5742.45848
2020-06-09,5741.11558
2020-06-10,5741.943621666667
2020-06-11,5743.309355
2020-06-12,5749.532625000001
2020-06-15,5755.966571666667
2020-06-16,5765.892860000001
2020-06-17,5775.241968333333
2020-06-18,5783.2222716666665
2020-06-19,5796.064561666667
2020-06-22,5807.910578333333
2020-06-23,5817.781776666667
2020-06-24,5828.317376666667
2020-06-29,5839.280194999999
2020-06-30,5854.34928
2020-07-01,5869.553215000001
2020-07-02,5886.397365
2020-07-03,5902.059863333333
2020-07-06,5922.374488333333
2020-07-07,5941.08609
2020-07-08,5962.017231666667
2020-07-09,5985.232436666667
2020-07-10,6010.447315
2020-07-13,6040.851143333333
2020-07-14,6068.400921666666
2020-07-15,6092.959511666667
2020-07-16,6110.579176666666
2020-07-17,6128.2871583333335
2020-07-20,6148.2915766666665
2020-07-21,6169.721291666666
2020-07-22,6191.371441666666
2020-07-23,6213.541264999999
2020-07-24,6232.0266833333335
2020-07-27,6251.041225
2020-07-28,6272.653643333334
2020-07-29,6297.868756666666
2020-07-30,6320.7156816666675
2020-07-31,6343.035236666667
2020-08-03,6369.32639
2020-08-04,6393.71677
2020-08-05,6419.973193333333
2020-08-06,6446.027516666666
2020-08-07,6469.740591666666
2020-08-10,6494.667684999999
2020-08-11,6516.725493333333
2020-08-12,6537.264031666667
2020-08-13,6556.886206666666
2020-08-14,6578.854823333332
2020-08-17,6604.655708333334
2020-08-18,6633.426456666667
2020-08-19,6659.829106666667
2020-08-20,6682.207646666667
2020-08-21,6705.91082
2020-08-24,6730.8227
2020-08-25,6754.110734999999
2020-08-26,6771.513940000001
2020-08-27,6790.030061666666
2020-08-28,6810.199125
2020-08-31,6830.487141666667
2020-09-01,6851.2131383333335
2020-09-02,6872.399684999999
2020-09-03,6891.525106666667
2020-09-04,6910.404828333333
2020-09-07,6927.567923333334
2020-09-08,6945.433179999999
2020-09-09,6959.577286666667
2020-09-10,6967.61403
2020-09-11,6977.012665
2020-09-14,6988.663821666667
2020-09-15,7000.2384483333335
2020-09-16,7009.986703333333
2020-09-17,7019.757625
2020-09-18,7031.460923333333
2020-09-21,7043.391065000001
2020-09-22,7051.661418333333
2020-09-23,7060.388035
2020-09-24,7064.741365
2020-09-25,7067.341943333334
2020-09-28,7064.414821666667
2020-09-29,7061.134266666666
2020-09-30,7055.186966666666
2020-10-09,7049.190096666667
2020-10-12,7047.287613333333
2020-10-13,7041.467369999999
2020-10-14,7035.527728333333
2020-10-15,7032.117438333333
2020-10-16,7034.588238333334
2020-10-19,7036.018631666667
2020-10-20,7034.6805816666665
2020-10-21,7030.618948333333
2020-10-22,7024.722926666667
2020-10-23,7016.750561666667
2020-10-26,7014.482
2020-10-27,7012.74881
2020-10-28,7009.873581666666
2020-10-29,7003.4436983333335
2020-10-30,6994.479974999999
2020-11-02,6984.016571666666
2020-11-03,6971.920468333334
2020-11-04,6960.362016666666
2020-11-05,6949.158023333334
2020-11-06,6936.756296666667
2020-11-09,6928.625831666667
2020-11-10,6918.969643333333
2020-11-11,6909.807736666667
2020-11-12,6902.875518333333
2020-11-13,6895.749878333333
2020-11-16,6888.480750000001
2020-11-17,6877.514585
2020-11-18,6865.379313333334
2020-11-19,6856.418096666666
2020-11-20,6849.998088333334
2020-11-23,6843.55548
2020-11-24,6836.128105
2020-11-25,6827.431296666667
2020-11-26,6820.851413333333
2020-11-27,6812.984243333333
2020-11-30,6803.277203333333
2020-12-01,6794.763611666666
2020-12-02,6786.044024999999
2020-12-03,6776.697668333334
2020-12-04,6769.310483333334
2020-12-07,6761.825428333334
2020-12-08,6756.445058333334
2020-12-09,6748.10223
2020-12-10,6743.562055
2020-12-11,6741.301205
2020-12-14,6738.54715
2020-12-15,6734.349556666666
2020-12-16,6728.7125
2020-12-17,6725.128301666667
2020-12-18,6720.932488333334
2020-12-21,6716.962841666667
2020-12-22,6710.675835
2020-12-23,6707.100266666665
2020-12-24,6700.989606666667
2020-12-25,6699.091658333333
2020-12-28,6697.1763716666665
2020-12-29,6695.957918333333
2020-12-30,6694.388698333333
2020-12-31,6694.877278333334
2021-01-04,6694.48394
2021-01-05,6690.670136666667
2021-01-06,6685.188121666667
2021-01-07,6678.9871766666665
2021-01-08,6673.295718333333
2021-01-11,6666.1218266666665
2021-01-12,6661.228153333333
2021-01-13,6654.3990816666665
2021-01-14,6649.261315
2021-01-15,6645.205543333333
2021-01-18,6645.384991666667
2021-01-19,6644.81082
2021-01-20,6644.6260016666665
2021-01-21,6645.6206600000005
2021-01-22,6646.406910000001
2021-01-25,6648.8421499999995
2021-01-26,6649.180641666667
2021-01-27,6647.350288333333
2021-01-28,6643.457693333334
2021-01-29,6635.943836666666
2021-02-01,6630.229701666667
2021-02-02,6622.98766
2021-02-03,6615.11932
2021-02-04,6606.852916666667
2021-02-05,6596.334168333333
2021-02-08,6586.374625
2021-02-09,6578.1446399999995
2021-02-10,6571.837689999999
2021-02-18,6567.2121916666665
2021-02-19,6564.031996666667
2021-02-22,6560.1738866666665
2021-02-23,6554.877953333333
2021-02-24,6548.708608333333
2021-02-25,6543.833153333334
2021-02-26,6538.53682
2021-03-01,6536.093205
2021-03-02,6533.497746666667
2021-03-03,6530.837175
2021-03-04,6525.823541666668
2021-03-05,6521.564144999999
2021-03-08,6514.581141666667
2021-03-09,6504.46916
2021-03-10,6493.533698333334
2021-03-11,6487.152813333333
2021-03-12,6480.740919999999
2021-03-15,6475.399238333333
2021-03-16,6469.676686666667
2021-03-17,6464.361326666667
2021-03-18,6460.286714999999
2021-03-19,6454.5026333333335
2021-03-22,6450.939243333332
2021-03-23,6444.229456666667
2021-03-24,6438.334416666667
2021-03-25,6431.492235000001
2021-03-26,6428.242493333333
2021-03-29,6424.3314
2021-03-30,6420.699956666666
2021-03-31,6417.635465
2021-04-01,6414.450678333334
2021-04-02,6409.696978333333
2021-04-06,6403.409018333334
2021-04-07,6396.997595
2021-04-08,6391.650565
2021-04-09,6388.033388333333
2021-04-12,6382.667395
2021-04-13,6378.587138333333
2021-04-14,6374.509335
2021-04-15,6370.8921433333335
2021-04-16,6368.592463333333
2021-04-19,6367.741246666667
2021-04-20,6364.500134999999
2021-04-21,6361.894201666667
2021-04-22,6358.790246666667
2021-04-23,6353.9268133333335
2021-04-26,6349.079681666666
2021-04-27,6344.806886666667
2021-04-28,6343.19271
2021-04-29,6340.98186
2021-04-30,6340.6986916666665
2021-05-06,6342.2706800000005
2021-05-07,6341.8446583333325
2021-05-10,6340.529868333333
2021-05-11,6341.137741666666
2021-05-12,6345.3475849999995
2021-05-13,6350.8428816666665
2021-05-14,6357.07051
2021-05-17,6360.458266666667
2021-05-18,6363.516851666666
2021-05-19,6364.922751666667
2021-05-20,6364.175906666667
2021-05-21,6363.272576666667
2021-05-24,6364.070836666667
2021-05-25,6367.03546
2021-05-26,6371.125533333334
2021-05-27,6377.452875
2021-05-28,6380.772695000001
2021-05-31,6386.568218333333
2021-06-01,6391.587178333333
2021-06-02,6396.996595
2021-06-03,6401.959771666667
2021-06-04,6409.5956750000005
2021-06-07,6421.855126666666
2021-06-08,6434.048791666666
2021-06-09,6444.111188333334
2021-06-10,6455.406658333333
2021-06-11,6466.660568333334
2021-06-15,6476.35483
2021-06-16,6482.949216666666
2021-06-17,6491.095595000001
2021-06-18,6501.31061
2021-06-21,6511.455545
2021-06-22,6523.3097216666665
2021-06-23,6537.474846666666
2021-06-24,6550.540346666666
2021-06-25,6562.191818333334
2021-06-28,6574.47284
2021-06-29,6586.1848199999995
2021-06-30,6599.356611666666
2021-07-01,6609.91895
2021-07-02,6619.046955
2021-07-05,6628.800503333334
2021-07-06,6638.072181666666
2021-07-07,6649.4977850000005
2021-07-08,6661.162596666667
2021-07-09,6675.820935
2021-07-12,6693.372521666666
2021-07-13,6710.233506666667
2021-07-14,6726.020303333334
2021-07-15,6740.566588333333
2021-07-16,6753.08284
2021-07-19,6765.543479999999
2021-07-20,6778.80284
2021-07-21,6794.02946
2021-07-22,6810.582438333334
2021-07-23,6826.394133333334
2021-07-26,6841.1481816666665
2021-07-27,6852.091896666667
2021-07-28,6861.098661666666
2021-07-29,6874.854431666667
2021-07-30,6889.253524999999
2021-08-02,6907.288545
2021-08-03,6923.461575
2021-08-04,6942.367316666668
2021-08-05,6959.49402
2021-08-06,6977.946668333333
2021-08-09,6995.356768333334
2021-08-10,7013.561355
2021-08-11,7032.212955
2021-08-12,7051.689253333333
2021-08-13,7071.007271666666
2021-08-16,7089.13666
2021-08-17,7102.839591666667
2021-08-18,7116.00245
2021-08-19,7129.736145
2021-08-20,7142.441411666666
2021-08-23,7158.411628333333
2021-08-24,7173.4234633333335
2021-08-25,7188.671683333333
2021-08-26,7203.839503333334
2021-08-27,7219.272976666666
2021-08-30,7234.972008333333
2021-08-31,7249.414866666667
2021-09-01,7262.6983666666665
2021-09-02,7277.155893333333
2021-09-03,7289.36648
2021-09-06,7304.0685933333325
2021-09-07,7321.789095
2021-09-08,7342.139211666667
2021-09-09,7360.682029999999
2021-09-10,7378.497623333333
2021-09-13,7394.817371666666
2021-09-14,7410.094775
2021-09-15,7425.529075
2021-09-16,7438.534156666667
2021-09-17,7450.697393333333
2021-09-22,7462.457218333333
2021-09-23,7475.832188333333
2021-09-24,7486.03082
2021-09-27,7494.335590000001
2021-09-28,7503.6656066666665
2021-09-29,7506.873601666666
2021-09-30,7513.9802666666665
2021-10-08,7519.580336666666
2021-10-11,7524.337555
2021-10-12,7525.4304483333335
2021-10-13,7525.515916666667
2021-10-14,7525.691384999999
2021-10-15,7527.467996666665
2021-10-18,7530.601371666667
2021-10-19,7535.196228333332
2021-10-20,7540.501121666666
2021-10-21,7544.672088333333
2021-10-22,7545.333291666667
2021-10-25,7546.7648149999995
2021-10-26,7548.913116666666
2021-10-27,7551.369756666667
2021-10-28,7554.26944
2021-10-29,7561.599376666667
2021-11-01,7565.734841666666
2021-11-02,7567.505123333333
2021-11-03,7567.219211666667
2021-11-04,7570.131495
2021-11-05,7568.654485
2021-11-08,7568.237273333333
2021-11-09,7569.067016666667
2021-11-10,7569.536108333333
2021-11-11,7570.272433333333
2021-11-12,7571.803945000001
2021-11-15,7572.119909999999
2021-11-16,7571.2409849999995
2021-11-17,7573.856901666667
2021-11-18,7579.7696283333335
2021-11-19,7586.407578333334
2021-11-22,7594.384228333333
2021-11-23,7602.287521666667
2021-11-24,7607.057771666666
2021-11-25,7610.569221666667
2021-11-26,7613.421921666667
2021-11-29,7618.927003333333
2021-11-30,7625.163874999999
2021-12-01,7630.6317966666675
2021-12-02,7634.628685000001
2021-12-03,7641.5801716666665
2021-12-06,7645.178461666666
2021-12-07,7647.688466666667
2021-12-08,7650.81267
2021-12-09,7651.702798333334
2021-12-10,7652.617353333334
2021-12-13,7654.028383333334
2021-12-14,7654.847988333334
2021-12-15,7654.98299
2021-12-16,7656.467643333333
2021-12-17,7655.165491666666
2021-12-20,7655.115556666667
2021-12-21,7657.095700000001
2021-12-22,7659.791556666667
2021-12-23,7661.88922
2021-12-24,7663.239033333333
2021-12-27,7668.382589999999
2021-12-28,7674.962541666667
2021-12-29,7685.9000399999995
2021-12-30,7694.551126666667
2021-12-31,7704.295371666667
2022-01-04,7714.2657733333335
2022-01-05,7723.819186666667
2022-01-06,7733.071751666666
2022-01-07,7738.745800000001
2022-01-10,7745.142026666667
2022-01-11,7748.75982
2022-01-12,7753.350973333334
2022-01-13,7755.371405
2022-01-14,7758.235345
2022-01-17,7764.395436666668
2022-01-18,7768.165973333334
2022-01-19,7770.774243333333
2022-01-20,7771.7586366666665
2022-01-21,7773.773531666667
2022-01-24,7774.441816666667
2022-01-25,7769.06608
2022-01-26,7765.773230000001
2022-01-27,7758.688399999999
2022-01-28,7750.177035
2022-02-07,7744.7109316666665
2022-02-08,7739.006121666666
2022-02-09,7733.6639816666675
2022-02-10,7727.670468333334
2022-02-11,7718.339133333333
2022-02-14,7706.8102499999995
2022-02-15,7697.61632
2022-02-16,7690.848393333334
2022-02-17,7682.440296666667
2022-02-18,7674.723558333333
2022-02-21,7666.904035
2022-02-22,7655.768431666667
2022-02-23,7647.582450000001
2022-02-24,7636.688175
2022-02-25,7627.2914599999995
2022-02-28,7618.608823333333
2022-03-01,7609.102325
2022-03-02,7598.435963333333
2022-03-03,7586.549176666667
2022-03-04,7574.437968333334
2022-03-07,7558.800771666666
2022-03-08,7541.541836666667
2022-03-09,7525.1184650000005
2022-03-10,7508.951274999999
2022-03-11,7493.268301666667
2022-03-14,7474.126131666666
2022-03-15,7448.935821666667
2022-03-16,7427.454803333332
2022-03-17,7408.504195
2022-03-18,7389.727373333333
2022-03-21,7374.065743333334
2022-03-22,7360.257275
2022-03-23,7345.555943333334
2022-03-24,7328.389195
2022-03-25,7309.841713333332
2022-03-28,7293.019128333332
2022-03-29,7275.5065583333335
2022-03-30,7258.860203333333
2022-03-31,7240.804135
2022-04-01,7221.605413333334
2022-04-06,7200.83816
2022-04-07,7178.180126666667
2022-04-08,7158.073549999999
2022-04-11,7132.79936
2022-04-12,7111.661381666667
2022-04-13,7087.5291216666665
2022-04-14,7066.079373333333
2022-04-15,7041.005186666666
2022-04-18,7019.025808333334
2022-04-19,6996.866064999999
2022-04-20,6970.635486666666
2022-04-21,6941.015145
2022-04-22,6911.45887
2022-04-25,6877.108843333333
2022-04-26,6841.738963333333
2022-04-27,6810.327551666666
2022-04-28,6783.008238333334
2022-04-29,6759.065975
2022-05-05,6740.346283333333
2022-05-06,6720.207641666667
2022-05-09,6699.862138333333
2022-05-10,6681.029626666667
2022-05-11,6660.889598333333
2022-05-12,6641.872191666666
2022-05-13,6625.83579
2022-05-16,6610.449234999999
2022-05-17,6593.67604
2022-05-18,6576.08767
2022-05-19,6558.74733
2022-05-20,6542.274845000001
2022-05-23,6525.756111666667
2022-05-24,6505.796225
2022-05-25,6484.760718333333
2022-05-26,6467.127088333334
2022-05-27,6447.929361666666
2022-05-30,6428.971441666667
2022-05-31,6411.0365016666665
2022-06-01,6393.686660000001
2022-06-02,6378.691998333334
2022-06-06,6368.082221666667
2022-06-07,6359.95061
2022-06-08,6355.578476666667
2022-06-09,6350.484076666667
2022-06-10,6345.071198333334
2022-06-13,6339.804956666666
2022-06-14,6337.549261666666
2022-06-15,6340.553945000001
2022-06-16,6340.61722
2022-06-17,6339.887098333333
2022-06-20,6339.376913333334
2022-06-21,6336.455898333333
2022-06-22,6332.595383333333
2022-06-23,6330.57042
2022-06-24,6331.084546666666
2022-06-27,6334.136568333333
2022-06-28,6339.344458333334
2022-06-29,6342.266385
2022-06-30,6344.44607
2022-07-01,6348.153331666666
2022-07-04,6353.215293333333
2022-07-05,6357.743854999999
2022-07-06,6363.25043
2022-07-07,6371.026819999999
2022-07-08,6382.238816666667
2022-07-11,6390.22575
2022-07-12,6398.447488333333
2022-07-13,6406.36739
2022-07-14,6417.13074
2022-07-15,6425.9106016666665
2022-07-18,6436.046365
2022-07-19,6448.96424
2022-07-20,6467.77624
2022-07-21,6487.501006666667
2022-07-22,6514.2175
2022-07-25,6542.256788333334
2022-07-26,6567.035148333333
2022-07-27,6593.793915
2022-07-28,6617.388996666666
2022-07-29,6638.730763333334
2022-08-01,6662.326805
2022-08-02,6680.945000000001
2022-08-03,6697.04505
2022-08-04,6712.999776666667
2022-08-05,6730.590276666668
2022-08-08,6748.997571666667
2022-08-09,6767.739475
2022-08-10,6785.9664416666665
2022-08-11,6805.411153333333
2022-08-12,6822.8886250000005
2022-08-15,6839.8895716666675
2022-08-16,6856.242115
2022-08-17,6877.0259683333325
2022-08-18,6896.4121
2022-08-19,6913.20053
2022-08-22,6931.175245
2022-08-23,6948.236336666667
2022-08-24,6959.6707283333335
2022-08-25,6970.387186666666
2022-08-26,6979.341295
2022-08-29,6986.280276666667
2022-08-30,6992.595058333333
2022-08-31,6994.959236666667
2022-09-01,6998.737983333333
2022-09-02,7001.222634999999
2022-09-05,7003.160776666667
2022-09-06,7007.400666666667
2022-09-07,7012.5632983333335
2022-09-08,7015.902243333333
2022-09-09,7018.216268333334
2022-09-13,7019.138313333333
2022-09-14,7019.978533333333
2022-09-15,7018.76815
2022-09-16,7012.697973333333
2022-09-19,7003.8337599999995
2022-09-20,6995.1537149999995
2022-09-21,6985.1683416666665
2022-09-22,6978.273044999999
2022-09-23,6967.7422750000005
2022-09-26,6955.893801666666
2022-09-27,6944.784703333334
2022-09-28,6931.036488333334
2022-09-29,6918.949798333332
2022-09-30,6903.66642
2022-10-10,6886.72835
2022-10-11,6872.129763333333
2022-10-12,6862.348066666667
2022-10-13,6852.636734999999
2022-10-14,6844.063131666667
2022-10-17,6837.7237116666665
2022-10-18,6830.299910000001
2022-10-19,6821.1636149999995
2022-10-20,6809.823613333333
2022-10-21,6799.107466666666
2022-10-24,6788.17138
2022-10-25,6778.285873333332
2022-10-26,6769.357085
2022-10-27,6758.7266899999995
2022-10-28,6743.555583333334
2022-10-31,6729.808666666667
2022-11-01,6717.464798333333
2022-11-02,6710.240326666667
2022-11-03,6704.409841666667
2022-11-04,6700.2320549999995
2022-11-07,6693.959301666666
2022-11-08,6685.940155
2022-11-09,6677.083685
2022-11-10,6666.937575000001
2022-11-11,6656.087498333334
2022-11-14,6645.601348333334
2022-11-15,6636.75156
2022-11-16,6626.3752466666665
2022-11-17,6616.13908
2022-11-18,6604.588466666667
2022-11-21,6595.503803333332
2022-11-22,6583.74808
2022-11-23,6571.447621666667
2022-11-24,6563.905076666667
2022-11-25,6555.5026800000005
2022-11-28,6547.3782083333335
2022-11-29,6540.261669999999
2022-11-30,6533.821418333333
2022-12-01,6532.282811666666
2022-12-02,6531.673501666666
2022-12-05,6530.6325050000005
2022-12-06,6529.17351
2022-12-07,6525.600858333333
2022-12-08,6520.581266666666
2022-12-09,6516.969193333334
2022-12-12,6512.670771666667
2022-12-13,6507.497271666666
2022-12-14,6503.171611666667
2022-12-15,6502.810973333334
2022-12-16,6503.447505
2022-12-19,6503.296981666667
2022-12-20,6500.954515
2022-12-21,6497.763411666666
2022-12-22,6492.757626666667
2022-12-23,6489.37532
2022-12-26,6489.2408516666665
2022-12-27,6487.838383333334
2022-12-28,6488.794328333333
2022-12-29,6489.345168333334
2022-12-30,6491.9577850000005
2023-01-03,6499.277793333333
2023-01-04,6506.003748333333
2023-01-05,6510.884005
2023-01-06,6515.018968333333
2023-01-09,6517.173835
2023-01-10,6518.302996666666
2023-01-11,6517.943015
2023-01-12,6518.416748333333
2023-01-13,6519.880231666667
2023-01-16,6522.538233333334
2023-01-17,6526.189271666667
2023-01-18,6530.476381666667
2023-01-19,6533.549526666667
2023-01-20,6538.136888333333
2023-01-30,6547.2455783333335
2023-01-31,6555.789853333334
2023-02-01,6563.738155
2023-02-02,6570.550023333333
2023-02-03,6576.520601666667
2023-02-06,6579.550075000001
2023-02-07,6583.061471666666
2023-02-08,6586.107613333333
2023-02-09,6591.493850000001
2023-02-10,6597.695281666666
2023-02-13,6604.506863333333
2023-02-14,6612.203255
2023-02-15,6617.388123333334
2023-02-16,6621.1074966666665
2023-02-17,6623.6749
2023-02-20,6628.690906666667
2023-02-21,6633.710068333335
2023-02-22,6640.630011666667
2023-02-23,6647.276564999999
2023-02-24,6653.242671666667
2023-02-27,6659.611571666666
2023-02-28,6667.325933333333
2023-03-01,6674.1334099999995
2023-03-02,6680.500068333334
2023-03-03,6685.658626666667
2023-03-06,6690.933675000001
2023-03-07,6693.283283333333
2023-03-08,6696.4150033333335
2023-03-09,6699.541156666667
2023-03-10,6701.807066666666
2023-03-13,6704.344496666667
2023-03-14,6706.24742
2023-03-15,6709.744191666668
2023-03-16,6711.740263333334
2023-03-17,6714.053875
2023-03-20,6717.420848333334
2023-03-21,6724.39787
2023-03-22,6732.710251666666
2023-03-23,6742.371891666667
2023-03-24,6753.722298333333
2023-03-27,6765.821365
2023-03-28,6774.985676666666
2023-03-29,6782.996563333333
2023-03-30,6791.982876666666
2023-03-31,6802.215861666667
2023-04-03,6813.558926666667
2023-04-04,6822.386613333333
2023-04-06,6831.749110000001
2023-04-07,6841.03947
2023-04-10,6848.843673333334
2023-04-11,6856.316883333333
2023-04-12,6864.330475
2023-04-13,6872.329029999999
2023-04-14,6881.171098333333
2023-04-17,6889.425428333333
2023-04-18,6896.17986
2023-04-19,6902.314545
2023-04-20,6908.162771666666
2023-04-21,6909.7866349999995
2023-04-24,6909.593620000001
2023-04-25,6906.540051666667
2023-04-26,6903.525465
2023-04-27,6898.805001666667
2023-04-28,6895.306315
2023-05-04,6892.1212049999995
2023-05-05,6888.158541666666
2023-05-08,6884.461518333334
2023-05-09,6880.0267183333335
2023-05-10,6873.828873333333
2023-05-11,6867.94765
2023-05-12,6859.343771666666
2023-05-15,6851.418125
2023-05-16,6842.296188333333
2023-05-17,6836.125801666666
2023-05-18,6831.378976666666
2023-05-19,6825.428251666667
2023-05-22,6818.853406666666
2023-05-23,6811.020465
2023-05-24,6803.460383333334
2023-05-25,6796.063318333332
2023-05-26,6790.265191666666
2023-05-29,6783.240906666667
2023-05-30,6775.935865
2023-05-31,6769.091573333333
2023-06-01,6762.538533333333
2023-06-02,6756.359116666666
2023-06-05,6752.652651666667
2023-06-06,6745.95858
2023-06-07,6739.220261666666
2023-06-08,6733.289981666666
2023-06-09,6727.672363333333
2023-06-12,6723.677555
2023-06-13,6719.535603333334
2023-06-14,6717.6746066666665
2023-06-15,6715.634401666667
2023-06-16,6714.7602449999995
2023-06-19,6712.825373333334
2023-06-20,6710.385181666667
2023-06-21,6705.044716666667
2023-06-26,6697.595058333333
2023-06-27,6691.271453333334
2023-06-28,6685.440151666668
2023-06-29,6680.669454999999
2023-06-30,6677.242665
2023-07-03,6672.8606
2023-07-04,6667.464638333334
2023-07-05,6661.3156500000005
2023-07-06,6654.38319
2023-07-07,6645.6921250000005
2023-07-10,6638.330115000001
2023-07-11,6631.583908333333
2023-07-12,6622.616748333333
2023-07-13,6615.64166
2023-07-14,6607.7144100000005
2023-07-17,6599.444193333333
2023-07-18,6591.326903333334
2023-07-19,6583.439786666667
2023-07-20,6574.187473333334
2023-07-21,6567.985885
2023-07-24,6562.461271666666
2023-07-25,6560.711769999999
2023-07-26,6557.925988333333
2023-07-27,6554.160213333334
2023-07-28,6549.86141
2023-07-31,6546.2260633333335
2023-08-01,6543.788716666667
2023-08-02,6540.347421666666
2023-08-03,6538.479223333333
2023-08-04,6536.946066666666
2023-08-07,6534.970423333333
2023-08-08,6533.893765000001
2023-08-09,6531.144875
2023-08-10,6529.653635
2023-08-11,6525.481221666667
2023-08-14,6521.0757066666665
2023-08-15,6515.399305
2023-08-16,6508.572946666666
2023-08-17,6503.892076666667
2023-08-18,6497.290838333332
2023-08-21,6489.893683333333
2023-08-22,6482.440125
2023-08-23,6473.099366666666
2023-08-24,6463.490995
2023-08-25,6452.113963333334
2023-08-28,6441.237365
2023-08-29,6432.612023333334
2023-08-30,6424.389871666665
2023-08-31,6417.964605
2023-09-01,6411.608641666667
2023-09-04,6407.546648333334
2023-09-05,6402.081285000001
2023-09-06,6396.501655
2023-09-07,6388.643865
2023-09-08,6380.716623333333
2023-09-11,6373.528096666667
2023-09-12,6365.454778333334
2023-09-13,6355.618745
2023-09-14,6345.198718333332
2023-09-15,6337.376328333334
2023-09-18,6331.759605
2023-09-19,6323.822418333333
2023-09-20,6315.6066316666665
2023-09-21,6305.933706666667
2023-09-22,6296.815218333333
2023-09-25,6287.057041666668
2023-09-26,6276.35143
2023-09-27,6267.178718333334
2023-09-28,6259.043151666667
2023-10-09,6251.352128333334
2023-10-10,6243.295956666667
2023-10-11,6234.629821666666
2023-10-12,6228.320973333333
2023-10-13,6220.546855
2023-10-16,6211.878523333333
2023-10-17,6203.458686666667
2023-10-18,6193.424913333333
2023-10-19,6182.600626666666
2023-10-20,6172.026629999999
2023-10-23,6159.305286666667
2023-10-24,6148.064101666666
2023-10-25,6136.074701666667
2023-10-26,6125.315338333333
2023-10-27,6117.134208333333
2023-10-30,6109.487255
2023-10-31,6100.3788
2023-11-01,6091.228889999999
2023-11-02,6081.0493
2023-11-03,6072.276336666667
2023-11-06,6064.963795000001
2023-11-07,6058.510034999999
2023-11-08,6052.969923333333
2023-11-09,6047.631858333333
2023-11-10,6041.99426
2023-11-13,6039.327579999999
2023-11-14,6037.037118333334
2023-11-15,6036.129360000001
2023-11-16,6035.441820000001
2023-11-17,6034.635598333333
2023-11-20,6036.9050683333335
2023-11-21,6039.487638333333
2023-11-22,6040.050565
2023-11-23,6043.781475
2023-11-24,6045.90549
2023-11-27,6049.777783333334
2023-11-28,6053.463446666666
2023-11-29,6053.540231666667
2023-11-30,6052.555573333333
2023-12-01,6052.984835
2023-12-04,6053.104718333332
2023-12-05,6049.668685
2023-12-06,6047.271376666667
2023-12-07,6044.362169999999
2023-12-08,6043.023073333333
2023-12-11,6042.566261666667
2023-12-12,6040.838704999999
2023-12-13,6038.087823333333
2023-12-14,6036.233245
2023-12-15,6034.281365000001
2023-12-18,6030.580398333333
2023-12-19,6026.90661
2023-12-20,6022.411121666666
2023-12-21,6019.350358333333
2023-12-22,6015.92111
2023-12-25,6010.601071666666
2023-12-26,6004.337646666666
2023-12-27,5999.338483333332
2023-12-28,5995.529593333334
2023-12-29,5992.334428333333
2024-01-02,5988.9141666666665
2024-01-03,5985.256853333333
2024-01-04,5980.650421666666
2024-01-05,5973.50631
2024-01-08,5964.5347883333325
2024-01-09,5956.683856666667
2024-01-10,5948.362169999999
2024-01-11,5943.413956666667
2024-01-12,5938.940641666666
2024-01-15,5935.358241666666
2024-01-16,5933.713873333332
2024-01-17,5928.210521666667
2024-01-18,5921.4525066666665
2024-01-19,5913.040748333332
2024-01-22,5897.77667
2024-01-23,5882.327876666666
2024-01-24,5868.562318333334
2024-01-25,5857.858605
2024-01-26,5847.600568333333
2024-01-29,5833.56856
2024-01-30,5815.036731666667
2024-01-31,5792.841316666668
2024-02-01,5769.699753333333
2024-02-02,5744.266025
2024-02-05,5714.341211666668
2024-02-06,5688.471375
2024-02-07,5665.402475
2024-02-08,5645.166421666667
2024-02-19,5626.573681666666
2024-02-20,5607.3534199999995
2024-02-21,5587.690195
2024-02-22,5570.013683333334
2024-02-23,5554.892005000001
2024-02-26,5539.189846666666
2024-02-27,5527.166963333333
2024-02-28,5511.1784216666665
2024-02-29,5497.866816666667
2024-03-01,5486.009706666667
2024-03-04,5475.139516666667
2024-03-05,5462.557528333333
2024-03-06,5450.341963333334
2024-03-07,5438.853235
2024-03-08,5427.962706666667
2024-03-11,5418.726291666667
2024-03-12,5410.279821666667
2024-03-13,5401.058225000001
2024-03-14,5391.185828333333
2024-03-15,5383.454013333334
2024-03-18,5377.723169999999
2024-03-19,5371.987754999999
2024-03-20,5368.690233333334
2024-03-21,5365.269191666667
2024-03-22,5362.512066666667
2024-03-25,5356.964558333333
2024-03-26,5352.195216666666
2024-03-27,5344.3703000000005
2024-03-28,5339.8811000000005
2024-03-29,5335.632761666667
2024-04-01,5331.524905
2024-04-02,5325.588525
2024-04-03,5319.691475
2024-04-08,5312.6226750000005
2024-04-09,5307.387598333334
2024-04-10,5302.241643333333
2024-04-11,5299.51399
2024-04-12,5295.938418333333
2024-04-15,5292.1957999999995
2024-04-16,5283.12155
2024-04-17,5278.337611666667
2024-04-18,5273.793331666667
2024-04-19,5269.208581666667
2024-04-22,5266.824584999999
2024-04-23,5264.241315
2024-04-24,5264.218325
2024-04-25,5269.437531666667
2024-04-26,5275.042638333333
2024-04-29,5281.739751666667
2024-04-30,5284.76034
2024-05-06,5290.37829
2024-05-07,5298.613111666667
2024-05-08,5307.813096666666
2024-05-09,5321.842981666666
2024-05-10,5335.572783333334
2024-05-13,5351.341693333334
2024-05-14,5372.318453333332
2024-05-15,5387.398295
2024-05-16,5398.916635
2024-05-17,5408.418741666666
2024-05-20,5417.871926666668
2024-05-21,5426.0508033333335
2024-05-22,5433.820430000001
2024-05-23,5438.175253333334
2024-05-24,5440.249213333333
2024-05-27,5442.736206666667
2024-05-28,5441.969458333334
2024-05-29,5445.289466666667
2024-05-30,5445.117643333333
2024-05-31,5444.338818333333
2024-06-03,5441.943618333333
2024-06-04,5440.91989
2024-06-05,5438.63033
2024-06-06,5435.756875000001
2024-06-07,5432.143788333333
2024-06-11,5427.681746666667
2024-06-12,5423.016860000001
2024-06-13,5417.324391666666
2024-06-14,5412.2244783333335
2024-06-17,5406.029871666667
2024-06-18,5399.017246666667
2024-06-19,5391.559231666667
2024-06-20,5381.508971666666
2024-06-21,5371.4598633333335
2024-06-24,5359.658066666667
2024-06-25,5349.3505516666655
2024-06-26,5341.661143333333
2024-06-27,5334.9587249999995
2024-06-28,5326.854568333333
2024-07-01,5318.504348333333
2024-07-02,5307.614248333333
2024-07-03,5296.5489216666665
2024-07-04,5284.231281666667
2024-07-05,5274.4126
2024-07-08,5261.496831666666
2024-07-09,5251.997025000001
2024-07-10,5241.959798333334
2024-07-11,5234.540215
2024-07-12,5227.715348333334
2024-07-15,5223.731054999999
2024-07-16,5216.218756666666
2024-07-17,5208.033829999999
2024-07-18,5200.501116666667
2024-07-19,5193.423465000001
2024-07-22,5186.897525000001
2024-07-23,5176.719953333333
2024-07-24,5165.337038333333
2024-07-25,5152.280851666667
2024-07-26,5138.228275
2024-07-29,5124.698531666667
2024-07-30,5109.626028333334
2024-07-31,5097.35511
2024-08-01,5086.3822783333335
2024-08-02,5072.766678333334
2024-08-05,5057.8423999999995
2024-08-06,5044.99478
2024-08-07,5031.523695
2024-08-08,5018.894668333333
2024-08-09,5005.791323333334
2024-08-12,4990.972501666666
2024-08-13,4975.985978333333
2024-08-14,4961.194873333333
2024-08-15,4947.064716666666
2024-08-16,4934.44517
2024-08-19,4923.003583333334
2024-08-20,4909.2483883333325
2024-08-21,4895.918973333333
2024-08-22,4881.59542
2024-08-23,4867.612888333333
2024-08-26,4853.574273333334
2024-08-27,4839.825215000001
2024-08-28,4825.772583333334
2024-08-29,4814.078893333333
2024-08-30,4805.71973
2024-09-02,4795.368526666667
2024-09-03,4784.926426666667
2024-09-04,4773.831553333333
2024-09-05,4763.940646666667
2024-09-06,4752.733593333333
2024-09-09,4740.926321666667
2024-09-10,4728.598343333333
2024-09-11,4717.365211666666
2024-09-12,4707.575305
2024-09-13,4696.872876666666
2024-09-18,4688.728813333333
2024-09-19,4682.639880000001
2024-09-20,4673.92275
2024-09-23,4667.340201666667
2024-09-24,4663.116381666667
2024-09-25,4658.883236666667
2024-09-26,4658.357943333333
2024-09-27,4662.846413333334
2024-09-30,4678.629043333333
2024-10-08,4701.815568333333
2024-10-09,4719.039155
2024-10-10,4733.330261666666
2024-10-11,4743.9815266666665
2024-10-14,4756.017561666667
2024-10-15,4766.503500000001
2024-10-16,4778.1143716666675
2024-10-17,4789.262646666667
2024-10-18,4805.159488333334
2024-10-21,4822.628568333333
2024-10-22,4840.418436666666
2024-10-23,4858.363553333333
2024-10-24,4877.80821
2024-10-25,4900.206501666667
2024-10-28,4924.365185
2024-10-29,4945.727791666666
2024-10-30,4967.95615
2024-10-31,4991.52568
2024-11-01,5008.8782
2024-11-04,5028.458576666667
2024-11-05,5052.73613
2024-11-06,5079.643096666667
2024-11-07,5107.209278333333
2024-11-08,5135.204473333333
2024-11-11,5165.863008333335
2024-11-12,5195.683458333334
2024-11-13,5225.688331666667
2024-11-14,5251.931753333334
2024-11-15,5276.535656666666
2024-11-18,5297.914111666667
2024-11-19,5322.491343333333
2024-11-20,5348.944523333334
2024-11-21,5376.992195000001
2024-11-22,5401.695924999999
2024-11-25,5427.70075
2024-11-26,5452.471183333333
2024-11-27,5479.234026666667
2024-11-28,5506.340778333333
2024-11-29,5534.983736666666
2024-12-02,5564.502803333334
2024-12-03,5592.402075
2024-12-04,5620.275913333333
2024-12-05,5648.829308333333
2024-12-06,5678.810165
2024-12-09,5707.418345
2024-12-10,5738.314881666667
2024-12-11,5771.17893
2024-12-12,5804.555096666666
2024-12-13,5835.704791666667
2024-12-16,5865.850996666667
2024-12-17,5894.696936666666
2024-12-18,5924.642511666667
2024-12-19,5953.391038333333
2024-12-20,5983.53099
2024-12-23,6010.651801666667
2024-12-24,6036.015181666667
2024-12-25,6059.488985
2024-12-26,6080.927646666667
2024-12-27,6098.179721666666
2024-12-30,6105.464758333333
2024-12-31,6101.393621666666
2025-01-02,6102.555438333333
2025-01-03,6102.066758333333
2025-01-06,6105.254705
2025-01-07,6106.526116666666
2025-01-08,6109.102841666666
2025-01-09,6111.578258333333
2025-01-10,6112.233273333333
2025-01-13,6109.0672466666665
2025-01-14,6108.24197
2025-01-15,6106.354571666667
2025-01-16,6104.650018333333
2025-01-17,6104.315683333334
2025-01-20,6102.719698333333
2025-01-21,6099.818626666666
2025-01-22,6097.683674999999
2025-01-23,6094.511769999999
2025-01-24,6091.536218333334
2025-01-27,6090.133496666666
2025-02-05,6087.272246666666
2025-02-06,6083.527103333333
2025-02-07,6080.87479
2025-02-10,6077.65195
2025-02-11,6073.769486666667
2025-02-12,6068.8629083333335
2025-02-13,6064.204983333333
2025-02-14,6060.445656666666
2025-02-17,6060.601901666666
2025-02-18,6060.878991666667
2025-02-19,6066.111848333333
2025-02-20,6069.514006666666
2025-02-21,6072.8210899999995
2025-02-24,6076.185408333333
2025-02-25,6082.934411666666
2025-02-26,6090.805695
2025-02-27,6099.438365
2025-02-28,6101.967615
2025-03-03,6105.094026666668
2025-03-04,6107.902361666666
2025-03-05,6109.31285
2025-03-06,6113.1744383333335
2025-03-07,6118.221433333334
2025-03-10,6122.144296666666
2025-03-11,6125.5128466666665
2025-03-12,6129.907776666666
2025-03-13,6131.654953333333
2025-03-14,6133.7182250000005
2025-03-17,6135.375225
2025-03-18,6139.657525
2025-03-19,6144.443533333333
2025-03-20,6150.9621799999995
2025-03-21,6154.457901666667
2025-03-24,6157.010485
2025-03-25,6157.660666666667
2025-03-26,6161.636106666667
2025-03-27,6164.376206666667
2025-03-28,6167.27012
2025-03-31,6168.373403333333
2025-04-01,6169.838711666666
2025-04-02,6172.027466666667
2025-04-03,6176.119796666667
2025-04-07,6171.109025000001
2025-04-08,6169.522523333333
2025-04-09,6170.260788333334
2025-04-10,6171.803193333334
2025-04-11,6175.143331666667
2025-04-14,6179.572441666667
2025-04-15,6185.724321666667
2025-04-16,6190.322246666667
2025-04-17,6190.797403333333
2025-04-18,6191.73267
2025-04-21,6194.254875
2025-04-22,6196.05055
2025-04-23,6197.80778
2025-04-24,6198.015350000001
2025-04-25,6199.411396666666
2025-04-28,6200.211791666667
2025-04-29,6199.632643333333
2025-04-30,6201.3667816666675
2025-05-06,6205.058206666667
2025-05-07,6206.219221666667
2025-05-08,6206.6196033333335
2025-05-09,6204.4785133333335
2025-05-12,6204.099958333333
2025-05-13,6201.873276666666
2025-05-14,6201.004491666667
2025-05-15,6197.807845
2025-05-16,6194.250356666667
2025-05-19,6193.4703383333335
2025-05-20,6191.095131666667
2025-05-21,6187.724575
2025-05-22,6181.339161666667
2025-05-23,6173.433356666666
2025-05-26,6166.655985
2025-05-27,6158.0568883333335
2025-05-28,6149.472315
2025-05-29,6146.4583016666675
2025-05-30,6142.339808333333
2025-06-03,6137.546626666667
2025-06-04,6132.96221
2025-06-05,6126.829606666666
2025-06-06,6120.914275
2025-06-09,6115.880795
2025-06-10,6109.380091666667
2025-06-11,6103.039163333334
2025-06-12,6098.461981666666
2025-06-13,6090.709275
2025-06-16,6083.34085
2025-06-17,6075.499885
2025-06-18,6068.345036666667
2025-06-19,6060.2310683333335
2025-06-20,6053.464075
2025-06-23,6048.762095
2025-06-24,6046.827126666667
2025-06-25,6045.8480549999995
2025-06-26,6044.498463333333
2025-06-27,6044.642061666667
2025-06-30,6046.8009366666665
2025-07-01,6048.7056716666675
2025-07-02,6049.242845000001
2025-07-03,6051.565861666666
2025-07-04,6065.16176
2025-07-07,6078.4470949999995
2025-07-08,6091.03655
2025-07-09,6101.134553333333
2025-07-10,6110.207555
2025-07-11,6118.917113333333
2025-07-14,6128.055055000001
2025-07-15,6138.179821666667
2025-07-16,6148.554806666667
2025-07-17,6160.28788
2025-07-18,6170.278491666667
2025-07-21,6181.327601666666
2025-07-22,6192.202938333333
2025-07-23,6203.648644999999
2025-07-24,6216.342276666666
2025-07-25,6230.168163333334
2025-07-28,6243.944793333333
2025-07-29,6257.674249999999
2025-07-30,6267.93358
2025-07-31,6277.095106666667
2025-08-01,6285.635016666667
2025-08-04,6296.595214999999
2025-08-05,6306.928881666667
2025-08-06,6318.767203333334
2025-08-07,6330.463536666666
2025-08-08,6343.481773333333
2025-08-11,6358.078775
2025-08-12,6372.550010000001
2025-08-13,6387.855298333333
2025-08-14,6401.927075
2025-08-15,6419.450371666667
2025-08-18,6440.249148333333
2025-08-19,6460.483536666667
2025-08-20,6482.1002266666665
2025-08-21,6503.248346666666
2025-08-22,6524.471043333333
2025-08-25,6548.657171666666
2025-08-26,6572.097678333333
2025-08-27,6592.319871666667
2025-08-28,6613.654791666666
2025-08-29,6635.085326666666
2025-09-01,6656.45507
2025-09-02,6675.658245
2025-09-03,6692.664304999999
2025-09-04,6706.8132116666675
2025-09-05,6725.807523333333
2025-09-08,6745.200428333334
2025-09-09,6763.276416666667
2025-09-10,6781.522783333334
2025-09-11,6804.050468333333
2025-09-12,6827.772018333333
2025-09-15,6850.061163333334
2025-09-16,6871.543866666666
2025-09-17,6892.854685
2025-09-18,6913.331535
2025-09-19,6932.685725
2025-09-22,6951.57401
2025-09-23,6968.8123633333325
2025-09-24,6989.224673333333
2025-09-25,7008.62258
2025-09-26,7026.71246
2025-09-29,7046.22399
2025-09-30,7065.678415
2025-10-09,7086.638195
2025-10-10,7105.425735
2025-10-13,7123.070133333333
2025-10-14,7138.250918333333
2025-10-15,7155.5945016666665
2025-10-16,7171.25741
2025-10-17,7182.087523333334
2025-10-20,7193.539363333333
2025-10-21,7205.735828333333
2025-10-22,7216.987603333333
2025-10-23,7228.668923333334
2025-10-24,7240.6375100000005
2025-10-27,7253.783731666666
2025-10-28,7266.271098333334
2025-10-29,7279.524976666667
2025-10-30,7292.301691666667
2025-10-31,7306.393165
2025-11-03,7320.853928333334
2025-11-04,7332.454548333333
2025-11-05,7343.744258333333
2025-11-06,7355.252938333333
2025-11-07,7366.581743333333
2025-11-10,7378.667136666667
2025-11-11,7388.61471
2025-11-12,7397.32747
2025-11-13,7406.098176666666
2025-11-14,7414.86933
2025-11-17,7421.628911666666
2025-11-18,7425.137226666667
2025-11-19,7427.543210000001
2025-11-20,7428.125718333334
2025-11-21,7425.03172
2025-11-24,7421.589535000001
2025-11-25,7417.793186666667
2025-11-26,7413.992881666667
2025-11-27,7412.675388333333
2025-11-28,7410.793715000001
2025-12-01,7409.927121666667
2025-12-02,7406.794283333334
2025-12-03,7405.700809999999
2025-12-04,7406.397168333333
2025-12-05,7411.419468333333
2025-12-08,7414.375788333334
2025-12-09,7415.534941666667
2025-12-10,7418.571881666666
2025-12-11,7419.935671666666
2025-12-12,7419.453275000001
2025-12-15,7417.5564933333335
2025-12-16,7413.657308333333
2025-12-17,7410.409145
2025-12-18,7405.70231
2025-12-19,7403.259038333333
2025-12-22,7402.761706666667
2025-12-23,7401.144073333333
2025-12-24,7402.7826116666665
2025-12-25,7403.535225
2025-12-26,7405.185516666666
2025-12-29,7408.4616516666665
2025-12-30,7410.119454999999
2025-12-31,7410.458145
2026-01-05,7412.22194
2026-01-06,7417.739995
2026-01-07,7424.184263333333
2026-01-08,7434.158205
2026-01-09,7444.920440000001
2026-01-12,7460.839993333333
2026-01-13,7477.800903333334
2026-01-14,7494.767355000001
2026-01-15,7509.712826666667
2026-01-16,7525.0548149999995
2026-01-19,7541.013931666666
2026-01-20,7553.739215
2026-01-21,7566.277493333333
2026-01-22,7580.112903333333
2026-01-23,7595.140016666667
2026-01-26,7609.812511666667
2026-01-27,7624.403823333333
2026-01-28,7638.76509
2026-01-29,7653.706355
2026-01-30,7666.872973333333
2026-02-02,7673.932946666667
2026-02-03,7685.05333
2026-02-04,7695.784443333334
2026-02-05,7704.572538333334
2026-02-06,7713.992498333333
2026-02-09,7724.712531666667
2026-02-10,7737.171588333334
2026-02-11,7749.112208333333
2026-02-12,7763.557733333333
2026-02-13,7777.18475
2026-02-24,7793.174061666667
2026-02-25,7815.8178683333335
