date,000852.SH_占市场比重
2014-10-17,31.032726818685326
2014-10-20,32.64681363833169
2014-10-21,31.672208365505817
2014-10-22,31.93036211987728
2014-10-23,31.124295837082354
2014-10-24,31.529061956382137
2014-10-27,32.34462892152138
2014-10-28,32.8617088370168
2014-10-29,30.950757325587265
2014-10-30,29.96775687554754
2014-10-31,25.058384229418916
2014-11-03,26.214581312014733
2014-11-04,25.906019459409606
2014-11-05,24.59274580982631
2014-11-06,27.538205319538715
2014-11-07,25.659994271112684
2014-11-10,22.858079376977113
2014-11-11,22.061606140953113
2014-11-12,22.627908882105725
2014-11-13,23.12885156127432
2014-11-14,22.595110643804283
2014-11-17,23.652276436364115
2014-11-18,25.482350133485365
2014-11-19,28.828978109979857
2014-11-20,28.554464005367176
2014-11-21,25.15948109197333
2014-11-24,20.920034509060937
2014-11-25,24.84421961671106
2014-11-26,24.431341014959717
2014-11-27,23.71691189861073
2014-11-28,22.189118228233777
2014-12-01,20.550733150864417
2014-12-02,19.305559944737773
2014-12-03,18.756588947397265
2014-12-04,20.04148684359738
2014-12-05,18.64333920863176
2014-12-08,18.323858513061605
2014-12-09,16.185473273637186
2014-12-10,16.061855471459303
2014-12-11,18.21469241523772
2014-12-12,19.592965188671595
2014-12-15,20.585067432744932
2014-12-16,16.962204355516203
2014-12-17,14.797818742259192
2014-12-18,15.734193106037168
2014-12-19,15.322505263093781
2014-12-22,14.000808584732868
2014-12-23,13.314625130883858
2014-12-24,13.841907087486355
2014-12-25,14.23748537038235
2014-12-26,12.679384520573949
2014-12-29,12.928236511429914
2014-12-30,14.065584732852423
2014-12-31,12.548482553633338
2015-01-05,12.251026917578239
2015-01-06,13.434829600985376
2015-01-07,14.028524504365333
2015-01-08,15.433408047537561
2015-01-09,13.277654134277398
2015-01-12,14.288513567944857
2015-01-13,17.48021215786594
2015-01-14,17.265209489662915
2015-01-15,14.199951594093765
2015-01-16,15.013018811047118
2015-01-19,18.01781349647977
2015-01-20,17.597690178606275
2015-01-21,18.192384566969494
2015-01-22,20.015239063983017
2015-01-23,19.4401248641104
2015-01-26,20.36710647339683
2015-01-27,20.37627855325452
2015-01-28,21.5810289981117
2015-01-29,19.429816425597014
2015-01-30,20.87929592850011
2015-02-02,19.442965594093035
2015-02-03,21.332801609452023
2015-02-04,21.355434100480018
2015-02-05,20.71255866124385
2015-02-06,22.101470349052658
2015-02-09,19.39689460498545
2015-02-10,18.3413807220125
2015-02-11,22.512020088744766
2015-02-12,23.323475237631044
2015-02-13,22.989145686812282
2015-02-16,24.785298851022457
2015-02-17,24.18593265380476
2015-02-25,24.10899170872461
2015-02-26,21.65811745155596
2015-02-27,23.264281519138947
2015-03-02,24.62857794466226
2015-03-03,24.250738483181735
2015-03-04,25.517339847709238
2015-03-05,25.61031026496849
2015-03-06,25.69169742061917
2015-03-09,22.459248800086947
2015-03-10,25.74244774559446
2015-03-11,26.011795821778666
2015-03-12,22.411362520258997
2015-03-13,22.47075687091485
2015-03-16,24.62035029040851
2015-03-17,23.25010376031549
2015-03-18,22.48562430858402
2015-03-19,22.77778492397477
2015-03-20,20.928512549380297
2015-03-23,23.20243011617991
2015-03-24,23.96827619495665
2015-03-25,24.96158809404335
2015-03-26,25.34209002346734
2015-03-27,23.785857883209598
2015-03-30,21.541128050685664
2015-03-31,20.60031637043009
2015-04-01,23.564150138200148
2015-04-02,25.180443237884486
2015-04-03,25.160531223848427
2015-04-07,23.424976219940408
2015-04-08,22.06109251469669
2015-04-09,20.881006999054033
2015-04-10,21.97938605332429
2015-04-13,21.894689016947787
2015-04-14,22.096405631941312
2015-04-15,20.86402260450573
2015-04-16,20.030404231216927
2015-04-17,18.68663196278311
2015-04-20,16.71094387700695
2015-04-21,18.67064202029182
2015-04-22,19.466961405474013
2015-04-23,20.37793566908512
2015-04-24,20.35967735192798
2015-04-27,19.810119101050276
2015-04-28,17.91353850169438
2015-04-29,19.259089850086124
2015-04-30,20.18365112731902
2015-05-04,20.00842970193697
2015-05-05,19.5767980366943
2015-05-06,20.314463686816236
2015-05-07,21.465105843211006
2015-05-08,23.110998600011733
2015-05-11,23.4179115606293
2015-05-12,23.940947964018097
2015-05-13,23.84541457361139
2015-05-14,25.10163954549644
2015-05-15,24.76818953047118
2015-05-18,26.483530507542817
2015-05-19,24.93604891052908
2015-05-20,25.85019608623919
2015-05-21,27.447882052667932
2015-05-22,25.137955366182535
2015-05-25,23.583414391987947
2015-05-26,23.30385821895606
2015-05-27,24.36213053047393
2015-05-28,23.78364488019647
2015-05-29,24.35605255036417
2015-06-01,23.998964103046234
2015-06-02,25.078650081098264
2015-06-03,25.52031453142864
2015-06-04,24.000238494203003
2015-06-05,24.27072326202577
2015-06-08,21.498205957058296
2015-06-09,20.116724996243132
2015-06-10,23.032295206474863
2015-06-11,24.455829858884996
2015-06-12,24.659084811969276
2015-06-15,24.976437207945462
2015-06-16,24.741156253325222
2015-06-17,25.060142411211096
2015-06-18,25.00253678236967
2015-06-19,23.74259378836364
2015-06-23,23.248501899819427
2015-06-24,22.49176066353978
2015-06-25,22.565661697681325
2015-06-26,19.89438026341135
2015-06-29,19.67905782574611
2015-06-30,21.567458413331885
2015-07-01,22.375651533379365
2015-07-02,20.407462119234147
2015-07-03,20.064477798595227
2015-07-06,17.059282146726822
2015-07-07,7.315434511359046
2015-07-08,8.441235724995881
2015-07-09,13.699940576902112
2015-07-10,9.936630073274491
2015-07-13,14.508147483566447
2015-07-14,19.01998439743351
2015-07-15,23.2982572934198
2015-07-16,24.866290447833844
2015-07-17,23.888004084086706
2015-07-20,26.46059881229777
2015-07-21,26.635901766975877
2015-07-22,26.86216004111262
2015-07-23,26.557571147842857
2015-07-24,26.36374991927557
2015-07-27,26.304896877671975
2015-07-28,24.422821619716874
2015-07-29,26.252330615476826
2015-07-30,26.799643738723873
2015-07-31,25.51011659332451
2015-08-03,23.87666033816791
2015-08-04,26.297755778139216
2015-08-05,29.43995475854047
2015-08-06,29.679686667818316
2015-08-07,31.47511788286579
2015-08-10,28.289175712008372
2015-08-11,28.14334462081557
2015-08-12,28.221773613370686
2015-08-13,29.35379835518399
2015-08-14,30.189899342736144
2015-08-17,29.344378010941735
2015-08-18,28.588671495457348
2015-08-19,29.13531889336992
2015-08-20,30.858013320234473
2015-08-21,28.277938785362583
2015-08-24,21.795572087659316
2015-08-25,20.36330494662147
2015-08-26,26.05080857834553
2015-08-27,25.13162220433437
2015-08-28,25.72164380276257
2015-08-31,25.415719144539374
2015-09-01,20.927591173055806
2015-09-02,21.223517544867317
2015-09-07,25.240294476910414
2015-09-08,28.2059827474191
2015-09-09,27.983722848598696
2015-09-10,29.904180851684604
2015-09-11,31.702976068490447
2015-09-14,27.379431961450685
2015-09-15,29.5527711605759
2015-09-16,29.188823378823415
2015-09-17,31.56427784499159
2015-09-18,33.54216747455966
2015-09-21,32.541043266883094
2015-09-22,32.30289160252545
2015-09-23,32.92162370584168
2015-09-24,33.76461748445133
2015-09-25,32.64423911995391
2015-09-28,34.85129369903161
2015-09-29,34.763715619689926
2015-09-30,33.161123196160865
2015-10-08,30.667890775897348
2015-10-09,33.717234037984134
2015-10-12,29.695635842744515
2015-10-13,33.41243284377279
2015-10-14,33.32342758196787
2015-10-15,32.42778617491667
2015-10-16,31.897425155245973
2015-10-19,31.715319211304838
2015-10-20,32.62035343631697
2015-10-21,31.684318072905484
2015-10-22,33.39744873611728
2015-10-23,33.543800426640566
2015-10-26,33.67575282855925
2015-10-27,33.982053172589985
2015-10-28,34.483640623435335
2015-10-29,35.880771400759414
2015-10-30,35.69797355618214
2015-11-02,34.373640461161045
2015-11-03,34.31674570639912
2015-11-04,31.433568476257474
2015-11-05,26.787574537193493
2015-11-06,28.642824105057024
2015-11-09,27.485861978510005
2015-11-10,30.01118639564442
2015-11-11,32.05302322150636
2015-11-12,31.518234882403952
2015-11-13,32.26993819533671
2015-11-16,33.23403584953677
2015-11-17,31.374232395636163
2015-11-18,31.385225035919262
2015-11-19,34.206564865002534
2015-11-20,34.990004802869485
2015-11-23,34.81113576721676
2015-11-24,32.61850959353196
2015-11-25,34.94470280435779
2015-11-26,37.8804866948551
2015-11-27,32.60203718088216
2015-11-30,32.80236645637785
2015-12-01,32.280293294622254
2015-12-02,28.28935694312358
2015-12-03,30.34311540779036
2015-12-04,32.870978987867275
2015-12-07,34.54592980157443
2015-12-08,35.59680637042046
2015-12-09,35.498901709508964
2015-12-10,35.27509800560476
2015-12-11,35.02911072306366
2015-12-14,30.645833170500637
2015-12-15,33.26845724640565
2015-12-16,35.32272969559852
2015-12-17,33.580334775257086
2015-12-18,33.08121403411683
2015-12-21,29.583619240268938
2015-12-22,30.517335109816845
2015-12-23,30.124182069710997
2015-12-24,30.80521757175363
2015-12-25,32.200384177534666
2015-12-28,33.479651573810024
2015-12-29,34.85627149821933
2015-12-30,35.533207242544684
2015-12-31,35.1270432359596
2016-01-04,33.06948590324649
2016-01-05,32.83608744872921
2016-01-06,32.565944942444325
2016-01-07,30.691582573108867
2016-01-08,30.399590302659835
2016-01-11,29.41422721697054
2016-01-12,30.908733305003633
2016-01-13,30.615277543488595
2016-01-14,30.291613632127213
2016-01-15,31.845929239614517
2016-01-18,32.683980897388366
2016-01-19,31.80611157978478
2016-01-20,31.512330221825678
2016-01-21,32.820480617696084
2016-01-22,32.76238532929228
2016-01-25,33.310366610018946
2016-01-26,31.730111840626734
2016-01-27,31.328106769898074
2016-01-28,31.064299846947225
2016-01-29,30.70750610561382
2016-02-01,31.343487447392278
2016-02-02,33.02555750974348
2016-02-03,33.47526635581431
2016-02-04,33.54305947951932
2016-02-05,32.20876527042773
2016-02-15,31.9512539512312
2016-02-16,32.05907790640244
2016-02-17,32.76860009271659
2016-02-18,32.8342823279428
2016-02-19,35.10810813630535
2016-02-22,32.20783636726911
2016-02-23,33.622282884961535
2016-02-24,33.86433185840968
2016-02-25,32.219519024164626
2016-02-26,32.70842283980267
2016-02-29,30.032833224630995
2016-03-01,31.353743630731557
2016-03-02,29.93630012183376
2016-03-03,30.24128799982304
2016-03-04,27.628779275478376
2016-03-07,29.336064405957053
2016-03-08,31.055438091421767
2016-03-09,30.9665277667298
2016-03-10,32.725594782134024
2016-03-11,32.015989376183036
2016-03-14,32.22136806980262
2016-03-15,32.50509718613981
2016-03-16,29.659081794071607
2016-03-17,33.21786170545932
2016-03-18,31.78470457944375
2016-03-21,30.645427283146137
2016-03-22,31.951084526049673
2016-03-23,33.84925577749519
2016-03-24,34.16819619458269
2016-03-25,34.54034006334135
2016-03-28,34.53646456963259
2016-03-29,33.45409076914534
2016-03-30,33.680467395305186
2016-03-31,33.89047343942324
2016-04-01,32.52530637270694
2016-04-05,32.97944238989087
2016-04-06,35.2758556769747
2016-04-07,35.10792079221939
2016-04-08,34.99755830392265
2016-04-11,33.40632502716338
2016-04-12,35.608496196726016
2016-04-13,31.63473593679127
2016-04-14,33.94441772512054
2016-04-15,34.65467655577481
2016-04-18,35.219416802429585
2016-04-19,35.269129813306215
2016-04-20,33.614691281571886
2016-04-21,32.759313889145034
2016-04-22,33.56205196917551
2016-04-25,33.74722281530696
2016-04-26,33.810032185315734
2016-04-27,35.141656484826775
2016-04-28,35.4581656992846
2016-04-29,33.43296274801739
2016-05-03,32.83967581118507
2016-05-04,34.06524287925448
2016-05-05,33.71474819989574
2016-05-06,33.773381780642744
2016-05-09,32.65150647960213
2016-05-10,30.90027894996522
2016-05-11,29.664197647731438
2016-05-12,31.7904556648384
2016-05-13,33.275550034564375
2016-05-16,33.61161923762007
2016-05-17,35.12555755210307
2016-05-18,32.29063626782582
2016-05-19,33.5453077028022
2016-05-20,33.96597990870456
2016-05-23,33.98257779890608
2016-05-24,34.22045941005771
2016-05-25,34.12553254383625
2016-05-26,34.23182989131337
2016-05-27,33.094862115194985
2016-05-30,32.02007064560883
2016-05-31,30.81248271594247
2016-06-01,32.91725266609564
2016-06-02,34.72076961445946
2016-06-03,32.91868101840164
2016-06-06,33.85622308133043
2016-06-07,33.36127536725114
2016-06-08,33.38670860033615
2016-06-13,36.820557059152534
2016-06-14,35.947664047665626
2016-06-15,36.502541964810675
2016-06-16,38.679057973266865
2016-06-17,37.942682231966224
2016-06-20,37.86088895666009
2016-06-21,35.91253131243064
2016-06-22,37.785236865292674
2016-06-23,39.453771932188154
2016-06-24,37.82398062902262
2016-06-27,37.7714814655684
2016-06-28,37.207589856505734
2016-06-29,35.983659533947446
2016-06-30,36.34243541891154
2016-07-01,36.09038777353127
2016-07-04,33.02154986566006
2016-07-05,34.008752011478904
2016-07-06,33.00844041830432
2016-07-07,35.060894831464864
2016-07-08,35.50980708029075
2016-07-11,32.32387098762721
2016-07-12,30.55971776057522
2016-07-13,30.758061095887534
2016-07-14,33.393704324133495
2016-07-15,32.62355768150409
2016-07-18,31.858855700110144
2016-07-19,32.05151127186208
2016-07-20,34.35118356012053
2016-07-21,33.62612559288804
2016-07-22,33.60055178255385
2016-07-25,33.91594358876227
2016-07-26,32.33012103202127
2016-07-27,32.451320706190586
2016-07-28,31.736851404180737
2016-07-29,30.429567510371513
2016-08-01,30.716277248898095
2016-08-02,31.630365835728586
2016-08-03,31.689145528437006
2016-08-04,32.70470196532585
2016-08-05,30.9271388556164
2016-08-08,30.069073428419973
2016-08-09,31.460738648561705
2016-08-10,30.66442315690469
2016-08-11,29.42424455172726
2016-08-12,26.825376582313893
2016-08-15,26.02650630593022
2016-08-16,27.02760970558522
2016-08-17,28.8009778902927
2016-08-18,28.700673412792383
2016-08-19,29.280655507136323
2016-08-22,30.02172575455723
2016-08-23,30.03018235840426
2016-08-24,30.64637657394887
2016-08-25,29.599563208220843
2016-08-26,31.09930039961734
2016-08-29,30.027631517185682
2016-08-30,29.622425087579717
2016-08-31,27.740714214821267
2016-09-01,29.12488375670445
2016-09-02,28.937580975607524
2016-09-05,28.740386649699424
2016-09-06,29.61449490437353
2016-09-07,30.657332302585665
2016-09-08,31.632659294928008
2016-09-09,30.163244855687214
2016-09-12,28.051255925766927
2016-09-13,29.161824520208828
2016-09-14,29.00386121548355
2016-09-19,29.849155593158965
2016-09-20,29.636171960153824
2016-09-21,28.599651452996333
2016-09-22,28.968775540187707
2016-09-23,30.031121768035263
2016-09-26,29.721075565789445
2016-09-27,29.862324998773865
2016-09-28,31.050769306272763
2016-09-29,29.284184220879705
2016-09-30,30.01148097467684
2016-10-10,29.88495910364631
2016-10-11,29.457603709323443
2016-10-12,31.114293928051495
2016-10-13,31.4511692483373
2016-10-14,30.551222391306236
2016-10-17,30.28434315826045
2016-10-18,28.98291966693318
2016-10-19,28.562788561459644
2016-10-20,32.15760073753827
2016-10-21,29.161657382290475
2016-10-24,25.55727515961269
2016-10-25,27.526848828009804
2016-10-26,30.00923698498909
2016-10-27,29.289062208904614
2016-10-28,28.69865495004933
2016-10-31,30.4491367508456
2016-11-01,30.21458808572333
2016-11-02,29.59674018371826
2016-11-03,28.38513921197473
2016-11-04,28.410717090200983
2016-11-07,29.744295429640232
2016-11-08,28.61931188959718
2016-11-09,28.85346162753326
2016-11-10,27.863046159975525
2016-11-11,25.251383976687247
2016-11-14,25.141120319929435
2016-11-15,28.071433701474806
2016-11-16,29.697465914507987
2016-11-17,28.03716277556878
2016-11-18,27.343008192055642
2016-11-21,24.583943525276688
2016-11-22,24.50166464169068
2016-11-23,25.695136027403432
2016-11-24,24.030342871216412
2016-11-25,24.06710631385105
2016-11-28,21.367683495583016
2016-11-29,20.84958202674096
2016-11-30,22.22383991468122
2016-12-01,20.83084650011847
2016-12-02,22.247272832611507
2016-12-05,21.708469173362943
2016-12-06,23.860905413820337
2016-12-07,24.924067449478347
2016-12-08,24.99478723858559
2016-12-09,22.65342851759958
2016-12-12,25.5394140618362
2016-12-13,25.73753120560058
2016-12-14,24.741292583996422
2016-12-15,25.086027634633503
2016-12-16,26.74343749494461
2016-12-19,26.72020208265832
2016-12-20,26.211919744912944
2016-12-21,25.200564804359605
2016-12-22,26.733566686922224
2016-12-23,26.132502562478432
2016-12-26,26.444010590793432
2016-12-27,27.234903487168765
2016-12-28,27.31264018378619
2016-12-29,26.758808007427287
2016-12-30,25.80423162512311
2017-01-03,25.70609061921199
2017-01-04,27.669939254115782
2017-01-05,28.29262984959823
2017-01-06,28.359345932034998
2017-01-09,28.937423840350235
2017-01-10,27.97486644780487
2017-01-11,27.691680862784146
2017-01-12,28.748750078556174
2017-01-13,27.332729194287293
2017-01-16,25.311249761500882
2017-01-17,28.15023762578222
2017-01-18,26.30441778073826
2017-01-19,25.950115622868985
2017-01-20,26.69448578011306
2017-01-23,26.90971977037443
2017-01-24,26.59576997478163
2017-01-25,25.094998283904925
2017-01-26,24.100369333983302
2017-02-03,24.162673299973367
2017-02-06,25.346406515487185
2017-02-07,27.893888033635584
2017-02-08,26.420560251019985
2017-02-09,25.88164150767018
2017-02-10,24.04789033178045
2017-02-13,23.105208540780886
2017-02-14,25.220357886316826
2017-02-15,23.70416579700896
2017-02-16,24.512748915532878
2017-02-17,25.078135702453334
2017-02-20,23.591572953284054
2017-02-21,26.431381594246428
2017-02-22,26.35948910547305
2017-02-23,27.119302093853566
2017-02-24,26.307535535286064
2017-02-27,25.545748135935664
2017-02-28,26.567457431344398
2017-03-01,25.12680652360177
2017-03-02,24.61906006586515
2017-03-03,26.594961347580774
2017-03-06,27.073805198819212
2017-03-07,27.095599600968818
2017-03-08,25.907589809933796
2017-03-09,26.099822986862094
2017-03-10,26.05885126168832
2017-03-13,24.157421169424538
2017-03-14,25.892979946198043
2017-03-15,26.356558929625223
2017-03-16,24.0411985156037
2017-03-17,25.52047719565447
2017-03-20,26.32277149262273
2017-03-21,23.52886806171056
2017-03-22,23.884595047620632
2017-03-23,24.634238373260832
2017-03-24,22.6587224173809
2017-03-27,23.592487412268547
2017-03-28,25.035059134170695
2017-03-29,24.61257104112382
2017-03-30,25.68485674905383
2017-03-31,25.232276468350822
2017-04-05,23.574554179400092
2017-04-06,24.657803700819635
2017-04-07,25.06596495557193
2017-04-10,25.631746741193545
2017-04-11,25.050515470535572
2017-04-12,24.716438987387228
2017-04-13,26.429733527179245
2017-04-14,25.915068840299337
2017-04-17,23.636624129402872
2017-04-18,24.448732162764962
2017-04-19,24.395952416556185
2017-04-20,22.03198704053429
2017-04-21,22.759399082172454
2017-04-24,23.14072726586475
2017-04-25,22.8971369184201
2017-04-26,21.655942651430564
2017-04-27,23.34717698209936
2017-04-28,21.990385102274175
2017-05-02,22.813936239248424
2017-05-03,24.085017871177207
2017-05-04,23.633966739862796
2017-05-05,22.203360573559312
2017-05-08,22.001468219115566
2017-05-09,23.809182044915577
2017-05-10,22.90316566265748
2017-05-11,23.721102252912743
2017-05-12,22.353976534075347
2017-05-15,21.939996384979892
2017-05-16,24.07403304188168
2017-05-17,23.52944354373692
2017-05-18,24.40343564038506
2017-05-19,24.225876164593434
2017-05-22,23.0921429616788
2017-05-23,22.130553783044824
2017-05-24,22.678191509365526
2017-05-25,20.534085040541527
2017-05-26,22.110895735626702
2017-05-31,20.03639946691983
2017-06-01,21.14850726384282
2017-06-02,22.68115466121196
2017-06-05,21.967123951181456
2017-06-06,23.14320440579402
2017-06-07,22.38292663522176
2017-06-08,22.77131794600675
2017-06-09,21.377976053555596
2017-06-12,22.651199092555466
2017-06-13,24.224819178198768
2017-06-14,25.140230473924994
2017-06-15,26.062917259747536
2017-06-16,25.97499496522891
2017-06-19,24.944797379157414
2017-06-20,27.05515455591727
2017-06-21,25.438722493801926
2017-06-22,22.628147239629552
2017-06-23,22.933873426120318
2017-06-26,19.85303675670493
2017-06-27,22.526581624109628
2017-06-28,21.633010238226046
2017-06-29,22.342816563423582
2017-06-30,22.06066046526306
2017-07-03,23.278119214696687
2017-07-04,22.094478378600815
2017-07-05,23.396080954917164
2017-07-06,24.43388009007734
2017-07-07,23.337751919468932
2017-07-10,22.614394883778395
2017-07-11,22.779953026044982
2017-07-12,22.355179878290627
2017-07-13,20.61934968233568
2017-07-14,22.064188381220635
2017-07-17,21.42221806495394
2017-07-18,20.823232319278574
2017-07-19,19.41976570191001
2017-07-20,22.24584648577145
2017-07-21,23.563731924667717
2017-07-24,22.648759613968448
2017-07-25,22.53011705753002
2017-07-26,22.578568264576425
2017-07-27,24.604107853544303
2017-07-28,25.171766984923437
2017-07-31,23.716716943831372
2017-08-01,23.610306680352274
2017-08-02,22.43221555095879
2017-08-03,23.521718799895588
2017-08-04,23.330377884250105
2017-08-07,22.77021056852469
2017-08-08,23.958089490026087
2017-08-09,24.19147426499243
2017-08-10,23.715952760565603
2017-08-11,22.896491928990763
2017-08-14,24.208709884548274
2017-08-15,24.760700748847704
2017-08-16,26.003827096118105
2017-08-17,27.210398388473045
2017-08-18,26.391282857948816
2017-08-21,24.799620731573203
2017-08-22,24.256954853147306
2017-08-23,22.805333719902197
2017-08-24,23.240231168502017
2017-08-25,20.463422921203076
2017-08-28,19.25560292322902
2017-08-29,21.56316368250685
2017-08-30,21.899792688359426
2017-08-31,21.6822837599178
2017-09-01,22.699434047645692
2017-09-04,24.42254856759149
2017-09-05,25.679677224802948
2017-09-06,25.99911948808029
2017-09-07,26.299751846509967
2017-09-08,25.730925357592216
2017-09-11,25.009955150748002
2017-09-12,25.702844692866726
2017-09-13,25.298273218142626
2017-09-14,25.112599105326105
2017-09-15,24.09468619408085
2017-09-18,23.85027477671306
2017-09-19,24.626115988995938
2017-09-20,25.273775872507226
2017-09-21,25.287110727848354
2017-09-22,24.509918774518134
2017-09-25,22.5651261012469
2017-09-26,23.088198568240287
2017-09-27,23.591959504269454
2017-09-28,23.640297081980982
2017-09-29,23.679491749636984
2017-10-09,22.8500064522747
2017-10-10,22.863218503594503
2017-10-11,24.344908847257447
2017-10-12,25.320583488446314
2017-10-13,24.76129258480247
2017-10-16,23.91355938648222
2017-10-17,21.976341748139035
2017-10-18,21.865847221252846
2017-10-19,21.797591269645228
2017-10-20,22.003337979187698
2017-10-23,22.53759968893629
2017-10-24,21.74282352555361
2017-10-25,21.545004543260063
2017-10-26,19.69138082742869
2017-10-27,19.83785493627685
2017-10-30,19.471046309795543
2017-10-31,19.070939011890463
2017-11-01,18.487772860117467
2017-11-02,19.279721256259023
2017-11-03,19.76559801807837
2017-11-06,18.890200715508396
2017-11-07,18.388459666698363
2017-11-08,18.57490513567276
2017-11-09,19.324715933222883
2017-11-10,18.86823840280762
2017-11-13,19.547739042060844
2017-11-14,19.66907632115046
2017-11-15,18.811195839697024
2017-11-16,18.688035640765086
2017-11-17,18.702602082295005
2017-11-20,18.010664079895886
2017-11-21,15.958952639860202
2017-11-22,17.37878125884275
2017-11-23,17.257381368283493
2017-11-24,17.576992812547243
2017-11-27,17.056193856940926
2017-11-28,19.509277740399327
2017-11-29,19.148982423440497
2017-11-30,20.14926978333003
2017-12-01,20.330766504502506
2017-12-04,19.463380167789097
2017-12-05,18.881369307938733
2017-12-06,20.57329880237833
2017-12-07,21.191431611768394
2017-12-08,21.199624388366917
2017-12-11,22.06166257194751
2017-12-12,24.32377019241016
2017-12-13,23.494605064437152
2017-12-14,23.29265455778176
2017-12-15,23.81968421322145
2017-12-18,23.557083098063906
2017-12-19,22.186844820994736
2017-12-20,22.893950140212258
2017-12-21,22.0542238665392
2017-12-22,23.57629928485628
2017-12-25,21.561340795794354
2017-12-26,20.065112340810686
2017-12-27,19.772426654643276
2017-12-28,19.537757376621283
2017-12-29,20.305902993323336
2018-01-02,18.802021800694803
2018-01-03,19.298252340810905
2018-01-04,20.316146019264714
2018-01-05,20.668048314933078
2018-01-08,19.516616082327143
2018-01-09,19.58057962879384
2018-01-10,19.987174281069983
2018-01-11,21.160121151903937
2018-01-12,21.003852197362054
2018-01-15,19.196886661991968
2018-01-16,17.395866593474675
2018-01-17,15.795367168896671
2018-01-18,15.790585263258794
2018-01-19,15.256040760207398
2018-01-22,17.692874000949317
2018-01-23,16.68407125624679
2018-01-24,17.34227042180495
2018-01-25,19.007480188884564
2018-01-26,18.43393053042811
2018-01-29,17.430409666311228
2018-01-30,18.334569217483555
2018-01-31,19.887369528778382
2018-02-01,18.901435694027626
2018-02-02,18.551631196354478
2018-02-05,16.1315859808365
2018-02-06,15.942834373029688
2018-02-07,16.093698805971037
2018-02-08,15.58219000162836
2018-02-09,15.715415843700905
2018-02-12,18.210967041868535
2018-02-13,18.309354449997894
2018-02-14,18.64707953226705
2018-02-22,18.369286398799435
2018-02-23,19.662976789979737
2018-02-26,19.896807437037573
2018-02-27,21.162935702788722
2018-02-28,22.803041733112593
2018-03-01,23.098042119195828
2018-03-02,23.401184735770215
2018-03-05,22.789196156017034
2018-03-06,21.291803162518207
2018-03-07,21.20602730704583
2018-03-08,21.267230662753757
2018-03-09,22.972062284166306
2018-03-12,23.246013445176512
2018-03-13,24.801352677196668
2018-03-14,23.695377210833886
2018-03-15,23.304620114993625
2018-03-16,24.494196709219207
2018-03-19,24.042529795202363
2018-03-20,22.744848506527525
2018-03-21,22.47564339222922
2018-03-22,22.437562123355775
2018-03-23,21.122797982768542
2018-03-26,21.419731161683366
2018-03-27,23.28422704887845
2018-03-28,22.938088799635057
2018-03-29,21.648306779683242
2018-03-30,24.575554317306146
2018-04-02,25.19817884350246
2018-04-03,24.680936696115204
2018-04-04,23.335708273893115
2018-04-09,23.068447981507354
2018-04-10,22.277299573606943
2018-04-11,22.18563499407444
2018-04-12,23.390907485766746
2018-04-13,24.443157009519858
2018-04-16,23.646562011644136
2018-04-17,24.39776758812769
2018-04-18,23.352956540045756
2018-04-19,24.182956740503666
2018-04-20,23.862887068903188
2018-04-23,24.664554892324876
2018-04-24,22.581820500854782
2018-04-25,25.19968111570182
2018-04-26,24.114828349364863
2018-04-27,21.212868928034776
2018-05-02,21.887908926083888
2018-05-03,22.096797270420954
2018-05-04,22.523027877112565
2018-05-07,21.86873437916841
2018-05-08,21.53146851419838
2018-05-09,23.74693174671075
2018-05-10,24.446613662133277
2018-05-11,23.681682553834833
2018-05-14,21.910249006590668
2018-05-15,22.30483460154189
2018-05-16,22.626604215857743
2018-05-17,22.45990927070903
2018-05-18,21.72529771794032
2018-05-21,22.130036436576965
2018-05-22,22.414978959799768
2018-05-23,21.87845773319388
2018-05-24,21.333953708822634
2018-05-25,22.691778173487926
2018-05-28,21.992316548261925
2018-05-29,21.25231674214642
2018-05-30,21.285432869147563
2018-05-31,20.4404413413631
2018-06-01,21.623265120172196
2018-06-04,20.62869902113915
2018-06-05,20.055978663139268
2018-06-06,19.820568679967344
2018-06-07,19.96185496664067
2018-06-08,20.507177051947632
2018-06-11,21.76341553894505
2018-06-12,20.75939709190198
2018-06-13,20.968697732683633
2018-06-14,21.17183722658808
2018-06-15,22.422674695323906
2018-06-19,19.68014376414272
2018-06-20,21.484921122168437
2018-06-21,21.565158164776697
2018-06-22,21.891775053747374
2018-06-25,20.651207524541785
2018-06-26,21.25687806075147
2018-06-27,20.791642872328207
2018-06-28,20.1760947312754
2018-06-29,22.498752822869207
2018-07-02,22.360287592331538
2018-07-03,20.932886542163622
2018-07-04,22.127552080630156
2018-07-05,22.23631359470928
2018-07-06,21.926557635061293
2018-07-09,22.77345357473015
2018-07-10,22.23043480148489
2018-07-11,22.860722493207764
2018-07-12,21.60725362338931
2018-07-13,22.54855787820445
2018-07-16,22.329437784922124
2018-07-17,23.256524928135676
2018-07-18,23.936977611507814
2018-07-19,22.826567741065006
2018-07-20,20.830654932188608
2018-07-23,22.123501173893924
2018-07-24,21.35228811443636
2018-07-25,25.14600646725709
2018-07-26,25.279575162338077
2018-07-27,26.440139131897162
2018-07-30,24.453701176430805
2018-07-31,23.1417213280951
2018-08-01,22.33068084250437
2018-08-02,22.860366119622654
2018-08-03,23.8004131853529
2018-08-06,22.75999455248863
2018-08-07,22.47552741890499
2018-08-08,24.547635824597474
2018-08-09,23.460243037375843
2018-08-10,23.17959173549266
2018-08-13,23.09526973120265
2018-08-14,24.42719988047884
2018-08-15,23.35745192340162
2018-08-16,22.1577842003524
2018-08-17,23.600704804811574
2018-08-20,22.201330199590032
2018-08-21,22.086072416979192
2018-08-22,23.95028998265336
2018-08-23,22.025000503174176
2018-08-24,21.437365652404704
2018-08-27,21.120551035968315
2018-08-28,22.057320631636145
2018-08-29,22.272711839909967
2018-08-30,22.022303662410277
2018-08-31,19.320059812603144
2018-09-03,21.136011257820474
2018-09-04,22.14044693192532
2018-09-05,22.96543427382705
2018-09-06,22.11283882012724
2018-09-07,22.85034655196237
2018-09-10,22.273580572408683
2018-09-11,21.83920955687586
2018-09-12,21.779511121306754
2018-09-13,21.07058937112942
2018-09-14,21.886244827943113
2018-09-17,22.48969516052839
2018-09-18,21.721155294166163
2018-09-19,21.636155045247563
2018-09-20,22.800809170499
2018-09-21,20.1781308421133
2018-09-25,20.848079375642325
2018-09-26,19.773542733651077
2018-09-27,22.65058099169378
2018-09-28,20.142221300013144
2018-10-08,18.74627195720656
2018-10-09,20.342339994474358
2018-10-10,20.61464036366457
2018-10-11,20.853030030615614
2018-10-12,21.069336588369666
2018-10-15,20.255822680686066
2018-10-16,20.013239008199207
2018-10-17,19.863097561043162
2018-10-18,19.970752938299903
2018-10-19,18.49701186200535
2018-10-22,18.757341493306512
2018-10-23,18.369082328931334
2018-10-24,17.5972281255527
2018-10-25,18.661020577560095
2018-10-26,19.55805333247119
2018-10-29,17.769912435224967
2018-10-30,16.903552390192754
2018-10-31,18.66391347447197
2018-11-01,18.979233044494745
2018-11-02,18.875526202875918
2018-11-05,21.903371626268598
2018-11-06,22.513901726137348
2018-11-07,23.140335737129075
2018-11-08,22.61870506817194
2018-11-09,21.104344491655908
2018-11-12,23.32091360463083
2018-11-13,24.31172046236693
2018-11-14,24.899195780825607
2018-11-15,24.398916126981636
2018-11-16,23.780140544288706
2018-11-19,23.807369375961752
2018-11-20,25.415280703945655
2018-11-21,25.655040945257213
2018-11-22,27.177625215153906
2018-11-23,25.64952248553714
2018-11-26,25.864438724791288
2018-11-27,26.26720169274474
2018-11-28,26.017336118322515
2018-11-29,25.21803357833388
2018-11-30,24.933994416283582
2018-12-03,22.656229550052714
2018-12-04,26.022915028789935
2018-12-05,26.300810239787797
2018-12-06,25.707920750953328
2018-12-07,26.861992414407215
2018-12-10,24.574267738646554
2018-12-11,26.028771621524477
2018-12-12,25.660111178363103
2018-12-13,22.600580100498437
2018-12-14,24.17542384278376
2018-12-17,24.462978873060962
2018-12-18,23.873381725678893
2018-12-19,24.004891872967658
2018-12-20,23.035159728873168
2018-12-21,22.315779099301523
2018-12-24,24.494585784714815
2018-12-25,24.64115296870434
2018-12-26,25.552351939088265
2018-12-27,23.17519353968569
2018-12-28,22.971615779677705
2019-01-02,22.73999129031145
2019-01-03,23.94281244668668
2019-01-04,23.262662840898127
2019-01-07,24.335988853681183
2019-01-08,25.912122189227322
2019-01-09,23.90856006066245
2019-01-10,24.675376021291797
2019-01-11,25.851898703628585
2019-01-14,25.621754395067427
2019-01-15,23.228681466408567
2019-01-16,25.49495963998912
2019-01-17,25.507002859886192
2019-01-18,23.648572130876044
2019-01-21,23.663881594529094
2019-01-22,25.15069997464615
2019-01-23,25.487106930748716
2019-01-24,25.304563324554852
2019-01-25,24.217878798978855
2019-01-28,23.102102961754657
2019-01-29,23.488262652361154
2019-01-30,22.679354482358125
2019-01-31,22.261929831335138
2019-02-01,21.41753532106442
2019-02-11,22.134398091170013
2019-02-12,22.70831120685469
2019-02-13,21.997697353363773
2019-02-14,22.77560833832963
2019-02-15,22.770804663595367
2019-02-18,23.181466760109505
2019-02-19,23.943310188117405
2019-02-20,24.296657307914572
2019-02-21,23.766780755275676
2019-02-22,22.38381059042294
2019-02-25,21.277339737746807
2019-02-26,21.717336052354185
2019-02-27,22.427669802433535
2019-02-28,23.792650794156287
2019-03-01,21.706641974378275
2019-03-04,21.98146269556477
2019-03-05,25.030249575776136
2019-03-06,24.322037916074574
2019-03-07,24.142133015962838
2019-03-08,24.07260436823897
2019-03-11,25.332901673358926
2019-03-12,25.464852868100156
2019-03-13,25.75693867514563
2019-03-14,25.081113619516525
2019-03-15,24.217970214446797
2019-03-18,23.413838708073236
2019-03-19,25.12915095796251
2019-03-20,24.81115922836417
2019-03-21,25.06182639445398
2019-03-22,25.3340073303164
2019-03-25,25.192014556716437
2019-03-26,25.118998054636403
2019-03-27,24.484439287960562
2019-03-28,24.200147452753132
2019-03-29,21.589184271815416
2019-04-01,22.535425113652728
2019-04-02,24.803260465297836
2019-04-03,24.174304934582043
2019-04-04,23.650720625811804
2019-04-08,23.63098363131071
2019-04-09,24.12440783858768
2019-04-10,23.72843346316389
2019-04-11,24.422030297022193
2019-04-12,24.802034792386845
2019-04-15,23.943556683757013
2019-04-16,23.83656477020417
2019-04-17,25.46444548011789
2019-04-18,26.201767517906067
2019-04-19,26.12306171482742
2019-04-22,24.894871712158356
2019-04-23,26.5974160731021
2019-04-24,25.869883165128105
2019-04-25,26.649349315544303
2019-04-26,25.234202719790478
2019-04-29,24.717907357169867
2019-04-30,24.531000570601115
2019-05-06,21.789548717558926
2019-05-07,22.89791619370708
2019-05-08,25.10025327378144
2019-05-09,23.439440049688237
2019-05-10,24.251242305093268
2019-05-13,25.02871512476582
2019-05-14,24.567615966083526
2019-05-15,24.475657075235425
2019-05-16,26.880393194603418
2019-05-17,25.889876089456575
2019-05-20,25.603861292073425
2019-05-21,25.897855776102524
2019-05-22,27.00131688495463
2019-05-23,27.503254621133973
2019-05-24,26.506619508511953
2019-05-27,24.98208976671561
2019-05-28,24.840006394581813
2019-05-29,24.257618491492796
2019-05-30,25.813054837790173
2019-05-31,24.927383314125986
2019-06-03,25.15240790590364
2019-06-04,24.47088746992432
2019-06-05,23.00141874934258
2019-06-06,23.68725984099891
2019-06-10,22.21538642525978
2019-06-11,22.8001244665707
2019-06-12,24.69160635155455
2019-06-13,24.839437163256008
2019-06-14,24.018526404968043
2019-06-17,24.549423873391728
2019-06-18,24.889806500865543
2019-06-19,22.925076134004573
2019-06-20,21.08892481705813
2019-06-21,23.597840534983412
2019-06-24,23.834030401588073
2019-06-25,23.26876887389688
2019-06-26,25.28000506586888
2019-06-27,23.935761440058485
2019-06-28,26.002935315326773
2019-07-01,22.683543873987624
2019-07-02,23.586654434594323
2019-07-03,23.326668035050343
2019-07-04,24.113001882311483
2019-07-05,24.568737801885845
2019-07-08,23.73186183077331
2019-07-09,24.492751808775274
2019-07-10,24.285213681912715
2019-07-11,23.40680018503731
2019-07-12,23.609506884670697
2019-07-15,22.899447927091828
2019-07-16,23.803255468460232
2019-07-17,24.179914944283514
2019-07-18,24.017772761407734
2019-07-19,23.04331581733119
2019-07-22,23.360585417428112
2019-07-23,22.307703190659364
2019-07-24,22.040003676425997
2019-07-25,21.865208662249472
2019-07-26,22.35307916361806
2019-07-29,22.582175881561767
2019-07-30,22.308871402483632
2019-07-31,22.8956119740005
2019-08-01,21.71024487093261
2019-08-02,19.941540078211492
2019-08-05,20.319526962122268
2019-08-06,20.40583773815102
2019-08-07,21.7305145182856
2019-08-08,21.70691913287538
2019-08-09,22.188575166603915
2019-08-12,20.530978136280154
2019-08-13,22.591381399622566
2019-08-14,22.15178893917156
2019-08-15,22.981546917141305
2019-08-16,22.428665196916896
2019-08-19,21.57882700568815
2019-08-20,24.10576983907595
2019-08-21,24.40777097448119
2019-08-22,24.787167870977537
2019-08-23,24.107815633530446
2019-08-26,23.802330076718498
2019-08-27,23.594322608236055
2019-08-28,25.68412665061436
2019-08-29,25.009110588428047
2019-08-30,25.521433299146025
2019-09-02,24.41855026000294
2019-09-03,25.106373706405762
2019-09-04,24.073495141288223
2019-09-05,23.530865513067965
2019-09-06,24.2588875700411
2019-09-09,24.88082404644119
2019-09-10,26.203888536816066
2019-09-11,24.609150822917982
2019-09-12,23.941800366192627
2019-09-16,25.500758790751544
2019-09-17,25.18872831272064
2019-09-18,24.02123413117607
2019-09-19,24.672603517734764
2019-09-20,24.17270913184866
2019-09-23,24.286788978922992
2019-09-24,25.346383008811245
2019-09-25,25.858647556157333
2019-09-26,24.240587577548077
2019-09-27,23.55567070806805
2019-09-30,23.001985287627864
2019-10-08,22.07818707749923
2019-10-09,22.921438963020037
2019-10-10,23.640936670720052
2019-10-11,23.35274072739497
2019-10-14,23.010756046663527
2019-10-15,24.764949544785733
2019-10-16,23.397590053892383
2019-10-17,24.394863784084357
2019-10-18,24.318810338404415
2019-10-21,23.80738553731557
2019-10-22,24.80474624300329
2019-10-23,24.982709859961798
2019-10-24,24.37429373601049
2019-10-25,23.78912691300286
2019-10-28,25.225859129383014
2019-10-29,27.47220799736046
2019-10-30,28.490798790741128
2019-10-31,26.082396266782933
2019-11-01,24.04497096577423
2019-11-04,25.193464718935466
2019-11-05,24.566813824200054
2019-11-06,25.239824341093847
2019-11-07,25.79841337603096
2019-11-08,24.777843398102842
2019-11-11,24.814999976186407
2019-11-12,24.79725873232799
2019-11-13,24.01998815231192
2019-11-14,23.912952776762108
2019-11-15,24.071514954085853
2019-11-18,23.823608082533415
2019-11-19,24.915362545411973
2019-11-20,25.145719287290135
2019-11-21,24.417196966795476
2019-11-22,23.697596256323372
2019-11-25,22.731445625300022
2019-11-26,21.12281780212286
2019-11-27,23.92348373501548
2019-11-28,24.99225253723649
2019-11-29,22.170745607999358
2019-12-02,23.13402720585444
2019-12-03,24.12212016370263
2019-12-04,24.15059758450027
2019-12-05,23.78221805995025
2019-12-06,24.35947355617712
2019-12-09,23.97031688514356
2019-12-10,24.53889595050104
2019-12-11,24.770671454174277
2019-12-12,26.014345232033588
2019-12-13,21.928107033553744
2019-12-16,24.2989042321856
2019-12-17,23.449186057061368
2019-12-18,24.76954071025887
2019-12-19,25.93665862458768
2019-12-20,24.99932594450793
2019-12-23,23.858757749945795
2019-12-24,25.62128222836438
2019-12-25,26.276265448257945
2019-12-26,25.8346640675327
2019-12-27,24.749564619952675
2019-12-30,23.054054663492845
2019-12-31,24.946804785749276
2020-01-02,23.58942350518713
2020-01-03,25.691244458032013
2020-01-06,25.37845966670953
2020-01-07,27.63620807071022
2020-01-08,27.54602423852257
2020-01-09,26.582235073226695
2020-01-10,27.199013940650424
2020-01-13,25.83203710636673
2020-01-14,26.311154433261684
2020-01-15,27.191624250556583
2020-01-16,27.028276063610292
2020-01-17,26.167878457714394
2020-01-20,25.002816439473367
2020-01-21,25.397271521542685
2020-01-22,25.726715700862417
2020-01-23,24.96400114154621
2020-02-03,16.16281945631125
2020-02-04,24.142554456498882
2020-02-05,24.551220922066825
2020-02-06,24.489116012436345
2020-02-07,25.384039652698814
2020-02-10,25.664451501277526
2020-02-11,24.44289961944162
2020-02-12,27.0557512889855
2020-02-13,27.120213155067347
2020-02-14,26.42831857097781
2020-02-17,26.197812775212377
2020-02-18,27.85700605601477
2020-02-19,27.978931851407047
2020-02-20,25.532103140297206
2020-02-21,26.841336897498465
2020-02-24,28.316146008255743
2020-02-25,28.069021674470385
2020-02-26,26.662964766879405
2020-02-27,27.167871621174445
2020-02-28,25.65873035067853
2020-03-02,24.779103575236707
2020-03-03,26.28890031872608
2020-03-04,25.88624086727788
2020-03-05,24.950445987972223
2020-03-06,26.700118161038272
2020-03-09,26.076109434768846
2020-03-10,26.115328170823194
2020-03-11,27.118628698083576
2020-03-12,25.456707754050317
2020-03-13,25.134084830041132
2020-03-16,25.19551186283668
2020-03-17,24.099935738120838
2020-03-18,24.92901149278163
2020-03-19,23.00008258617179
2020-03-20,24.440183366222247
2020-03-23,24.023269701241425
2020-03-24,24.028823222988276
2020-03-25,23.17818286709877
2020-03-26,24.419781137062067
2020-03-27,23.608632435810147
2020-03-30,24.091571550465
2020-03-31,24.0274045978766
2020-04-01,24.289803319781967
2020-04-02,24.42264298579995
2020-04-03,24.973894220826587
2020-04-07,24.15892138996803
2020-04-08,26.1997857261768
2020-04-09,26.387979457757577
2020-04-10,27.228362991275752
2020-04-13,26.46413119603524
2020-04-14,24.119556176131937
2020-04-15,25.504676207592357
2020-04-16,26.429341275839697
2020-04-17,25.53336781683928
2020-04-20,27.23353403231193
2020-04-21,27.00660094681901
2020-04-22,27.07965889703087
2020-04-23,27.57202735868151
2020-04-24,27.248760499977397
2020-04-27,25.176270470822647
2020-04-28,25.450080148436914
2020-04-29,25.02503920205416
2020-04-30,23.99437630084998
2020-05-06,23.511408343771805
2020-05-07,25.222129314406196
2020-05-08,24.278331828154496
2020-05-11,24.008122236219045
2020-05-12,24.66734654754969
2020-05-13,25.476165208028224
2020-05-14,26.492113145798342
2020-05-15,26.656583393282467
2020-05-18,26.123922892016
2020-05-19,26.197146770459916
2020-05-20,26.36414617581159
2020-05-21,25.401529213098627
2020-05-22,24.65674905197939
2020-05-25,24.851880212561532
2020-05-26,25.349185744766423
2020-05-27,26.528586721575913
2020-05-28,26.085461750940258
2020-05-29,26.474414371951916
2020-06-01,24.85041404488677
2020-06-02,25.74042670147988
2020-06-03,25.219239282815685
2020-06-04,26.03363438191746
2020-06-05,25.703032315174468
2020-06-08,24.087567900568988
2020-06-09,24.6439446837415
2020-06-10,25.026996767201847
2020-06-11,24.06440661746129
2020-06-12,24.128073015390456
2020-06-15,25.141561009933213
2020-06-16,25.574923931094318
2020-06-17,26.393133070039205
2020-06-18,24.31883322942103
2020-06-19,22.458930400730022
2020-06-22,23.531707235631043
2020-06-23,24.18955664355724
2020-06-24,24.756816307453196
2020-06-29,24.448935402476405
2020-06-30,24.511038670498817
2020-07-01,23.698187345561344
2020-07-02,22.44151718791772
2020-07-03,21.41363307285736
2020-07-06,21.25789279324084
2020-07-07,21.616506036160985
2020-07-08,22.89813393288551
2020-07-09,23.67683389302588
2020-07-10,23.656096779584
2020-07-13,22.915729695009766
2020-07-14,24.25598219862314
2020-07-15,23.629652838479277
2020-07-16,22.410618516298257
2020-07-17,22.146550747880102
2020-07-20,21.765092135412026
2020-07-21,23.47200776349478
2020-07-22,23.4551728287592
2020-07-23,23.705685779674287
2020-07-24,23.84685572389282
2020-07-27,24.191009922128785
2020-07-28,24.10557147222388
2020-07-29,23.1421349977548
2020-07-30,24.789035510085785
2020-07-31,23.890629035039666
2020-08-03,24.45865382508952
2020-08-04,24.328028701037923
2020-08-05,25.326638746651657
2020-08-06,24.54924911021256
2020-08-07,24.236069703755675
2020-08-10,24.820107731190213
2020-08-11,24.892828110283233
2020-08-12,23.40711459163531
2020-08-13,24.31859608004618
2020-08-14,23.366137501695864
2020-08-17,21.334768751369182
2020-08-18,24.257578151125156
2020-08-19,23.57773617754442
2020-08-20,23.99590408830699
2020-08-21,23.74259828541294
2020-08-24,22.907947375482525
2020-08-25,24.822348146335628
2020-08-26,24.215836334899553
2020-08-27,24.057307134447758
2020-08-28,22.303387229440837
2020-08-31,22.308065105316143
2020-09-01,23.239832986115584
2020-09-02,23.46276600298891
2020-09-03,23.09748443866518
2020-09-04,23.733717678884435
2020-09-07,23.721377413754485
2020-09-08,24.26774541665878
2020-09-09,25.55874013794448
2020-09-10,24.278293482482415
2020-09-11,22.63206892842705
2020-09-14,23.83038081674084
2020-09-15,23.50700584038897
2020-09-16,21.863996026962305
2020-09-17,21.01287736753953
2020-09-18,20.542541361496717
2020-09-21,22.62893411270714
2020-09-22,21.744333187399178
2020-09-23,21.584230472815765
2020-09-24,21.757824292681928
2020-09-25,21.51171123870895
2020-09-28,21.23000154768967
2020-09-29,21.51246518231415
2020-09-30,21.01960133811991
2020-10-09,21.433927490154733
2020-10-12,21.925792532501603
2020-10-13,22.03434782830009
2020-10-14,21.656367399570534
2020-10-15,21.55963213823677
2020-10-16,20.73372746073362
2020-10-19,20.37094288448022
2020-10-20,20.914634155381474
2020-10-21,20.639717714304993
2020-10-22,19.962495740394694
2020-10-23,20.26571678852203
2020-10-26,19.064296000985927
2020-10-27,19.804934304766466
2020-10-28,19.343633154828726
2020-10-29,18.61347231046385
2020-10-30,19.198065260871875
2020-11-02,18.765177595639216
2020-11-03,19.80376136670729
2020-11-04,19.326622170465924
2020-11-05,19.508559695973123
2020-11-06,19.524111911078794
2020-11-09,19.469170136635594
2020-11-10,18.98632023049465
2020-11-11,18.869306661362558
2020-11-12,19.69291208657516
2020-11-13,19.246389273288674
2020-11-16,20.106029266171415
2020-11-17,19.76819540872458
2020-11-18,18.619502505893802
2020-11-19,20.10122452467298
2020-11-20,20.511778016365426
2020-11-23,19.388294784258782
2020-11-24,20.43789749510774
2020-11-25,19.960169928669327
2020-11-26,19.625950342576413
2020-11-27,18.62860338019427
2020-11-30,15.861133390849199
2020-12-01,17.185781478350947
2020-12-02,18.586276522642258
2020-12-03,18.090525612225118
2020-12-04,18.190272816720537
2020-12-07,19.366153538800976
2020-12-08,20.01264255217049
2020-12-09,20.286588734996556
2020-12-10,19.632944267128597
2020-12-11,19.402406915185008
2020-12-14,20.003828304154574
2020-12-15,20.017711856084873
2020-12-16,20.975280276281204
2020-12-17,20.810417339748128
2020-12-18,21.50483196784953
2020-12-21,21.407724707229452
2020-12-22,21.20970966422306
2020-12-23,22.45672366356653
2020-12-24,23.501507572350736
2020-12-25,22.926543660025363
2020-12-28,22.89173702494586
2020-12-29,22.355759241309286
2020-12-30,21.02452960027948
2020-12-31,19.80147245330366
2021-01-04,19.738106742099394
2021-01-05,19.968906992478892
2021-01-06,20.22659461587595
2021-01-07,19.786768828234266
2021-01-08,18.598762226988878
2021-01-11,17.782131942205975
2021-01-12,17.300919047437883
2021-01-13,17.406327087013448
2021-01-14,17.829913578650856
2021-01-15,17.195448784717655
2021-01-18,18.76826760344013
2021-01-19,19.130133013935062
2021-01-20,18.879606864413795
2021-01-21,18.894083102528032
2021-01-22,19.050043342966127
2021-01-25,18.909600097566546
2021-01-26,19.380622996666077
2021-01-27,19.018261116168276
2021-01-28,18.298120721622563
2021-01-29,18.960907502566716
2021-02-01,18.395770246314854
2021-02-02,18.348324900923775
2021-02-03,17.912691457786206
2021-02-04,17.83363472780883
2021-02-05,16.540647712250706
2021-02-08,15.69573566019489
2021-02-09,16.535076195451808
2021-02-10,15.684193347818095
2021-02-18,16.07086653009552
2021-02-19,16.85873871865241
2021-02-22,17.845494217474872
2021-02-23,17.574130578000492
2021-02-24,16.553783932148352
2021-02-25,16.296268149052874
2021-02-26,15.489116736847986
2021-03-01,17.097564984040666
2021-03-02,17.608413068959493
2021-03-03,17.80740603229597
2021-03-04,17.41438618790436
2021-03-05,16.98518385554645
2021-03-08,16.936908771790264
2021-03-09,16.487813684578175
2021-03-10,16.203272799494815
2021-03-11,16.18555354985261
2021-03-12,16.855801436245645
2021-03-15,16.445600736532555
2021-03-16,18.372503469753415
2021-03-17,17.658669913608403
2021-03-18,17.83227148059114
2021-03-19,16.780356949528212
2021-03-22,18.323125708350403
2021-03-23,19.38250757633006
2021-03-24,18.29064718716597
2021-03-25,18.602849382439366
2021-03-26,17.77094432899842
2021-03-29,18.495452172066845
2021-03-30,18.423422727977204
2021-03-31,17.502149508161562
2021-04-01,17.960551502622
2021-04-02,18.070464648424448
2021-04-06,19.013134272062608
2021-04-07,17.61950774095407
2021-04-08,18.367129928583893
2021-04-09,19.034414974066816
2021-04-12,18.24665170398728
2021-04-13,18.152372471919413
2021-04-14,18.317175018853035
2021-04-15,18.044275009523865
2021-04-16,19.727782833452114
2021-04-19,18.239115939993013
2021-04-20,19.017579127083575
2021-04-21,18.62275098911041
2021-04-22,19.021231167206686
2021-04-23,18.392468709692373
2021-04-26,18.05243008968946
2021-04-27,18.461422728922702
2021-04-28,18.754885443247712
2021-04-29,18.019252154561137
2021-04-30,17.756078642516083
2021-05-06,17.508707718251642
2021-05-07,18.76706681453413
2021-05-10,18.991835748406878
2021-05-11,18.841844488619998
2021-05-12,19.43061016689619
2021-05-13,20.22520625833639
2021-05-14,18.419378823673085
2021-05-17,18.089389260715016
2021-05-18,19.952904722643844
2021-05-19,19.523165972766176
2021-05-20,19.148254999134373
2021-05-21,18.596571341351716
2021-05-24,18.442019231253663
2021-05-25,17.211514711478475
2021-05-26,18.445511831009995
2021-05-27,19.7373218234651
2021-05-28,20.11950979019548
2021-05-31,20.314875102653108
2021-06-01,20.44140492363863
2021-06-02,20.844851466709805
2021-06-03,20.43510519555586
2021-06-04,20.767885932923598
2021-06-07,21.70539716791075
2021-06-08,21.65622537374156
2021-06-09,21.687210989697544
2021-06-10,22.06718155398888
2021-06-11,21.45879065898882
2021-06-15,22.05791762447435
2021-06-16,22.879854833958632
2021-06-17,23.5699836963926
2021-06-18,21.42114607942826
2021-06-21,21.964480151423167
2021-06-22,22.366257328815525
2021-06-23,21.036436378841394
2021-06-24,21.854700966946226
2021-06-25,20.775631572772213
2021-06-28,21.105602532523356
2021-06-29,22.494070039604846
2021-06-30,23.574878091203768
2021-07-01,22.256945574494214
2021-07-02,21.78013206378652
2021-07-05,22.42082215281225
2021-07-06,22.437114244623455
2021-07-07,22.485480461160595
2021-07-08,22.391087610765307
2021-07-09,22.68781728869525
2021-07-12,22.24342482764466
2021-07-13,23.874140066056746
2021-07-14,23.52935413613825
2021-07-15,23.146069768946663
2021-07-16,23.512760608758093
2021-07-19,23.6839337973351
2021-07-20,24.492406869208523
2021-07-21,23.576023861060886
2021-07-22,23.477871110724596
2021-07-23,23.20117923809001
2021-07-26,22.12892159926067
2021-07-27,22.378733027431664
2021-07-28,22.40484685966188
2021-07-29,22.975823113569675
2021-07-30,23.73583898738566
2021-08-02,22.5624654338384
2021-08-03,22.62349731253412
2021-08-04,23.297550755730914
2021-08-05,23.752768587548857
2021-08-06,24.043961689293056
2021-08-09,23.18834144271548
2021-08-10,23.203096910300946
2021-08-11,23.11261868507262
2021-08-12,23.87824050151991
2021-08-13,24.245325394462398
2021-08-16,23.6520225396836
2021-08-17,21.952807456238986
2021-08-18,21.092921145769814
2021-08-19,21.910047467996712
2021-08-20,21.38041549129019
2021-08-23,23.451830912696167
2021-08-24,23.29442667313368
2021-08-25,23.452034660231664
2021-08-26,23.498992120195062
2021-08-27,22.771635594645794
2021-08-30,22.373044066375048
2021-08-31,22.137725376538555
2021-09-01,21.895324597304953
2021-09-02,21.573346936350177
2021-09-03,22.818263232069775
2021-09-06,22.101964564367965
2021-09-07,22.575452309012036
2021-09-08,22.76437209675489
2021-09-09,22.36202230600466
2021-09-10,21.797662245186157
2021-09-13,22.77688035361802
2021-09-14,23.562868179595284
2021-09-15,23.437270797787743
2021-09-16,22.78239848953788
2021-09-17,22.691460687089457
2021-09-22,22.136529094900485
2021-09-23,22.431270593966595
2021-09-24,22.51285204802798
2021-09-27,21.501691616995117
2021-09-28,21.396857370501653
2021-09-29,21.33823262392387
2021-09-30,21.382478566540698
2021-10-08,20.98261093536843
2021-10-11,20.962206550989052
2021-10-12,21.23847140875649
2021-10-13,20.524445893426062
2021-10-14,21.162536226943672
2021-10-15,20.994956558760446
2021-10-18,21.209604343178935
2021-10-19,22.64774308888695
2021-10-20,23.049095955579542
2021-10-21,23.475748837983947
2021-10-22,23.301681390716837
2021-10-25,22.803594828157557
2021-10-26,23.078439751383257
2021-10-27,22.294147470145692
2021-10-28,22.334845925613894
2021-10-29,21.500763776567446
2021-11-01,21.52457721262866
2021-11-02,22.079004729884062
2021-11-03,21.90638352017559
2021-11-04,23.393698960026132
2021-11-05,23.056189622593447
2021-11-08,22.486677810884938
2021-11-09,23.684046884592416
2021-11-10,23.129156569446412
2021-11-11,22.60994929087806
2021-11-12,24.122918925471108
2021-11-15,24.670705473222927
2021-11-16,23.52534292614794
2021-11-17,24.54360049044772
2021-11-18,25.762563813051454
2021-11-19,25.067513824240535
2021-11-22,24.574585098990916
2021-11-23,24.979325177525613
2021-11-24,24.442945399588915
2021-11-25,24.877826111924236
2021-11-26,25.528414221586875
2021-11-29,24.878067183524504
2021-11-30,25.578906603498552
2021-12-01,25.487437554233118
2021-12-02,23.963274024623914
2021-12-03,23.57672486173093
2021-12-06,23.011297717704828
2021-12-07,22.965857799079846
2021-12-08,22.24832924654712
2021-12-09,20.84023736651706
2021-12-10,21.026063164247503
2021-12-13,21.568146810904356
2021-12-14,24.26244129897509
2021-12-15,24.445289693143668
2021-12-16,23.178391897667748
2021-12-17,22.9766238223811
2021-12-20,22.91422928025131
2021-12-21,22.54070368683622
2021-12-22,24.046161081586437
2021-12-23,24.837679490903568
2021-12-24,24.792098863208846
2021-12-27,23.83615694986108
2021-12-28,23.577071737121873
2021-12-29,24.51121014773363
2021-12-30,24.51615636136791
2021-12-31,24.931999388979804
2022-01-04,24.3890035731127
2022-01-05,22.997265062720686
2022-01-06,22.66807878203918
2022-01-07,23.108922411423144
2022-01-10,23.047107766708812
2022-01-11,23.384664534422036
2022-01-12,23.298229888372887
2022-01-13,23.781090837217327
2022-01-14,23.267323633076696
2022-01-17,25.130481161546008
2022-01-18,25.071500652979744
2022-01-19,23.657470458789483
2022-01-20,23.311970829143963
2022-01-21,23.42460441723267
2022-01-24,24.028370741872067
2022-01-25,23.93915385811941
2022-01-26,22.253398218889306
2022-01-27,21.75380753190783
2022-01-28,20.876247337180352
2022-02-07,20.920165707667696
2022-02-08,20.35387227882497
2022-02-09,22.153317662558823
2022-02-10,21.04468181949642
2022-02-11,21.11883204458871
2022-02-14,20.578699270893072
2022-02-15,21.417315214655105
2022-02-16,22.47167901523693
2022-02-17,23.359951653519563
2022-02-18,23.105494401395504
2022-02-21,23.026233145316695
2022-02-22,23.26162090429301
2022-02-23,24.278679060659794
2022-02-24,24.48876852756753
2022-02-25,23.50547765209963
2022-02-28,23.86110436833879
2022-03-01,23.528518848756345
2022-03-02,23.27639531448778
2022-03-03,22.25447061347274
2022-03-04,21.968677661173032
2022-03-07,20.869882439385684
2022-03-08,22.141569177879873
2022-03-09,21.45104149854109
2022-03-10,22.18397561310794
2022-03-11,21.472840888842118
2022-03-14,21.944270144272508
2022-03-15,21.13916804255949
2022-03-16,20.205646429957334
2022-03-17,21.48551363197426
2022-03-18,20.991885421018385
2022-03-21,21.961930925500393
2022-03-22,22.286612790445073
2022-03-23,21.97717138716475
2022-03-24,22.684715250151363
2022-03-25,22.8291760314697
2022-03-28,21.92339386413859
2022-03-29,22.62323618247295
2022-03-30,20.29326824323361
2022-03-31,22.13761499814546
2022-04-01,20.217140644112998
2022-04-06,20.12306924861935
2022-04-07,21.976107132621898
2022-04-08,22.24501343948057
2022-04-11,22.393300416031856
2022-04-12,21.294803683017214
2022-04-13,21.82557758357813
2022-04-14,21.0117543313291
2022-04-15,22.21981668450235
2022-04-18,21.331902345107764
2022-04-19,21.37334923298572
2022-04-20,21.476808678525718
2022-04-21,21.09064608937027
2022-04-22,20.07615622414146
2022-04-25,19.990797759762483
2022-04-26,20.065789954768785
2022-04-27,19.50464497984268
2022-04-28,20.890698866219918
2022-04-29,19.821782933416518
2022-05-05,19.8396459716263
2022-05-06,20.24673226432147
2022-05-09,20.343320188752305
2022-05-10,20.72508982490167
2022-05-11,20.90955966539872
2022-05-12,20.90108866453827
2022-05-13,20.639804635716462
2022-05-16,20.65446673872902
2022-05-17,22.061192100825558
2022-05-18,21.379054221016435
2022-05-19,21.726432934656447
2022-05-20,20.37432395974416
2022-05-23,21.69229250430938
2022-05-24,22.309617588307145
2022-05-25,22.300151265379288
2022-05-26,21.38079322485284
2022-05-27,21.724481140847416
2022-05-30,20.957312362882767
2022-05-31,20.84944982300619
2022-06-01,21.41701108170663
2022-06-02,21.327048238480685
2022-06-06,21.273422867483887
2022-06-07,21.77037920574815
2022-06-08,21.385928443419473
2022-06-09,21.1978456411834
2022-06-10,20.60454235487891
2022-06-13,21.930035070307948
2022-06-14,21.562071565435723
2022-06-15,20.015322845565677
2022-06-16,21.576254024494514
2022-06-17,22.041140779194386
2022-06-20,22.46411937131947
2022-06-21,22.44433897322581
2022-06-22,22.035475925680682
2022-06-23,22.194894472755518
2022-06-24,22.457935444217547
2022-06-27,22.296054265784996
2022-06-28,22.338280369130008
2022-06-29,22.140346533009982
2022-06-30,21.605731784042558
2022-07-01,22.240293494226098
2022-07-04,22.316482044904586
2022-07-05,22.399273462687034
2022-07-06,21.95888279394479
2022-07-07,21.667691329310347
2022-07-08,22.325680913422254
2022-07-11,22.099251818654313
2022-07-12,21.580687516565437
2022-07-13,21.560395060182334
2022-07-14,22.960069650387158
2022-07-15,22.8863436626413
2022-07-18,22.998101095820132
2022-07-19,23.612738555836625
2022-07-20,25.35238831789522
2022-07-21,25.58449160089376
2022-07-22,23.522420844432972
2022-07-25,24.418479238119396
2022-07-26,23.341883181023316
2022-07-27,23.77760432734875
2022-07-28,23.927312983930783
2022-07-29,22.79023900708302
2022-08-01,22.955390215304035
2022-08-02,23.6779065589513
2022-08-03,24.00742825588601
2022-08-04,23.389648746854302
2022-08-05,24.09853712346159
2022-08-08,24.384974209284547
2022-08-09,24.682601294257335
2022-08-10,24.188521578461636
2022-08-11,23.27664308950497
2022-08-12,23.559105471314997
2022-08-15,22.97040256855861
2022-08-16,23.64745405441426
2022-08-17,22.802664837341457
2022-08-18,22.998536402575418
2022-08-19,22.90202048000215
2022-08-22,22.65375933802253
2022-08-23,22.826980090851396
2022-08-24,23.240060497496746
2022-08-25,21.787059079003782
2022-08-26,22.473964646928117
2022-08-29,22.491470952554618
2022-08-30,22.71990842884145
2022-08-31,20.76891468250773
2022-09-01,21.072083862561
2022-09-02,21.734683332768043
2022-09-05,21.008401289425375
2022-09-06,21.14214566413394
2022-09-07,21.42998088922211
2022-09-08,21.03382889269043
2022-09-09,20.307167674967044
2022-09-13,20.286208654448924
2022-09-14,20.780833669603453
2022-09-15,21.32177705477672
2022-09-16,20.0283919777633
2022-09-19,19.566111052755428
2022-09-20,19.472151955182284
2022-09-21,19.170372447343865
2022-09-22,20.18032143824161
2022-09-23,20.34744637405731
2022-09-26,19.314787404254556
2022-09-27,19.94901242042806
2022-09-28,19.87442773911441
2022-09-29,20.370416179129037
2022-09-30,20.13159280020725
2022-10-10,19.53884366985176
2022-10-11,19.762634173962017
2022-10-12,20.54807323027521
2022-10-13,21.544261580178457
2022-10-14,21.050941006196283
2022-10-17,21.17356649160648
2022-10-18,21.7509012719765
2022-10-19,21.845313469120466
2022-10-20,22.083712126078144
2022-10-21,21.187012588076698
2022-10-24,20.425298379335004
2022-10-25,20.56338457297125
2022-10-26,21.88424417923029
2022-10-27,21.237972706931423
2022-10-28,21.692558142813418
2022-10-31,21.176897404523142
2022-11-01,20.403649441799978
2022-11-02,20.54307782995099
2022-11-03,22.478867673512124
2022-11-04,21.281992029576084
2022-11-07,21.86666597532224
2022-11-08,21.61465113125976
2022-11-09,21.093547659544534
2022-11-10,21.732561382061494
2022-11-11,19.377543617160242
2022-11-14,19.938957654919747
2022-11-15,20.93610823341117
2022-11-16,20.700678453353323
2022-11-17,21.769382615917053
2022-11-18,21.96817990265955
2022-11-21,21.116509764895905
2022-11-22,21.664847057598678
2022-11-23,21.603016245474794
2022-11-24,21.363569880265896
2022-11-25,20.129532933928466
2022-11-28,20.03432015599059
2022-11-29,18.58901755300102
2022-11-30,19.160531780046252
2022-12-01,18.869578999309514
2022-12-02,20.76490752582161
2022-12-05,19.538172437007592
2022-12-06,19.178653603833304
2022-12-07,19.876192141442196
2022-12-08,20.311470785356608
2022-12-09,19.992052793873025
2022-12-12,20.50673138755158
2022-12-13,21.648091084385253
2022-12-14,20.683862335615824
2022-12-15,20.89837955148276
2022-12-16,21.157606619355708
2022-12-19,20.62881536926023
2022-12-20,20.478628005762843
2022-12-21,21.370159711741362
2022-12-22,20.044766777492384
2022-12-23,19.856032592787937
2022-12-26,20.050782420988476
2022-12-27,20.440929215633233
2022-12-28,19.207350395331037
2022-12-29,19.686775269421236
2022-12-30,19.28151428061081
2023-01-03,20.367316791040228
2023-01-04,19.981064933939106
2023-01-05,18.486452510808203
2023-01-06,19.779375528084753
2023-01-09,20.184087250811114
2023-01-10,19.62239626818946
2023-01-11,19.878635844764887
2023-01-12,19.786904182410208
2023-01-13,19.774844342304508
2023-01-16,19.12432177791509
2023-01-17,19.745893218289627
2023-01-18,19.805019754956007
2023-01-19,19.743200227102808
2023-01-20,20.667979672966176
2023-01-30,19.871183920479538
2023-01-31,20.037163097135195
2023-02-01,20.75161259223424
2023-02-02,20.701782289813377
2023-02-03,21.206227311417138
2023-02-06,20.888579516440416
2023-02-07,22.105119355999975
2023-02-08,21.581160624496317
2023-02-09,21.623136145044533
2023-02-10,21.25834378809431
2023-02-13,21.19326896838276
2023-02-14,21.76104939042417
2023-02-15,22.0726116876382
2023-02-16,22.041421230868
2023-02-17,22.278472471866305
2023-02-20,20.668016252289338
2023-02-21,22.057787434617072
2023-02-22,22.44592466178792
2023-02-23,21.34364267429068
2023-02-24,20.92369032744983
2023-02-27,21.527910745165713
2023-02-28,21.713972257550985
2023-03-01,21.1136252420748
2023-03-02,21.67171578986975
2023-03-03,21.251288957759474
2023-03-06,20.410299328507193
2023-03-07,20.309406425977556
2023-03-08,21.2435312432724
2023-03-09,20.597349247059153
2023-03-10,21.051249983349603
2023-03-13,20.980545812551842
2023-03-14,21.131854005796786
2023-03-15,20.97156281766182
2023-03-16,20.7597503170925
2023-03-17,20.97279558911169
2023-03-20,21.760213696240324
2023-03-21,21.854979581441103
2023-03-22,22.091411923222942
2023-03-23,22.0269705647541
2023-03-24,22.332175599412217
2023-03-27,23.72437039354306
2023-03-28,23.56140016765883
2023-03-29,22.429376314813915
2023-03-30,20.64266200299116
2023-03-31,21.247577543041302
2023-04-03,21.932414258488343
2023-04-04,23.10406314424163
2023-04-06,23.55954917534249
2023-04-07,23.013521378156472
2023-04-10,21.632707805603886
2023-04-11,21.076669660268347
2023-04-12,22.31042442363637
2023-04-13,22.279009894221467
2023-04-14,22.3374879378437
2023-04-17,20.98820033979901
2023-04-18,20.864930630330043
2023-04-19,21.94205733063895
2023-04-20,21.889366955690765
2023-04-21,21.88325630174121
2023-04-24,21.54179939546074
2023-04-25,21.800903347280705
2023-04-26,22.616821240012175
2023-04-27,22.177042083647706
2023-04-28,21.64043203500028
2023-05-04,21.547128569617268
2023-05-05,21.67888939139576
2023-05-08,21.044712178953112
2023-05-09,20.94174600119601
2023-05-10,20.779122657602684
2023-05-11,21.427540225228103
2023-05-12,21.611343708410278
2023-05-15,20.415914088396487
2023-05-16,20.538862458089408
2023-05-17,19.940036980804145
2023-05-18,21.119877371902284
2023-05-19,21.070688375459262
2023-05-22,20.4702483115118
2023-05-23,20.627508452927408
2023-05-24,20.31911003274452
2023-05-25,20.428489536724054
2023-05-26,20.678724750293785
2023-05-29,22.14460815100516
2023-05-30,20.66138794006502
2023-05-31,20.96288157194336
2023-06-01,21.12486153184035
2023-06-02,21.04879540085917
2023-06-05,21.333132877651128
2023-06-06,21.133544992460838
2023-06-07,20.745148665106676
2023-06-08,20.015130213068172
2023-06-09,20.3884952191739
2023-06-12,20.424497253098796
2023-06-13,21.841524534779836
2023-06-14,21.210380921384477
2023-06-15,20.494358951332647
2023-06-16,20.876079573139155
2023-06-19,22.274053898506892
2023-06-20,22.045498245926222
2023-06-21,22.101579350306043
2023-06-26,21.408771683287046
2023-06-27,21.228896716577605
2023-06-28,21.625881552875825
2023-06-29,21.50633608871148
2023-06-30,22.099200854780992
2023-07-03,21.989208356554656
2023-07-04,21.868178794446507
2023-07-05,21.240516459595444
2023-07-06,21.149054625382178
2023-07-07,20.587224196453562
2023-07-10,20.781058996685573
2023-07-11,21.075939914313437
2023-07-12,20.481016266140276
2023-07-13,19.620201044150186
2023-07-14,20.402463172627563
2023-07-17,21.037872153300487
2023-07-18,20.551467406429875
2023-07-19,20.160829957221623
2023-07-20,19.698446003566417
2023-07-21,19.48657184377659
2023-07-24,19.673249027288588
2023-07-25,18.26787812984076
2023-07-26,19.756619033972527
2023-07-27,19.61433576349515
2023-07-28,17.542638544961793
2023-07-31,18.133538039974166
2023-08-01,19.17168793711649
2023-08-02,20.444582618405658
2023-08-03,19.769997676012625
2023-08-04,19.56169112613321
2023-08-07,20.8005295464354
2023-08-08,19.33693925441031
2023-08-09,20.1173734432201
2023-08-10,19.404304658724918
2023-08-11,19.53823167712035
2023-08-14,19.61274737087642
2023-08-15,18.790178928526505
2023-08-16,18.77923028514332
2023-08-17,18.788361958460268
2023-08-18,18.770766040308807
2023-08-21,17.620541669055406
2023-08-22,18.781099855221
2023-08-23,19.209615786182255
2023-08-24,18.65850005195458
2023-08-25,19.61925915135431
2023-08-28,18.90125223891335
2023-08-29,19.325701374720076
2023-08-30,19.70159089765351
2023-08-31,19.410093116775666
2023-09-01,18.50608674976544
2023-09-04,18.890303608409305
2023-09-05,20.182609625173107
2023-09-06,20.041291122287795
2023-09-07,19.618387397365755
2023-09-08,20.806171097033918
2023-09-11,20.498132746778243
2023-09-12,20.41472774783408
2023-09-13,19.66780223686798
2023-09-14,18.459599470141352
2023-09-15,19.07200717435915
2023-09-18,19.013956210115275
2023-09-19,19.045532782864463
2023-09-20,20.14645583495998
2023-09-21,18.486483374234464
2023-09-22,19.286044623788317
2023-09-25,20.35443851158235
2023-09-26,19.060935269604474
2023-09-27,19.69702879376745
2023-09-28,20.16225501827411
2023-10-09,19.641775548395447
2023-10-10,21.17640623043754
2023-10-11,20.17804229809197
2023-10-12,20.637603566751363
2023-10-13,21.513284609145334
2023-10-16,23.055571667736455
2023-10-17,21.54594612123814
2023-10-18,21.465618005329677
2023-10-19,20.899850385429346
2023-10-20,20.770030012667117
2023-10-23,21.68003800369246
2023-10-24,20.333152082860583
2023-10-25,20.467069499264877
2023-10-26,21.0179405347178
2023-10-27,20.863795469641452
2023-10-30,21.13363323714977
2023-10-31,21.320848016224502
2023-11-01,20.853312951345647
2023-11-02,20.745162294683958
2023-11-03,21.276061538506543
2023-11-06,20.222089710454004
2023-11-07,20.767082014941167
2023-11-08,21.5735618320336
2023-11-09,20.506269546940604
2023-11-10,20.44533348189673
2023-11-13,21.355262910512906
2023-11-14,21.84668924845359
2023-11-15,21.59367049845197
2023-11-16,21.152914055020027
2023-11-17,21.57489853805817
2023-11-20,21.513797839529268
2023-11-21,20.954496632550892
2023-11-22,21.588248943338606
2023-11-23,20.244903451861916
2023-11-24,20.00874316782289
2023-11-27,19.771141132726544
2023-11-28,18.51774744336094
2023-11-29,18.971032762072802
2023-11-30,18.929596031654413
2023-12-01,19.69508385668555
2023-12-04,20.615272287038668
2023-12-05,19.3982137583898
2023-12-06,18.500574772480068
2023-12-07,20.01306522994003
2023-12-08,19.89297984789998
2023-12-11,19.639938264092176
2023-12-12,19.14600663136799
2023-12-13,18.319470247049676
2023-12-14,18.310201018536677
2023-12-15,18.48444595500459
2023-12-18,18.47071120799395
2023-12-19,17.660867227822088
2023-12-20,17.689299796824677
2023-12-21,17.75265717299407
2023-12-22,18.644476737655868
2023-12-25,18.66818631568705
2023-12-26,17.874705449850442
2023-12-27,17.666036017762735
2023-12-28,17.268817173518087
2023-12-29,18.171063818595528
2024-01-02,17.449318145530537
2024-01-03,17.34117009995577
2024-01-04,16.323415571517884
2024-01-05,16.78732936466246
2024-01-08,16.803362460162248
2024-01-09,16.69199457095612
2024-01-10,16.46526184272742
2024-01-11,17.12090550744905
2024-01-12,17.164412452730357
2024-01-15,17.357954968934298
2024-01-16,16.299328903537415
2024-01-17,16.038036833696406
2024-01-18,16.30703876836458
2024-01-19,16.045524243180644
2024-01-22,17.33748672433205
2024-01-23,17.408966095665004
2024-01-24,17.396792529110268
2024-01-25,17.53154535801007
2024-01-26,17.871837546495733
2024-01-29,17.335255960788874
2024-01-30,17.518310233262397
2024-01-31,18.161474389843253
2024-02-01,18.16063199005621
2024-02-02,18.42510020902083
2024-02-05,18.781462519811686
2024-02-06,18.09260773839726
2024-02-07,18.26884803590348
2024-02-08,18.75944834503935
2024-02-19,19.268898888713082
2024-02-20,18.920060630620316
2024-02-21,17.9859165132518
2024-02-22,17.6770589305567
2024-02-23,18.013524662715277
2024-02-26,18.07175955006993
2024-02-27,18.2982708827543
2024-02-28,18.367249739662938
2024-02-29,17.417427957013338
2024-03-01,18.424503928874156
2024-03-04,18.394344767637566
2024-03-05,18.269833787896697
2024-03-06,17.56370927054193
2024-03-07,16.93152632059821
2024-03-08,17.026852174843622
2024-03-11,17.304074496374337
2024-03-12,17.27407106353004
2024-03-13,18.895126681677894
2024-03-14,18.207533640911812
2024-03-15,17.993313694022582
2024-03-18,18.519903351280345
2024-03-19,18.65853882607313
2024-03-20,19.877446123423788
2024-03-21,20.08196104111638
2024-03-22,20.540526922364478
2024-03-25,21.4138280837367
2024-03-26,20.53069785465709
2024-03-27,20.573415191371847
2024-03-28,20.018460703776224
2024-03-29,20.544480997157756
2024-04-01,20.167777762561943
2024-04-02,20.755281810462815
2024-04-03,20.78443347334917
2024-04-08,19.95463630673873
2024-04-09,20.045260452275944
2024-04-10,19.64398922721249
2024-04-11,19.900369018083573
2024-04-12,19.07777314224291
2024-04-15,18.804611181042656
2024-04-16,19.76568796351195
2024-04-17,19.61835209765551
2024-04-18,19.63950838536708
2024-04-19,20.40518032368398
2024-04-22,20.103986139850836
2024-04-23,19.88742312935136
2024-04-24,20.765203175241165
2024-04-25,21.09418976375276
2024-04-26,20.12834717214553
2024-04-29,20.33525033146587
2024-04-30,19.882652871927892
2024-05-06,19.284149784654932
2024-05-07,20.288916824599262
2024-05-08,21.435706380561093
2024-05-09,20.647363932765792
2024-05-10,20.7473385135119
2024-05-13,20.0497755819054
2024-05-14,20.699420463121307
2024-05-15,20.6518496312217
2024-05-16,19.25493374256923
2024-05-17,19.65495637375765
2024-05-20,19.50463008064935
2024-05-21,20.502951598350787
2024-05-22,19.135622109926974
2024-05-23,19.291478761838526
2024-05-24,18.80052810962445
2024-05-27,18.636278943343004
2024-05-28,19.084939941288468
2024-05-29,18.483302524493066
2024-05-30,18.37906471891568
2024-05-31,18.63177733164682
2024-06-03,18.81338337534939
2024-06-04,18.447545602606866
2024-06-05,18.67180775747653
2024-06-06,18.748895358893254
2024-06-07,17.68440183787304
2024-06-11,18.565551407443575
2024-06-12,18.05272933040981
2024-06-13,18.280932315389375
2024-06-14,17.389752713062652
2024-06-17,18.59475045530827
2024-06-18,18.907220027785186
2024-06-19,19.42745727683951
2024-06-20,19.94725504482721
2024-06-21,18.177519145891228
2024-06-24,19.131300023469535
2024-06-25,17.867554124711177
2024-06-26,19.46667936511451
2024-06-27,18.225259000591926
2024-06-28,18.411167087392055
2024-07-01,18.669196765931304
2024-07-02,18.073038198745188
2024-07-03,17.81034540113304
2024-07-04,18.272771716490265
2024-07-05,17.482715940694515
2024-07-08,18.695122076177313
2024-07-09,19.210923587051415
2024-07-10,19.587061121920392
2024-07-11,19.354109667667608
2024-07-12,18.316323441402588
2024-07-15,19.323839004292967
2024-07-16,18.52057662880894
2024-07-17,17.65452337035467
2024-07-18,18.525206917776757
2024-07-19,17.810012248970576
2024-07-22,17.792293724862464
2024-07-23,18.223160330886234
2024-07-24,18.823842388173645
2024-07-25,17.85603433478175
2024-07-26,17.772666774247732
2024-07-29,18.45396579536134
2024-07-30,18.579448318398224
2024-07-31,18.60724451436521
2024-08-01,19.098506668895013
2024-08-02,19.516570002765373
2024-08-05,18.584188203648633
2024-08-06,18.13605409270405
2024-08-07,18.30335703942635
2024-08-08,18.965381227984125
2024-08-09,18.00655960269644
2024-08-12,18.76630367458436
2024-08-13,18.564418605585512
2024-08-14,18.48725086335284
2024-08-15,18.80779796078663
2024-08-16,18.247314217131468
2024-08-19,18.299158574948553
2024-08-20,19.222030732567923
2024-08-21,17.998572668924197
2024-08-22,17.75125043182944
2024-08-23,18.49423445287914
2024-08-26,18.438110502459256
2024-08-27,19.480195055501532
2024-08-28,18.51234593052348
2024-08-29,19.36873154427761
2024-08-30,18.52555638255522
2024-09-02,19.756983567496064
2024-09-03,20.008891015154866
2024-09-04,20.206006961518575
2024-09-05,20.17096585516271
2024-09-06,21.21514923296452
2024-09-09,19.258034645472843
2024-09-10,21.638019321862032
2024-09-11,20.348816505692707
2024-09-12,20.51629647282821
2024-09-13,19.4846236797305
2024-09-18,19.547745634101616
2024-09-19,19.433400142899707
2024-09-20,19.079907523038177
2024-09-23,20.561929876267495
2024-09-24,19.104048415623716
2024-09-25,19.660939657811056
2024-09-26,19.04716897687534
2024-09-27,19.0815165893698
2024-09-30,18.555778960402698
2024-10-08,18.300923306636026
2024-10-09,18.916859699653607
2024-10-10,19.567344123480307
2024-10-11,20.51052248809406
2024-10-14,20.188895675880207
2024-10-15,23.068212389158766
2024-10-16,22.06429799463821
2024-10-17,23.163400055876266
2024-10-18,21.96603520270207
2024-10-21,22.26126769849708
2024-10-22,23.796791420487185
2024-10-23,22.145166145800033
2024-10-24,22.53289442468526
2024-10-25,21.572879071136583
2024-10-28,21.469844127514566
2024-10-29,22.465439418215894
2024-10-30,22.021223054363247
2024-10-31,22.438312590019198
2024-11-01,22.549183365897367
2024-11-04,21.946458708640083
2024-11-05,21.749288757476307
2024-11-06,21.013674746422545
2024-11-07,19.448880737616246
2024-11-08,20.887245523988682
2024-11-11,21.642676516050997
2024-11-12,21.159246960931018
2024-11-13,20.58917370748807
2024-11-14,20.728262544897582
2024-11-15,20.577891316228985
2024-11-18,20.824742238397125
2024-11-19,20.538591956792175
2024-11-20,22.252741188616145
2024-11-21,22.992290522330087
2024-11-22,22.698317557266616
2024-11-25,22.08620757059796
2024-11-26,22.015552685262218
2024-11-27,22.693112456047494
2024-11-28,23.1203229725373
2024-11-29,22.200071276572732
2024-12-02,22.387630463305403
2024-12-03,21.51678744784874
2024-12-04,20.70330394953302
2024-12-05,22.31715409478292
2024-12-06,21.616057458387385
2024-12-09,20.2470324016538
2024-12-10,20.36609102005918
2024-12-11,21.830633711368495
2024-12-12,21.59746687960536
2024-12-13,20.606223657762467
2024-12-16,22.097586921223424
2024-12-17,21.31109582665912
2024-12-18,22.57084939026031
2024-12-19,21.906957218024747
2024-12-20,22.485980791266254
2024-12-23,21.548189504833065
2024-12-24,21.29033065414307
2024-12-25,21.208957213442094
2024-12-26,21.8301243634048
2024-12-27,21.629210910563085
2024-12-30,21.232273010845105
2024-12-31,21.858156719219476
2025-01-02,20.838474950838126
2025-01-03,21.240777538500303
2025-01-06,21.926488838808414
2025-01-07,21.511025495823407
2025-01-08,21.634670389254783
2025-01-09,21.975997298383703
2025-01-10,20.89403078410078
2025-01-13,20.655847510264785
2025-01-14,21.214536754310316
2025-01-15,21.298120718871637
2025-01-16,20.729134685667454
2025-01-17,21.968484659912647
2025-01-20,20.959100018579903
2025-01-21,22.42697026136281
2025-01-22,21.42952273082303
2025-01-23,21.66430099868497
2025-01-24,22.626282703649046
2025-01-27,22.4893436092754
2025-02-05,22.018660551876966
2025-02-06,23.242644117230153
2025-02-07,22.44351716283263
2025-02-10,23.17427380797671
2025-02-11,23.43130840458316
2025-02-12,22.917673171114007
2025-02-13,23.619492923342968
2025-02-14,23.605251316961084
2025-02-17,23.243120292206022
2025-02-18,22.83695363386654
2025-02-19,23.161062748434098
2025-02-20,23.707169787154132
2025-02-21,22.571438987551083
2025-02-24,23.263767820790864
2025-02-25,24.116001767147953
2025-02-26,23.556409668849177
2025-02-27,23.280197246199236
2025-02-28,22.771464458592895
2025-03-03,23.364136390522678
2025-03-04,23.49453788945648
2025-03-05,23.26254996394956
2025-03-06,23.79562015769072
2025-03-07,24.883615700802526
2025-03-10,24.247546143292436
2025-03-11,24.097930648030776
2025-03-12,24.1257599820055
2025-03-13,23.333328145443495
2025-03-14,20.868119563972016
2025-03-17,21.812136348640582
2025-03-18,22.041260010042905
2025-03-19,21.206244942047267
2025-03-20,21.4004057679619
2025-03-21,20.89733431162962
2025-03-24,21.712965183233745
2025-03-25,21.902500647046978
2025-03-26,21.068033663653726
2025-03-27,21.08955314140154
2025-03-28,21.553033194746394
2025-03-31,21.539538510756962
2025-04-01,20.972532492718848
2025-04-02,20.9959645315909
2025-04-03,20.572298039963112
2025-04-07,19.250756890264057
2025-04-08,20.70278534404433
2025-04-09,19.647074904836277
2025-04-10,19.888745517300084
2025-04-11,20.726000151195407
2025-04-14,20.772486107849943
2025-04-15,20.333941234137086
2025-04-16,20.11120901798853
2025-04-17,20.666265805667685
2025-04-18,20.09367088157023
2025-04-21,21.311888866378077
2025-04-22,22.011441762299718
2025-04-23,21.72816999822415
2025-04-24,20.885368847150033
2025-04-25,20.650594286985655
2025-04-28,20.611194555833936
2025-04-29,21.062157477164146
2025-04-30,20.263230949944507
2025-05-06,20.789253423987336
2025-05-07,19.701534036533385
2025-05-08,19.877453170310176
2025-05-09,19.86357807839638
2025-05-12,19.711740162211093
2025-05-13,19.868682638844128
2025-05-14,18.705941896969254
2025-05-15,18.89315950285828
2025-05-16,18.339531946764186
2025-05-19,19.12737173788803
2025-05-20,19.20262900206058
2025-05-21,19.30372311873224
2025-05-22,19.374629925859196
2025-05-23,19.010071864977238
2025-05-26,18.56375835967531
2025-05-27,18.90456446084147
2025-05-28,18.5450850728521
2025-05-29,19.16714019753498
2025-05-30,19.58682488793736
2025-06-03,20.13151208864052
2025-06-04,19.707613140159232
2025-06-05,20.747640389500525
2025-06-06,20.417930917052864
2025-06-09,19.48607678106914
2025-06-10,19.099564121297703
2025-06-11,18.93802037150655
2025-06-12,19.24056582744054
2025-06-13,19.878325007883184
2025-06-16,20.35054688386587
2025-06-17,21.08688634648498
2025-06-18,20.99125802245705
2025-06-19,21.143668566434336
2025-06-20,20.74963614128833
2025-06-23,20.925136799676057
2025-06-24,20.970026922548808
2025-06-25,20.432838048374848
2025-06-26,21.17678097894807
2025-06-27,20.972074004913765
2025-06-30,22.158146763061964
2025-07-01,22.338491288590877
2025-07-02,21.111818985249535
2025-07-03,20.284311312573735
2025-07-04,20.946912751176864
2025-07-07,21.582734855644958
2025-07-08,20.806607778057522
2025-07-09,19.850189836373243
2025-07-10,19.58502255513097
2025-07-11,20.27317841705217
2025-07-14,20.43574394146337
2025-07-15,21.246291054872756
2025-07-16,20.939703289701683
2025-07-17,20.89271730002312
2025-07-18,20.725120752660672
2025-07-21,20.83842154415178
2025-07-22,20.52815853065286
2025-07-23,19.92920127164395
2025-07-24,19.980226658652438
2025-07-25,20.002722042491243
2025-07-28,20.359303076007624
2025-07-29,20.975327525747012
2025-07-30,20.987710574701456
2025-07-31,20.481791700987284
2025-08-01,21.549138145538073
2025-08-04,21.706908318886292
2025-08-05,21.572829831701377
2025-08-06,22.683412267977577
2025-08-07,22.208679207878728
2025-08-08,21.974541352957548
2025-08-11,21.685476095071614
2025-08-12,21.51587240895843
2025-08-13,21.67511142442349
2025-08-14,22.269793856090676
2025-08-15,21.669318095962765
2025-08-18,21.603385535132734
2025-08-19,21.160501463485048
2025-08-20,21.13700177327464
2025-08-21,20.993376943354935
2025-08-22,20.4652313475637
2025-08-25,20.803344141584777
2025-08-26,21.157891749089337
2025-08-27,21.039045442694334
2025-08-28,21.050809670543053
2025-08-29,19.96534448877376
2025-09-01,20.325423336130093
2025-09-02,20.55039579117902
2025-09-03,20.3143453286665
2025-09-04,18.923908554994632
2025-09-05,19.53886513024234
2025-09-08,20.118294832685585
2025-09-09,20.070291466908582
2025-09-10,19.766177145547147
2025-09-11,19.728882154047234
2025-09-12,19.967275893463103
2025-09-15,20.628204958052983
2025-09-16,20.05579241506933
2025-09-17,20.529001496853876
2025-09-18,20.653502358414823
2025-09-19,20.566972101395315
2025-09-22,20.5611734252645
2025-09-23,20.01053545583949
2025-09-24,21.063703503684533
2025-09-25,19.43100228873254
2025-09-26,20.16812953055543
2025-09-29,19.2611210258398
2025-09-30,20.145168421831716
2025-10-09,19.855404595750883
2025-10-10,19.16636404408851
2025-10-13,19.837695381833136
2025-10-14,19.51371033018184
2025-10-15,19.316881539152554
2025-10-16,19.20790650311099
2025-10-17,19.641521123563663
2025-10-20,18.754425457739845
2025-10-21,18.39489289559466
2025-10-22,19.652713666543946
2025-10-23,19.785213315113968
2025-10-24,19.957306893353817
2025-10-27,19.44208116893637
2025-10-28,19.9055440298578
2025-10-29,19.171725621782777
2025-10-30,19.417614503839786
2025-10-31,20.239393507625948
2025-11-03,20.273899086046853
2025-11-04,19.690460340112953
2025-11-05,19.70880192673751
2025-11-06,19.51771310331742
2025-11-07,20.770716973999708
2025-11-10,19.768646937372477
2025-11-11,20.103787231268512
2025-11-12,19.873773683757275
2025-11-13,20.361153239867555
2025-11-14,20.515891075178104
2025-11-17,20.272189377042903
2025-11-18,21.483781104785376
2025-11-19,21.069591830405965
2025-11-20,20.70734802300733
2025-11-21,20.60254214444749
2025-11-24,21.202250448742532
2025-11-25,22.13234476748799
2025-11-26,20.975180067032205
2025-11-27,21.218187315252287
2025-11-28,21.416951229629312
2025-12-01,20.763738472120085
2025-12-02,19.923192405982448
2025-12-03,19.900403960999476
2025-12-04,19.934858692934206
2025-12-05,20.28839685525435
2025-12-08,20.39736585778489
2025-12-09,20.457580764288913
2025-12-10,20.10707644441557
2025-12-11,20.25877523478604
2025-12-12,19.95174527159726
2025-12-15,20.767652478021844
2025-12-16,20.686668041661154
2025-12-17,19.966789800330982
2025-12-18,20.812464941540092
2025-12-19,20.720348335195794
2025-12-22,20.252217512066267
2025-12-23,20.67175490384198
2025-12-24,21.414563462798977
2025-12-25,22.347613676280517
2025-12-26,21.716786828404956
2025-12-29,21.63768911870921
2025-12-30,21.65243020268468
2025-12-31,21.331911293714782
2026-01-05,21.121160519400853
2026-01-06,20.506994110399972
2026-01-07,21.4437919994418
2026-01-08,21.419827825618153
2026-01-09,22.374383101686224
2026-01-12,22.7065102578314
2026-01-13,22.295056022285216
2026-01-14,22.179879369567775
2026-01-15,21.734254960204087
2026-01-16,20.723236023783713
2026-01-19,21.28952281934672
2026-01-20,20.648660766278294
2026-01-21,21.52344270619391
2026-01-22,21.050093959050525
2026-01-23,21.8705605053232
2026-01-26,21.434250263636855
2026-01-27,21.571737298468
2026-01-28,20.965774719132046
2026-01-29,20.793174461836188
2026-01-30,20.84768020912759
2026-02-02,19.141161994909922
2026-02-03,20.49255082362125
2026-02-04,20.62169191495962
2026-02-05,20.09610131845643
2026-02-06,20.549822880405287
2026-02-09,21.25635325877469
2026-02-10,22.358012577250484
2026-02-11,21.891850679617352
2026-02-12,21.652460048448553
2026-02-13,21.957836806946716
2026-02-24,21.166888957329267
2026-02-25,21.48987523476388
