date,000852.SH_对_8841431.WI_相对强弱
2014-10-17,0.2410180386487536
2014-10-20,0.24162262209485716
2014-10-21,0.24091297331240002
2014-10-22,0.24082464903376616
2014-10-23,0.2417915804093813
2014-10-24,0.24123762043203348
2014-10-27,0.24149228325513197
2014-10-28,0.24099829715711035
2014-10-29,0.2409818924841448
2014-10-30,0.24039325972608208
2014-10-31,0.23879423620427329
2014-11-03,0.23816744232707854
2014-11-04,0.23694948492383403
2014-11-05,0.23655248247295602
2014-11-06,0.2365917407874538
2014-11-07,0.2361766029404852
2014-11-10,0.23610447460435463
2014-11-11,0.23540346473804225
2014-11-12,0.23540326462615666
2014-11-13,0.2352996414421648
2014-11-14,0.23527070125256005
2014-11-17,0.2353315291167015
2014-11-18,0.23495949109292216
2014-11-19,0.23490277779131558
2014-11-20,0.23438431649362773
2014-11-21,0.23395710395422706
2014-11-24,0.23429444848872574
2014-11-25,0.23507214185867015
2014-11-26,0.2351073871917919
2014-11-27,0.2344667206267953
2014-11-28,0.23450742634048335
2014-12-01,0.23350112232211379
2014-12-02,0.2333973000841694
2014-12-03,0.23441290280181876
2014-12-04,0.23593557563264864
2014-12-05,0.2384798228551102
2014-12-08,0.24065643973510525
2014-12-09,0.24023571627081194
2014-12-10,0.24125986104745237
2014-12-11,0.2414154601647679
2014-12-12,0.24146625831855703
2014-12-15,0.2421127137482707
2014-12-16,0.24256311517477322
2014-12-17,0.24332241597811002
2014-12-18,0.2441141199224501
2014-12-19,0.24458659281086206
2014-12-22,0.24615748507727694
2014-12-23,0.24305310250800874
2014-12-24,0.24188641090813243
2014-12-25,0.24229246886423098
2014-12-26,0.24249227326069647
2014-12-29,0.2418954176334799
2014-12-30,0.24043995496574608
2014-12-31,0.23981113313652852
2015-01-05,0.2391071032767486
2015-01-06,0.2391569013194741
2015-01-07,0.2395482833477326
2015-01-08,0.23904048766483715
2015-01-09,0.2393397772057242
2015-01-12,0.2407524192046269
2015-01-13,0.2409087943288138
2015-01-14,0.24055775667412996
2015-01-15,0.24017309556023303
2015-01-16,0.24050016417632156
2015-01-19,0.2386219594681329
2015-01-20,0.23930062624961326
2015-01-21,0.23911684327200394
2015-01-22,0.23927374772374094
2015-01-23,0.23826162358364736
2015-01-26,0.23943538595140337
2015-01-27,0.23946195895948091
2015-01-28,0.23838361710713413
2015-01-29,0.2376734600590285
2015-01-30,0.2367341931379294
2015-02-02,0.23622351039837278
2015-02-03,0.2371413419521077
2015-02-04,0.23726358836681086
2015-02-05,0.23819702211356458
2015-02-06,0.23734560837538432
2015-02-09,0.23698892388241594
2015-02-10,0.23806538398904475
2015-02-11,0.2386057411625331
2015-02-12,0.23808330941750558
2015-02-13,0.23848238990631845
2015-02-16,0.23975726034330255
2015-02-17,0.24089569559359458
2015-02-25,0.23966091842770895
2015-02-26,0.2391114582875153
2015-02-27,0.23971064115684332
2015-03-02,0.24111288147369214
2015-03-03,0.240457282872209
2015-03-04,0.2402420386427692
2015-03-05,0.23939338114991837
2015-03-06,0.2375414760660148
2015-03-09,0.23855688163038058
2015-03-10,0.2389229369269934
2015-03-11,0.2377870611963106
2015-03-12,0.23701033800958937
2015-03-13,0.23826415165968975
2015-03-16,0.23987664975874476
2015-03-17,0.23928461911427837
2015-03-18,0.23973394319395505
2015-03-19,0.23915751323157214
2015-03-20,0.23969072432285904
2015-03-23,0.24202634874667814
2015-03-24,0.2449968628757706
2015-03-25,0.24486988581890226
2015-03-26,0.24083930770324496
2015-03-27,0.239992909011299
2015-03-30,0.23876194776715384
2015-03-31,0.2395612456378627
2015-04-01,0.24054607333185696
2015-04-02,0.24137050714978686
2015-04-03,0.24034462913504887
2015-04-07,0.24016559993922063
2015-04-08,0.23811842607663744
2015-04-09,0.23740791238339157
2015-04-10,0.2373719362045853
2015-04-13,0.2372123954742875
2015-04-14,0.23693555073818567
2015-04-15,0.23413303675993963
2015-04-16,0.23482683763779122
2015-04-17,0.2345922560378347
2015-04-20,0.2337063331029412
2015-04-21,0.234601689155515
2015-04-22,0.2353900698854445
2015-04-23,0.23495670976093935
2015-04-24,0.23393727753086926
2015-04-27,0.23271988736365684
2015-04-28,0.2307897623830001
2015-04-29,0.23116094079296462
2015-04-30,0.23170369929879728
2015-05-04,0.23076483192971892
2015-05-05,0.2289788379724223
2015-05-06,0.23015762567129983
2015-05-07,0.23047054121317906
2015-05-08,0.23198895894422364
2015-05-11,0.233334347834893
2015-05-12,0.23430466552063048
2015-05-13,0.2323937566233019
2015-05-14,0.2290928283032737
2015-05-15,0.22813161726011963
2015-05-18,0.22790960015788608
2015-05-19,0.22875174764226983
2015-05-20,0.2304086387189081
2015-05-21,0.2318903909438499
2015-05-22,0.22939953470440907
2015-05-25,0.22708045483365863
2015-05-26,0.2277547859608386
2015-05-27,0.22580760693144492
2015-05-28,0.22100137520062002
2015-05-29,0.2220710345971855
2015-06-01,0.22319428548735173
2015-06-02,0.2232176693382697
2015-06-03,0.22163689706009895
2015-06-04,0.22192932680119173
2015-06-05,0.22041952322948188
2015-06-08,0.21581057144450497
2015-06-09,0.2150705335992541
2015-06-10,0.21595388512288605
2015-06-11,0.21506324281118325
2015-06-12,0.21418110888682199
2015-06-15,0.2116074954512659
2015-06-16,0.20869869317411133
2015-06-17,0.2087859096841404
2015-06-18,0.2068294119987756
2015-06-19,0.20480764693634973
2015-06-23,0.20458738601036094
2015-06-24,0.2043883421068542
2015-06-25,0.20226846585947497
2015-06-26,0.20081525726533525
2015-06-29,0.20130897593465627
2015-06-30,0.2018973256550754
2015-07-01,0.20344400855906666
2015-07-02,0.20558298003511666
2015-07-03,0.20840622304047293
2015-07-06,0.21185191575357218
2015-07-07,0.21844245507249146
2015-07-08,0.2234553415561069
2015-07-09,0.2155872868381685
2015-07-10,0.20974616761359252
2015-07-13,0.2059644967214841
2015-07-14,0.2015390958752451
2015-07-15,0.19955325748153865
2015-07-16,0.19833832880929292
2015-07-17,0.19646507537842878
2015-07-20,0.1968427559299887
2015-07-21,0.19474217028735452
2015-07-22,0.19457665217180253
2015-07-23,0.19173822552261652
2015-07-24,0.19134667739996478
2015-07-27,0.191473708534867
2015-07-28,0.19208231016087318
2015-07-29,0.1882828414990491
2015-07-30,0.18728029343999078
2015-07-31,0.184663786602774
2015-08-03,0.18414660478312347
2015-08-04,0.18196356994754448
2015-08-05,0.18023946046589304
2015-08-06,0.17860976941826942
2015-08-07,0.17785978167078917
2015-08-10,0.17772147719801568
2015-08-11,0.17667060098396362
2015-08-12,0.17601339264851784
2015-08-13,0.175909055361702
2015-08-14,0.1741561016025378
2015-08-17,0.173546340832428
2015-08-18,0.17325598506553241
2015-08-19,0.1733160342180229
2015-08-20,0.17289520577976955
2015-08-21,0.17312001391494627
2015-08-24,0.17499282844477848
2015-08-25,0.17710489491165982
2015-08-26,0.17598576630094648
2015-08-27,0.17397375882936708
2015-08-28,0.1716908379809897
2015-08-31,0.17290322601129976
2015-09-01,0.17463490314208763
2015-09-02,0.17598164712455422
2015-09-07,0.1746398373263119
2015-09-08,0.17150831871788078
2015-09-09,0.16971391064224647
2015-09-10,0.1699992720137348
2015-09-11,0.1696879490548446
2015-09-14,0.17248423218617578
2015-09-15,0.17563916627137097
2015-09-16,0.17169413489624435
2015-09-17,0.1733536470758318
2015-09-18,0.17274465022664695
2015-09-21,0.17125071608366277
2015-09-22,0.17017664603082588
2015-09-23,0.17018359348640144
2015-09-24,0.16805665066745687
2015-09-25,0.16909703438161303
2015-09-28,0.1678900005757366
2015-09-29,0.16794681599570513
2015-09-30,0.16665119775895804
2015-10-08,0.1658963089198795
2015-10-09,0.1647539326770408
2015-10-12,0.16382179813394454
2015-10-13,0.16357732426846497
2015-10-14,0.1630437904382371
2015-10-15,0.16226216991064613
2015-10-16,0.16173549501858547
2015-10-19,0.16149768210897197
2015-10-20,0.1609076943235223
2015-10-21,0.1614037414137389
2015-10-22,0.16128151021441045
2015-10-23,0.16058396390615828
2015-10-26,0.15941500711095258
2015-10-27,0.1593151331723512
2015-10-28,0.1581871034150595
2015-10-29,0.15734236748549701
2015-10-30,0.15655647790784383
2015-11-02,0.1543068920377346
2015-11-03,0.15261556959350195
2015-11-04,0.152861029474371
2015-11-05,0.1524521580261876
2015-11-06,0.15195358267997353
2015-11-09,0.1524099507620528
2015-11-10,0.15222689904617034
2015-11-11,0.15109743008171786
2015-11-12,0.1498950958040255
2015-11-13,0.14942199608708895
2015-11-16,0.14920356465819568
2015-11-17,0.14865614240605898
2015-11-18,0.14808557112664478
2015-11-19,0.14846971564121705
2015-11-20,0.1486037267918317
2015-11-23,0.14744601616714653
2015-11-24,0.14608282048586396
2015-11-25,0.14628892162828241
2015-11-26,0.14503902913780006
2015-11-27,0.14345860303760294
2015-11-30,0.14258514816360998
2015-12-01,0.1403219940857786
2015-12-02,0.13988305872867443
2015-12-03,0.1397256585915146
2015-12-04,0.1385290118371239
2015-12-07,0.13791405717145583
2015-12-08,0.13716125181042607
2015-12-09,0.13754531846639823
2015-12-10,0.13807164596405141
2015-12-11,0.13746920223258263
2015-12-14,0.1369308974186236
2015-12-15,0.137326220402111
2015-12-16,0.1368113523389584
2015-12-17,0.1367729402662508
2015-12-18,0.13346595785354678
2015-12-21,0.13271201027401056
2015-12-22,0.1323528049033792
2015-12-23,0.13092826105310623
2015-12-24,0.12981613120005658
2015-12-25,0.12887585384950265
2015-12-28,0.12904650706681914
2015-12-29,0.12850313856576567
2015-12-30,0.12868748384425913
2015-12-31,0.12834880692073106
2016-01-04,0.12721125849905782
2016-01-05,0.12736859133863154
2016-01-06,0.1270047068410729
2016-01-07,0.1265932680191863
2016-01-08,0.1263110884358454
2016-01-11,0.12705765752208853
2016-01-12,0.12710229595684555
2016-01-13,0.1272282810836307
2016-01-14,0.12712643301218346
2016-01-15,0.1279515850882187
2016-01-18,0.1274284220143791
2016-01-19,0.12674858818379778
2016-01-20,0.12563870915061598
2016-01-21,0.12529401994365927
2016-01-22,0.12475070748640758
2016-01-25,0.12393368467197745
2016-01-26,0.12448192589692349
2016-01-27,0.12501658928838508
2016-01-28,0.12510327638208746
2016-01-29,0.1245855570997611
2016-02-01,0.1239963434084693
2016-02-02,0.12357895037424893
2016-02-03,0.12325807040712808
2016-02-04,0.1226787317721208
2016-02-05,0.12220222577973591
2016-02-15,0.1222452236303289
2016-02-16,0.1220765109888009
2016-02-17,0.12215969066096659
2016-02-18,0.12178733881834122
2016-02-19,0.12164481764606327
2016-02-22,0.12108510739739102
2016-02-23,0.12073673082123994
2016-02-24,0.11997895141496283
2016-02-25,0.12048705099424807
2016-02-26,0.12031966827198769
2016-02-29,0.12111930543850609
2016-03-01,0.12066636143554367
2016-03-02,0.12022153696007092
2016-03-03,0.1198169059414932
2016-03-04,0.11978953683432936
2016-03-07,0.11885476664916605
2016-03-08,0.118278985870892
2016-03-09,0.11829253697061118
2016-03-10,0.11836250095452434
2016-03-11,0.11769828428533659
2016-03-14,0.11750122563293308
2016-03-15,0.11701847264492456
2016-03-16,0.11580929280036598
2016-03-17,0.11603134729857013
2016-03-18,0.11637392838509618
2016-03-21,0.1167360920248382
2016-03-22,0.11638405892303329
2016-03-23,0.11651705482139879
2016-03-24,0.11647560489380371
2016-03-25,0.11597850472338603
2016-03-28,0.11554491359235673
2016-03-29,0.11545993802265839
2016-03-30,0.115574836025698
2016-03-31,0.11468315185350757
2016-04-01,0.11388207560583793
2016-04-05,0.11383411598451039
2016-04-06,0.11352582168076765
2016-04-07,0.11306390192158314
2016-04-08,0.11244926864811003
2016-04-11,0.11229567868695958
2016-04-12,0.11163546362489594
2016-04-13,0.11181849133271299
2016-04-14,0.1110218525609852
2016-04-15,0.10998280688916875
2016-04-18,0.10945677942916088
2016-04-19,0.10927587904873716
2016-04-20,0.10836894994134867
2016-04-21,0.1078205416800545
2016-04-22,0.1077262915733491
2016-04-25,0.10726375830335293
2016-04-26,0.10696968937159976
2016-04-27,0.10645465413654369
2016-04-28,0.1063082546775638
2016-04-29,0.10606293705239977
2016-05-03,0.1066800833337265
2016-05-04,0.10657101887136408
2016-05-05,0.10665377225930024
2016-05-06,0.10692083856691262
2016-05-09,0.10761284758793127
2016-05-10,0.10764066094512273
2016-05-11,0.10785712090971365
2016-05-12,0.10893522629045611
2016-05-13,0.1089204043187404
2016-05-16,0.10835708427671745
2016-05-17,0.1083552192493239
2016-05-18,0.10900104817591022
2016-05-19,0.10904210546148613
2016-05-20,0.10893621736638295
2016-05-23,0.108665149377474
2016-05-24,0.1080069987311496
2016-05-25,0.10769519852065247
2016-05-26,0.10765967890651632
2016-05-27,0.10719618807311417
2016-05-30,0.10669340571899914
2016-05-31,0.10690949716485994
2016-06-01,0.10698009540398626
2016-06-02,0.10710030802283492
2016-06-03,0.10690510922392507
2016-06-06,0.10675913885023221
2016-06-07,0.10650527937404894
2016-06-08,0.10643578436707128
2016-06-13,0.10626590037611611
2016-06-14,0.10618380810344427
2016-06-15,0.1066332224798826
2016-06-16,0.10662652881905606
2016-06-17,0.10628920758676667
2016-06-20,0.10676542345508115
2016-06-21,0.10656144766611778
2016-06-22,0.10662626205353475
2016-06-23,0.10669317896724552
2016-06-24,0.10671686790786435
2016-06-27,0.10703273371921311
2016-06-28,0.10680536892479339
2016-06-29,0.10660431530427297
2016-06-30,0.10627690309511305
2016-07-01,0.10598497149125553
2016-07-04,0.10603802879333947
2016-07-05,0.10568600526525374
2016-07-06,0.10536241929620928
2016-07-07,0.10516495754539475
2016-07-08,0.10489488953593257
2016-07-11,0.10468134343889256
2016-07-12,0.1047501222304349
2016-07-13,0.105076410352708
2016-07-14,0.10507927446677608
2016-07-15,0.10469230506813088
2016-07-18,0.10456051898927371
2016-07-19,0.10463553659848959
2016-07-20,0.10403319756188215
2016-07-21,0.10390729018061094
2016-07-22,0.1039287333519979
2016-07-25,0.10354036592761948
2016-07-26,0.1034304100277709
2016-07-27,0.10330823976227728
2016-07-28,0.10303912383656945
2016-07-29,0.10283633340182807
2016-08-01,0.10281810367193078
2016-08-02,0.10272448934807843
2016-08-03,0.10241257167165546
2016-08-04,0.10253897761592182
2016-08-05,0.10239196726577932
2016-08-08,0.10257943295334492
2016-08-09,0.10262693021033209
2016-08-10,0.10250336338599089
2016-08-11,0.10233526509076765
2016-08-12,0.1022573443898014
2016-08-15,0.10259082915678312
2016-08-16,0.1025312744551291
2016-08-17,0.10250358304283626
2016-08-18,0.10211946731493489
2016-08-19,0.10216451893075018
2016-08-22,0.10166663064058115
2016-08-23,0.10133278481357638
2016-08-24,0.10103539766448255
2016-08-25,0.10069548532572813
2016-08-26,0.10026706797953458
2016-08-29,0.09968336008792572
2016-08-30,0.09959915819755193
2016-08-31,0.09944457038377101
2016-09-01,0.09898604074466698
2016-09-02,0.09844241586171758
2016-09-05,0.09825038290400341
2016-09-06,0.09839502567926679
2016-09-07,0.097914153751339
2016-09-08,0.09734675851013937
2016-09-09,0.09700526528423799
2016-09-12,0.09691239807550549
2016-09-13,0.09637503998287117
2016-09-14,0.09582064526285862
2016-09-19,0.09545355101631617
2016-09-20,0.09512498284500374
2016-09-21,0.09492926666241747
2016-09-22,0.09475161154033614
2016-09-23,0.09421248552132078
2016-09-26,0.09426949239600763
2016-09-27,0.09421060533431559
2016-09-28,0.09402269800243415
2016-09-29,0.0935038520146009
2016-09-30,0.09328843507918504
2016-10-10,0.09330755449547681
2016-10-11,0.09293768532749405
2016-10-12,0.09267049529036893
2016-10-13,0.09243598082275062
2016-10-14,0.09244513472045177
2016-10-17,0.09260597508167609
2016-10-18,0.09253392005267823
2016-10-19,0.09206877026173374
2016-10-20,0.09214884065061411
2016-10-21,0.092024325035522
2016-10-24,0.09185722055601526
2016-10-25,0.09161987804287715
2016-10-26,0.0912995294435944
2016-10-27,0.09107925863837561
2016-10-28,0.09134294735071112
2016-10-31,0.09121039719910008
2016-11-01,0.09079556982698661
2016-11-02,0.09031640916232898
2016-11-03,0.0899348376075496
2016-11-04,0.08946152477811935
2016-11-07,0.089007122736795
2016-11-08,0.08871063127536215
2016-11-09,0.08855318433559722
2016-11-10,0.08799967952222275
2016-11-11,0.08767545291597195
2016-11-14,0.08750557860695982
2016-11-15,0.08734257048856903
2016-11-16,0.08723452389675793
2016-11-17,0.08700907979989707
2016-11-18,0.08677683101349051
2016-11-21,0.0863495427283615
2016-11-22,0.08604725957025056
2016-11-23,0.08587201022514031
2016-11-24,0.08590579422206104
2016-11-25,0.08622616839155622
2016-11-28,0.08639702925219601
2016-11-29,0.08701736839266966
2016-11-30,0.08727383638326436
2016-12-01,0.08710129642772181
2016-12-02,0.08745674788399628
2016-12-05,0.08735571626065293
2016-12-06,0.08702225827177809
2016-12-07,0.08667497277819858
2016-12-08,0.08660137542226808
2016-12-09,0.0863922308350737
2016-12-12,0.08686632347400908
2016-12-13,0.08669805376795865
2016-12-14,0.08630494833889776
2016-12-15,0.08598789858346505
2016-12-16,0.08534415008890936
2016-12-19,0.08493353017575292
2016-12-20,0.08446867471237168
2016-12-21,0.08418910207241077
2016-12-22,0.08406782413261177
2016-12-23,0.0842692834034752
2016-12-26,0.08401933854868117
2016-12-27,0.08326992266883845
2016-12-28,0.0830291389438833
2016-12-29,0.08275661226676194
2016-12-30,0.08267930661500611
2017-01-03,0.08226933473678263
2017-01-04,0.08248045718049399
2017-01-05,0.0822660969344255
2017-01-06,0.08264172028303443
2017-01-09,0.08283415752625474
2017-01-10,0.08247281157795121
2017-01-11,0.08296106119425921
2017-01-12,0.08291344278358469
2017-01-13,0.08323831707113621
2017-01-16,0.08452060625032418
2017-01-17,0.08424411808895643
2017-01-18,0.08474408762208366
2017-01-19,0.08478670891227764
2017-01-20,0.08432323550007069
2017-01-23,0.08402517527321221
2017-01-24,0.08403086059558246
2017-01-25,0.08386720615193498
2017-01-26,0.083770684333828
2017-02-03,0.08389775329546069
2017-02-06,0.0832754908682777
2017-02-07,0.08308173923541469
2017-02-08,0.08278446311510881
2017-02-09,0.08262677573710878
2017-02-10,0.08269015252909692
2017-02-13,0.08236869597543146
2017-02-14,0.08237644164252764
2017-02-15,0.08207598848519167
2017-02-16,0.08220774886850203
2017-02-17,0.08242507470499671
2017-02-20,0.08309979696855051
2017-02-21,0.08274802942086588
2017-02-22,0.08267354262569111
2017-02-23,0.08256721841726226
2017-02-24,0.08216305517434827
2017-02-27,0.08197049022999262
2017-02-28,0.08184688769668833
2017-03-01,0.0818242591314938
2017-03-02,0.08178127025335251
2017-03-03,0.0819220171352497
2017-03-06,0.08157849080198859
2017-03-07,0.08121142779517272
2017-03-08,0.08111175612250313
2017-03-09,0.08113753470669495
2017-03-10,0.08120725662026643
2017-03-13,0.08120800296143717
2017-03-14,0.08105617867904094
2017-03-15,0.08101157903161904
2017-03-16,0.08080009926619694
2017-03-17,0.08070824618038207
2017-03-20,0.08044965209856879
2017-03-21,0.08024878759081334
2017-03-22,0.08035693496770022
2017-03-23,0.08043400465532573
2017-03-24,0.08040364951179964
2017-03-27,0.08050517931214349
2017-03-28,0.080387035049852
2017-03-29,0.08122495253227241
2017-03-30,0.08220968035710742
2017-03-31,0.08255015179775259
2017-04-05,0.0824811120793409
2017-04-06,0.08219741142541155
2017-04-07,0.08260311547807168
2017-04-10,0.08401159764498414
2017-04-11,0.08380087106102886
2017-04-12,0.08414900642917764
2017-04-13,0.08414383082710843
2017-04-14,0.08432357518561184
2017-04-17,0.08600071561107163
2017-04-18,0.0866024177149258
2017-04-19,0.08623013966817913
2017-04-20,0.08684338046413372
2017-04-21,0.08669079749414901
2017-04-24,0.08742441222334676
2017-04-25,0.08707967096716035
2017-04-26,0.08673098341311573
2017-04-27,0.0858312769173047
2017-04-28,0.0853960028412679
2017-05-02,0.08520326552599651
2017-05-03,0.08485821323661522
2017-05-04,0.0850481367223515
2017-05-05,0.0854188120703727
2017-05-08,0.0858582721087324
2017-05-09,0.08532030345349521
2017-05-10,0.08515844636253372
2017-05-11,0.08495839299422268
2017-05-12,0.08503585939251428
2017-05-15,0.08496085748821855
2017-05-16,0.08441990567744173
2017-05-17,0.08394721238184254
2017-05-18,0.08371945121459132
2017-05-19,0.08402910084129772
2017-05-22,0.0857120275529759
2017-05-23,0.08679259259703281
2017-05-24,0.0864793173100932
2017-05-25,0.08683430863890228
2017-05-26,0.08635875158575598
2017-05-31,0.08623067541277786
2017-06-01,0.08790560500729726
2017-06-02,0.08706998016931913
2017-06-05,0.0868273788981705
2017-06-06,0.08671912478149366
2017-06-07,0.08575851633017581
2017-06-08,0.0858174275006362
2017-06-09,0.08562417942707437
2017-06-12,0.0872477126112699
2017-06-13,0.08618467774628168
2017-06-14,0.08590865610367983
2017-06-15,0.08523606632231248
2017-06-16,0.08538750630717697
2017-06-19,0.08537690278533962
2017-06-20,0.08556658911521042
2017-06-21,0.0855293075004406
2017-06-22,0.08617287413614971
2017-06-23,0.08618153698149723
2017-06-26,0.08617378097082246
2017-06-27,0.08621088760512054
2017-06-28,0.08668817542227762
2017-06-29,0.08662206753945513
2017-06-30,0.0860995154683725
2017-07-03,0.0860600032916318
2017-07-04,0.08600293149507034
2017-07-05,0.08569956564834189
2017-07-06,0.08542360393925814
2017-07-07,0.08478554968807453
2017-07-10,0.08582323297133043
2017-07-11,0.08617751256175156
2017-07-12,0.08597207163945061
2017-07-13,0.08654875184013089
2017-07-14,0.08689236365830985
2017-07-17,0.08941917027421772
2017-07-18,0.0897472597193596
2017-07-19,0.09042108879755642
2017-07-20,0.09086888809893676
2017-07-21,0.09149183772943943
2017-07-24,0.09139289471075304
2017-07-25,0.09111711140900962
2017-07-26,0.09164492033790983
2017-07-27,0.09016812964573898
2017-07-28,0.09099056821569722
2017-07-31,0.09156693516747234
2017-08-01,0.09154898441954165
2017-08-02,0.09222657968398554
2017-08-03,0.09152527765522703
2017-08-04,0.09182880974828589
2017-08-07,0.09192044832389984
2017-08-08,0.09197178631966077
2017-08-09,0.09227725423647547
2017-08-10,0.0928717688801491
2017-08-11,0.09246824180437253
2017-08-14,0.09240649565420903
2017-08-15,0.0919033090864547
2017-08-16,0.0908333527556319
2017-08-17,0.09106836695318571
2017-08-18,0.09116004789044645
2017-08-21,0.09038562994224965
2017-08-22,0.09037044477667419
2017-08-23,0.0893697346050004
2017-08-24,0.08933891013859971
2017-08-25,0.08837718326954884
2017-08-28,0.08721661416656043
2017-08-29,0.08678254017057926
2017-08-30,0.08740704116815222
2017-08-31,0.08604204100648145
2017-09-01,0.08642349513141799
2017-09-04,0.08698320776657527
2017-09-05,0.08663844456791991
2017-09-06,0.08709175510346773
2017-09-07,0.08659839587773441
2017-09-08,0.08657332794752738
2017-09-11,0.08625201010375132
2017-09-12,0.08718031429552063
2017-09-13,0.08683713189703361
2017-09-14,0.08687700405250447
2017-09-15,0.08707710304056118
2017-09-18,0.08725046815201616
2017-09-19,0.08669436693429172
2017-09-20,0.08638939138910057
2017-09-21,0.0859489584624284
2017-09-22,0.08511769635564646
2017-09-25,0.0846230509575357
2017-09-26,0.08602780652946007
2017-09-27,0.08573994592167085
2017-09-28,0.08576590260375828
2017-09-29,0.08566027343815667
2017-10-09,0.08567778220098805
2017-10-10,0.08459582578954555
2017-10-11,0.08461035613549286
2017-10-12,0.08434616637696438
2017-10-13,0.08375834728789347
2017-10-16,0.08469746717913426
2017-10-17,0.08403904392565244
2017-10-18,0.08444806368578703
2017-10-19,0.08474000412396139
2017-10-20,0.08455811691741416
2017-10-23,0.08420019575472877
2017-10-24,0.08448684883129298
2017-10-25,0.0838455257766335
2017-10-26,0.08366703572235286
2017-10-27,0.08357137600034406
2017-10-30,0.08467947167019058
2017-10-31,0.08424017459561049
2017-11-01,0.084003616396601
2017-11-02,0.0842023385819479
2017-11-03,0.08409240209090389
2017-11-06,0.0837462025282392
2017-11-07,0.08404487095868007
2017-11-08,0.08364359241185627
2017-11-09,0.08353114656357331
2017-11-10,0.08345639289762692
2017-11-13,0.08372867090577542
2017-11-14,0.08387020416692664
2017-11-15,0.0835233787754998
2017-11-16,0.08422956491485438
2017-11-17,0.08608634182901069
2017-11-20,0.08638797938148804
2017-11-21,0.08695743091891313
2017-11-22,0.08724808333126802
2017-11-23,0.08712868431138984
2017-11-24,0.08720923070482231
2017-11-27,0.0873679751426971
2017-11-28,0.08722178711444369
2017-11-29,0.08775163472670518
2017-11-30,0.08717820595456272
2017-12-01,0.08703644753295994
2017-12-04,0.08893942497963568
2017-12-05,0.08990807835047207
2017-12-06,0.08924429403292031
2017-12-07,0.08907797749780146
2017-12-08,0.08833351123794174
2017-12-11,0.08861773796617925
2017-12-12,0.08947857873426843
2017-12-13,0.08902487496717701
2017-12-14,0.08883178789641205
2017-12-15,0.08843101203175367
2017-12-18,0.08866163939928155
2017-12-19,0.08829701795865981
2017-12-20,0.08869177025356234
2017-12-21,0.08906184744389266
2017-12-22,0.0890317888423315
2017-12-25,0.08902211357102204
2017-12-26,0.08757689663435118
2017-12-27,0.08726276618151439
2017-12-28,0.0868642322660056
2017-12-29,0.08686045481868439
2018-01-02,0.08712280086934815
2018-01-03,0.08730891656399489
2018-01-04,0.08747413025837997
2018-01-05,0.08741024689005497
2018-01-08,0.08766891823577401
2018-01-09,0.08738045610909162
2018-01-10,0.08815450061035868
2018-01-11,0.08751152084692303
2018-01-12,0.08717330820290918
2018-01-15,0.08732256347500666
2018-01-16,0.08669284215284204
2018-01-17,0.08589054476898744
2018-01-18,0.08575566998316202
2018-01-19,0.08570568235572028
2018-01-22,0.08659365351352664
2018-01-23,0.08631691280382335
2018-01-24,0.08624628574788891
2018-01-25,0.08639777493989369
2018-01-26,0.08691252546220563
2018-01-29,0.08693679251559763
2018-01-30,0.08659712332145252
2018-01-31,0.08783360832548154
2018-02-01,0.0888513391625553
2018-02-02,0.09035083643464036
2018-02-05,0.09111479156722642
2018-02-06,0.09325275010243214
2018-02-07,0.09218843456554139
2018-02-08,0.09168794492432278
2018-02-09,0.09170793814252695
2018-02-12,0.09122653127817397
2018-02-13,0.09179077963803181
2018-02-14,0.09197253227105327
2018-02-22,0.09212168212388264
2018-02-23,0.0917662235393499
2018-02-26,0.0910780375553397
2018-02-27,0.09077699538052364
2018-02-28,0.09146645176901534
2018-03-01,0.09110551372426223
2018-03-02,0.09121736777175667
2018-03-05,0.09082095887606655
2018-03-06,0.09060599556377538
2018-03-07,0.0900975877928731
2018-03-08,0.08890772967694814
2018-03-09,0.08848239076061101
2018-03-12,0.08846643453017665
2018-03-13,0.08822556679045793
2018-03-14,0.08816856314718323
2018-03-15,0.08966116759149763
2018-03-16,0.0888707491571227
2018-03-19,0.08798912386826523
2018-03-20,0.08685739328314733
2018-03-21,0.0860901745331205
2018-03-22,0.0850445038621354
2018-03-23,0.08610150908657481
2018-03-26,0.08643905045554186
2018-03-27,0.08577243971503236
2018-03-28,0.0848112531706177
2018-03-29,0.08396121642446937
2018-03-30,0.08396130339447407
2018-04-02,0.0839495122792635
2018-04-03,0.08344367497395333
2018-04-04,0.08261838006304571
2018-04-09,0.08219232628340248
2018-04-10,0.08234389642653805
2018-04-11,0.08156062384567164
2018-04-12,0.08131781369229982
2018-04-13,0.08161501395446318
2018-04-16,0.08295073427328023
2018-04-17,0.08327856955395906
2018-04-18,0.08356624717722369
2018-04-19,0.08367885087459631
2018-04-20,0.08453036665327426
2018-04-23,0.08395499394293043
2018-04-24,0.08336594593632168
2018-04-25,0.08287485953300537
2018-04-26,0.08318125721261899
2018-04-27,0.08317398793396028
2018-05-02,0.08365389962384934
2018-05-03,0.08306295664787632
2018-05-04,0.08256333329693935
2018-05-07,0.08225077282515061
2018-05-08,0.08153213922404788
2018-05-09,0.0807957957678975
2018-05-10,0.08016694530869324
2018-05-11,0.08077339041137359
2018-05-14,0.0808780722758061
2018-05-15,0.08031183160998921
2018-05-16,0.08033527955752257
2018-05-17,0.07958280316858572
2018-05-18,0.07947261827561392
2018-05-21,0.07923353000402518
2018-05-22,0.07891519673816483
2018-05-23,0.0788736065438446
2018-05-24,0.07839275915468914
2018-05-25,0.07760490503880453
2018-05-28,0.07774686950162747
2018-05-29,0.07758480063195047
2018-05-30,0.07931680688093073
2018-05-31,0.07866802677881328
2018-06-01,0.0783434094952193
2018-06-04,0.07813891280982235
2018-06-05,0.07806332025307018
2018-06-06,0.07774296672344057
2018-06-07,0.07822731950818941
2018-06-08,0.07833856749194106
2018-06-11,0.07801358276257282
2018-06-12,0.07805923283475931
2018-06-13,0.07846016376455944
2018-06-14,0.07814946285765162
2018-06-15,0.07904623462392696
2018-06-19,0.08041272983839466
2018-06-20,0.08058655199910117
2018-06-21,0.08164694173175001
2018-06-22,0.08138125382211626
2018-06-25,0.08071678800900949
2018-06-26,0.07993334397900703
2018-06-27,0.0793861434006823
2018-06-28,0.078949280037948
2018-06-29,0.07896906164402329
2018-07-02,0.07891694347021004
2018-07-03,0.07823260309206001
2018-07-04,0.07829598510787816
2018-07-05,0.07822046863322675
2018-07-06,0.07784154319766652
2018-07-09,0.0778213980100502
2018-07-10,0.07755244903999224
2018-07-11,0.07781091537422159
2018-07-12,0.07779504903102787
2018-07-13,0.07766795156585418
2018-07-16,0.07776984410321332
2018-07-17,0.07730750879916214
2018-07-18,0.07690587362814588
2018-07-19,0.07717615370999882
2018-07-20,0.07696918764712597
2018-07-23,0.07692411402604642
2018-07-24,0.07671447042849303
2018-07-25,0.07653948304389345
2018-07-26,0.07566881746783102
2018-07-27,0.0755419777974959
2018-07-30,0.07592289618576278
2018-07-31,0.07522887086662514
2018-08-01,0.07516785582647038
2018-08-02,0.07593672866398421
2018-08-03,0.07566672308907745
2018-08-06,0.0756739634124559
2018-08-07,0.07559245404273243
2018-08-08,0.07541864905525726
2018-08-09,0.07533479307944829
2018-08-10,0.07526537932369909
2018-08-13,0.07549793932597886
2018-08-14,0.07500591473747087
2018-08-15,0.07483303215890352
2018-08-16,0.0746070496242695
2018-08-17,0.0748549044458923
2018-08-20,0.07485768624370288
2018-08-21,0.07498540628297368
2018-08-22,0.07509063726461011
2018-08-23,0.07492390817253679
2018-08-24,0.07489279375616022
2018-08-27,0.07520277457878867
2018-08-28,0.07505639897111734
2018-08-29,0.07503548626035737
2018-08-30,0.0750221708383132
2018-08-31,0.07498196795364831
2018-09-03,0.07516159235293367
2018-09-04,0.07487129679549032
2018-09-05,0.07426298758385468
2018-09-06,0.07403271314682709
2018-09-07,0.07377841931563006
2018-09-10,0.07392503764589885
2018-09-11,0.0733230579636533
2018-09-12,0.07303063482991087
2018-09-13,0.07281933034878976
2018-09-14,0.0727670160350093
2018-09-17,0.07284760220877554
2018-09-18,0.07274280794644922
2018-09-19,0.07267456357681006
2018-09-20,0.072363954893233
2018-09-21,0.07247568122813583
2018-09-25,0.0723956691803665
2018-09-26,0.07247676513885906
2018-09-27,0.0731613443191306
2018-09-28,0.07303473466380173
2018-10-08,0.07327251073929344
2018-10-09,0.07272025322636001
2018-10-10,0.07175837762223299
2018-10-11,0.07261277882522944
2018-10-12,0.07294507042686042
2018-10-15,0.07227467648507832
2018-10-16,0.07186247417527218
2018-10-17,0.07128280389040212
2018-10-18,0.07080674315530233
2018-10-19,0.07086861238660304
2018-10-22,0.07054405958390839
2018-10-23,0.06944448752622578
2018-10-24,0.06888011757560371
2018-10-25,0.0690402832724556
2018-10-26,0.06855429048449632
2018-10-29,0.06839747438904233
2018-10-30,0.06781526311953297
2018-10-31,0.06753295248224236
2018-11-01,0.0675374079890822
2018-11-02,0.0678574353891188
2018-11-05,0.06728607536133753
2018-11-06,0.06774562986534381
2018-11-07,0.0675374648242455
2018-11-08,0.06658300812279165
2018-11-09,0.06628506715009269
2018-11-12,0.06589107967430176
2018-11-13,0.06572655659436026
2018-11-14,0.06563186645393375
2018-11-15,0.06509201751622347
2018-11-16,0.06513460837376259
2018-11-19,0.06504665807391338
2018-11-20,0.0652146578735016
2018-11-21,0.06463572645361493
2018-11-22,0.06450546954933921
2018-11-23,0.06532299345307879
2018-11-26,0.06529925786727384
2018-11-27,0.06491742493877245
2018-11-28,0.06491530951882624
2018-11-29,0.06534784629568931
2018-11-30,0.06515624407034852
2018-12-03,0.0651927182003784
2018-12-04,0.06497837435510884
2018-12-05,0.065142735386257
2018-12-06,0.06501166954868165
2018-12-07,0.06474927880780039
2018-12-10,0.06505045214070317
2018-12-11,0.06479123924054705
2018-12-12,0.06454213998257806
2018-12-13,0.064605797109103
2018-12-14,0.0648584009448395
2018-12-17,0.06436988376909486
2018-12-18,0.06426103850164218
2018-12-19,0.0640245145250546
2018-12-20,0.06364186899707462
2018-12-21,0.06336461731607135
2018-12-24,0.06315716013987231
2018-12-25,0.06330524619013472
2018-12-26,0.06277096108783013
2018-12-27,0.06312738758472763
2018-12-28,0.06336919847626706
2019-01-02,0.06265252724574569
2019-01-03,0.06239410353340403
2019-01-04,0.06261050806282047
2019-01-07,0.06258224092136089
2019-01-08,0.062426210631703304
2019-01-09,0.06233430104647002
2019-01-10,0.0621517323253549
2019-01-11,0.06215002308936008
2019-01-14,0.06219360004843589
2019-01-15,0.06200609546945531
2019-01-16,0.06196526385423397
2019-01-17,0.06224975347087147
2019-01-18,0.06247593900150129
2019-01-21,0.062477853770697665
2019-01-22,0.062230734065854366
2019-01-23,0.0621850234427634
2019-01-24,0.062197248936829604
2019-01-25,0.06278348760107731
2019-01-28,0.06299934378750542
2019-01-29,0.06378830928560673
2019-01-30,0.06392201551840256
2019-01-31,0.06474450582580552
2019-02-01,0.06451764763205224
2019-02-11,0.06456868644668277
2019-02-12,0.06432130590896833
2019-02-13,0.06427841277565895
2019-02-14,0.0642301509763069
2019-02-15,0.06388990899922771
2019-02-18,0.06403261874215531
2019-02-19,0.06400600024704667
2019-02-20,0.0636178996879301
2019-02-21,0.06357565415183784
2019-02-22,0.06379230563232824
2019-02-25,0.06435353122634227
2019-02-26,0.06443395392077804
2019-02-27,0.06433976499505381
2019-02-28,0.06376049634634098
2019-03-01,0.06389761962424317
2019-03-04,0.06437212414157263
2019-03-05,0.06472725341317373
2019-03-06,0.06458865575664885
2019-03-07,0.06433260907733987
2019-03-08,0.0650686327239767
2019-03-11,0.06466813802328986
2019-03-12,0.06500242182048652
2019-03-13,0.06446985662840675
2019-03-14,0.06435608428494703
2019-03-15,0.06392944816315507
2019-03-18,0.06402506759176232
2019-03-19,0.06405240845744725
2019-03-20,0.06356923879622871
2019-03-21,0.06342830552153395
2019-03-22,0.06312065498625788
2019-03-25,0.0629114297563783
2019-03-26,0.06272321915978026
2019-03-27,0.06254433378710192
2019-03-28,0.062393779000478856
2019-03-29,0.06268646420389205
2019-04-01,0.0629226494673516
2019-04-02,0.06287100258631224
2019-04-03,0.06261111285716396
2019-04-04,0.0626945170312647
2019-04-08,0.06243635387206495
2019-04-09,0.06171466725690463
2019-04-10,0.061603799565247384
2019-04-11,0.06114769709932165
2019-04-12,0.060970525779119135
2019-04-15,0.06090594739736426
2019-04-16,0.06113414595116512
2019-04-17,0.06090164181360206
2019-04-18,0.06084693105473718
2019-04-19,0.06075619463343126
2019-04-22,0.06076292313717085
2019-04-23,0.06091124595532358
2019-04-24,0.06083725756363877
2019-04-25,0.061063793754842575
2019-04-26,0.06112608106737095
2019-04-29,0.06168129266093265
2019-04-30,0.061329851338203296
2019-05-06,0.06118622711940355
2019-05-07,0.06049527765365118
2019-05-08,0.05994168052477339
2019-05-09,0.05932011501234942
2019-05-10,0.05957317454003837
2019-05-13,0.05904406921872736
2019-05-14,0.058919258667337326
2019-05-15,0.05889821971287105
2019-05-16,0.05873153321518898
2019-05-17,0.05892176967262769
2019-05-20,0.058561098301590085
2019-05-21,0.05860900225125161
2019-05-22,0.05852582022977014
2019-05-23,0.05863849384782474
2019-05-24,0.05805453755671103
2019-05-27,0.058047548636506206
2019-05-28,0.0580035978222343
2019-05-29,0.05776966050063085
2019-05-30,0.0576400357451112
2019-05-31,0.05742387878249896
2019-06-03,0.05755258326447773
2019-06-04,0.0574824644646932
2019-06-05,0.05700000980890763
2019-06-06,0.05705288323398718
2019-06-10,0.05703932346932773
2019-06-11,0.05713567568285544
2019-06-12,0.056971280235317924
2019-06-13,0.05667794668731679
2019-06-14,0.05678380911112001
2019-06-17,0.05629598539161221
2019-06-18,0.05641149715108828
2019-06-19,0.05646700246145424
2019-06-20,0.05674217297736466
2019-06-21,0.05581985517609593
2019-06-24,0.05577013013507965
2019-06-25,0.05551731505075931
2019-06-26,0.05546326834093973
2019-06-27,0.05571021592381765
2019-06-28,0.055779296547384075
2019-07-01,0.05599373370485844
2019-07-02,0.05605231463364984
2019-07-03,0.056004785690043704
2019-07-04,0.05595715146089828
2019-07-05,0.05587053289531236
2019-07-08,0.05598355633304083
2019-07-09,0.05576256231662331
2019-07-10,0.055569594422064515
2019-07-11,0.05520653560995676
2019-07-12,0.05510882616415227
2019-07-15,0.055166839880308564
2019-07-16,0.05500380606203578
2019-07-17,0.055006637553799156
2019-07-18,0.05508985919214342
2019-07-19,0.05501501687105713
2019-07-22,0.05534451024183261
2019-07-23,0.05496040165298174
2019-07-24,0.05486902394646783
2019-07-25,0.05496400770592615
2019-07-26,0.055022466369000426
2019-07-29,0.05515235188022052
2019-07-30,0.05502407727457812
2019-07-31,0.05498587005662973
2019-08-01,0.05467603855010369
2019-08-02,0.05478234139663166
2019-08-05,0.054568147747801485
2019-08-06,0.05509084954722009
2019-08-07,0.055083611955476584
2019-08-08,0.055244438190730834
2019-08-09,0.05524084507789492
2019-08-12,0.05532462793640297
2019-08-13,0.05547078088022463
2019-08-14,0.05544753929114434
2019-08-15,0.055609163327884445
2019-08-16,0.05570075274805455
2019-08-19,0.055863290924399435
2019-08-20,0.055805541430055644
2019-08-21,0.05572831243083066
2019-08-22,0.055623813521782216
2019-08-23,0.05564841375972376
2019-08-26,0.05576787528688277
2019-08-27,0.055702892654761374
2019-08-28,0.05542338606673661
2019-08-29,0.05558974564885351
2019-08-30,0.055829681261132046
2019-09-02,0.05585702162614344
2019-09-03,0.055848600799219404
2019-09-04,0.055822840681588694
2019-09-05,0.05593095091446345
2019-09-06,0.05596344916034714
2019-09-09,0.056315139051773606
2019-09-10,0.0562257109288407
2019-09-11,0.05587406578508583
2019-09-12,0.05583145417460554
2019-09-16,0.05596827496291958
2019-09-17,0.05582652630174813
2019-09-18,0.055542858229844574
2019-09-19,0.05550120719418825
2019-09-20,0.05551482442715834
2019-09-23,0.05537782042981897
2019-09-24,0.05545845863118667
2019-09-25,0.05562314638063428
2019-09-26,0.0554000385001402
2019-09-27,0.055105637140651684
2019-09-30,0.05506769900871992
2019-10-08,0.05481056156597184
2019-10-09,0.05451753682239935
2019-10-10,0.05470088830208016
2019-10-11,0.054610412240927594
2019-10-14,0.054650557601271035
2019-10-15,0.05425326428147133
2019-10-16,0.05455754797229201
2019-10-17,0.054679299641470926
2019-10-18,0.05466517171805867
2019-10-21,0.05406909988202993
2019-10-22,0.05411159838538567
2019-10-23,0.05371797536454443
2019-10-24,0.05345955953843161
2019-10-25,0.0535385288829825
2019-10-28,0.05414839675526072
2019-10-29,0.05458623142112845
2019-10-30,0.054932602325151646
2019-10-31,0.055079699560465996
2019-11-01,0.054891296998871124
2019-11-04,0.055364601545970935
2019-11-05,0.05571628470208952
2019-11-06,0.055880134651786324
2019-11-07,0.0558919191757112
2019-11-08,0.05582334858855834
2019-11-11,0.055917558211817625
2019-11-12,0.05571374567684892
2019-11-13,0.05574607086517684
2019-11-14,0.05589014986883602
2019-11-15,0.05611451339343107
2019-11-18,0.05609365326268188
2019-11-19,0.05613719379994063
2019-11-20,0.0561650706649721
2019-11-21,0.05590125249567613
2019-11-22,0.055523489330156876
2019-11-25,0.05527384488396337
2019-11-26,0.05514713891039427
2019-11-27,0.055358689510576736
2019-11-28,0.05533175935257487
2019-11-29,0.05515520681130716
2019-12-02,0.05516015159103611
2019-12-03,0.05501514987973353
2019-12-04,0.05488615764976891
2019-12-05,0.05508270127092854
2019-12-06,0.05518442533740833
2019-12-09,0.05531119149046188
2019-12-10,0.055446986402468854
2019-12-11,0.05531845014230027
2019-12-12,0.055449904828208364
2019-12-13,0.05568620613580647
2019-12-16,0.055969217980825756
2019-12-17,0.056085863655937436
2019-12-18,0.05584507379338192
2019-12-19,0.055443799434449076
2019-12-20,0.055150310846213184
2019-12-23,0.05517949465756786
2019-12-24,0.05516442181005797
2019-12-25,0.055388208534016534
2019-12-26,0.05521601009384289
2019-12-27,0.055067523784390754
2019-12-30,0.05517540709803498
2019-12-31,0.05522280707736261
2020-01-02,0.055285780611974034
2020-01-03,0.055296451127755206
2020-01-06,0.055550727552761095
2020-01-07,0.055691158886670304
2020-01-08,0.05579930339325978
2020-01-09,0.055787911237594794
2020-01-10,0.055866164038784236
2020-01-13,0.05624045966879624
2020-01-14,0.055945506387958345
2020-01-15,0.05655324547979394
2020-01-16,0.05690615036394397
2020-01-17,0.057021549289840656
2020-01-20,0.057423176069265704
2020-01-21,0.05751617198667125
2020-01-22,0.057901844887254555
2020-01-23,0.05776303430701045
2020-02-03,0.05826166748352202
2020-02-04,0.060070710836771804
2020-02-05,0.059971404567864026
2020-02-06,0.060564570004831814
2020-02-07,0.06041821932847136
2020-02-10,0.05998232780979442
2020-02-11,0.05991257187748973
2020-02-12,0.060394421450665065
2020-02-13,0.06069531681374944
2020-02-14,0.06093680068499859
2020-02-17,0.06105090871326116
2020-02-18,0.06128351496889856
2020-02-19,0.06088505695481686
2020-02-20,0.06081782846879494
2020-02-21,0.061435352319848584
2020-02-24,0.06234547467523223
2020-02-25,0.0634326216383167
2020-02-26,0.061631101500692335
2020-02-27,0.0613971876087877
2020-02-28,0.06133675243683923
2020-03-02,0.06118898999778224
2020-03-03,0.061294865429346736
2020-03-04,0.060627649032774705
2020-03-05,0.06005028348182805
2020-03-06,0.05953825046910398
2020-03-09,0.05863335007845159
2020-03-10,0.05893025378641324
2020-03-11,0.0580586953506624
2020-03-12,0.0579148355035088
2020-03-13,0.0579612287884679
2020-03-16,0.05670848131511183
2020-03-17,0.05665678772130324
2020-03-18,0.05656650271225193
2020-03-19,0.0566750640485974
2020-03-20,0.05611808931786326
2020-03-23,0.05533739409246728
2020-03-24,0.05509781390914916
2020-03-25,0.055181258827730686
2020-03-26,0.05539229452963214
2020-03-27,0.0550065174349215
2020-03-30,0.05493002134610453
2020-03-31,0.05512124156561093
2020-04-01,0.05519194341852538
2020-04-02,0.05559328520724496
2020-04-03,0.055452043780683316
2020-04-07,0.05573799717705937
2020-04-08,0.05523759551921898
2020-04-09,0.05548976233408216
2020-04-10,0.05531157887053449
2020-04-13,0.05524065468267937
2020-04-14,0.05545070543003665
2020-04-15,0.05580166680729973
2020-04-16,0.05613022136402741
2020-04-17,0.05643768899190829
2020-04-20,0.05692112846750562
2020-04-21,0.05683920752102926
2020-04-22,0.056836776780057136
2020-04-23,0.05672485156405656
2020-04-24,0.056729298068057064
2020-04-27,0.057091915233269196
2020-04-28,0.057879099397327737
2020-04-29,0.057972897603941906
2020-04-30,0.058149650449236506
2020-05-06,0.058449097148649105
2020-05-07,0.058585264742019444
2020-05-08,0.05858041994989083
2020-05-11,0.05859657463354366
2020-05-12,0.05895613964781647
2020-05-13,0.059186675375027406
2020-05-14,0.05901872869092565
2020-05-15,0.05922429332607396
2020-05-18,0.059047310984697586
2020-05-19,0.05910231223496717
2020-05-20,0.058561349374356766
2020-05-21,0.057994208770312514
2020-05-22,0.05751510897322329
2020-05-25,0.057300974026975746
2020-05-26,0.05763723551332654
2020-05-27,0.057237383587583575
2020-05-28,0.057311817385372055
2020-05-29,0.05753598563424524
2020-06-01,0.05800344995085318
2020-06-02,0.05756965618942311
2020-06-03,0.05730808544130624
2020-06-04,0.057013704364613144
2020-06-05,0.05734040800277421
2020-06-08,0.05755850472785765
2020-06-09,0.0576943804204763
2020-06-10,0.05806506191818737
2020-06-11,0.0580835028629651
2020-06-12,0.058252300901409544
2020-06-15,0.058291293671146785
2020-06-16,0.058821767885807924
2020-06-17,0.05886451740497981
2020-06-18,0.05860174245348834
2020-06-19,0.058909960578261866
2020-06-22,0.05933978102522979
2020-06-23,0.059598983569044854
2020-06-24,0.059893715559939956
2020-06-29,0.060213525030467105
2020-06-30,0.060439609651614414
2020-07-01,0.06059006902119024
2020-07-02,0.06065015982770006
2020-07-03,0.06052134828446854
2020-07-06,0.060847543781164595
2020-07-07,0.061310140831093936
2020-07-08,0.061723203131054075
2020-07-09,0.0620964340231238
2020-07-10,0.06248798297398413
2020-07-13,0.06264211018547024
2020-07-14,0.062098478444364294
2020-07-15,0.06171818828056657
2020-07-16,0.060647381218960995
2020-07-17,0.060579474043447656
2020-07-20,0.06040429786272315
2020-07-21,0.060849524116757765
2020-07-22,0.06149004437397485
2020-07-23,0.061753022251424115
2020-07-24,0.060797709360921465
2020-07-27,0.06078042379077539
2020-07-28,0.06045841982792284
2020-07-29,0.061244204301764485
2020-07-30,0.06108334540690872
2020-07-31,0.06111688396186813
2020-08-03,0.06138005536651014
2020-08-04,0.06126135424482928
2020-08-05,0.06128359973567712
2020-08-06,0.06148641507769098
2020-08-07,0.06163440342491536
2020-08-10,0.0608503668555002
2020-08-11,0.06080966857387164
2020-08-12,0.05977508084910372
2020-08-13,0.059299541574920574
2020-08-14,0.059444546888876154
2020-08-17,0.05985763934143622
2020-08-18,0.05994319765171452
2020-08-19,0.05931246377400035
2020-08-20,0.05880739145535052
2020-08-21,0.058658901721898936
2020-08-24,0.05874515705794495
2020-08-25,0.05756997047756316
2020-08-26,0.05704238566760614
2020-08-27,0.05635522032524799
2020-08-28,0.05694822154138013
2020-08-31,0.057161689091598196
2020-09-01,0.0568498307971122
2020-09-02,0.056045897939868465
2020-09-03,0.05578573592169984
2020-09-04,0.05511067074853905
2020-09-07,0.05419987576919302
2020-09-08,0.05355838825979165
2020-09-09,0.05275515431499466
2020-09-10,0.05392588130782576
2020-09-11,0.053810304199524185
2020-09-14,0.05329808582173259
2020-09-15,0.053643873359721435
2020-09-16,0.05354083475849314
2020-09-17,0.05328502290782066
2020-09-18,0.053398302330494786
2020-09-21,0.053506216174456465
2020-09-22,0.05356513871117415
2020-09-23,0.05350242111561193
2020-09-24,0.05362296630005678
2020-09-25,0.05363535232442693
2020-09-28,0.05407563322236439
2020-09-29,0.05426978674922592
2020-09-30,0.05441003717820952
2020-10-09,0.05446132605542202
2020-10-12,0.05457064860730761
2020-10-13,0.05458511915307716
2020-10-14,0.05440568655224254
2020-10-15,0.05385656437877022
2020-10-16,0.05340545844580075
2020-10-19,0.053190703916851594
2020-10-20,0.0530979929976584
2020-10-21,0.052818901873990444
2020-10-22,0.052432903170521204
2020-10-23,0.05194064784463323
2020-10-26,0.05187687186910441
2020-10-27,0.05227497375766103
2020-10-28,0.052270078104663636
2020-10-29,0.052078265600154265
2020-10-30,0.05252494361463845
2020-11-02,0.0523218197185455
2020-11-03,0.05220711690398846
2020-11-04,0.05230546982320611
2020-11-05,0.052360059949965114
2020-11-06,0.05241429648833346
2020-11-09,0.05264642466203735
2020-11-10,0.05241142441854157
2020-11-11,0.051846313643771194
2020-11-12,0.051654181876747196
2020-11-13,0.0517482854463317
2020-11-16,0.05180698415010174
2020-11-17,0.051542621195314595
2020-11-18,0.05105148852755887
2020-11-19,0.05123698398916004
2020-11-20,0.051441366639979766
2020-11-23,0.0518168493264582
2020-11-24,0.05183046509979797
2020-11-25,0.051466832124933894
2020-11-26,0.051242175713453186
2020-11-27,0.05136223381193198
2020-11-30,0.051232962364656284
2020-12-01,0.05131032050419178
2020-12-02,0.051406367354851545
2020-12-03,0.051215823314007834
2020-12-04,0.05132090256229695
2020-12-07,0.0515704673231946
2020-12-08,0.051713612634368765
2020-12-09,0.05173063298682092
2020-12-10,0.051669057135453604
2020-12-11,0.05188776033516209
2020-12-14,0.052148867655661665
2020-12-15,0.052743533420065415
2020-12-16,0.05330065732451759
2020-12-17,0.05326964376727517
2020-12-18,0.05352821996374056
2020-12-21,0.0542591269152937
2020-12-22,0.0543791972639395
2020-12-23,0.05487016651082179
2020-12-24,0.055428878660678645
2020-12-25,0.055225364005374145
2020-12-28,0.05592013867534728
2020-12-29,0.055408093983153446
2020-12-30,0.05572527320613495
2020-12-31,0.05608132306737748
2021-01-04,0.056879834945145695
2021-01-05,0.05756189502580678
2021-01-06,0.058089972596031735
2021-01-07,0.05966042331435209
2021-01-08,0.05938229172399147
2021-01-11,0.06057039930357622
2021-01-12,0.061175979967852734
2021-01-13,0.06241297787827059
2021-01-14,0.06178371767604582
2021-01-15,0.06023386245653876
2021-01-18,0.060144347567593744
2021-01-19,0.05882828049359808
2021-01-20,0.05918510618100709
2021-01-21,0.05949779155115824
2021-01-22,0.06020740022518402
2021-01-25,0.06124294335154487
2021-01-26,0.06030951894251693
2021-01-27,0.06029970602666405
2021-01-28,0.05890552941238774
2021-01-29,0.05926618963981168
2021-02-01,0.06003462835555091
2021-02-02,0.06096850528050041
2021-02-03,0.06103592074744552
2021-02-04,0.06115196157154383
2021-02-05,0.06034709843848279
2021-02-08,0.06124744103131981
2021-02-09,0.06188816519197733
2021-02-10,0.06194906963929489
2021-02-18,0.060561157698247485
2021-02-19,0.05935439490853633
2021-02-22,0.058181937436463306
2021-02-23,0.05821362215450307
2021-02-24,0.05699657585491844
2021-02-25,0.057114256298842946
2021-02-26,0.05576606867256725
2021-03-01,0.05595953662801671
2021-03-02,0.05612882953968342
2021-03-03,0.056297031186498044
2021-03-04,0.05521936903576207
2021-03-05,0.05449338634612877
2021-03-08,0.05369518538593949
2021-03-09,0.053133400298040666
2021-03-10,0.05386294313430253
2021-03-11,0.053977290858414614
2021-03-12,0.053843044625910996
2021-03-15,0.05334806308890132
2021-03-16,0.052656792104433144
2021-03-17,0.05267512063182521
2021-03-18,0.05300468148130555
2021-03-19,0.052457142746080085
2021-03-22,0.05276830667031129
2021-03-23,0.05289841474567296
2021-03-24,0.05237340007456836
2021-03-25,0.05253991517904708
2021-03-26,0.05290192655498318
2021-03-29,0.053266971391530964
2021-03-30,0.05393573645578474
2021-03-31,0.053398590665423684
2021-04-01,0.053941500547076866
2021-04-02,0.05392336522069433
2021-04-06,0.053573075705101086
2021-04-07,0.05301232300124277
2021-04-08,0.05360203280478573
2021-04-09,0.0532232387146524
2021-04-12,0.05262845833264646
2021-04-13,0.052775852585433
2021-04-14,0.05269301634138718
2021-04-15,0.05243988123051507
2021-04-16,0.05171345445042804
2021-04-19,0.05216663112710687
2021-04-20,0.05223695988528914
2021-04-21,0.052529198269724346
2021-04-22,0.05249485465793908
2021-04-23,0.053019829254821675
2021-04-26,0.05323427516549988
2021-04-27,0.05349911379749962
2021-04-28,0.053900906001574656
2021-04-29,0.0535705740965499
2021-04-30,0.05410740315156052
2021-05-06,0.05373464730742194
2021-05-07,0.053073618802100764
2021-05-10,0.05289371451547584
2021-05-11,0.052439682605125965
2021-05-12,0.052515005804198364
2021-05-13,0.05217373629546034
2021-05-14,0.05212555168917474
2021-05-17,0.05314713403871001
2021-05-18,0.05290873626495313
2021-05-19,0.05289768914278755
2021-05-20,0.052997206849745376
2021-05-21,0.05245807038995524
2021-05-24,0.052510035017136025
2021-05-25,0.05295249748645058
2021-05-26,0.052692489039402886
2021-05-27,0.05284554732273179
2021-05-28,0.05304750544946814
2021-05-31,0.053528880131728386
2021-06-01,0.05318924260938293
2021-06-02,0.052360121845620285
2021-06-03,0.052177373068064824
2021-06-04,0.0526326367415701
2021-06-07,0.05292174678709704
2021-06-08,0.05209232370936025
2021-06-09,0.05186353250867749
2021-06-10,0.05225283586464714
2021-06-11,0.0519085401886455
2021-06-15,0.052103778334518805
2021-06-16,0.05126891589531077
2021-06-17,0.05219469783479672
2021-06-18,0.052187338034772476
2021-06-21,0.05249894314771436
2021-06-22,0.05238281913057283
2021-06-23,0.052846379907650544
2021-06-24,0.05255937747554894
2021-06-25,0.05304318547057508
2021-06-28,0.053263103473049994
2021-06-29,0.05332192640709325
2021-06-30,0.05343762122679672
2021-07-01,0.053269889242775724
2021-07-02,0.052659436722671996
2021-07-05,0.05235186064891819
2021-07-06,0.05194335524971532
2021-07-07,0.05255061366243451
2021-07-08,0.0530663277130073
2021-07-09,0.05298545019445114
2021-07-12,0.05342829464312487
2021-07-13,0.053480980009981825
2021-07-14,0.05331208981546978
2021-07-15,0.054254212023994594
2021-07-16,0.054383088907897864
2021-07-19,0.054272796452135744
2021-07-20,0.054541000664428914
2021-07-21,0.054835442742194616
2021-07-22,0.05496363629045556
2021-07-23,0.055375577568287676
2021-07-26,0.0554039763982409
2021-07-27,0.054699182626747736
2021-07-28,0.05508340580784618
2021-07-29,0.05591267322806167
2021-07-30,0.05554241674218779
2021-08-02,0.05549337247450559
2021-08-03,0.05442049133970279
2021-08-04,0.05537782405294439
2021-08-05,0.05543350050845132
2021-08-06,0.05586235890455676
2021-08-09,0.055076798223930905
2021-08-10,0.05458442032757473
2021-08-11,0.05460832133254112
2021-08-12,0.05494125583101364
2021-08-13,0.054789255225839426
2021-08-16,0.0540511758526265
2021-08-17,0.05389159284472316
2021-08-18,0.053489544709068096
2021-08-19,0.054098667172607334
2021-08-20,0.05442822483868254
2021-08-23,0.05411977546758936
2021-08-24,0.05425986596674331
2021-08-25,0.05401063867993916
2021-08-26,0.05340269954217834
2021-08-27,0.053904866700933675
2021-08-30,0.05446265467980164
2021-08-31,0.05444700263839596
2021-09-01,0.0535886156764376
2021-09-02,0.053897887209260954
2021-09-03,0.05306958137091128
2021-09-06,0.053174842345101773
2021-09-07,0.05369266990000087
2021-09-08,0.052968032619060884
2021-09-09,0.052996435443479636
2021-09-10,0.05382018785730988
2021-09-13,0.05353311864581133
2021-09-14,0.05400852466552503
2021-09-15,0.05380521819670996
2021-09-16,0.05258819600294505
2021-09-17,0.0528991275074733
2021-09-22,0.05314802988156556
2021-09-23,0.0527406871316285
2021-09-24,0.05319630081639393
2021-09-27,0.05357972532414045
2021-09-28,0.053235642427504615
2021-09-29,0.05258309081195303
2021-09-30,0.05273528863035261
2021-10-08,0.051293104054472044
2021-10-11,0.0510218902708349
2021-10-12,0.050302565464522726
2021-10-13,0.0506141202319547
2021-10-14,0.05073940315033107
2021-10-15,0.051401179110098456
2021-10-18,0.051436338143285236
2021-10-19,0.05214743524500968
2021-10-20,0.05276260471473447
2021-10-21,0.053242413686814115
2021-10-22,0.053314035539701106
2021-10-25,0.053997911822240535
2021-10-26,0.05423978761496805
2021-10-27,0.05509771822215826
2021-10-28,0.0545350164837164
2021-10-29,0.054346152169476865
2021-11-01,0.054273529322951986
2021-11-02,0.054615684066092095
2021-11-03,0.054135207660546227
2021-11-04,0.054189469322227825
2021-11-05,0.05332507377225881
2021-11-08,0.05300840811685087
2021-11-09,0.0532967078008977
2021-11-10,0.05288379705480927
2021-11-11,0.05276544372995642
2021-11-12,0.05300263745712409
2021-11-15,0.05175133629460421
2021-11-16,0.051616299637072705
2021-11-17,0.05165340321985731
2021-11-18,0.052270972722768275
2021-11-19,0.052083338067795394
2021-11-22,0.05297266770914605
2021-11-23,0.052671658694578384
2021-11-24,0.05230277051252107
2021-11-25,0.052030112597587774
2021-11-26,0.05247237931744437
2021-11-29,0.0531966086446488
2021-11-30,0.052750292781403925
2021-12-01,0.05154767681860162
2021-12-02,0.05141035407789989
2021-12-03,0.051642257639094004
2021-12-06,0.05197376484892417
2021-12-07,0.05120988784242934
2021-12-08,0.0517961731029039
2021-12-09,0.05142679283534005
2021-12-10,0.050992389156211404
2021-12-13,0.051183970355203806
2021-12-14,0.05053403975606169
2021-12-15,0.04990050009079534
2021-12-16,0.04964594739694578
2021-12-17,0.04892150966799415
2021-12-20,0.04799961460374434
2021-12-21,0.0474786307168545
2021-12-22,0.047985807949837964
2021-12-23,0.048732984075661824
2021-12-24,0.04876898295086461
2021-12-27,0.04812975187367458
2021-12-28,0.0482252850721848
2021-12-29,0.04803730952688312
2021-12-30,0.04792942801277771
2021-12-31,0.04830041639433885
2022-01-04,0.046748344054531724
2022-01-05,0.04590436751704602
2022-01-06,0.04569299655001277
2022-01-07,0.04569708382184884
2022-01-10,0.045349142211139976
2022-01-11,0.04457990334677519
2022-01-12,0.044458538359177506
2022-01-13,0.04358713791847725
2022-01-14,0.04449680273825119
2022-01-17,0.0443570177593315
2022-01-18,0.045295680101888766
2022-01-19,0.04389362449371628
2022-01-20,0.044502023337703124
2022-01-21,0.04372689187330293
2022-01-24,0.04440375193292074
2022-01-25,0.04468666964197893
2022-01-26,0.04433459273919752
2022-01-27,0.044744154845998356
2022-01-28,0.04339698613863744
2022-02-07,0.043318960116570215
2022-02-08,0.042342290768645936
2022-02-09,0.04264684042747775
2022-02-10,0.04257333606918399
2022-02-11,0.042684741069737055
2022-02-14,0.04199660263120086
2022-02-15,0.0427145782865326
2022-02-16,0.04211315305015707
2022-02-17,0.04251750732105278
2022-02-18,0.04229942229956749
2022-02-21,0.041961195949319664
2022-02-22,0.04202287138233462
2022-02-23,0.04247835084724574
2022-02-24,0.04239291984616839
2022-02-25,0.04229336092835837
2022-02-28,0.04294902059164582
2022-03-01,0.04228976253686179
2022-03-02,0.04162106510707319
2022-03-03,0.04116046396658328
2022-03-04,0.04107518476237433
2022-03-07,0.040424346525156425
2022-03-08,0.04042932091634971
2022-03-09,0.04050070681846732
2022-03-10,0.04066111119906128
2022-03-11,0.040538038575193565
2022-03-14,0.04054288804400514
2022-03-15,0.040530544740729216
2022-03-16,0.040462049373358414
2022-03-17,0.04068115095533809
2022-03-18,0.040126450753969006
2022-03-21,0.03978057859580853
2022-03-22,0.03945369113867299
2022-03-23,0.03974918723227838
2022-03-24,0.040001063324257805
2022-03-25,0.03928012704638617
2022-03-28,0.039088073652286955
2022-03-29,0.03944663049708875
2022-03-30,0.03989921951746057
2022-03-31,0.0389216546286468
2022-04-01,0.039378635061244685
2022-04-06,0.03836232804725781
2022-04-07,0.03853482187853037
2022-04-08,0.03871440467144074
2022-04-11,0.0381638573638887
2022-04-12,0.03771924755515239
2022-04-13,0.03764299155745651
2022-04-14,0.0378794947270936
2022-04-15,0.0384803198011102
2022-04-18,0.03841810159848761
2022-04-19,0.038210552884006356
2022-04-20,0.03762670029138857
2022-04-21,0.037497817307724654
2022-04-22,0.037066087623198005
2022-04-25,0.03735416694066514
2022-04-26,0.03793122594443576
2022-04-27,0.03928079759040755
2022-04-28,0.04002007494371077
2022-04-29,0.03975610337150887
2022-05-05,0.039902528700399405
2022-05-06,0.03967611448940597
2022-05-09,0.03928439455332836
2022-05-10,0.039310472422517354
2022-05-11,0.039772380509045434
2022-05-12,0.03942107671766618
2022-05-13,0.03929186787600841
2022-05-16,0.03919020019291192
2022-05-17,0.03963992276662409
2022-05-18,0.03905582800945703
2022-05-19,0.039044608997519
2022-05-20,0.03934082914983458
2022-05-23,0.039268767482449264
2022-05-24,0.039434012360719695
2022-05-25,0.03920699357539266
2022-05-26,0.039241908516159364
2022-05-27,0.03898218779745931
2022-05-30,0.039155272865076626
2022-05-31,0.03917735776416264
2022-06-01,0.038839944267505325
2022-06-02,0.03883275722139125
2022-06-06,0.039168921338522414
2022-06-07,0.03957000776629113
2022-06-08,0.03991090561755673
2022-06-09,0.0400719269376637
2022-06-10,0.04046324783021234
2022-06-13,0.040448982861613164
2022-06-14,0.0403955153261798
2022-06-15,0.04029007687757623
2022-06-16,0.03999317847610702
2022-06-17,0.04065749703741795
2022-06-20,0.04049195526971373
2022-06-21,0.03986577637791181
2022-06-22,0.03997355516064252
2022-06-23,0.04022070918382988
2022-06-24,0.04043606592484427
2022-06-27,0.040522924129127794
2022-06-28,0.040087716012854234
2022-06-29,0.039758995494475376
2022-06-30,0.04017775339137394
2022-07-01,0.04020992109025474
2022-07-04,0.04068421715031792
2022-07-05,0.04096958849796575
2022-07-06,0.0406875239871453
2022-07-07,0.04109127782832374
2022-07-08,0.040281745103945006
2022-07-11,0.03988747887560643
2022-07-12,0.03999522446926504
2022-07-13,0.03945014276529457
2022-07-14,0.03970546595291392
2022-07-15,0.04034934225282172
2022-07-18,0.039454041608285716
2022-07-19,0.03917735494742643
2022-07-20,0.03952341980917762
2022-07-21,0.03932600501211236
2022-07-22,0.03885042637689847
2022-07-25,0.03851286972594237
2022-07-26,0.038562787276394395
2022-07-27,0.038581614465369264
2022-07-28,0.038463693775660265
2022-07-29,0.03834841281868938
2022-08-01,0.03847022386111958
2022-08-02,0.039117456874886
2022-08-03,0.03881195175218141
2022-08-04,0.03820820267529942
2022-08-05,0.03866981730328509
2022-08-08,0.038536150289212395
2022-08-09,0.03840270864765054
2022-08-10,0.038081926004479204
2022-08-11,0.038104005242974706
2022-08-12,0.0377240059798088
2022-08-15,0.03788645915951721
2022-08-16,0.037756270800728964
2022-08-17,0.037715718419339156
2022-08-18,0.03773998869829784
2022-08-19,0.03757477366924531
2022-08-22,0.0377068417693742
2022-08-23,0.037497793905777226
2022-08-24,0.03703500886529028
2022-08-25,0.03714502633088829
2022-08-26,0.03723506469491793
2022-08-29,0.03694193663177917
2022-08-30,0.03652441622372214
2022-08-31,0.03638155339206884
2022-09-01,0.03614060630970825
2022-09-02,0.03562895678595232
2022-09-05,0.035427019701289
2022-09-06,0.0359572547453429
2022-09-07,0.03616873598251496
2022-09-08,0.036214444876644034
2022-09-09,0.03651051155929523
2022-09-13,0.03612566316965277
2022-09-14,0.03589391611730875
2022-09-15,0.03562212057502567
2022-09-16,0.03591065291905818
2022-09-19,0.03616445520602437
2022-09-20,0.03583712265680559
2022-09-21,0.035456222093485784
2022-09-22,0.03566140826797985
2022-09-23,0.03582320721501766
2022-09-26,0.03624158943199804
2022-09-27,0.03590431184431572
2022-09-28,0.03550755957156728
2022-09-29,0.035998563573362646
2022-09-30,0.03582804204569205
2022-10-10,0.035563322607152614
2022-10-11,0.03562132864077812
2022-10-12,0.03563462911401536
2022-10-13,0.035361770020337614
2022-10-14,0.03549326617171839
2022-10-17,0.034927585033855624
2022-10-18,0.03496883658727647
2022-10-19,0.034876623946473416
2022-10-20,0.03476851402154578
2022-10-21,0.034692588446592204
2022-10-24,0.03497461630992473
2022-10-25,0.03514657244694483
2022-10-26,0.03499035320475813
2022-10-27,0.03470629517565714
2022-10-28,0.03491463698173339
2022-10-31,0.0345404772100613
2022-11-01,0.0344695684420372
2022-11-02,0.03450570678591041
2022-11-03,0.034615929223953366
2022-11-04,0.03497315242262724
2022-11-07,0.034504015004315214
2022-11-08,0.03431531977935829
2022-11-09,0.03420708090789033
2022-11-10,0.033834809791925595
2022-11-11,0.03383677182892002
2022-11-14,0.03355358089739797
2022-11-15,0.03381511563884456
2022-11-16,0.033350890082611336
2022-11-17,0.033100993451077476
2022-11-18,0.03305607443760338
2022-11-21,0.03311861183965336
2022-11-22,0.03284288601669729
2022-11-23,0.0331824344611439
2022-11-24,0.03302409981346711
2022-11-25,0.032928243120536715
2022-11-28,0.03301798262742683
2022-11-29,0.03290896437914519
2022-11-30,0.032982022691943856
2022-12-01,0.033091209969675926
2022-12-02,0.03264959748591734
2022-12-05,0.0325983192186329
2022-12-06,0.03287491153139155
2022-12-07,0.03290365492403662
2022-12-08,0.032762675330615366
2022-12-09,0.03299002183741723
2022-12-12,0.032886933939324826
2022-12-13,0.03253429753419914
2022-12-14,0.0324224488028012
2022-12-15,0.03232490460054183
2022-12-16,0.03244122319621039
2022-12-19,0.032663403783728305
2022-12-20,0.03234438065119331
2022-12-21,0.03235784710986015
2022-12-22,0.03236868089037801
2022-12-23,0.03215162750381439
2022-12-26,0.032273922399752304
2022-12-27,0.032480247689899815
2022-12-28,0.032791225874849284
2022-12-29,0.03301917706926767
2022-12-30,0.03278190093307012
2023-01-03,0.03258987481473502
2023-01-04,0.032188829182734933
2023-01-05,0.032431019342560055
2023-01-06,0.03268969733196448
2023-01-09,0.0326616934052711
2023-01-10,0.032849251835879396
2023-01-11,0.03299562221583022
2023-01-12,0.032938163628932066
2023-01-13,0.0330351139299878
2023-01-16,0.03294401733852385
2023-01-17,0.033072201135098823
2023-01-18,0.03276804467218714
2023-01-19,0.03286579300492019
2023-01-20,0.03290673859420607
2023-01-30,0.03244409067118564
2023-01-31,0.032294755846292995
2023-02-01,0.0321553529485596
2023-02-02,0.03207857983687999
2023-02-03,0.03197325252963723
2023-02-06,0.03165010550946053
2023-02-07,0.03152155977442789
2023-02-08,0.03136183394565684
2023-02-09,0.031587402042823245
2023-02-10,0.0313757551374728
2023-02-13,0.031403674418171955
2023-02-14,0.03144374409742859
2023-02-15,0.031284813000609486
2023-02-16,0.03152461207677871
2023-02-17,0.031237457592410086
2023-02-20,0.031428162195289794
2023-02-21,0.031446416929365555
2023-02-22,0.031288943635484616
2023-02-23,0.031110202200770338
2023-02-24,0.031020467624018378
2023-02-27,0.031183456832283036
2023-02-28,0.031044636915057575
2023-03-01,0.030847201132376937
2023-03-02,0.03072852938591425
2023-03-03,0.030792034176051305
2023-03-06,0.030912393409087826
2023-03-07,0.030843578963124344
2023-03-08,0.03047688913718047
2023-03-09,0.030100300902024837
2023-03-10,0.03001503588770574
2023-03-13,0.03029284183212117
2023-03-14,0.030533849151956723
2023-03-15,0.03026762838398905
2023-03-16,0.030226385899460664
2023-03-17,0.030278393211105665
2023-03-20,0.030381991484231072
2023-03-21,0.030113912487287668
2023-03-22,0.029865784122089047
2023-03-23,0.030130051656364818
2023-03-24,0.030050117903803148
2023-03-27,0.03021770501512868
2023-03-28,0.030179767387595664
2023-03-29,0.030433519192927607
2023-03-30,0.03081588968200325
2023-03-31,0.030847382514730695
2023-04-03,0.031000444509342105
2023-04-04,0.03154729071908818
2023-04-06,0.031939067647295045
2023-04-07,0.03190742444659394
2023-04-10,0.032130954690970936
2023-04-11,0.03225969309808392
2023-04-12,0.032009206094372925
2023-04-13,0.031790561944901236
2023-04-14,0.031964563060630787
2023-04-17,0.031930547789702335
2023-04-18,0.0322054810204435
2023-04-19,0.03227873593895583
2023-04-20,0.032649727309224844
2023-04-21,0.03271937377335596
2023-04-24,0.03244304611574534
2023-04-25,0.032634314377915453
2023-04-26,0.03221901868529483
2023-04-27,0.03212062424807858
2023-04-28,0.03166716597460668
2023-05-04,0.031239168764082836
2023-05-05,0.031002957409482626
2023-05-08,0.031150729096710177
2023-05-09,0.03126230107576453
2023-05-10,0.031029253717017674
2023-05-11,0.030545871700747795
2023-05-12,0.03031095176462065
2023-05-15,0.030276099255130046
2023-05-16,0.030087397539351152
2023-05-17,0.029667113277629067
2023-05-18,0.029507679339187288
2023-05-19,0.02958070581224861
2023-05-22,0.029301035107979156
2023-05-23,0.029102372176800905
2023-05-24,0.02886191067644891
2023-05-25,0.028708720754039994
2023-05-26,0.02888604512887266
2023-05-29,0.02910678061033516
2023-05-30,0.029131516423167865
2023-05-31,0.029289057925390185
2023-06-01,0.029279967119580166
2023-06-02,0.029217488440703435
2023-06-05,0.028998147458458124
2023-06-06,0.028928361853752714
2023-06-07,0.028695664527309886
2023-06-08,0.02851074972416209
2023-06-09,0.028829748208214157
2023-06-12,0.02860824361532716
2023-06-13,0.02849105150881112
2023-06-14,0.028656158394562363
2023-06-15,0.02892859622249319
2023-06-16,0.029083682126323826
2023-06-19,0.02931307702782466
2023-06-20,0.02959372291083232
2023-06-21,0.029223272454818455
2023-06-26,0.02904146080844698
2023-06-27,0.028558223537638153
2023-06-28,0.028312293309241954
2023-06-29,0.027982485244889065
2023-06-30,0.027899003542711465
2023-07-03,0.027834598799318926
2023-07-04,0.027680417729365404
2023-07-05,0.0275286798402695
2023-07-06,0.027366965859840643
2023-07-07,0.02723334467874634
2023-07-10,0.027243003247401268
2023-07-11,0.027205221788704336
2023-07-12,0.027103891985563795
2023-07-13,0.027141341048453744
2023-07-14,0.027020658835223588
2023-07-17,0.026755263275855725
2023-07-18,0.026652159937883155
2023-07-19,0.0265011063729911
2023-07-20,0.026406034341456722
2023-07-21,0.02646380571464016
2023-07-24,0.02623187208050008
2023-07-25,0.026175416417455966
2023-07-26,0.025868044025589555
2023-07-27,0.025762806494732383
2023-07-28,0.025881681585813072
2023-07-31,0.02593467089764646
2023-08-01,0.026042368036281245
2023-08-02,0.025949452767918022
2023-08-03,0.026187861146529382
2023-08-04,0.026455468177024516
2023-08-07,0.02649746006393537
2023-08-08,0.02627496637428898
2023-08-09,0.026342396309923775
2023-08-10,0.026158610545660092
2023-08-11,0.02597295363190461
2023-08-14,0.02584119167648416
2023-08-15,0.025621831038179162
2023-08-16,0.025478941720757372
2023-08-17,0.025169691251965217
2023-08-18,0.024663942208920105
2023-08-21,0.024379637340794232
2023-08-22,0.024700956030477624
2023-08-23,0.024383037003875892
2023-08-24,0.02465749965782997
2023-08-25,0.024651041133800157
2023-08-28,0.024497831608739765
2023-08-29,0.023999517847196835
2023-08-30,0.023843001371832675
2023-08-31,0.02379295082678851
2023-09-01,0.02377720201176898
2023-09-04,0.02374912297617746
2023-09-05,0.023728702058363867
2023-09-06,0.02367013831467516
2023-09-07,0.02356687029643171
2023-09-08,0.023640349022807535
2023-09-11,0.023827774563452624
2023-09-12,0.023970615230885693
2023-09-13,0.023812144130729546
2023-09-14,0.023919504244937214
2023-09-15,0.023944975476909252
2023-09-18,0.023461162546208437
2023-09-19,0.02353718145346758
2023-09-20,0.02345545467752201
2023-09-21,0.02340171902037447
2023-09-22,0.02337166912732293
2023-09-25,0.023334736518703315
2023-09-26,0.02326789230925036
2023-09-27,0.02332859580464951
2023-09-28,0.023154723606544733
2023-10-09,0.02334088335529232
2023-10-10,0.023344671155062096
2023-10-11,0.023442445182818666
2023-10-12,0.023561962880551096
2023-10-13,0.02382130221520575
2023-10-16,0.023564383265473426
2023-10-17,0.023451531062416032
2023-10-18,0.023484645570121428
2023-10-19,0.023302003693474054
2023-10-20,0.023148208948583358
2023-10-23,0.023201656084492504
2023-10-24,0.02250981110169976
2023-10-25,0.022258079388680758
2023-10-26,0.022444072770913016
2023-10-27,0.02255667121373317
2023-10-30,0.022656519520027122
2023-10-31,0.022481195820421768
2023-11-01,0.022190774436321947
2023-11-02,0.022058612584654077
2023-11-03,0.022173650223045818
2023-11-06,0.022318443515925938
2023-11-07,0.022242310040926725
2023-11-08,0.022295550514379987
2023-11-09,0.0222219813454957
2023-11-10,0.022116625117941085
2023-11-13,0.021967927551228273
2023-11-14,0.022136701295661067
2023-11-15,0.022114438211649115
2023-11-16,0.021971394534861192
2023-11-17,0.021989810218356564
2023-11-20,0.0218964302128006
2023-11-21,0.021825935343900007
2023-11-22,0.021643802885339656
2023-11-23,0.021686895149272405
2023-11-24,0.021627152558526905
2023-11-27,0.021580350459552824
2023-11-28,0.021396413604123924
2023-11-29,0.02137543829284704
2023-11-30,0.021368936824099037
2023-12-01,0.021453930480883374
2023-12-04,0.02123607852398934
2023-12-05,0.021059915599210246
2023-12-06,0.02095855223314888
2023-12-07,0.021054106723863212
2023-12-08,0.021595065773129078
2023-12-11,0.021619375332793893
2023-12-12,0.021422004742313958
2023-12-13,0.021213606525782767
2023-12-14,0.02105089043237527
2023-12-15,0.020854553808458628
2023-12-18,0.02074635705964838
2023-12-19,0.020676542861601095
2023-12-20,0.020318062359333984
2023-12-21,0.020296953770046183
2023-12-22,0.020460391179534666
2023-12-25,0.02072259077292982
2023-12-26,0.02066548919816728
2023-12-27,0.020631112695994994
2023-12-28,0.020614271619969437
2023-12-29,0.020499407187911857
2024-01-02,0.020038924492605328
2024-01-03,0.02003349600683143
2024-01-04,0.01982319636061707
2024-01-05,0.019762125689046655
2024-01-08,0.01957307757867
2024-01-09,0.01933410267994096
2024-01-10,0.019410042071587724
2024-01-11,0.019477403433425182
2024-01-12,0.019524733397870104
2024-01-15,0.019494573627780606
2024-01-16,0.01956107990766753
2024-01-17,0.019444315976184623
2024-01-18,0.019782428944240114
2024-01-19,0.01985239934262793
2024-01-22,0.020086789990713918
2024-01-23,0.02080666598910387
2024-01-24,0.020633512227546665
2024-01-25,0.020236187245862597
2024-01-26,0.019937247264831297
2024-01-29,0.02032137974790669
2024-01-30,0.020585802798123498
2024-01-31,0.021166403701110042
2024-02-01,0.021541411023297128
2024-02-02,0.02210151449083522
2024-02-05,0.024033869684987434
2024-02-06,0.02678017780376816
2024-02-07,0.03082792047001562
2024-02-08,0.029018110731296426
2024-02-19,0.027426764657957268
2024-02-20,0.02684671291883111
2024-02-21,0.025836251670940075
2024-02-22,0.025110945000040557
2024-02-23,0.024281755160213518
2024-02-26,0.02368021925110639
2024-02-27,0.023475506263382472
2024-02-28,0.02489548939451214
2024-02-29,0.024784263435746624
2024-03-01,0.02472486984873825
2024-03-04,0.025009457613853408
2024-03-05,0.025549421936888455
2024-03-06,0.024903126822052944
2024-03-07,0.024402036170134648
2024-03-08,0.024498158712470068
2024-03-11,0.0244094382790142
2024-03-12,0.02390319711627648
2024-03-13,0.024005325760040795
2024-03-14,0.023918259182918667
2024-03-15,0.02365025866385549
2024-03-18,0.02329907619531638
2024-03-19,0.023099177159005013
2024-03-20,0.022821933985355907
2024-03-21,0.022671798517711672
2024-03-22,0.02282380613866889
2024-03-25,0.022910036174183843
2024-03-26,0.022761210091663757
2024-03-27,0.02268312825930941
2024-03-28,0.02246695459155046
2024-03-29,0.022293194852550487
2024-04-01,0.02219569346373522
2024-04-02,0.021883137322958192
2024-04-03,0.021935946829048154
2024-04-08,0.022555630245248117
2024-04-09,0.022365775588948915
2024-04-10,0.022613632935446222
2024-04-11,0.022588332134533897
2024-04-12,0.022540914885526498
2024-04-15,0.02449934361153848
2024-04-16,0.02624518645629958
2024-04-17,0.024971280074997108
2024-04-18,0.025131087090412372
2024-04-19,0.025289522481055482
2024-04-22,0.025621732712254503
2024-04-23,0.024639110479120676
2024-04-24,0.02421440614056106
2024-04-25,0.0239279514102519
2024-04-26,0.02424729140121581
2024-04-29,0.02379962050425991
2024-04-30,0.02373043620391361
2024-05-06,0.023442599452312973
2024-05-07,0.02318746611933773
2024-05-08,0.02314801738775813
2024-05-09,0.023130358528424922
2024-05-10,0.023299682249909935
2024-05-13,0.023787658948454193
2024-05-14,0.02346263160730757
2024-05-15,0.023176576931711705
2024-05-16,0.022671743484878434
2024-05-17,0.022589063376691972
2024-05-20,0.022805768542172852
2024-05-21,0.022928962461813432
2024-05-22,0.022762991966369828
2024-05-23,0.02286632710023888
2024-05-24,0.022801923788964024
2024-05-27,0.02290330421129747
2024-05-28,0.023031576806131656
2024-05-29,0.02285612650338259
2024-05-30,0.023052482398039628
2024-05-31,0.022925957357999356
2024-06-03,0.023459800616335298
2024-06-04,0.02429206250155362
2024-06-05,0.024627078528034422
2024-06-06,0.025774042765480565
2024-06-07,0.02451610661436649
2024-06-11,0.024760602658638768
2024-06-12,0.024117039336454812
2024-06-13,0.02395399562385499
2024-06-14,0.024022013773183783
2024-06-17,0.024426320274465188
2024-06-18,0.023968487920488342
2024-06-19,0.023528784850133433
2024-06-20,0.02352310739297048
2024-06-21,0.023584620885910085
2024-06-24,0.023838473927128782
2024-06-25,0.023329786152566406
2024-06-26,0.023076383555177483
2024-06-27,0.022756512826623342
2024-06-28,0.02286476733542554
2024-07-01,0.022934720871119557
2024-07-02,0.022406998918908426
2024-07-03,0.022398846955893198
2024-07-04,0.022826296987367774
2024-07-05,0.02261023531796271
2024-07-08,0.022802878976679642
2024-07-09,0.023026815025007804
2024-07-10,0.023290148277657446
2024-07-11,0.022883257168827685
2024-07-12,0.022843514804919
2024-07-15,0.02312629048762803
2024-07-16,0.023209216510412863
2024-07-17,0.023294131327020524
2024-07-18,0.02351950527930346
2024-07-19,0.02330803925856659
2024-07-22,0.022978939516516552
2024-07-23,0.02260090214433021
2024-07-24,0.022670748095830737
2024-07-25,0.02244060201194304
2024-07-26,0.02235776465947927
2024-07-29,0.022072488003271554
2024-07-30,0.021881226915920638
2024-07-31,0.022077931690047032
2024-08-01,0.021882081416058883
2024-08-02,0.02186579871742987
2024-08-05,0.021751244596463933
2024-08-06,0.021457544246800672
2024-08-07,0.021412467898621206
2024-08-08,0.0213509578631667
2024-08-09,0.02129856432306617
2024-08-12,0.021270559244488358
2024-08-13,0.021072486954082172
2024-08-14,0.020820892980815523
2024-08-15,0.02085645402111601
2024-08-16,0.02085996963107308
2024-08-19,0.02096209023906882
2024-08-20,0.021001207466307115
2024-08-21,0.020853652618172805
2024-08-22,0.020921606653155567
2024-08-23,0.021215538598229045
2024-08-26,0.020756940855313995
2024-08-27,0.020748666392091872
2024-08-28,0.020538023573325678
2024-08-29,0.02060282575576233
2024-08-30,0.02057192469368795
2024-09-02,0.020370542694015316
2024-09-03,0.02041813805606909
2024-09-04,0.020606179133777013
2024-09-05,0.020448961481383233
2024-09-06,0.02058481881978631
2024-09-09,0.020261878868897444
2024-09-10,0.020020395923157547
2024-09-11,0.020150975042460738
2024-09-12,0.02010205176158878
2024-09-13,0.0201243325381659
2024-09-18,0.02037766358611813
2024-09-19,0.020119972236857533
2024-09-20,0.020134374721007726
2024-09-23,0.02007528896716982
2024-09-24,0.020206469907205905
2024-09-25,0.02006477807741635
2024-09-26,0.020288110888515322
2024-09-27,0.02044275217180627
2024-09-30,0.02042373952050687
2024-10-08,0.020554671366214007
2024-10-09,0.02108164639053211
2024-10-10,0.020433947336348054
2024-10-11,0.02029121262436411
2024-10-14,0.020349260977869536
2024-10-15,0.020119048394274364
2024-10-16,0.019941859286471655
2024-10-17,0.019989488627596207
2024-10-18,0.02033531719833799
2024-10-21,0.020413684631034008
2024-10-22,0.020166312843419243
2024-10-23,0.020122642359159774
2024-10-24,0.019915097816085928
2024-10-25,0.01974534672925514
2024-10-28,0.01934602603451909
2024-10-29,0.019548067692907345
2024-10-30,0.019727144171862707
2024-10-31,0.019618326681407148
2024-11-01,0.019779802042943505
2024-11-04,0.019762116832017406
2024-11-05,0.01998176285917876
2024-11-06,0.019874034118331853
2024-11-07,0.01964126767673874
2024-11-08,0.019660104512476004
2024-11-11,0.01962991303887036
2024-11-12,0.0193928106235546
2024-11-13,0.01917299587276516
2024-11-14,0.01912021965365844
2024-11-15,0.018974891405089133
2024-11-18,0.019047345953960237
2024-11-19,0.019115590621039104
2024-11-20,0.018926274750768836
2024-11-21,0.018776461794547474
2024-11-22,0.018754723378005884
2024-11-25,0.018254512696316377
2024-11-26,0.018090499953696847
2024-11-27,0.01833840412740227
2024-11-28,0.01797232649984352
2024-11-29,0.018058195563540443
2024-12-02,0.018037941262678037
2024-12-03,0.017888697653370717
2024-12-04,0.017873839634771085
2024-12-05,0.017794287843035425
2024-12-06,0.017793276569881607
2024-12-09,0.0175430380006103
2024-12-10,0.01764629230852474
2024-12-11,0.01762695936584489
2024-12-12,0.017379826600665713
2024-12-13,0.017259626841976433
2024-12-16,0.01698374613912052
2024-12-17,0.017650480845972236
2024-12-18,0.017816358834599214
2024-12-19,0.01790074583413388
2024-12-20,0.017740051656073674
2024-12-23,0.01854166535847523
2024-12-24,0.018804329257281042
2024-12-25,0.019198174247252446
2024-12-26,0.019104671745086333
2024-12-27,0.018818439487907998
2024-12-30,0.019101514810387247
2024-12-31,0.0188594061135618
2025-01-02,0.018502796123592288
2025-01-03,0.018870418103249947
2025-01-06,0.018944427482075515
2025-01-07,0.01852574275154698
2025-01-08,0.018473330911670853
2025-01-09,0.018411545591748856
2025-01-10,0.018586543663171338
2025-01-13,0.018471399889367413
2025-01-14,0.018285325788691343
2025-01-15,0.01816712756559082
2025-01-16,0.01810347067655725
2025-01-17,0.01832572973335292
2025-01-20,0.018123963027170238
2025-01-21,0.01842269680053584
2025-01-22,0.018445765498795855
2025-01-23,0.01829734639100985
2025-01-24,0.018458405601643153
2025-01-27,0.01818889467230114
2025-02-05,0.017919851992145144
2025-02-06,0.018138795030133104
2025-02-07,0.018252491051005744
2025-02-10,0.01806518765192584
2025-02-11,0.01801750386137806
2025-02-12,0.018221794258880836
2025-02-13,0.01825444824190478
2025-02-14,0.01830818504307082
2025-02-17,0.017996415545793374
2025-02-18,0.018050599247489894
2025-02-19,0.01810144936809132
2025-02-20,0.01800793664924987
2025-02-21,0.018397902685138662
2025-02-24,0.018221246669818884
2025-02-25,0.018223712171774785
2025-02-26,0.018236487453397315
2025-02-27,0.018201923973464956
2025-02-28,0.018005111602253043
2025-03-03,0.017858264318409905
2025-03-04,0.01779138836191151
2025-03-05,0.01794927223700623
2025-03-06,0.018023192381823296
2025-03-07,0.01802526225784805
2025-03-10,0.017826754530959547
2025-03-11,0.017794721064107885
2025-03-12,0.017737599465766713
2025-03-13,0.017599066879062847
2025-03-14,0.01752338155383549
2025-03-17,0.017415178826486397
2025-03-18,0.017327049784266694
2025-03-19,0.01730118413446335
2025-03-20,0.017152240605585737
2025-03-21,0.0170527041137086
2025-03-24,0.017630399242742904
2025-03-25,0.017497654225061793
2025-03-26,0.017139791225713578
2025-03-27,0.017257550785208072
2025-03-28,0.017464529373014764
2025-03-31,0.01754136941694426
2025-04-01,0.017263274373938205
2025-04-02,0.01722917104995102
2025-04-03,0.017004184921934583
2025-04-07,0.017415126558503097
2025-04-08,0.017315456321982413
2025-04-09,0.017125617380453793
2025-04-10,0.0169247975641122
2025-04-11,0.017052060235601994
2025-04-14,0.016841297292829512
2025-04-15,0.016638761183294378
2025-04-16,0.016723607512549653
2025-04-17,0.01649707199753899
2025-04-18,0.01647744737657448
2025-04-21,0.01656083085901429
2025-04-22,0.016445487361944688
2025-04-23,0.016386400762708447
2025-04-24,0.01631888207960825
2025-04-25,0.01636896714942674
2025-04-28,0.016378574893278094
2025-04-29,0.0160657358599321
2025-04-30,0.015967940806976933
2025-05-06,0.01585971759515581
2025-05-07,0.015690797257556052
2025-05-08,0.01553915658334562
2025-05-09,0.015448513800494734
2025-05-12,0.015518710176272543
2025-05-13,0.015509603421958408
2025-05-14,0.015576392486595918
2025-05-15,0.015247983199325865
2025-05-16,0.015173661999351431
2025-05-19,0.015013447465431783
2025-05-20,0.01486974797543926
2025-05-21,0.014963400452143288
2025-05-22,0.015021976418900232
2025-05-23,0.014971544556721115
2025-05-26,0.01488126543839354
2025-05-27,0.014694867807439994
2025-05-28,0.014695639653248762
2025-05-29,0.014657042358075606
2025-05-30,0.014674994356070444
2025-06-03,0.014597290416686262
2025-06-04,0.014540589068087707
2025-06-05,0.014617801586302551
2025-06-06,0.014436242398154761
2025-06-09,0.014391094319546677
2025-06-10,0.014379344441023612
2025-06-11,0.014329225737373287
2025-06-12,0.01429092150359539
2025-06-13,0.01433575746185997
2025-06-16,0.014237072018886044
2025-06-17,0.014265880201713722
2025-06-18,0.014340098094519518
2025-06-19,0.014472215492613755
2025-06-20,0.014399589910919155
2025-06-23,0.014227527189653545
2025-06-24,0.014116160004082445
2025-06-25,0.014225865017904758
2025-06-26,0.014139890977101164
2025-06-27,0.014088202646937567
2025-06-30,0.014041652681765814
2025-07-01,0.0139954522368165
2025-07-02,0.01382004217061563
2025-07-03,0.013806444907084678
2025-07-04,0.013905141580384226
2025-07-07,0.013703617395167105
2025-07-08,0.01376185231947894
2025-07-09,0.013705755188555251
2025-07-10,0.013699061238474914
2025-07-11,0.013820028020830545
2025-07-14,0.013633832304682353
2025-07-15,0.013794242852398548
2025-07-16,0.01367248006881912
2025-07-17,0.013731408235664499
2025-07-18,0.013696284436843556
2025-07-21,0.013557933105304894
2025-07-22,0.013605804803854734
2025-07-23,0.013591907537860527
2025-07-24,0.01361287578139669
2025-07-25,0.01352825209707682
2025-07-28,0.013434915111334779
2025-07-29,0.013559331710624989
2025-07-30,0.013462236086940745
2025-07-31,0.013527950835596155
2025-08-01,0.013310868340566639
2025-08-04,0.013257179040422402
2025-08-05,0.013171546332306073
2025-08-06,0.01323160159943368
2025-08-07,0.013234739480721066
2025-08-08,0.013059673450443867
2025-08-11,0.013034140838403891
2025-08-12,0.013114772322813004
2025-08-13,0.01334806021618968
2025-08-14,0.013534756332250975
2025-08-15,0.01369560895183911
2025-08-18,0.0137906588465447
2025-08-19,0.013581316480088864
2025-08-20,0.013607825476281645
2025-08-21,0.013432031036352198
2025-08-22,0.013701057723745741
2025-08-25,0.013880064396167008
2025-08-26,0.013735168518918988
2025-08-27,0.014009267195304678
2025-08-28,0.014287422491212218
2025-08-29,0.014385701797510508
2025-09-01,0.014313638487297284
2025-09-02,0.014086336016222075
2025-09-03,0.014243173978243222
2025-09-04,0.013779010379629284
2025-09-05,0.013948540030628632
2025-09-08,0.013789381718641374
2025-09-09,0.013696614288853583
2025-09-10,0.013618500385903651
2025-09-11,0.013832085692593305
2025-09-12,0.013934654236405086
2025-09-15,0.01391313737632378
2025-09-16,0.013826237648728744
2025-09-17,0.013978573837042865
2025-09-18,0.01411822018695383
2025-09-19,0.01416882569100208
2025-09-22,0.014350188597737101
2025-09-23,0.014386984586843789
2025-09-24,0.014309696113792524
2025-09-25,0.014383777647605874
2025-09-26,0.014120860383560958
2025-09-29,0.014123440183147757
2025-09-30,0.014262370572847103
2025-10-09,0.014418643001148273
2025-10-10,0.014092355438742847
2025-10-13,0.014079534333101957
2025-10-14,0.013845202100711291
2025-10-15,0.013910084439695151
2025-10-16,0.013918872214043186
2025-10-17,0.013660349512077806
2025-10-20,0.013468683843992264
2025-10-21,0.013355906545932631
2025-10-22,0.013210545504190926
2025-10-23,0.013112847249613487
2025-10-24,0.013244901501140991
2025-10-27,0.0133494708259543
2025-10-28,0.013266473295862068
2025-10-29,0.013599624106522438
2025-10-30,0.013552754106978445
2025-10-31,0.013355695688024109
2025-11-03,0.013226418100639858
2025-11-04,0.013009334405899294
2025-11-05,0.012911876106794649
2025-11-06,0.01304231932855217
2025-11-07,0.01300768828058108
2025-11-10,0.01294960248889065
2025-11-11,0.012812404627207289
2025-11-12,0.012754529129578725
2025-11-13,0.012818063951238785
2025-11-14,0.012551474361335207
2025-11-17,0.012485415603213892
2025-11-18,0.01244887331854593
2025-11-19,0.012620647660128896
2025-11-20,0.01262252695757705
2025-11-21,0.012780405311143172
2025-11-24,0.012656468556923752
2025-11-25,0.012600490240335955
2025-11-26,0.012727442303297993
2025-11-27,0.012584466870107894
2025-11-28,0.012499210285610707
2025-12-01,0.012592005215589279
2025-12-02,0.012507928350706674
2025-12-03,0.01250831982575164
2025-12-04,0.01272717299670851
2025-12-05,0.012668359597889034
2025-12-08,0.012664956463217142
2025-12-09,0.012704975152610954
2025-12-10,0.01288614712587597
2025-12-11,0.013064172832785197
2025-12-12,0.013342914187614819
2025-12-15,0.013146503686384349
2025-12-16,0.013164960971159732
2025-12-17,0.013348258402453829
2025-12-18,0.013084464635901197
2025-12-19,0.012866621545265584
2025-12-22,0.013022198936551835
2025-12-23,0.013072370155711052
2025-12-24,0.01314146529374779
2025-12-25,0.013121753208897465
2025-12-26,0.013259907195513117
2025-12-29,0.01318799723392757
2025-12-30,0.013309391759612856
2025-12-31,0.013236329255877094
2026-01-05,0.013325490685805392
2026-01-06,0.013481962870498316
2026-01-07,0.013616107200492535
2026-01-08,0.013458231312941823
2026-01-09,0.013561225204260062
2026-01-12,0.013725478512882298
2026-01-13,0.01346724843691535
2026-01-14,0.013500959612961794
2026-01-15,0.013466401392704382
2026-01-16,0.01346951159219072
2026-01-19,0.013273581219285614
2026-01-20,0.013122342568684567
2026-01-21,0.013084702752263698
2026-01-22,0.013024558862627971
2026-01-23,0.013179354009095489
2026-01-26,0.01310986827611635
2026-01-27,0.01316628323816893
2026-01-28,0.01335127325228681
2026-01-29,0.013307720652670009
2026-01-30,0.012993652555640035
2026-02-02,0.012704165423709817
2026-02-03,0.012839229198361737
2026-02-04,0.01273439012335763
2026-02-05,0.012504371414542262
2026-02-06,0.012382383224405165
2026-02-09,0.012454351943172907
2026-02-10,0.012464276285214843
2026-02-11,0.01245186653163657
2026-02-12,0.012686270428055056
2026-02-13,0.012494376577993294
2026-02-24,0.012362667797525559
2026-02-25,0.012499833505902898
