date,8841431.WI_换手率均值_20日
2009-06-25,4.866175
2009-06-26,4.87564
2009-06-29,4.8578149999999996
2009-06-30,4.794225
2009-07-01,4.75459
2009-07-02,4.732380000000001
2009-07-03,4.737865
2009-07-06,4.760095
2009-07-07,4.7541899999999995
2009-07-08,4.720689999999999
2009-07-09,4.7582450000000005
2009-07-10,4.803955
2009-07-13,4.90652
2009-07-14,5.00143
2009-07-15,5.085835
2009-07-16,5.139645
2009-07-17,5.141825
2009-07-20,5.22694
2009-07-21,5.337255
2009-07-22,5.386305
2009-07-23,5.41371
2009-07-24,5.49122
2009-07-27,5.5377
2009-07-28,5.6456800000000005
2009-07-29,5.7585749999999996
2009-07-30,5.76397
2009-07-31,5.772495
2009-08-03,5.805865
2009-08-04,5.873285
2009-08-05,5.951655000000001
2009-08-06,5.929665
2009-08-07,5.8813450000000005
2009-08-10,5.79883
2009-08-11,5.68799
2009-08-12,5.57851
2009-08-13,5.43382
2009-08-14,5.34056
2009-08-17,5.208235
2009-08-18,5.01967
2009-08-19,4.933
2009-08-20,4.830889999999999
2009-08-21,4.739065
2009-08-24,4.68814
2009-08-25,4.61126
2009-08-26,4.52536
2009-08-27,4.56722
2009-08-28,4.5027
2009-08-31,4.393655
2009-09-01,4.209210000000001
2009-09-02,4.01786
2009-09-03,3.930505
2009-09-04,3.894435
2009-09-07,3.92667
2009-09-08,3.966735
2009-09-09,3.9813400000000003
2009-09-10,4.007195
2009-09-11,4.031225000000001
2009-09-14,4.114520000000001
2009-09-15,4.260260000000001
2009-09-16,4.380764999999999
2009-09-17,4.561785
2009-09-18,4.716225
2009-09-21,4.727425
2009-09-22,4.71447
2009-09-23,4.663045
2009-09-24,4.54267
2009-09-25,4.477435
2009-09-28,4.41572
2009-09-29,4.387935000000001
2009-09-30,4.35287
2009-10-09,4.282555
2009-10-12,4.2096
2009-10-13,4.10097
2009-10-14,4.075485
2009-10-15,4.0305349999999995
2009-10-16,4.01085
2009-10-19,4.008075
2009-10-20,4.003134999999999
2009-10-21,3.985275
2009-10-22,3.921095
2009-10-23,3.849075
2009-10-26,3.7413499999999997
2009-10-27,3.7474399999999997
2009-10-28,3.71606
2009-10-29,3.70646
2009-10-30,3.7322199999999994
2009-11-02,3.8564550000000004
2009-11-03,4.04299
2009-11-04,4.22917
2009-11-05,4.426005
2009-11-06,4.64163
2009-11-09,4.77864
2009-11-10,4.919195
2009-11-11,4.987955
2009-11-12,5.10632
2009-11-13,5.22619
2009-11-16,5.384615
2009-11-17,5.440705
2009-11-18,5.498704999999999
2009-11-19,5.6364399999999995
2009-11-20,5.7376249999999995
2009-11-23,5.849505
2009-11-24,6.05996
2009-11-25,6.19559
2009-11-26,6.427165
2009-11-27,6.5180750000000005
2009-11-30,6.511185
2009-12-01,6.524215000000001
2009-12-02,6.5944199999999995
2009-12-03,6.647155000000001
2009-12-04,6.6813400000000005
2009-12-07,6.6370499999999995
2009-12-08,6.625045
2009-12-09,6.590855
2009-12-10,6.488004999999999
2009-12-11,6.3964799999999995
2009-12-14,6.22814
2009-12-15,6.106299999999999
2009-12-16,5.9885600000000005
2009-12-17,5.83566
2009-12-18,5.65214
2009-12-21,5.422005
2009-12-22,5.122615000000001
2009-12-23,4.916875
2009-12-24,4.672795
2009-12-25,4.552035
2009-12-28,4.4731749999999995
2009-12-29,4.33379
2009-12-30,4.134235
2009-12-31,3.9585
2010-01-04,3.7714999999999996
2010-01-05,3.7445500000000003
2010-01-06,3.696705
2010-01-07,3.691955
2010-01-08,3.68307
2010-01-11,3.70542
2010-01-12,3.74881
2010-01-13,3.8109349999999997
2010-01-14,3.8793949999999997
2010-01-15,3.927605
2010-01-18,4.0061800000000005
2010-01-19,4.137405
2010-01-20,4.2972399999999995
2010-01-21,4.39307
2010-01-22,4.44192
2010-01-25,4.41634
2010-01-26,4.400164999999999
2010-01-27,4.340115
2010-01-28,4.279415
2010-01-29,4.24559
2010-02-01,4.2049199999999995
2010-02-02,4.13432
2010-02-03,4.09269
2010-02-04,4.05822
2010-02-05,4.086895
2010-02-08,4.00974
2010-02-09,3.888715
2010-02-10,3.7492650000000003
2010-02-11,3.5878600000000005
2010-02-12,3.4465700000000004
2010-02-22,3.337605
2010-02-23,3.2613
2010-02-24,3.17215
2010-02-25,3.200985
2010-02-26,3.21484
2010-03-01,3.3462699999999996
2010-03-02,3.4471000000000003
2010-03-03,3.59418
2010-03-04,3.7784350000000004
2010-03-05,3.8297350000000003
2010-03-08,3.8549749999999996
2010-03-09,3.9122299999999997
2010-03-10,3.9244549999999996
2010-03-11,3.91229
2010-03-12,3.873605
2010-03-15,3.8630449999999996
2010-03-16,3.874720000000001
2010-03-17,3.9483550000000003
2010-03-18,4.03641
2010-03-19,4.12148
2010-03-22,4.193
2010-03-23,4.226705
2010-03-24,4.2324600000000006
2010-03-25,4.211354999999999
2010-03-26,4.166575
2010-03-29,4.095785
2010-03-30,4.045455
2010-03-31,3.99383
2010-04-01,3.9654599999999993
2010-04-02,4.022355
2010-04-06,4.090920000000001
2010-04-07,4.112730000000001
2010-04-08,4.171225000000001
2010-04-09,4.2409300000000005
2010-04-12,4.382815
2010-04-13,4.561310000000001
2010-04-14,4.65402
2010-04-15,4.70446
2010-04-16,4.68396
2010-04-19,4.713375
2010-04-20,4.6854700000000005
2010-04-21,4.701315
2010-04-22,4.724865
2010-04-23,4.725515
2010-04-26,4.729115
2010-04-27,4.746555
2010-04-28,4.7118899999999995
2010-04-29,4.670315
2010-04-30,4.5593900000000005
2010-05-04,4.42287
2010-05-05,4.32325
2010-05-06,4.26201
2010-05-07,4.15235
2010-05-10,4.041455
2010-05-11,3.87021
2010-05-12,3.6894149999999994
2010-05-13,3.61021
2010-05-14,3.49225
2010-05-17,3.4493
2010-05-18,3.351895
2010-05-19,3.2688
2010-05-20,3.1414850000000003
2010-05-21,3.02089
2010-05-24,2.9699999999999998
2010-05-25,2.93205
2010-05-26,2.8368450000000003
2010-05-27,2.821615
2010-05-28,2.80366
2010-05-31,2.784795
2010-06-01,2.806565
2010-06-02,2.76571
2010-06-03,2.737325
2010-06-04,2.7017650000000004
2010-06-07,2.684535
2010-06-08,2.6742999999999997
2010-06-09,2.71328
2010-06-10,2.7127
2010-06-11,2.71141
2010-06-17,2.6748350000000003
2010-06-18,2.6533949999999997
2010-06-21,2.649
2010-06-22,2.656635
2010-06-23,2.640015
2010-06-24,2.561775
2010-06-25,2.504315
2010-06-28,2.46384
2010-06-29,2.4364
2010-06-30,2.36331
2010-07-01,2.302435
2010-07-02,2.27927
2010-07-05,2.2561
2010-07-06,2.2291350000000003
2010-07-07,2.2279050000000002
2010-07-08,2.2119799999999996
2010-07-09,2.22928
2010-07-12,2.204035
2010-07-13,2.1854649999999998
2010-07-14,2.202065
2010-07-15,2.232665
2010-07-16,2.229055
2010-07-19,2.2478249999999997
2010-07-20,2.32496
2010-07-21,2.40108
2010-07-22,2.46614
2010-07-23,2.532135
2010-07-26,2.623405
2010-07-27,2.67192
2010-07-28,2.808155
2010-07-29,2.9527099999999997
2010-07-30,3.0218
2010-08-02,3.15735
2010-08-03,3.2715850000000004
2010-08-04,3.356785
2010-08-05,3.456465
2010-08-06,3.5220149999999997
2010-08-09,3.602615
2010-08-10,3.6980999999999993
2010-08-11,3.7249450000000004
2010-08-12,3.779725
2010-08-13,3.8339850000000006
2010-08-16,3.919505
2010-08-17,3.9512650000000002
2010-08-18,3.980495
2010-08-19,4.0390250000000005
2010-08-20,4.0958499999999995
2010-08-23,4.119954999999999
2010-08-24,4.153544999999999
2010-08-25,4.153445
2010-08-26,4.10617
2010-08-27,4.077859999999999
2010-08-30,4.09161
2010-08-31,4.124895
2010-09-01,4.20228
2010-09-02,4.27897
2010-09-03,4.349945
2010-09-06,4.393395
2010-09-07,4.383415
2010-09-08,4.4391799999999995
2010-09-09,4.511475
2010-09-10,4.578069999999999
2010-09-13,4.60771
2010-09-14,4.63459
2010-09-15,4.65983
2010-09-16,4.662554999999999
2010-09-17,4.59947
2010-09-20,4.553825000000001
2010-09-21,4.463
2010-09-27,4.37661
2010-09-28,4.35029
2010-09-29,4.3405450000000005
2010-09-30,4.23528
2010-10-08,4.17014
2010-10-11,4.15343
2010-10-12,4.10776
2010-10-13,4.0705849999999995
2010-10-14,4.05062
2010-10-15,4.059855000000001
2010-10-18,4.052155000000001
2010-10-19,3.984565
2010-10-20,3.98214
2010-10-21,3.944645
2010-10-22,3.9138399999999995
2010-10-25,3.93635
2010-10-26,3.9773699999999996
2010-10-27,4.096615
2010-10-28,4.180034999999999
2010-10-29,4.28874
2010-11-01,4.437785
2010-11-02,4.619314999999999
2010-11-03,4.752744999999999
2010-11-04,4.89825
2010-11-05,5.02264
2010-11-08,5.135425
2010-11-09,5.23437
2010-11-10,5.300949999999999
2010-11-11,5.3957299999999995
2010-11-12,5.524884999999999
2010-11-15,5.54282
2010-11-16,5.624955
2010-11-17,5.594860000000001
2010-11-18,5.548475
2010-11-19,5.528595
2010-11-22,5.50831
2010-11-23,5.45165
2010-11-24,5.387385
2010-11-25,5.402525
2010-11-26,5.39028
2010-11-29,5.318544999999999
2010-11-30,5.222915
2010-12-01,5.105895
2010-12-02,5.0446349999999995
2010-12-03,4.912325
2010-12-06,4.712065
2010-12-07,4.538475
2010-12-08,4.384015
2010-12-09,4.1938200000000005
2010-12-10,3.96877
2010-12-13,3.9242150000000002
2010-12-14,3.8617049999999997
2010-12-15,3.86631
2010-12-16,3.8668750000000003
2010-12-17,3.80916
2010-12-20,3.7515500000000004
2010-12-21,3.7068350000000003
2010-12-22,3.6524949999999996
2010-12-23,3.5384750000000005
2010-12-24,3.455075
2010-12-27,3.383985
2010-12-28,3.2708
2010-12-29,3.2046900000000003
2010-12-30,3.097215
2010-12-31,3.029395
2011-01-04,3.00929
2011-01-05,2.9864550000000003
2011-01-06,2.9649199999999998
2011-01-07,2.95476
2011-01-10,2.95363
2011-01-11,2.87609
2011-01-12,2.7692749999999995
2011-01-13,2.663605
2011-01-14,2.611975
2011-01-17,2.5877100000000004
2011-01-18,2.48138
2011-01-19,2.4235049999999996
2011-01-20,2.368705
2011-01-21,2.33248
2011-01-24,2.29547
2011-01-25,2.233625
2011-01-26,2.1746849999999998
2011-01-27,2.17746
2011-01-28,2.176715
2011-01-31,2.177245
2011-02-01,2.1234349999999997
2011-02-09,2.093365
2011-02-10,2.100225
2011-02-11,2.1057449999999998
2011-02-14,2.139855
2011-02-15,2.21447
2011-02-16,2.28139
2011-02-17,2.362355
2011-02-18,2.4120150000000002
2011-02-21,2.475755
2011-02-22,2.609755
2011-02-23,2.66205
2011-02-24,2.73191
2011-02-25,2.791225
2011-02-28,2.87374
2011-03-01,2.990825
2011-03-02,3.1288850000000004
2011-03-03,3.2221200000000003
2011-03-04,3.2761649999999998
2011-03-07,3.369195
2011-03-08,3.474615000000001
2011-03-09,3.5676499999999995
2011-03-10,3.6165599999999998
2011-03-11,3.67939
2011-03-14,3.74584
2011-03-15,3.7885649999999997
2011-03-16,3.8306850000000003
2011-03-17,3.85792
2011-03-18,3.866815
2011-03-21,3.84701
2011-03-22,3.7744
2011-03-23,3.7851549999999996
2011-03-24,3.8197700000000006
2011-03-25,3.89189
2011-03-28,3.96065
2011-03-29,4.01303
2011-03-30,4.013615
2011-03-31,4.00999
2011-04-01,4.01024
2011-04-06,3.98393
2011-04-07,3.980305
2011-04-08,3.977115
2011-04-11,4.003275
2011-04-12,3.9821
2011-04-13,3.942365
2011-04-14,3.914495
2011-04-15,3.9014499999999996
2011-04-18,3.92354
2011-04-19,3.9928350000000004
2011-04-20,4.0209399999999995
2011-04-21,4.0728349999999995
2011-04-22,4.087745
2011-04-25,4.052365
2011-04-26,3.981275
2011-04-27,3.884455
2011-04-28,3.77994
2011-04-29,3.68178
2011-05-03,3.60676
2011-05-04,3.5788800000000003
2011-05-05,3.5088250000000003
2011-05-06,3.4305749999999997
2011-05-09,3.362355
2011-05-10,3.2817
2011-05-11,3.234825
2011-05-12,3.216605
2011-05-13,3.17341
2011-05-16,3.118065
2011-05-17,3.0441399999999996
2011-05-18,2.946515
2011-05-19,2.914125
2011-05-20,2.8599799999999997
2011-05-23,2.8458699999999997
2011-05-24,2.8045250000000004
2011-05-25,2.76252
2011-05-26,2.7643750000000002
2011-05-27,2.769915
2011-05-30,2.78329
2011-05-31,2.777085
2011-06-01,2.77843
2011-06-02,2.79535
2011-06-03,2.79293
2011-06-07,2.7797449999999997
2011-06-08,2.77367
2011-06-09,2.76808
2011-06-10,2.7151899999999998
2011-06-13,2.667205
2011-06-14,2.65381
2011-06-15,2.62282
2011-06-16,2.60335
2011-06-17,2.550025
2011-06-20,2.500505
2011-06-21,2.42181
2011-06-22,2.38834
2011-06-23,2.39616
2011-06-24,2.41406
2011-06-27,2.4289899999999998
2011-06-28,2.44429
2011-06-29,2.4754
2011-06-30,2.48505
2011-07-01,2.505995
2011-07-04,2.5766999999999998
2011-07-05,2.649395
2011-07-06,2.689965
2011-07-07,2.7454
2011-07-08,2.77649
2011-07-11,2.813
2011-07-12,2.844145
2011-07-13,2.87158
2011-07-14,2.93865
2011-07-15,3.049525
2011-07-18,3.14173
2011-07-19,3.2041850000000003
2011-07-20,3.2502249999999995
2011-07-21,3.2765099999999996
2011-07-22,3.2465200000000003
2011-07-25,3.263745
2011-07-26,3.253895
2011-07-27,3.25387
2011-07-28,3.2409749999999997
2011-07-29,3.222895
2011-08-01,3.160575
2011-08-02,3.1097200000000003
2011-08-03,3.072025
2011-08-04,3.010875
2011-08-05,3.00436
2011-08-08,3.03469
2011-08-09,3.02849
2011-08-10,3.02828
2011-08-11,2.9968
2011-08-12,2.95379
2011-08-15,2.92321
2011-08-16,2.91703
2011-08-17,2.9177299999999997
2011-08-18,2.8939999999999997
2011-08-19,2.8760350000000003
2011-08-22,2.8028299999999997
2011-08-23,2.8041899999999997
2011-08-24,2.81202
2011-08-25,2.83649
2011-08-26,2.8485249999999995
2011-08-29,2.8594850000000003
2011-08-30,2.8621499999999997
2011-08-31,2.849195
2011-09-01,2.8282049999999996
2011-09-02,2.79281
2011-09-05,2.7135249999999997
2011-09-06,2.64291
2011-09-07,2.599135
2011-09-08,2.551965
2011-09-09,2.462335
2011-09-13,2.3890249999999997
2011-09-14,2.318935
2011-09-15,2.274155
2011-09-16,2.23158
2011-09-19,2.2047049999999997
2011-09-20,2.1775200000000003
2011-09-21,2.17653
2011-09-22,2.1590049999999996
2011-09-23,2.110085
2011-09-26,2.0501750000000003
2011-09-27,2.0129849999999996
2011-09-28,1.968765
2011-09-29,1.95182
2011-09-30,1.9088150000000002
2011-10-10,1.8573650000000002
2011-10-11,1.8418400000000001
2011-10-12,1.8665299999999998
2011-10-13,1.8763099999999997
2011-10-14,1.859825
2011-10-17,1.871465
2011-10-18,1.898635
2011-10-19,1.8976849999999998
2011-10-20,1.887905
2011-10-21,1.8714599999999997
2011-10-24,1.8655649999999997
2011-10-25,1.89956
2011-10-26,1.9076650000000002
2011-10-27,1.901185
2011-10-28,1.944275
2011-10-31,1.99559
2011-11-01,2.04482
2011-11-02,2.1156599999999997
2011-11-03,2.22867
2011-11-04,2.320215
2011-11-07,2.39736
2011-11-08,2.440175
2011-11-09,2.46549
2011-11-10,2.50495
2011-11-11,2.54738
2011-11-14,2.61729
2011-11-15,2.67382
2011-11-16,2.774125
2011-11-17,2.8155
2011-11-18,2.88179
2011-11-21,2.9049300000000002
2011-11-22,2.8910899999999997
2011-11-23,2.8555449999999998
2011-11-24,2.83369
2011-11-25,2.785485
2011-11-28,2.744735
2011-11-29,2.7136
2011-11-30,2.689775
2011-12-01,2.61663
2011-12-02,2.55698
2011-12-05,2.50683
2011-12-06,2.4587049999999997
2011-12-07,2.3923099999999997
2011-12-08,2.3262549999999997
2011-12-09,2.261745
2011-12-12,2.15927
2011-12-13,2.0854749999999997
2011-12-14,1.9686449999999998
2011-12-15,1.91359
2011-12-16,1.8594249999999999
2011-12-19,1.8270699999999997
2011-12-20,1.80119
2011-12-21,1.779605
2011-12-22,1.7825600000000001
2011-12-23,1.7627549999999998
2011-12-26,1.7308149999999998
2011-12-27,1.69502
2011-12-28,1.62764
2011-12-29,1.55384
2011-12-30,1.52757
2012-01-04,1.5158749999999999
2012-01-05,1.522355
2012-01-06,1.522075
2012-01-09,1.5351650000000001
2012-01-10,1.6154800000000002
2012-01-11,1.6894399999999998
2012-01-12,1.712685
2012-01-13,1.760005
2012-01-16,1.7537399999999999
2012-01-17,1.7832899999999998
2012-01-18,1.814725
2012-01-19,1.818385
2012-01-20,1.81779
2012-01-30,1.79509
2012-01-31,1.78887
2012-02-01,1.81222
2012-02-02,1.83644
2012-02-03,1.8943249999999998
2012-02-06,1.957705
2012-02-07,1.98856
2012-02-08,2.04069
2012-02-09,2.11858
2012-02-10,2.1885950000000003
2012-02-13,2.232995
2012-02-14,2.2160599999999997
2012-02-15,2.2536
2012-02-16,2.314145
2012-02-17,2.329345
2012-02-20,2.39587
2012-02-21,2.43065
2012-02-22,2.51933
2012-02-23,2.61276
2012-02-24,2.71413
2012-02-27,2.84465
2012-02-28,2.952055
2012-02-29,3.00745
2012-03-01,3.03979
2012-03-02,3.057815
2012-03-05,3.092645
2012-03-06,3.14389
2012-03-07,3.177295
2012-03-08,3.171005
2012-03-09,3.1865650000000003
2012-03-12,3.191815
2012-03-13,3.2294899999999997
2012-03-14,3.3195099999999997
2012-03-15,3.3144649999999998
2012-03-16,3.343195
2012-03-19,3.36058
2012-03-20,3.3613950000000004
2012-03-21,3.30287
2012-03-22,3.2523899999999997
2012-03-23,3.1936950000000004
2012-03-26,3.07564
2012-03-27,2.99594
2012-03-28,2.99488
2012-03-29,2.977205
2012-03-30,2.92693
2012-04-05,2.8650349999999998
2012-04-06,2.812995
2012-04-09,2.749235
2012-04-10,2.703665
2012-04-11,2.67463
2012-04-12,2.6942700000000004
2012-04-13,2.7047350000000003
2012-04-16,2.60203
2012-04-17,2.6105
2012-04-18,2.63706
2012-04-19,2.6392249999999997
2012-04-20,2.660635
2012-04-23,2.70332
2012-04-24,2.778705
2012-04-25,2.833925
2012-04-26,2.9186349999999996
2012-04-27,2.949965
2012-05-02,2.961485
2012-05-03,2.98717
2012-05-04,3.036795
2012-05-07,3.0820600000000002
2012-05-08,3.13081
2012-05-09,3.18941
2012-05-10,3.2066450000000004
2012-05-11,3.20561
2012-05-14,3.1621499999999996
2012-05-15,3.101245
2012-05-16,3.0539549999999998
2012-05-17,3.007535
2012-05-18,2.957545
2012-05-21,2.90587
2012-05-22,2.8388750000000003
2012-05-23,2.7723799999999996
2012-05-24,2.6856850000000003
2012-05-25,2.623565
2012-05-28,2.561305
2012-05-29,2.5741249999999996
2012-05-30,2.55964
2012-05-31,2.5513350000000004
2012-06-01,2.515205
2012-06-04,2.48588
2012-06-05,2.40914
2012-06-06,2.336995
2012-06-07,2.3027550000000003
2012-06-08,2.2741700000000002
2012-06-11,2.252525
2012-06-12,2.22658
2012-06-13,2.228265
2012-06-14,2.2132650000000003
2012-06-15,2.1843150000000002
2012-06-18,2.190055
2012-06-19,2.2042349999999997
2012-06-20,2.2077299999999997
2012-06-21,2.212865
2012-06-25,2.202495
2012-06-26,2.1772
2012-06-27,2.13572
2012-06-28,2.097805
2012-06-29,2.06096
2012-07-02,2.045055
2012-07-03,2.045205
2012-07-04,2.0712099999999998
2012-07-05,2.089855
2012-07-06,2.10222
2012-07-09,2.104845
2012-07-10,2.0746200000000004
2012-07-11,2.051845
2012-07-12,2.03696
2012-07-13,2.01525
2012-07-16,2.02111
2012-07-17,1.9792850000000002
2012-07-18,1.9501950000000001
2012-07-19,1.941535
2012-07-20,1.911655
2012-07-23,1.885615
2012-07-24,1.87641
2012-07-25,1.860345
2012-07-26,1.834525
2012-07-27,1.8140199999999997
2012-07-30,1.7992599999999999
2012-07-31,1.74667
2012-08-01,1.70581
2012-08-02,1.6706699999999999
2012-08-03,1.64724
2012-08-06,1.6512049999999998
2012-08-07,1.6880849999999998
2012-08-08,1.7190749999999997
2012-08-09,1.7355349999999998
2012-08-10,1.758885
2012-08-13,1.7523500000000003
2012-08-14,1.767005
2012-08-15,1.7667899999999999
2012-08-16,1.7316449999999999
2012-08-17,1.710465
2012-08-20,1.706675
2012-08-21,1.7457999999999998
2012-08-22,1.77415
2012-08-23,1.8364249999999998
2012-08-24,1.8853950000000002
2012-08-27,1.89512
2012-08-28,1.9106
2012-08-29,1.944775
2012-08-30,1.990335
2012-08-31,1.986345
2012-09-03,1.9722950000000001
2012-09-04,1.96123
2012-09-05,1.9754250000000002
2012-09-06,1.981605
2012-09-07,2.07263
2012-09-10,2.14544
2012-09-11,2.199365
2012-09-12,2.257325
2012-09-13,2.3111450000000002
2012-09-14,2.3597099999999998
2012-09-17,2.39447
2012-09-18,2.366385
2012-09-19,2.34262
2012-09-20,2.318045
2012-09-21,2.279505
2012-09-24,2.265085
2012-09-25,2.247255
2012-09-26,2.225575
2012-09-27,2.21208
2012-09-28,2.22525
2012-10-08,2.215505
2012-10-09,2.23847
2012-10-10,2.2692749999999995
2012-10-11,2.274695
2012-10-12,2.16886
2012-10-15,2.101325
2012-10-16,2.0551500000000003
2012-10-17,2.00591
2012-10-18,2.006055
2012-10-19,2.008095
2012-10-22,1.9994899999999998
2012-10-23,2.03043
2012-10-24,2.050435
2012-10-25,2.07234
2012-10-26,2.10016
2012-10-29,2.092245
2012-10-30,2.09348
2012-10-31,2.086355
2012-11-01,2.091955
2012-11-02,2.0993899999999996
2012-11-05,2.1189150000000003
2012-11-06,2.1010649999999997
2012-11-07,2.0452950000000003
2012-11-08,2.0217850000000004
2012-11-09,1.99933
2012-11-12,1.9730699999999999
2012-11-13,1.9737149999999999
2012-11-14,1.9568750000000001
2012-11-15,1.8982949999999998
2012-11-16,1.847895
2012-11-19,1.80822
2012-11-20,1.7602550000000001
2012-11-21,1.74129
2012-11-22,1.6872099999999999
2012-11-23,1.6504349999999999
2012-11-26,1.6448049999999999
2012-11-27,1.669275
2012-11-28,1.6750450000000001
2012-11-29,1.64377
2012-11-30,1.613815
2012-12-03,1.5868350000000002
2012-12-04,1.566485
2012-12-05,1.60983
2012-12-06,1.601025
2012-12-07,1.6463750000000001
2012-12-10,1.7042549999999999
2012-12-11,1.7308600000000003
2012-12-12,1.75307
2012-12-13,1.7706149999999998
2012-12-14,1.8698799999999998
2012-12-17,1.9489899999999998
2012-12-18,2.00822
2012-12-19,2.02691
2012-12-20,2.076385
2012-12-21,2.137475
2012-12-24,2.192105
2012-12-25,2.2791349999999997
2012-12-26,2.3960649999999997
2012-12-27,2.513495
2012-12-28,2.599315
2012-12-31,2.66777
2013-01-04,2.7274849999999997
2013-01-07,2.746295
2013-01-08,2.84652
2013-01-09,2.913495
2013-01-10,2.9424900000000003
2013-01-11,3.012275
2013-01-14,3.10932
2013-01-15,3.2603549999999997
2013-01-16,3.288965
2013-01-17,3.3118749999999997
2013-01-18,3.344985
2013-01-21,3.4048749999999997
2013-01-22,3.448225
2013-01-23,3.4452550000000004
2013-01-24,3.491015
2013-01-25,3.41965
2013-01-28,3.3528149999999997
2013-01-29,3.3151199999999994
2013-01-30,3.30974
2013-01-31,3.31478
2013-02-01,3.308825
2013-02-04,3.29408
2013-02-05,3.21194
2013-02-06,3.1326400000000003
2013-02-07,3.0692250000000003
2013-02-08,2.99721
2013-02-18,2.942925
2013-02-19,2.8481899999999998
2013-02-20,2.8139200000000004
2013-02-21,2.8308950000000004
2013-02-22,2.8067750000000005
2013-02-25,2.774975
2013-02-26,2.76911
2013-02-27,2.779695
2013-02-28,2.786205
2013-03-01,2.875825
2013-03-04,2.950335
2013-03-05,2.959985
2013-03-06,3.02556
2013-03-07,3.08209
2013-03-08,3.086935
2013-03-11,3.076055
2013-03-12,3.134395
2013-03-13,3.135425
2013-03-14,3.129215
2013-03-15,3.1280200000000002
2013-03-18,3.0859650000000003
2013-03-19,3.040645
2013-03-20,3.009055
2013-03-21,2.9780699999999998
2013-03-22,2.97402
2013-03-25,2.9676400000000003
2013-03-26,2.93719
2013-03-27,2.916195
2013-03-28,2.873135
2013-03-29,2.7664
2013-04-01,2.65194
2013-04-02,2.595015
2013-04-03,2.48087
2013-04-08,2.37406
2013-04-09,2.3141299999999996
2013-04-10,2.26447
2013-04-11,2.1655100000000003
2013-04-12,2.118005
2013-04-15,2.082935
2013-04-16,2.0295599999999996
2013-04-17,1.99421
2013-04-18,1.9678550000000001
2013-04-19,1.9402300000000001
2013-04-22,1.89114
2013-04-23,1.85777
2013-04-24,1.8325899999999997
2013-04-25,1.81614
2013-04-26,1.7882149999999999
2013-05-02,1.7267300000000003
2013-05-03,1.7300799999999998
2013-05-06,1.76449
2013-05-07,1.7704650000000002
2013-05-08,1.7978750000000001
2013-05-09,1.8489049999999998
2013-05-10,1.90802
2013-05-13,1.95337
2013-05-14,2.002675
2013-05-15,2.0518
2013-05-16,2.1429300000000002
2013-05-17,2.24633
2013-05-20,2.38059
2013-05-21,2.509195
2013-05-22,2.59468
2013-05-23,2.6581799999999998
2013-05-24,2.7187349999999997
2013-05-27,2.7766800000000003
2013-05-28,2.837265
2013-05-29,2.90881
2013-05-30,3.00793
2013-05-31,3.08558
2013-06-03,3.11596
2013-06-04,3.1563899999999996
2013-06-05,3.139135
2013-06-06,3.1075600000000003
2013-06-07,3.085845
2013-06-13,3.07526
2013-06-14,3.05425
2013-06-17,3.03781
2013-06-18,2.974185
2013-06-19,2.898555
2013-06-20,2.79085
2013-06-21,2.679235
2013-06-24,2.593985
2013-06-25,2.56115
2013-06-26,2.5114150000000004
2013-06-27,2.4640899999999997
2013-06-28,2.377555
2013-07-01,2.29947
2013-07-02,2.2283
2013-07-03,2.15822
2013-07-04,2.1224649999999996
2013-07-05,2.08419
2013-07-08,2.084655
2013-07-09,2.0452850000000002
2013-07-10,2.02414
2013-07-11,2.050535
2013-07-12,2.073875
2013-07-15,2.0943300000000002
2013-07-16,2.12608
2013-07-17,2.1627300000000003
2013-07-18,2.1943900000000003
2013-07-19,2.24039
2013-07-22,2.24526
2013-07-23,2.255005
2013-07-24,2.2818199999999997
2013-07-25,2.296435
2013-07-26,2.31798
2013-07-29,2.33839
2013-07-30,2.343195
2013-07-31,2.345085
2013-08-01,2.37374
2013-08-02,2.4200049999999997
2013-08-05,2.4540599999999997
2013-08-06,2.539125
2013-08-07,2.59582
2013-08-08,2.59062
2013-08-09,2.6064350000000003
2013-08-12,2.646025
2013-08-13,2.666145
2013-08-14,2.69692
2013-08-15,2.7172199999999997
2013-08-16,2.72853
2013-08-19,2.7316499999999997
2013-08-20,2.7209
2013-08-21,2.703975
2013-08-22,2.71106
2013-08-23,2.7544150000000003
2013-08-26,2.8012
2013-08-27,2.861885
2013-08-28,2.9206499999999997
2013-08-29,2.92148
2013-08-30,2.949625
2013-09-02,2.9373050000000003
2013-09-03,2.9206049999999997
2013-09-04,2.89848
2013-09-05,2.90287
2013-09-06,2.895315
2013-09-09,2.878585
2013-09-10,2.882705
2013-09-11,2.888195
2013-09-12,2.8864849999999995
2013-09-13,2.87211
2013-09-16,2.889895
2013-09-17,2.896865
2013-09-18,2.878625
2013-09-23,2.8821950000000003
2013-09-24,2.8756150000000003
2013-09-25,2.86487
2013-09-26,2.8421
2013-09-27,2.7846
2013-09-30,2.739445
2013-10-08,2.68363
2013-10-09,2.6942049999999997
2013-10-10,2.707095
2013-10-11,2.72399
2013-10-14,2.7553549999999998
2013-10-15,2.7856199999999998
2013-10-16,2.81215
2013-10-17,2.7982249999999995
2013-10-18,2.7443999999999997
2013-10-21,2.75442
2013-10-22,2.7849
2013-10-23,2.801705
2013-10-24,2.7754
2013-10-25,2.7808800000000002
2013-10-28,2.7348950000000003
2013-10-29,2.730125
2013-10-30,2.68776
2013-10-31,2.6546499999999997
2013-11-01,2.637505
2013-11-04,2.617245
2013-11-05,2.591145
2013-11-06,2.572305
2013-11-07,2.51181
2013-11-08,2.45234
2013-11-11,2.3646800000000003
2013-11-12,2.30234
2013-11-13,2.2308
2013-11-14,2.208475
2013-11-15,2.24349
2013-11-18,2.2467449999999998
2013-11-19,2.24226
2013-11-20,2.245185
2013-11-21,2.2757300000000003
2013-11-22,2.285305
2013-11-25,2.3052599999999996
2013-11-26,2.29266
2013-11-27,2.33364
2013-11-28,2.38153
2013-11-29,2.452325
2013-12-02,2.559055
2013-12-03,2.58653
2013-12-04,2.61426
2013-12-05,2.65325
2013-12-06,2.675745
2013-12-09,2.71055
2013-12-10,2.7388850000000002
2013-12-11,2.764865
2013-12-12,2.766255
2013-12-13,2.73537
2013-12-16,2.707055
2013-12-17,2.65879
2013-12-18,2.608065
2013-12-19,2.5605
2013-12-20,2.53448
2013-12-23,2.5119800000000003
2013-12-24,2.47437
2013-12-25,2.43932
2013-12-26,2.406865
2013-12-27,2.367385
2013-12-30,2.3058349999999996
2013-12-31,2.28282
2014-01-02,2.253985
2014-01-03,2.24335
2014-01-06,2.2457700000000003
2014-01-07,2.231155
2014-01-08,2.217285
2014-01-09,2.20042
2014-01-10,2.184895
2014-01-13,2.14215
2014-01-14,2.100675
2014-01-15,2.07989
2014-01-16,2.07484
2014-01-17,2.06706
2014-01-20,2.04957
2014-01-21,2.042005
2014-01-22,2.0721499999999997
2014-01-23,2.0925199999999995
2014-01-24,2.10037
2014-01-27,2.0917649999999997
2014-01-28,2.063155
2014-01-29,2.04847
2014-01-30,1.9989649999999997
2014-02-07,1.9740950000000002
2014-02-10,2.0178399999999996
2014-02-11,2.0705999999999998
2014-02-12,2.125575
2014-02-13,2.183115
2014-02-14,2.23725
2014-02-17,2.343335
2014-02-18,2.44084
2014-02-19,2.5234949999999996
2014-02-20,2.60516
2014-02-21,2.6430949999999998
2014-02-24,2.696705
2014-02-25,2.7882599999999997
2014-02-26,2.7898799999999997
2014-02-27,2.797305
2014-02-28,2.7790799999999996
2014-03-03,2.79595
2014-03-04,2.8181149999999997
2014-03-05,2.840715
2014-03-06,2.875495
2014-03-07,2.881855
2014-03-10,2.84133
2014-03-11,2.80115
2014-03-12,2.7536
2014-03-13,2.698035
2014-03-14,2.65347
2014-03-17,2.596865
2014-03-18,2.543525
2014-03-19,2.51199
2014-03-20,2.4867999999999997
2014-03-21,2.508305
2014-03-24,2.530755
2014-03-25,2.49369
2014-03-26,2.48789
2014-03-27,2.49664
2014-03-28,2.5330500000000002
2014-03-31,2.507345
2014-04-01,2.484605
2014-04-02,2.4679900000000004
2014-04-03,2.45925
2014-04-04,2.44769
2014-04-08,2.4390799999999997
2014-04-09,2.44417
2014-04-10,2.454345
2014-04-11,2.4657349999999996
2014-04-14,2.47546
2014-04-15,2.47698
2014-04-16,2.46723
2014-04-17,2.43605
2014-04-18,2.392155
2014-04-21,2.368525
2014-04-22,2.337005
2014-04-23,2.300915
2014-04-24,2.290235
2014-04-25,2.27281
2014-04-28,2.236425
2014-04-29,2.22255
2014-04-30,2.21535
2014-05-05,2.2094549999999997
2014-05-06,2.212665
2014-05-07,2.217895
2014-05-08,2.19616
2014-05-09,2.16225
2014-05-12,2.12718
2014-05-13,2.092045
2014-05-14,2.048515
2014-05-15,2.00359
2014-05-16,1.949595
2014-05-19,1.903135
2014-05-20,1.8655300000000001
2014-05-21,1.81068
2014-05-22,1.772305
2014-05-23,1.7384
2014-05-26,1.715775
2014-05-27,1.6779350000000002
2014-05-28,1.667765
2014-05-29,1.67303
2014-05-30,1.6787649999999998
2014-06-03,1.669915
2014-06-04,1.65272
2014-06-05,1.6474049999999998
2014-06-06,1.6526699999999999
2014-06-09,1.65262
2014-06-10,1.65394
2014-06-11,1.668365
2014-06-12,1.6985050000000002
2014-06-13,1.7295950000000002
2014-06-16,1.7766550000000003
2014-06-17,1.822695
2014-06-18,1.864875
2014-06-19,1.9046600000000002
2014-06-20,1.89725
2014-06-23,1.909205
2014-06-24,1.907515
2014-06-25,1.9011099999999999
2014-06-26,1.905375
2014-06-27,1.93264
2014-06-30,1.96916
2014-07-01,2.010315
2014-07-02,2.049625
2014-07-03,2.0924050000000003
2014-07-04,2.123075
2014-07-07,2.158765
2014-07-08,2.1749300000000003
2014-07-09,2.211795
2014-07-10,2.22775
2014-07-11,2.243765
2014-07-14,2.25844
2014-07-15,2.2845950000000004
2014-07-16,2.30728
2014-07-17,2.304785
2014-07-18,2.3334699999999997
2014-07-21,2.35521
2014-07-22,2.381
2014-07-23,2.417945
2014-07-24,2.43646
2014-07-25,2.43263
2014-07-28,2.460255
2014-07-29,2.500895
2014-07-30,2.5369
2014-07-31,2.54607
2014-08-01,2.583455
2014-08-04,2.608425
2014-08-05,2.6569499999999997
2014-08-06,2.672395
2014-08-07,2.69923
2014-08-08,2.702665
2014-08-11,2.73601
2014-08-12,2.756685
2014-08-13,2.79074
2014-08-14,2.8598399999999997
2014-08-15,2.91098
2014-08-18,3.0009699999999997
2014-08-19,3.1005
2014-08-20,3.180545
2014-08-21,3.235965
2014-08-22,3.2960899999999995
2014-08-25,3.3029599999999997
2014-08-26,3.3135199999999996
2014-08-27,3.277915
2014-08-28,3.263225
2014-08-29,3.21017
2014-09-01,3.2114599999999998
2014-09-02,3.23017
2014-09-03,3.279725
2014-09-04,3.3311299999999995
2014-09-05,3.3762250000000003
2014-09-09,3.4003550000000002
2014-09-10,3.439215
2014-09-11,3.5269400000000006
2014-09-12,3.5671399999999998
2014-09-15,3.6390649999999996
2014-09-16,3.72132
2014-09-17,3.7287350000000004
2014-09-18,3.710165
2014-09-19,3.7129400000000006
2014-09-22,3.7175199999999995
2014-09-23,3.739685
2014-09-24,3.7698099999999997
2014-09-25,3.8482100000000004
2014-09-26,3.88723
2014-09-29,3.977175
2014-09-30,4.0178449999999994
2014-10-08,4.02586
2014-10-09,4.041225
2014-10-10,4.033600000000001
2014-10-13,4.0424050000000005
2014-10-14,4.0228
2014-10-15,3.9955100000000003
2014-10-16,3.9322150000000002
2014-10-17,3.915055
2014-10-20,3.82269
2014-10-21,3.687005
2014-10-22,3.613655
2014-10-23,3.587095
2014-10-24,3.5192949999999996
2014-10-27,3.4402550000000005
2014-10-28,3.4115249999999997
2014-10-29,3.40895
2014-10-30,3.3878299999999997
2014-10-31,3.3800099999999995
2014-11-03,3.363785
2014-11-04,3.3546950000000004
2014-11-05,3.31892
2014-11-06,3.2506299999999997
2014-11-07,3.24003
2014-11-10,3.20126
2014-11-11,3.2284750000000004
2014-11-12,3.17265
2014-11-13,3.12656
2014-11-14,3.032145
2014-11-17,3.00976
2014-11-18,2.981725
2014-11-19,2.972435
2014-11-20,2.946325
2014-11-21,2.972715
2014-11-24,3.0537549999999998
2014-11-25,3.07669
2014-11-26,3.06719
2014-11-27,3.0940149999999997
2014-11-28,3.146345
2014-12-01,3.158085
2014-12-02,3.1614
2014-12-03,3.2286200000000003
2014-12-04,3.307355
2014-12-05,3.3734699999999997
2014-12-08,3.4329100000000006
2014-12-09,3.49537
2014-12-10,3.5405699999999998
2014-12-11,3.5764000000000005
2014-12-12,3.651
2014-12-15,3.724125
2014-12-16,3.78219
2014-12-17,3.8240499999999997
2014-12-18,3.837355
2014-12-19,3.8633450000000003
2014-12-22,3.890155
2014-12-23,3.8329999999999997
2014-12-24,3.7655849999999993
2014-12-25,3.677930000000001
2014-12-26,3.5904049999999996
2014-12-29,3.536055
2014-12-30,3.4878549999999997
2014-12-31,3.3831050000000005
2015-01-05,3.2991749999999995
2015-01-06,3.20518
2015-01-07,3.1253450000000003
2015-01-08,3.0058350000000003
2015-01-09,2.97593
2015-01-12,2.90637
2015-01-13,2.828715
2015-01-14,2.7408650000000003
2015-01-15,2.669775
2015-01-16,2.6091749999999996
2015-01-19,2.630825
2015-01-20,2.614985
2015-01-21,2.5933800000000002
2015-01-22,2.6553150000000003
2015-01-23,2.7008
2015-01-26,2.74399
2015-01-27,2.81716
2015-01-28,2.845675
2015-01-29,2.85522
2015-01-30,2.8779
2015-02-02,2.86025
2015-02-03,2.8437449999999997
2015-02-04,2.856945
2015-02-05,2.86487
2015-02-06,2.866155
2015-02-09,2.8534
2015-02-10,2.8453799999999996
2015-02-11,2.84432
2015-02-12,2.85895
2015-02-13,2.8927050000000003
2015-02-16,2.876705
2015-02-17,2.8537150000000002
2015-02-25,2.794365
2015-02-26,2.749805
2015-02-27,2.745155
2015-03-02,2.794755
2015-03-03,2.8221649999999996
2015-03-04,2.85541
2015-03-05,2.92483
2015-03-06,2.98517
2015-03-09,3.04432
2015-03-10,3.099285
2015-03-11,3.15433
2015-03-12,3.192545
2015-03-13,3.224985
2015-03-16,3.3806399999999996
2015-03-17,3.5760349999999996
2015-03-18,3.738825
2015-03-19,3.8952149999999994
2015-03-20,3.998955
2015-03-23,4.1234649999999995
2015-03-24,4.301455
2015-03-25,4.444025
2015-03-26,4.558885
2015-03-27,4.60882
2015-03-30,4.647295
2015-03-31,4.68271
2015-04-01,4.72803
2015-04-02,4.80301
2015-04-03,4.899975
2015-04-07,5.0092
2015-04-08,5.107495
2015-04-09,5.190720000000001
2015-04-10,5.268695
2015-04-13,5.397475
2015-04-14,5.40828
2015-04-15,5.369865
2015-04-16,5.33188
2015-04-17,5.3121100000000006
2015-04-20,5.339799999999999
2015-04-21,5.31332
2015-04-22,5.299049999999999
2015-04-23,5.33307
2015-04-24,5.36929
2015-04-27,5.45835
2015-04-28,5.475645
2015-04-29,5.4296500000000005
2015-04-30,5.452145
2015-05-04,5.399875
2015-05-05,5.34797
2015-05-06,5.271230000000001
2015-05-07,5.17445
2015-05-08,5.13161
2015-05-11,5.155320000000001
2015-05-12,5.185465000000001
2015-05-13,5.2352799999999995
2015-05-14,5.26689
2015-05-15,5.314675
2015-05-18,5.35165
2015-05-19,5.34947
2015-05-20,5.433055
2015-05-21,5.449895
2015-05-22,5.499155
2015-05-25,5.550045
2015-05-26,5.59039
2015-05-27,5.667865000000001
2015-05-28,5.82859
2015-05-29,5.87786
2015-06-01,5.915865
2015-06-02,5.995165
2015-06-03,6.084535
2015-06-04,6.17986
2015-06-05,6.26939
2015-06-08,6.29221
2015-06-09,6.19314
2015-06-10,6.132805
2015-06-11,6.108575
2015-06-12,6.09775
2015-06-15,6.05009
2015-06-16,5.9934400000000005
2015-06-17,5.886445
2015-06-18,5.7819650000000005
2015-06-19,5.633635
2015-06-23,5.516195000000001
2015-06-24,5.408345
2015-06-25,5.2963000000000005
2015-06-26,5.16084
2015-06-29,5.14264
2015-06-30,5.26153
2015-07-01,5.28414
2015-07-02,5.304925
2015-07-03,5.360025
2015-07-06,5.47001
2015-07-07,5.3322899999999995
2015-07-08,5.366675
2015-07-09,5.488989999999999
2015-07-10,5.419015
2015-07-13,5.412705
2015-07-14,5.549329999999999
2015-07-15,5.775995
2015-07-16,6.000115
2015-07-17,6.191025
2015-07-20,6.437245
2015-07-21,6.6339950000000005
2015-07-22,6.81708
2015-07-23,7.0244
2015-07-24,7.247445000000001
2015-07-27,7.352185
2015-07-28,7.396860000000001
2015-07-29,7.42453
2015-07-30,7.485974999999999
2015-07-31,7.43265
2015-08-03,7.287455
2015-08-04,7.442004999999999
2015-08-05,7.56746
2015-08-06,7.475185000000001
2015-08-07,7.653025000000001
2015-08-10,7.819
2015-08-11,7.8864149999999995
2015-08-12,7.7883949999999995
2015-08-13,7.710804999999999
2015-08-14,7.734985
2015-08-17,7.674035000000001
2015-08-18,7.676795
2015-08-19,7.64526
2015-08-20,7.5393799999999995
2015-08-21,7.3579799999999995
2015-08-24,7.156495
2015-08-25,6.9661
2015-08-26,6.992985
2015-08-27,6.9281950000000005
2015-08-28,7.005785
2015-08-31,7.01973
2015-09-01,6.965155
2015-09-02,6.854705
2015-09-07,6.8373800000000005
2015-09-08,6.7423899999999986
2015-09-09,6.70602
2015-09-10,6.549345
2015-09-11,6.43835
2015-09-14,6.372020000000001
2015-09-15,6.205715
2015-09-16,6.100265
2015-09-17,6.009704999999999
2015-09-18,5.854265
2015-09-21,5.7917700000000005
2015-09-22,5.828525
2015-09-23,5.888915
2015-09-24,5.9081150000000004
2015-09-25,5.767535
2015-09-28,5.63532
2015-09-29,5.471025
2015-09-30,5.356145
2015-10-08,5.3637
2015-10-09,5.374915
2015-10-12,5.476190000000001
2015-10-13,5.536495
2015-10-14,5.471894999999999
2015-10-15,5.519995
2015-10-16,5.6649
2015-10-19,5.729774999999999
2015-10-20,5.80943
2015-10-21,5.929975000000001
2015-10-22,5.929055
2015-10-23,6.05376
2015-10-26,6.155469999999999
2015-10-27,6.179675
2015-10-28,6.23844
2015-10-29,6.242175
2015-10-30,6.249070000000001
2015-11-02,6.314025
2015-11-03,6.34686
2015-11-04,6.514444999999999
2015-11-05,6.6212800000000005
2015-11-06,6.682729999999999
2015-11-09,6.684524999999999
2015-11-10,6.7024349999999995
2015-11-11,6.714239999999999
2015-11-12,6.728109999999999
2015-11-13,6.659619999999999
2015-11-16,6.57213
2015-11-17,6.586415
2015-11-18,6.456060000000001
2015-11-19,6.363709999999999
2015-11-20,6.316965
2015-11-23,6.24238
2015-11-24,6.155895
2015-11-25,6.125565
2015-11-26,6.170645
2015-11-27,6.2329099999999995
2015-11-30,6.2695099999999995
2015-12-01,6.282665
2015-12-02,6.1564250000000005
2015-12-03,5.986875
2015-12-04,5.89552
2015-12-07,5.763685
2015-12-08,5.679785
2015-12-09,5.55499
2015-12-10,5.40705
2015-12-11,5.27343
2015-12-14,5.181815
2015-12-15,5.037605
2015-12-16,4.97524
2015-12-17,5.031725
2015-12-18,5.020545
2015-12-21,4.98205
2015-12-22,4.97609
2015-12-23,4.959455
2015-12-24,4.8756900000000005
2015-12-25,4.783665
2015-12-28,4.773825
2015-12-29,4.740045
2015-12-30,4.730715
2015-12-31,4.71932
2016-01-04,4.65573
2016-01-05,4.701490000000001
2016-01-06,4.657005
2016-01-07,4.50925
2016-01-08,4.5733749999999995
2016-01-11,4.628919999999999
2016-01-12,4.636815
2016-01-13,4.621885000000001
2016-01-14,4.62915
2016-01-15,4.5343
2016-01-18,4.424815000000001
2016-01-19,4.37611
2016-01-20,4.343355
2016-01-21,4.263534999999999
2016-01-22,4.209529999999999
2016-01-25,4.14414
2016-01-26,4.06712
2016-01-27,4.0678849999999995
2016-01-28,4.020395
2016-01-29,3.991185
2016-02-01,3.9525550000000003
2016-02-02,3.8399699999999997
2016-02-03,3.7773499999999998
2016-02-04,3.89906
2016-02-05,3.7773050000000006
2016-02-15,3.6655949999999997
2016-02-16,3.657925
2016-02-17,3.6734999999999998
2016-02-18,3.6569200000000004
2016-02-19,3.6260050000000006
2016-02-22,3.64693
2016-02-23,3.622985
2016-02-24,3.609395
2016-02-25,3.6505549999999998
2016-02-26,3.676355
2016-02-29,3.707315
2016-03-01,3.6804
2016-03-02,3.6851849999999997
2016-03-03,3.7442
2016-03-04,3.794285
2016-03-07,3.833325
2016-03-08,3.8756150000000007
2016-03-09,3.8823250000000002
2016-03-10,3.8494349999999997
2016-03-11,3.8345550000000004
2016-03-14,3.913995
2016-03-15,3.90077
2016-03-16,3.90229
2016-03-17,3.9399500000000005
2016-03-18,4.070155
2016-03-21,4.15251
2016-03-22,4.210575
2016-03-23,4.220215
2016-03-24,4.2129650000000005
2016-03-25,4.18637
2016-03-28,4.20596
2016-03-29,4.2164150000000005
2016-03-30,4.201945
2016-03-31,4.20244
2016-04-01,4.180815
2016-04-05,4.250005
2016-04-06,4.276615
2016-04-07,4.335800000000001
2016-04-08,4.376855000000001
2016-04-11,4.45432
2016-04-12,4.44743
2016-04-13,4.518915
2016-04-14,4.53282
2016-04-15,4.517919999999999
2016-04-18,4.420075
2016-04-19,4.31418
2016-04-20,4.35806
2016-04-21,4.349545000000001
2016-04-22,4.28026
2016-04-25,4.259635
2016-04-26,4.196765
2016-04-27,4.19716
2016-04-28,4.16163
2016-04-29,4.06196
2016-05-03,4.0533150000000004
2016-05-04,3.9758449999999996
2016-05-05,3.8844149999999997
2016-05-06,3.898475
2016-05-09,3.91122
2016-05-10,3.830965
2016-05-11,3.77419
2016-05-12,3.668875
2016-05-13,3.5714099999999993
2016-05-16,3.48136
2016-05-17,3.4225149999999998
2016-05-18,3.390005
2016-05-19,3.21972
2016-05-20,3.12773
2016-05-23,3.097255
2016-05-24,3.0696849999999998
2016-05-25,3.0305600000000004
2016-05-26,2.970465
2016-05-27,2.91948
2016-05-30,2.895355
2016-05-31,2.893245
2016-06-01,2.8980550000000003
2016-06-02,2.904755
2016-06-03,2.835285
2016-06-06,2.78003
2016-06-07,2.79623
2016-06-08,2.802185
2016-06-13,2.839385
2016-06-14,2.844505
2016-06-15,2.870835
2016-06-16,2.9019749999999997
2016-06-17,2.909255
2016-06-20,2.937435
2016-06-21,2.9993600000000002
2016-06-22,3.009525
2016-06-23,3.02206
2016-06-24,3.08104
2016-06-27,3.103585
2016-06-28,3.17044
2016-06-29,3.239505
2016-06-30,3.196645
2016-07-01,3.14704
2016-07-04,3.1789199999999997
2016-07-05,3.21682
2016-07-06,3.262175
2016-07-07,3.322835
2016-07-08,3.3523400000000003
2016-07-11,3.3737299999999997
2016-07-12,3.4393299999999996
2016-07-13,3.4598850000000008
2016-07-14,3.4483149999999996
2016-07-15,3.4365949999999996
2016-07-18,3.433735
2016-07-19,3.390995
2016-07-20,3.4045249999999996
2016-07-21,3.4351
2016-07-22,3.4066699999999996
2016-07-25,3.40296
2016-07-26,3.3713699999999998
2016-07-27,3.44079
2016-07-28,3.4479150000000005
2016-07-29,3.4243249999999996
2016-08-01,3.37085
2016-08-02,3.271225
2016-08-03,3.204505
2016-08-04,3.12063
2016-08-05,3.062245
2016-08-08,2.9923399999999996
2016-08-09,2.934095
2016-08-10,2.87889
2016-08-11,2.8382199999999997
2016-08-12,2.79115
2016-08-15,2.830005
2016-08-16,2.8766950000000002
2016-08-17,2.89677
2016-08-18,2.9041
2016-08-19,2.900085
2016-08-22,2.9002
2016-08-23,2.9017299999999997
2016-08-24,2.805325
2016-08-25,2.8152999999999997
2016-08-26,2.85751
2016-08-29,2.8716999999999997
2016-08-30,2.91525
2016-08-31,2.930965
2016-09-01,2.967845
2016-09-02,2.99916
2016-09-05,3.03283
2016-09-06,3.1112650000000004
2016-09-07,3.2039299999999997
2016-09-08,3.27156
2016-09-09,3.3589700000000002
2016-09-12,3.368325
2016-09-13,3.3483899999999998
2016-09-14,3.3244999999999996
2016-09-19,3.3042450000000003
2016-09-20,3.307515
2016-09-21,3.3081899999999997
2016-09-22,3.31599
2016-09-23,3.3332950000000006
2016-09-26,3.3398449999999995
2016-09-27,3.33782
2016-09-28,3.32134
2016-09-29,3.33307
2016-09-30,3.34512
2016-10-10,3.3908499999999995
2016-10-11,3.45621
2016-10-12,3.4924799999999996
2016-10-13,3.46112
2016-10-14,3.4109049999999996
2016-10-17,3.398135
2016-10-18,3.3702150000000004
2016-10-19,3.3593699999999997
2016-10-20,3.3834649999999997
2016-10-21,3.401735
2016-10-24,3.41394
2016-10-25,3.4338449999999994
2016-10-26,3.4707950000000003
2016-10-27,3.45676
2016-10-28,3.45606
2016-10-31,3.4183700000000004
2016-11-01,3.4268799999999997
2016-11-02,3.477095
2016-11-03,3.53975
2016-11-04,3.578555
2016-11-07,3.559575
2016-11-08,3.5472
2016-11-09,3.58046
2016-11-10,3.6366950000000005
2016-11-11,3.7055550000000004
2016-11-14,3.758965
2016-11-15,3.7959849999999995
2016-11-16,3.810915
2016-11-17,3.804515
2016-11-18,3.7984850000000003
2016-11-21,3.8034699999999995
2016-11-22,3.8357300000000003
2016-11-23,3.8694699999999997
2016-11-24,3.9246050000000006
2016-11-25,3.94073
2016-11-28,3.976835
2016-11-29,3.9973850000000004
2016-11-30,3.9679500000000005
2016-12-01,3.8895300000000006
2016-12-02,3.8564599999999998
2016-12-05,3.7955600000000005
2016-12-06,3.7126550000000003
2016-12-07,3.6162800000000006
2016-12-08,3.5200399999999994
2016-12-09,3.405095
2016-12-12,3.3826750000000003
2016-12-13,3.32308
2016-12-14,3.262305
2016-12-15,3.22312
2016-12-16,3.2074399999999996
2016-12-19,3.1719
2016-12-20,3.106115
2016-12-21,3.0301099999999996
2016-12-22,2.95832
2016-12-23,2.907075
2016-12-26,2.867665
2016-12-27,2.83089
2016-12-28,2.83115
2016-12-29,2.8174900000000003
2016-12-30,2.7922450000000003
2017-01-03,2.826065
2017-01-04,2.88161
2017-01-05,2.944915
2017-01-06,2.979985
2017-01-09,3.009735
2017-01-10,2.9740650000000004
2017-01-11,2.985675
2017-01-12,2.986305
2017-01-13,3.0011249999999996
2017-01-16,3.0677499999999998
2017-01-17,3.075515
2017-01-18,3.04853
2017-01-19,3.00652
2017-01-20,2.98969
2017-01-23,2.975785
2017-01-24,2.95322
2017-01-25,2.90326
2017-01-26,2.843185
2017-02-03,2.7972349999999997
2017-02-06,2.792475
2017-02-07,2.77266
2017-02-08,2.73142
2017-02-09,2.687205
2017-02-10,2.687505
2017-02-13,2.690905
2017-02-14,2.6601150000000002
2017-02-15,2.677675
2017-02-16,2.6999299999999997
2017-02-17,2.7225650000000003
2017-02-20,2.6699900000000003
2017-02-21,2.6871549999999997
2017-02-22,2.75197
2017-02-23,2.8168599999999997
2017-02-24,2.85682
2017-02-27,2.8858550000000003
2017-02-28,2.910635
2017-03-01,2.970775
2017-03-02,3.0256350000000003
2017-03-03,3.0789400000000002
2017-03-06,3.11503
2017-03-07,3.1418600000000003
2017-03-08,3.15915
2017-03-09,3.146405
2017-03-10,3.105385
2017-03-13,3.0814899999999996
2017-03-14,3.075525
2017-03-15,3.03504
2017-03-16,3.0339
2017-03-17,3.033585
2017-03-20,3.015815
2017-03-21,2.99185
2017-03-22,2.976055
2017-03-23,2.97728
2017-03-24,2.965515
2017-03-27,2.966805
2017-03-28,2.96052
2017-03-29,2.963155
2017-03-30,3.00289
2017-03-31,2.9926950000000003
2017-04-05,2.9821199999999997
2017-04-06,2.963955
2017-04-07,2.9504449999999998
2017-04-10,2.9858249999999997
2017-04-11,3.0154
2017-04-12,3.0166250000000003
2017-04-13,3.002875
2017-04-14,3.0096950000000002
2017-04-17,2.98719
2017-04-18,2.944285
2017-04-19,2.9524099999999995
2017-04-20,2.93982
2017-04-21,2.87514
2017-04-24,2.82788
2017-04-25,2.78801
2017-04-26,2.74575
2017-04-27,2.76443
2017-04-28,2.71797
2017-05-02,2.638445
2017-05-03,2.626665
2017-05-04,2.57679
2017-05-05,2.53924
2017-05-08,2.50906
2017-05-09,2.4330950000000002
2017-05-10,2.383405
2017-05-11,2.38349
2017-05-12,2.35981
2017-05-15,2.31013
2017-05-16,2.297735
2017-05-17,2.29688
2017-05-18,2.259555
2017-05-19,2.22516
2017-05-22,2.2396900000000004
2017-05-23,2.2437899999999997
2017-05-24,2.254535
2017-05-25,2.26494
2017-05-26,2.21727
2017-05-31,2.21156
2017-06-01,2.223945
2017-06-02,2.2282800000000003
2017-06-05,2.22779
2017-06-06,2.219955
2017-06-07,2.26762
2017-06-08,2.295985
2017-06-09,2.301335
2017-06-12,2.289435
2017-06-13,2.31254
2017-06-14,2.34739
2017-06-15,2.37702
2017-06-16,2.364555
2017-06-19,2.3562299999999996
2017-06-20,2.40654
2017-06-21,2.4194199999999997
2017-06-22,2.427515
2017-06-23,2.439215
2017-06-26,2.436385
2017-06-27,2.44727
2017-06-28,2.45137
2017-06-29,2.43255
2017-06-30,2.421105
2017-07-03,2.4283799999999998
2017-07-04,2.4345899999999996
2017-07-05,2.4090949999999998
2017-07-06,2.436445
2017-07-07,2.457075
2017-07-10,2.482595
2017-07-11,2.50102
2017-07-12,2.5204449999999996
2017-07-13,2.477045
2017-07-14,2.4623049999999997
2017-07-17,2.5399700000000003
2017-07-18,2.52652
2017-07-19,2.522205
2017-07-20,2.509945
2017-07-21,2.49203
2017-07-24,2.50277
2017-07-25,2.5025649999999997
2017-07-26,2.49918
2017-07-27,2.558675
2017-07-28,2.58548
2017-07-31,2.5918799999999997
2017-08-01,2.6044650000000003
2017-08-02,2.602685
2017-08-03,2.576805
2017-08-04,2.5628450000000003
2017-08-07,2.5120999999999998
2017-08-08,2.49119
2017-08-09,2.472135
2017-08-10,2.5028200000000003
2017-08-11,2.522175
2017-08-14,2.4424
2017-08-15,2.434285
2017-08-16,2.4721450000000003
2017-08-17,2.50202
2017-08-18,2.52694
2017-08-21,2.534065
2017-08-22,2.55214
2017-08-23,2.582255
2017-08-24,2.566115
2017-08-25,2.58319
2017-08-28,2.65563
2017-08-29,2.73489
2017-08-30,2.786505
2017-08-31,2.83187
2017-09-01,2.8763549999999998
2017-09-04,2.949595
2017-09-05,2.9872199999999998
2017-09-06,3.028095
2017-09-07,3.0670949999999997
2017-09-08,3.09842
2017-09-11,3.150575
2017-09-12,3.20865
2017-09-13,3.1905650000000003
2017-09-14,3.1865550000000002
2017-09-15,3.176545
2017-09-18,3.16704
2017-09-19,3.1703900000000003
2017-09-20,3.172175
2017-09-21,3.175225
2017-09-22,3.1677299999999997
2017-09-25,3.10771
2017-09-26,3.028155
2017-09-27,2.9537050000000002
2017-09-28,2.884865
2017-09-29,2.81933
2017-10-09,2.76356
2017-10-10,2.7553050000000003
2017-10-11,2.7487850000000003
2017-10-12,2.7016050000000003
2017-10-13,2.6782150000000002
2017-10-16,2.67027
2017-10-17,2.5904700000000003
2017-10-18,2.57617
2017-10-19,2.546415
2017-10-20,2.5128000000000004
2017-10-23,2.48209
2017-10-24,2.44726
2017-10-25,2.413335
2017-10-26,2.37771
2017-10-27,2.340025
2017-10-30,2.3457850000000002
2017-10-31,2.327885
2017-11-01,2.320385
2017-11-02,2.320785
2017-11-03,2.31067
2017-11-06,2.2892400000000004
2017-11-07,2.2312149999999997
2017-11-08,2.1863599999999996
2017-11-09,2.1557749999999998
2017-11-10,2.134395
2017-11-13,2.09057
2017-11-14,2.107205
2017-11-15,2.08568
2017-11-16,2.062255
2017-11-17,2.1233999999999997
2017-11-20,2.135605
2017-11-21,2.13355
2017-11-22,2.1201700000000003
2017-11-23,2.106495
2017-11-24,2.0827150000000003
2017-11-27,2.02225
2017-11-28,1.99864
2017-11-29,1.98978
2017-11-30,1.965175
2017-12-01,1.95173
2017-12-04,1.947155
2017-12-05,1.9684150000000002
2017-12-06,1.9493000000000003
2017-12-07,1.9242249999999999
2017-12-08,1.89746
2017-12-11,1.8682550000000002
2017-12-12,1.8299050000000001
2017-12-13,1.805565
2017-12-14,1.7863699999999998
2017-12-15,1.71556
2017-12-18,1.6854400000000003
2017-12-19,1.6606
2017-12-20,1.6513750000000003
2017-12-21,1.63395
2017-12-22,1.62367
2017-12-25,1.6450399999999998
2017-12-26,1.67259
2017-12-27,1.681765
2017-12-28,1.6941099999999998
2017-12-29,1.69518
2018-01-02,1.6918300000000002
2018-01-03,1.690015
2018-01-04,1.69753
2018-01-05,1.7146000000000001
2018-01-08,1.7273
2018-01-09,1.74249
2018-01-10,1.7616
2018-01-11,1.77861
2018-01-12,1.7971999999999997
2018-01-15,1.8328599999999997
2018-01-16,1.8507850000000001
2018-01-17,1.876395
2018-01-18,1.8773399999999998
2018-01-19,1.888175
2018-01-22,1.9087200000000002
2018-01-23,1.902025
2018-01-24,1.8972949999999997
2018-01-25,1.91651
2018-01-26,1.91058
2018-01-29,1.92529
2018-01-30,1.9217799999999996
2018-01-31,1.942125
2018-02-01,1.97405
2018-02-02,1.988705
2018-02-05,1.9733449999999997
2018-02-06,2.0050049999999997
2018-02-07,2.018495
2018-02-08,2.014515
2018-02-09,2.02583
2018-02-12,1.9976500000000001
2018-02-13,1.9932950000000003
2018-02-14,1.9607949999999998
2018-02-22,1.9451100000000001
2018-02-23,1.933655
2018-02-26,1.94701
2018-02-27,1.96435
2018-02-28,1.95657
2018-03-01,1.950265
2018-03-02,1.9618900000000004
2018-03-05,1.95262
2018-03-06,1.97607
2018-03-07,1.9506299999999999
2018-03-08,1.9331299999999998
2018-03-09,1.9643900000000003
2018-03-12,2.0305050000000002
2018-03-13,2.05579
2018-03-14,2.0685949999999997
2018-03-15,2.099685
2018-03-16,2.100875
2018-03-19,2.117375
2018-03-20,2.15702
2018-03-21,2.2324550000000003
2018-03-22,2.29782
2018-03-23,2.4129650000000002
2018-03-26,2.441925
2018-03-27,2.48813
2018-03-28,2.5272250000000005
2018-03-29,2.5446150000000003
2018-03-30,2.587455
2018-04-02,2.655695
2018-04-03,2.6940700000000004
2018-04-04,2.731365
2018-04-09,2.743345
2018-04-10,2.743255
2018-04-11,2.732755
2018-04-12,2.7173100000000003
2018-04-13,2.7027349999999997
2018-04-16,2.68743
2018-04-17,2.68474
2018-04-18,2.685735
2018-04-19,2.651005
2018-04-20,2.612275
2018-04-23,2.565155
2018-04-24,2.463505
2018-04-25,2.43321
2018-04-26,2.38764
2018-04-27,2.35403
2018-05-02,2.317935
2018-05-03,2.2778
2018-05-04,2.2195500000000004
2018-05-07,2.186505
2018-05-08,2.1793950000000004
2018-05-09,2.18085
2018-05-10,2.16783
2018-05-11,2.14975
2018-05-14,2.11817
2018-05-15,2.1176000000000004
2018-05-16,2.1266900000000004
2018-05-17,2.1276900000000003
2018-05-18,2.13403
2018-05-21,2.1657900000000003
2018-05-22,2.19863
2018-05-23,2.23585
2018-05-24,2.246535
2018-05-25,2.254115
2018-05-28,2.244865
2018-05-29,2.25863
2018-05-30,2.31636
2018-05-31,2.3316000000000003
2018-06-01,2.3479650000000003
2018-06-04,2.322005
2018-06-05,2.281075
2018-06-06,2.23717
2018-06-07,2.19827
2018-06-08,2.1681049999999997
2018-06-11,2.14007
2018-06-12,2.11658
2018-06-13,2.0878699999999997
2018-06-14,2.06123
2018-06-15,2.0542
2018-06-19,2.06084
2018-06-20,2.03024
2018-06-21,2.008875
2018-06-22,1.99284
2018-06-25,1.9720849999999999
2018-06-26,1.977645
2018-06-27,1.9691599999999998
2018-06-28,1.9219950000000001
2018-06-29,1.9290749999999999
2018-07-02,1.9392349999999996
2018-07-03,1.9558349999999998
2018-07-04,1.96179
2018-07-05,1.97837
2018-07-06,1.9998949999999998
2018-07-09,2.001635
2018-07-10,2.032715
2018-07-11,2.0580249999999998
2018-07-12,2.083805
2018-07-13,2.1091749999999996
2018-07-16,2.1106450000000003
2018-07-17,2.0911
2018-07-18,2.11438
2018-07-19,2.122775
2018-07-20,2.134775
2018-07-23,2.158955
2018-07-24,2.1986049999999997
2018-07-25,2.238405
2018-07-26,2.32449
2018-07-27,2.377165
2018-07-30,2.3937700000000004
2018-07-31,2.407975
2018-08-01,2.443465
2018-08-02,2.50448
2018-08-03,2.51125
2018-08-06,2.54084
2018-08-07,2.562535
2018-08-08,2.5852150000000003
2018-08-09,2.6117350000000004
2018-08-10,2.631555
2018-08-13,2.63209
2018-08-14,2.630895
2018-08-15,2.619285
2018-08-16,2.613525
2018-08-17,2.6164150000000004
2018-08-20,2.58864
2018-08-21,2.535125
2018-08-22,2.47969
2018-08-23,2.37543
2018-08-24,2.27888
2018-08-27,2.231975
2018-08-28,2.21132
2018-08-29,2.1652250000000004
2018-08-30,2.0989
2018-08-31,2.0685000000000002
2018-09-03,2.04082
2018-09-04,2.023095
2018-09-05,2.011225
2018-09-06,1.9812750000000001
2018-09-07,1.97043
2018-09-10,1.97074
2018-09-11,1.9693200000000002
2018-09-12,1.96104
2018-09-13,1.96307
2018-09-14,1.9661300000000002
2018-09-17,1.97998
2018-09-18,1.9980699999999998
2018-09-19,2.04976
2018-09-20,2.096595
2018-09-21,2.1431899999999997
2018-09-25,2.1532600000000004
2018-09-26,2.1704549999999996
2018-09-27,2.206375
2018-09-28,2.219
2018-10-08,2.2369399999999997
2018-10-09,2.2294650000000003
2018-10-10,2.2103349999999997
2018-10-11,2.23566
2018-10-12,2.25147
2018-10-15,2.233145
2018-10-16,2.220945
2018-10-17,2.213645
2018-10-18,2.20991
2018-10-19,2.2050449999999997
2018-10-22,2.24955
2018-10-23,2.303025
2018-10-24,2.347855
2018-10-25,2.353345
2018-10-26,2.355855
2018-10-29,2.343025
2018-10-30,2.378095
2018-10-31,2.41982
2018-11-01,2.473115
2018-11-02,2.5451550000000003
2018-11-05,2.6661
2018-11-06,2.75551
2018-11-07,2.848755
2018-11-08,2.91147
2018-11-09,2.962865
2018-11-12,3.076425
2018-11-13,3.264535
2018-11-14,3.41442
2018-11-15,3.54799
2018-11-16,3.68588
2018-11-19,3.748735
2018-11-20,3.780795
2018-11-21,3.801065
2018-11-22,3.82235
2018-11-23,3.8774100000000002
2018-11-26,3.8877450000000002
2018-11-27,3.87746
2018-11-28,3.8623549999999995
2018-11-29,3.8484499999999997
2018-11-30,3.8168300000000004
2018-12-03,3.75531
2018-12-04,3.753875
2018-12-05,3.7299999999999995
2018-12-06,3.6631500000000004
2018-12-07,3.6122050000000003
2018-12-10,3.5251849999999996
2018-12-11,3.3522
2018-12-12,3.21702
2018-12-13,3.12146
2018-12-14,3.0257449999999997
2018-12-17,2.9190899999999997
2018-12-18,2.8382899999999998
2018-12-19,2.77667
2018-12-20,2.72011
2018-12-21,2.6384250000000002
2018-12-24,2.62143
2018-12-25,2.62645
2018-12-26,2.601035
2018-12-27,2.56342
2018-12-28,2.50056
2019-01-02,2.4256699999999998
2019-01-03,2.358415
2019-01-04,2.3312
2019-01-07,2.338565
2019-01-08,2.35235
2019-01-09,2.38878
2019-01-10,2.417855
2019-01-11,2.43445
2019-01-14,2.42995
2019-01-15,2.43078
2019-01-16,2.4568450000000004
2019-01-17,2.48326
2019-01-18,2.4896450000000003
2019-01-21,2.49203
2019-01-22,2.49376
2019-01-23,2.49493
2019-01-24,2.48516
2019-01-25,2.501885
2019-01-28,2.4935300000000002
2019-01-29,2.5333750000000004
2019-01-30,2.53751
2019-01-31,2.567745
2019-02-01,2.539505
2019-02-11,2.50082
2019-02-12,2.49691
2019-02-13,2.49618
2019-02-14,2.514595
2019-02-15,2.539345
2019-02-18,2.61187
2019-02-19,2.70329
2019-02-20,2.774205
2019-02-21,2.871435
2019-02-22,2.9712249999999996
2019-02-25,3.191795
2019-02-26,3.421385
2019-02-27,3.58149
2019-02-28,3.684425
2019-03-01,3.7741749999999996
2019-03-04,3.9768699999999995
2019-03-05,4.158345
2019-03-06,4.4171499999999995
2019-03-07,4.6441
2019-03-08,4.879925
2019-03-11,5.04206
2019-03-12,5.281635
2019-03-13,5.457115
2019-03-14,5.570225
2019-03-15,5.65008
2019-03-18,5.685105
2019-03-19,5.6939
2019-03-20,5.75873
2019-03-21,5.832185
2019-03-22,5.9088650000000005
2019-03-25,5.84586
2019-03-26,5.76441
2019-03-27,5.71663
2019-03-28,5.705365
2019-03-29,5.715365
2019-04-01,5.692715000000001
2019-04-02,5.675590000000001
2019-04-03,5.600065
2019-04-04,5.532305
2019-04-08,5.499765
2019-04-09,5.4983699999999995
2019-04-10,5.3953500000000005
2019-04-11,5.324450000000001
2019-04-12,5.269415
2019-04-15,5.26884
2019-04-16,5.2600549999999995
2019-04-17,5.272105
2019-04-18,5.2541400000000005
2019-04-19,5.183375
2019-04-22,5.1350549999999995
2019-04-23,5.103045
2019-04-24,5.04285
2019-04-25,5.06164
2019-04-26,5.0266
2019-04-29,4.99326
2019-04-30,4.841925
2019-05-06,4.7485
2019-05-07,4.61707
2019-05-08,4.483960000000001
2019-05-09,4.3283949999999995
2019-05-10,4.24401
2019-05-13,4.140955
2019-05-14,4.03048
2019-05-15,3.980395
2019-05-16,3.9116699999999995
2019-05-17,3.883845
2019-05-20,3.7682650000000004
2019-05-21,3.6701649999999995
2019-05-22,3.604495
2019-05-23,3.5346699999999998
2019-05-24,3.43532
2019-05-27,3.388979999999999
2019-05-28,3.3154650000000006
2019-05-29,3.286795
2019-05-30,3.249975
2019-05-31,3.24177
2019-06-03,3.1979599999999997
2019-06-04,3.18797
2019-06-05,3.15367
2019-06-06,3.1344149999999997
2019-06-10,3.05605
2019-06-11,3.04823
2019-06-12,3.053525
2019-06-13,3.038965
2019-06-14,3.022805
2019-06-17,2.937395
2019-06-18,2.912465
2019-06-19,2.913985
2019-06-20,2.919085
2019-06-21,2.9885349999999997
2019-06-24,3.0603350000000002
2019-06-25,3.11964
2019-06-26,3.116705
2019-06-27,3.14052
2019-06-28,3.14972
2019-07-01,3.2092599999999996
2019-07-02,3.240005
2019-07-03,3.260905
2019-07-04,3.26624
2019-07-05,3.25115
2019-07-08,3.299505
2019-07-09,3.2434399999999997
2019-07-10,3.19427
2019-07-11,3.160265
2019-07-12,3.11552
2019-07-15,3.12746
2019-07-16,3.12251
2019-07-17,3.086595
2019-07-18,3.02804
2019-07-19,2.8889950000000004
2019-07-22,2.805315
2019-07-23,2.706605
2019-07-24,2.670805
2019-07-25,2.60841
2019-07-26,2.5357600000000002
2019-07-29,2.436575
2019-07-30,2.3596600000000003
2019-07-31,2.312885
2019-08-01,2.286975
2019-08-02,2.29249
2019-08-05,2.231275
2019-08-06,2.27092
2019-08-07,2.253
2019-08-08,2.21417
2019-08-09,2.1942049999999997
2019-08-12,2.14759
2019-08-13,2.11138
2019-08-14,2.0781099999999997
2019-08-15,2.05638
2019-08-16,2.03659
2019-08-19,2.039035
2019-08-20,2.0665299999999998
2019-08-21,2.0496600000000003
2019-08-22,2.049665
2019-08-23,2.07246
2019-08-26,2.0855550000000003
2019-08-27,2.114265
2019-08-28,2.143015
2019-08-29,2.177075
2019-08-30,2.2008149999999995
2019-09-02,2.246645
2019-09-03,2.240795
2019-09-04,2.298845
2019-09-05,2.411055
2019-09-06,2.476455
2019-09-09,2.564525
2019-09-10,2.645095
2019-09-11,2.719825
2019-09-12,2.7617649999999996
2019-09-16,2.828165
2019-09-17,2.87493
2019-09-18,2.8733049999999998
2019-09-19,2.89859
2019-09-20,2.9311599999999998
2019-09-23,2.95046
2019-09-24,2.9727249999999996
2019-09-25,2.9822699999999998
2019-09-26,2.998145
2019-09-27,2.9737999999999998
2019-09-30,2.929215
2019-10-08,2.887265
2019-10-09,2.848055
2019-10-10,2.820345
2019-10-11,2.75873
2019-10-14,2.766645
2019-10-15,2.7316
2019-10-16,2.6997050000000002
2019-10-17,2.6434299999999995
2019-10-18,2.632625
2019-10-21,2.613775
2019-10-22,2.5712400000000004
2019-10-23,2.5754050000000004
2019-10-24,2.586315
2019-10-25,2.59785
2019-10-28,2.6195600000000003
2019-10-29,2.6416250000000003
2019-10-30,2.6323499999999997
2019-10-31,2.59983
2019-11-01,2.596255
2019-11-04,2.60539
2019-11-05,2.6079700000000003
2019-11-06,2.612445
2019-11-07,2.59245
2019-11-08,2.55243
2019-11-11,2.5116
2019-11-12,2.469995
2019-11-13,2.43864
2019-11-14,2.41393
2019-11-15,2.374945
2019-11-18,2.3134
2019-11-19,2.2752399999999997
2019-11-20,2.231315
2019-11-21,2.17969
2019-11-22,2.12441
2019-11-25,2.055245
2019-11-26,1.994825
2019-11-27,1.9613100000000003
2019-11-28,1.9364900000000003
2019-11-29,1.918325
2019-12-02,1.896725
2019-12-03,1.8950399999999998
2019-12-04,1.8933900000000001
2019-12-05,1.89777
2019-12-06,1.9119199999999998
2019-12-09,1.90151
2019-12-10,1.925225
2019-12-11,1.9343150000000002
2019-12-12,1.96185
2019-12-13,1.987505
2019-12-16,2.04252
2019-12-17,2.104665
2019-12-18,2.159225
2019-12-19,2.2229099999999997
2019-12-20,2.281475
2019-12-23,2.3291399999999998
2019-12-24,2.35602
2019-12-25,2.37214
2019-12-26,2.40106
2019-12-27,2.4511399999999997
2019-12-30,2.502675
2019-12-31,2.544415
2020-01-02,2.631785
2020-01-03,2.70905
2020-01-06,2.7969150000000003
2020-01-07,2.860445
2020-01-08,2.92759
2020-01-09,2.989885
2020-01-10,3.029165
2020-01-13,3.06294
2020-01-14,3.102405
2020-01-15,3.088005
2020-01-16,3.0650199999999996
2020-01-17,3.02705
2020-01-20,2.9978949999999998
2020-01-21,2.9993849999999997
2020-01-22,3.003685
2020-01-23,3.037885
2020-02-03,2.9865299999999997
2020-02-04,3.05347
2020-02-05,3.0844
2020-02-06,3.1149999999999998
2020-02-07,3.0974049999999997
2020-02-10,3.074035
2020-02-11,3.027945
2020-02-12,2.99207
2020-02-13,2.9519949999999997
2020-02-14,2.90869
2020-02-17,2.927935
2020-02-18,2.967465
2020-02-19,2.974895
2020-02-20,3.0303250000000004
2020-02-21,3.10689
2020-02-24,3.1911300000000002
2020-02-25,3.2982199999999997
2020-02-26,3.3650150000000005
2020-02-27,3.423415
2020-02-28,3.5086350000000004
2020-03-02,3.627
2020-03-03,3.639465
2020-03-04,3.66857
2020-03-05,3.76977
2020-03-06,3.8518749999999997
2020-03-09,3.95389
2020-03-10,4.0563199999999995
2020-03-11,4.179250000000001
2020-03-12,4.261570000000001
2020-03-13,4.384075
2020-03-16,4.44819
2020-03-17,4.467745
2020-03-18,4.48487
2020-03-19,4.46674
2020-03-20,4.421805
2020-03-23,4.38459
2020-03-24,4.316129999999999
2020-03-25,4.3013449999999995
2020-03-26,4.291285
2020-03-27,4.22607
2020-03-30,4.209770000000001
2020-03-31,4.1466
2020-04-01,4.100465
2020-04-02,3.989125
2020-04-03,3.8979350000000004
2020-04-07,3.837575
2020-04-08,3.814575
2020-04-09,3.77588
2020-04-10,3.7727899999999996
2020-04-13,3.68199
2020-04-14,3.6111349999999995
2020-04-15,3.57849
2020-04-16,3.541925
2020-04-17,3.530475
2020-04-20,3.5171850000000004
2020-04-21,3.509695
2020-04-22,3.50698
2020-04-23,3.4919199999999995
2020-04-24,3.498735000000001
2020-04-27,3.481744999999999
2020-04-28,3.4832799999999997
2020-04-29,3.4644199999999996
2020-04-30,3.451315
2020-05-06,3.426475
2020-05-07,3.3967799999999997
2020-05-08,3.3268899999999997
2020-05-11,3.24637
2020-05-12,3.145335
2020-05-13,3.034405
2020-05-14,3.000165
2020-05-15,2.963735
2020-05-18,2.93513
2020-05-19,2.9253299999999998
2020-05-20,2.88738
2020-05-21,2.87628
2020-05-22,2.858945
2020-05-25,2.82421
2020-05-26,2.7903499999999997
2020-05-27,2.75149
2020-05-28,2.73427
2020-05-29,2.692355
2020-06-01,2.7186150000000002
2020-06-02,2.74315
2020-06-03,2.797445
2020-06-04,2.84611
2020-06-05,2.88557
2020-06-08,2.884265
2020-06-09,2.89742
2020-06-10,2.90444
2020-06-11,2.9154050000000002
2020-06-12,2.90976
2020-06-15,2.903315
2020-06-16,2.88563
2020-06-17,2.9053449999999996
2020-06-18,2.894345
2020-06-19,2.8828
2020-06-22,2.89193
2020-06-23,2.877345
2020-06-24,2.85654
2020-06-29,2.832175
2020-06-30,2.81976
2020-07-01,2.78781
2020-07-02,2.78723
2020-07-03,2.7845
2020-07-06,2.884605
2020-07-07,3.02223
2020-07-08,3.1434800000000003
2020-07-09,3.32205
2020-07-10,3.4718850000000003
2020-07-13,3.618425
2020-07-14,3.7977499999999997
2020-07-15,3.9274249999999995
2020-07-16,4.03963
2020-07-17,4.07271
2020-07-20,4.1569400000000005
2020-07-21,4.209725
2020-07-22,4.264615
2020-07-23,4.357265
2020-07-24,4.462845
2020-07-27,4.5032049999999995
2020-07-28,4.5475200000000005
2020-07-29,4.589015
2020-07-30,4.627409999999999
2020-07-31,4.65449
2020-08-03,4.63389
2020-08-04,4.568175
2020-08-05,4.543845
2020-08-06,4.457255
2020-08-07,4.399745
2020-08-10,4.316045000000001
2020-08-11,4.24231
2020-08-12,4.168555
2020-08-13,4.123780000000001
2020-08-14,4.137700000000001
2020-08-17,4.15856
2020-08-18,4.215590000000001
2020-08-19,4.26518
2020-08-20,4.237145
2020-08-21,4.20854
2020-08-24,4.27059
2020-08-25,4.40676
2020-08-26,4.4969
2020-08-27,4.55196
2020-08-28,4.563675
2020-08-31,4.529985
2020-09-01,4.49705
2020-09-02,4.5433
2020-09-03,4.584795
2020-09-04,4.6138699999999995
2020-09-07,4.715175
2020-09-08,4.74584
2020-09-09,4.848915
2020-09-10,4.946109999999999
2020-09-11,4.9729
2020-09-14,4.974645
2020-09-15,4.927265
2020-09-16,4.8519950000000005
2020-09-17,4.81188
2020-09-18,4.783145
2020-09-21,4.726225
2020-09-22,4.578315
2020-09-23,4.44965
2020-09-24,4.346075
2020-09-25,4.232184999999999
2020-09-28,4.126060000000001
2020-09-29,4.0374099999999995
2020-09-30,3.8624099999999997
2020-10-09,3.72969
2020-10-12,3.661515
2020-10-13,3.515925
2020-10-14,3.4064649999999994
2020-10-15,3.25678
2020-10-16,3.113345
2020-10-19,3.02699
2020-10-20,2.929675
2020-10-21,2.8651500000000003
2020-10-22,2.8236
2020-10-23,2.80002
2020-10-26,2.75663
2020-10-27,2.709595
2020-10-28,2.681755
2020-10-29,2.68367
2020-10-30,2.69024
2020-11-02,2.713695
2020-11-03,2.72881
2020-11-04,2.72844
2020-11-05,2.76251
2020-11-06,2.75209
2020-11-09,2.734395
2020-11-10,2.731835
2020-11-11,2.73082
2020-11-12,2.736415
2020-11-13,2.717245
2020-11-16,2.7552849999999998
2020-11-17,2.773245
2020-11-18,2.8040499999999997
2020-11-19,2.8294550000000003
2020-11-20,2.8648149999999997
2020-11-23,2.92109
2020-11-24,2.96548
2020-11-25,3.0222749999999996
2020-11-26,3.035605
2020-11-27,3.038205
2020-11-30,3.0658000000000003
2020-12-01,3.0866800000000003
2020-12-02,3.1326600000000004
2020-12-03,3.1540550000000005
2020-12-04,3.193995
2020-12-07,3.19903
2020-12-08,3.18502
2020-12-09,3.2010199999999998
2020-12-10,3.18706
2020-12-11,3.2196350000000002
2020-12-14,3.1908950000000003
2020-12-15,3.16951
2020-12-16,3.1627400000000003
2020-12-17,3.1749
2020-12-18,3.1527900000000004
2020-12-21,3.11015
2020-12-22,3.111955
2020-12-23,3.065925
2020-12-24,3.07161
2020-12-25,3.05376
2020-12-28,3.03598
2020-12-29,3.007805
2020-12-30,2.9633899999999995
2020-12-31,2.927185
2021-01-04,2.9069100000000003
2021-01-05,2.9030299999999998
2021-01-06,2.943055
2021-01-07,2.9766299999999997
2021-01-08,2.9885200000000003
2021-01-11,2.98433
2021-01-12,2.96216
2021-01-13,2.97956
2021-01-14,2.9571899999999998
2021-01-15,2.9347450000000004
2021-01-18,2.9384449999999998
2021-01-19,2.938485
2021-01-20,2.9025550000000004
2021-01-21,2.9000600000000003
2021-01-22,2.8719449999999997
2021-01-25,2.86372
2021-01-26,2.82832
2021-01-27,2.810625
2021-01-28,2.8205649999999998
2021-01-29,2.8406650000000004
2021-02-01,2.82608
2021-02-02,2.779875
2021-02-03,2.72554
2021-02-04,2.658455
2021-02-05,2.62024
2021-02-08,2.5622599999999998
2021-02-09,2.54378
2021-02-10,2.48688
2021-02-18,2.48923
2021-02-19,2.49543
2021-02-22,2.549915
2021-02-23,2.56384
2021-02-24,2.6002899999999998
2021-02-25,2.618915
2021-02-26,2.646885
2021-03-01,2.67128
2021-03-02,2.70221
2021-03-03,2.72951
2021-03-04,2.7700199999999997
2021-03-05,2.7992049999999997
2021-03-08,2.849155
2021-03-09,2.9200799999999996
2021-03-10,2.9454450000000003
2021-03-11,2.9522500000000003
2021-03-12,2.984725
2021-03-15,3.0174
2021-03-16,3.071005
2021-03-17,3.13588
2021-03-18,3.158805
2021-03-19,3.166355
2021-03-22,3.1188
2021-03-23,3.1349799999999997
2021-03-24,3.1318799999999998
2021-03-25,3.12386
2021-03-26,3.114735
2021-03-29,3.11028
2021-03-30,3.13992
2021-03-31,3.15137
2021-04-01,3.14072
2021-04-02,3.11531
2021-04-06,3.08728
2021-04-07,3.0666400000000005
2021-04-08,3.0848299999999997
2021-04-09,3.09182
2021-04-12,3.08824
2021-04-13,3.09318
2021-04-14,3.0781300000000003
2021-04-15,3.069965
2021-04-16,3.108465
2021-04-19,3.13703
2021-04-20,3.1498049999999997
2021-04-21,3.115755
2021-04-22,3.0912800000000002
2021-04-23,3.09377
2021-04-26,3.0796099999999997
2021-04-27,3.0556
2021-04-28,3.0209699999999997
2021-04-29,3.0201000000000002
2021-04-30,2.9966250000000003
2021-05-06,2.973575
2021-05-07,2.948325
2021-05-10,2.90901
2021-05-11,2.884015
2021-05-12,2.88067
2021-05-13,2.89441
2021-05-14,2.932
2021-05-17,2.958295
2021-05-18,2.958695
2021-05-19,2.90714
2021-05-20,2.86227
2021-05-21,2.838575
2021-05-24,2.845515
2021-05-25,2.8607050000000003
2021-05-26,2.8500550000000002
2021-05-27,2.8540900000000002
2021-05-28,2.861035
2021-05-31,2.860735
2021-06-01,2.8701149999999997
2021-06-02,2.890795
2021-06-03,2.91679
2021-06-04,2.93632
2021-06-07,2.93971
2021-06-08,2.958885
2021-06-09,2.9890100000000004
2021-06-10,3.001375
2021-06-11,2.99632
2021-06-15,3.0065199999999996
2021-06-16,3.008045
2021-06-17,2.993215
2021-06-18,2.995265
2021-06-21,2.9980450000000003
2021-06-22,3.015895
2021-06-23,3.013465
2021-06-24,3.014865
2021-06-25,3.01208
2021-06-28,2.99961
2021-06-29,2.9894950000000002
2021-06-30,2.96802
2021-07-01,2.960565
2021-07-02,2.93776
2021-07-05,2.936135
2021-07-06,2.954575
2021-07-07,2.92887
2021-07-08,2.899505
2021-07-09,2.8622400000000003
2021-07-12,2.8425000000000002
2021-07-13,2.807175
2021-07-14,2.801705
2021-07-15,2.827405
2021-07-16,2.7967000000000004
2021-07-19,2.768525
2021-07-20,2.707875
2021-07-21,2.694845
2021-07-22,2.693275
2021-07-23,2.696855
2021-07-26,2.711045
2021-07-27,2.70951
2021-07-28,2.723
2021-07-29,2.690835
2021-07-30,2.6820700000000004
2021-08-02,2.6690549999999997
2021-08-03,2.659815
2021-08-04,2.64234
2021-08-05,2.62019
2021-08-06,2.59391
2021-08-09,2.559065
2021-08-10,2.5453900000000003
2021-08-11,2.5299
2021-08-12,2.50384
2021-08-13,2.5172649999999996
2021-08-16,2.5202549999999997
2021-08-17,2.567095
2021-08-18,2.5618299999999996
2021-08-19,2.5479200000000004
2021-08-20,2.53424
2021-08-23,2.55139
2021-08-24,2.577925
2021-08-25,2.590015
2021-08-26,2.641715
2021-08-27,2.6809
2021-08-30,2.72117
2021-08-31,2.738235
2021-09-01,2.80843
2021-09-02,2.833105
2021-09-03,2.899095
2021-09-06,2.94212
2021-09-07,2.9968
2021-09-08,3.082345
2021-09-09,3.151295
2021-09-10,3.2027249999999996
2021-09-13,3.242065
2021-09-14,3.2763199999999997
2021-09-15,3.3073900000000003
2021-09-16,3.3793299999999995
2021-09-17,3.4143899999999996
2021-09-22,3.393025
2021-09-23,3.4074650000000006
2021-09-24,3.402225
2021-09-27,3.4145449999999995
2021-09-28,3.3702349999999996
2021-09-29,3.324255
2021-09-30,3.2772149999999995
2021-10-08,3.2454950000000005
2021-10-11,3.2272399999999997
2021-10-12,3.1833549999999997
2021-10-13,3.149285
2021-10-14,3.0872149999999996
2021-10-15,2.9963849999999996
2021-10-18,2.9228199999999998
2021-10-19,2.8569299999999997
2021-10-20,2.80143
2021-10-21,2.729705
2021-10-22,2.689495
2021-10-25,2.60238
2021-10-26,2.54387
2021-10-27,2.527515
2021-10-28,2.46591
2021-10-29,2.4183399999999997
2021-11-01,2.33865
2021-11-02,2.3344050000000003
2021-11-03,2.29657
2021-11-04,2.29026
2021-11-05,2.255375
2021-11-08,2.2472250000000003
2021-11-09,2.22698
2021-11-10,2.2124949999999997
2021-11-11,2.2106850000000002
2021-11-12,2.2062
2021-11-15,2.247605
2021-11-16,2.28323
2021-11-17,2.324595
2021-11-18,2.34779
2021-11-19,2.3598500000000002
2021-11-22,2.3739299999999997
2021-11-23,2.385645
2021-11-24,2.398855
2021-11-25,2.418865
2021-11-26,2.434225
2021-11-29,2.469905
2021-11-30,2.49626
2021-12-01,2.57732
2021-12-02,2.646315
2021-12-03,2.677645
2021-12-06,2.720605
2021-12-07,2.768185
2021-12-08,2.7957799999999997
2021-12-09,2.8299849999999998
2021-12-10,2.87607
2021-12-13,2.87108
2021-12-14,2.9027000000000003
2021-12-15,2.9675149999999997
2021-12-16,3.041235
2021-12-17,3.12897
2021-12-20,3.2424399999999998
2021-12-21,3.403165
2021-12-22,3.5396949999999996
2021-12-23,3.6511400000000003
2021-12-24,3.76892
2021-12-27,3.8383499999999997
2021-12-28,3.8944599999999996
2021-12-29,3.928405
2021-12-30,3.9678449999999996
2021-12-31,4.0452
2022-01-04,4.169915
2022-01-05,4.28129
2022-01-06,4.3834
2022-01-07,4.484565
2022-01-10,4.5232600000000005
2022-01-11,4.5989249999999995
2022-01-12,4.692030000000001
2022-01-13,4.748749999999999
2022-01-14,4.820125
2022-01-17,4.857355
2022-01-18,4.89756
2022-01-19,4.857215
2022-01-20,4.84492
2022-01-21,4.81865
2022-01-24,4.7670900000000005
2022-01-25,4.78814
2022-01-26,4.779905
2022-01-27,4.7851
2022-01-28,4.788125
2022-02-07,4.795675
2022-02-08,4.74799
2022-02-09,4.69025
2022-02-10,4.66064
2022-02-11,4.600995
2022-02-14,4.5924949999999995
2022-02-15,4.55468
2022-02-16,4.4995449999999995
2022-02-17,4.481425
2022-02-18,4.4075299999999995
2022-02-21,4.39707
2022-02-22,4.362045
2022-02-23,4.355675
2022-02-24,4.44662
2022-02-25,4.483175
2022-02-28,4.525005
2022-03-01,4.548699999999999
2022-03-02,4.6208800000000005
2022-03-03,4.681075
2022-03-04,4.723825
2022-03-07,4.7251199999999995
2022-03-08,4.7332149999999995
2022-03-09,4.785945
2022-03-10,4.801005
2022-03-11,4.84345
2022-03-14,4.8752200000000006
2022-03-15,4.972479999999999
2022-03-16,5.062825
2022-03-17,5.111235
2022-03-18,5.192505
2022-03-21,5.24925
2022-03-22,5.2963
2022-03-23,5.350849999999999
2022-03-24,5.2497050000000005
2022-03-25,5.2528950000000005
2022-03-28,5.236199999999999
2022-03-29,5.199705
2022-03-30,5.15619
2022-03-31,5.14564
2022-04-01,5.1362749999999995
2022-04-06,5.196695
2022-04-07,5.192605
2022-04-08,5.171055
2022-04-11,5.166614999999999
2022-04-12,5.175179999999999
2022-04-13,5.175314999999999
2022-04-14,5.087105
2022-04-15,5.00774
2022-04-18,4.88418
2022-04-19,4.765775
2022-04-20,4.670525
2022-04-21,4.620445
2022-04-22,4.559635
2022-04-25,4.575995
2022-04-26,4.551625
2022-04-27,4.58371
2022-04-28,4.575305
2022-04-29,4.574435
2022-05-05,4.496989999999999
2022-05-06,4.419085
2022-05-09,4.293895000000001
2022-05-10,4.24008
2022-05-11,4.22811
2022-05-12,4.20471
2022-05-13,4.143235
2022-05-16,4.1106750000000005
2022-05-17,4.072509999999999
2022-05-18,4.0457149999999995
2022-05-19,4.055215
2022-05-20,4.076485
2022-05-23,4.06111
2022-05-24,4.03842
2022-05-25,3.975515
2022-05-26,3.8746
2022-05-27,3.8543849999999997
2022-05-30,3.7938750000000008
2022-05-31,3.759585
2022-06-01,3.727225
2022-06-02,3.721704999999999
2022-06-06,3.7496
2022-06-07,3.7754
2022-06-08,3.802255
2022-06-09,3.76564
2022-06-10,3.743965
2022-06-13,3.730245
2022-06-14,3.72084
2022-06-15,3.749425
2022-06-16,3.7623100000000003
2022-06-17,3.76449
2022-06-20,3.7563249999999995
2022-06-21,3.7754849999999998
2022-06-22,3.738035
2022-06-23,3.769315
2022-06-24,3.801755
2022-06-27,3.794495
2022-06-28,3.8558749999999997
2022-06-29,3.93513
2022-06-30,3.97029
2022-07-01,4.001880000000001
2022-07-04,3.9985399999999998
2022-07-05,4.01282
2022-07-06,3.98624
2022-07-07,3.9665500000000002
2022-07-08,3.99575
2022-07-11,4.00279
2022-07-12,3.9990449999999997
2022-07-13,4.00056
2022-07-14,3.974525
2022-07-15,4.005395
2022-07-18,4.061685
2022-07-19,4.0627200000000006
2022-07-20,4.051769999999999
2022-07-21,4.043259999999999
2022-07-22,4.044169999999999
2022-07-25,4.0326900000000006
2022-07-26,3.9750500000000004
2022-07-27,3.9170299999999996
2022-07-28,3.91387
2022-07-29,3.9092699999999994
2022-08-01,3.9253349999999996
2022-08-02,3.9744099999999998
2022-08-03,4.01371
2022-08-04,4.043844999999999
2022-08-05,4.027634999999999
2022-08-08,4.022354999999999
2022-08-09,4.034285000000001
2022-08-10,4.033935
2022-08-11,4.058365
2022-08-12,4.055345
2022-08-15,4.024604999999999
2022-08-16,4.02166
2022-08-17,4.05557
2022-08-18,4.076475
2022-08-19,4.078355
2022-08-22,4.064885
2022-08-23,4.061445
2022-08-24,4.095395
2022-08-25,4.0888100000000005
2022-08-26,4.08864
2022-08-29,4.0757200000000005
2022-08-30,4.02182
2022-08-31,4.01276
2022-09-01,4.011215
2022-09-02,4.03862
2022-09-05,4.075075
2022-09-06,4.075825
2022-09-07,4.066445
2022-09-08,4.056065
2022-09-09,4.021035
2022-09-13,4.00384
2022-09-14,3.9952300000000003
2022-09-15,3.99655
2022-09-16,3.966415
2022-09-19,3.93016
2022-09-20,3.9133299999999998
2022-09-21,3.87915
2022-09-22,3.8007150000000003
2022-09-23,3.763185
2022-09-26,3.730525
2022-09-27,3.6920949999999997
2022-09-28,3.64743
2022-09-29,3.5833349999999995
2022-09-30,3.5075000000000003
2022-10-10,3.424125
2022-10-11,3.3323799999999997
2022-10-12,3.278205
2022-10-13,3.2631950000000005
2022-10-14,3.2292650000000003
2022-10-17,3.2230049999999997
2022-10-18,3.2152450000000004
2022-10-19,3.184975
2022-10-20,3.15368
2022-10-21,3.15511
2022-10-24,3.190105
2022-10-25,3.2104950000000003
2022-10-26,3.23521
2022-10-27,3.2834250000000003
2022-10-28,3.31694
2022-10-31,3.3124200000000004
2022-11-01,3.3207700000000004
2022-11-02,3.343135
2022-11-03,3.356685
2022-11-04,3.420655000000001
2022-11-07,3.494445
2022-11-08,3.5568800000000005
2022-11-09,3.5799849999999998
2022-11-10,3.589235
2022-11-11,3.675020000000001
2022-11-14,3.7319000000000004
2022-11-15,3.743515
2022-11-16,3.7934400000000004
2022-11-17,3.82871
2022-11-18,3.8612950000000006
2022-11-21,3.8604350000000003
2022-11-22,3.896845
2022-11-23,3.9235999999999995
2022-11-24,3.9262449999999993
2022-11-25,3.9357249999999993
2022-11-28,3.999265
2022-11-29,4.07991
2022-11-30,4.11802
2022-12-01,4.1671499999999995
2022-12-02,4.202235
2022-12-05,4.22427
2022-12-06,4.2726500000000005
2022-12-07,4.300275
2022-12-08,4.327895
2022-12-09,4.291759999999999
2022-12-12,4.25932
2022-12-13,4.2634799999999995
2022-12-14,4.260215
2022-12-15,4.232805
2022-12-16,4.191115
2022-12-19,4.19123
2022-12-20,4.11297
2022-12-21,4.03062
2022-12-22,3.9801300000000004
2022-12-23,3.937955
2022-12-26,3.8494900000000003
2022-12-27,3.7487199999999996
2022-12-28,3.6748850000000006
2022-12-29,3.6132650000000006
2022-12-30,3.51696
2023-01-03,3.4431650000000005
2023-01-04,3.3881799999999997
2023-01-05,3.357625
2023-01-06,3.2908549999999996
2023-01-09,3.20174
2023-01-10,3.1299
2023-01-11,3.0595
2023-01-12,2.970815
2023-01-13,2.910595
2023-01-16,2.8843000000000005
2023-01-17,2.83092
2023-01-18,2.82658
2023-01-19,2.842305
2023-01-20,2.841055
2023-01-30,2.8739350000000004
2023-01-31,2.92246
2023-02-01,3.009935
2023-02-02,3.0894350000000004
2023-02-03,3.130485
2023-02-06,3.19234
2023-02-07,3.2063050000000004
2023-02-08,3.219955
2023-02-09,3.24092
2023-02-10,3.27672
2023-02-13,3.3565300000000002
2023-02-14,3.4010399999999996
2023-02-15,3.44315
2023-02-16,3.5391350000000004
2023-02-17,3.5865
2023-02-20,3.6002250000000005
2023-02-21,3.622025
2023-02-22,3.64375
2023-02-23,3.6717750000000002
2023-02-24,3.665584999999999
2023-02-27,3.602905
2023-02-28,3.57414
2023-03-01,3.5292300000000005
2023-03-02,3.4994800000000006
2023-03-03,3.4830600000000005
2023-03-06,3.4592
2023-03-07,3.47361
2023-03-08,3.4438299999999997
2023-03-09,3.4405900000000003
2023-03-10,3.4529249999999996
2023-03-13,3.4189100000000003
2023-03-14,3.4300699999999997
2023-03-15,3.421745
2023-03-16,3.356465
2023-03-17,3.341755
2023-03-20,3.351145
2023-03-21,3.338675
2023-03-22,3.371725
2023-03-23,3.3714950000000004
2023-03-24,3.40486
2023-03-27,3.4296749999999996
2023-03-28,3.438415
2023-03-29,3.4000399999999997
2023-03-30,3.34103
2023-03-31,3.2845199999999997
2023-04-03,3.276305
2023-04-04,3.260935
2023-04-06,3.240725
2023-04-07,3.18707
2023-04-10,3.152015
2023-04-11,3.103885
2023-04-12,3.0523949999999997
2023-04-13,3.0261699999999996
2023-04-14,2.999145
2023-04-17,2.9707749999999997
2023-04-18,2.9248749999999997
2023-04-19,2.901215
2023-04-20,2.855595
2023-04-21,2.84345
2023-04-24,2.8137049999999997
2023-04-25,2.799215
2023-04-26,2.7614349999999996
2023-04-27,2.75187
2023-04-28,2.760265
2023-05-04,2.799375
2023-05-05,2.78082
2023-05-08,2.741985
2023-05-09,2.73156
2023-05-10,2.71059
2023-05-11,2.681235
2023-05-12,2.67873
2023-05-15,2.6674350000000002
2023-05-16,2.644775
2023-05-17,2.638955
2023-05-18,2.649045
2023-05-19,2.655555
2023-05-22,2.655745
2023-05-23,2.6427300000000002
2023-05-24,2.62348
2023-05-25,2.627805
2023-05-26,2.60662
2023-05-29,2.6168000000000005
2023-05-30,2.6085149999999997
2023-05-31,2.581275
2023-06-01,2.563005
2023-06-02,2.5712850000000005
2023-06-05,2.57526
2023-06-06,2.589615
2023-06-07,2.628125
2023-06-08,2.662385
2023-06-09,2.6751300000000002
2023-06-12,2.7117250000000004
2023-06-13,2.737215
2023-06-14,2.74524
2023-06-15,2.749225
2023-06-16,2.757545
2023-06-19,2.765915
2023-06-20,2.78197
2023-06-21,2.774755
2023-06-26,2.7653849999999998
2023-06-27,2.774655
2023-06-28,2.781135
2023-06-29,2.805375
2023-06-30,2.85736
2023-07-03,2.881185
2023-07-04,2.889655
2023-07-05,2.913315
2023-07-06,2.90171
2023-07-07,2.89007
2023-07-10,2.84651
2023-07-11,2.839765
2023-07-12,2.81377
2023-07-13,2.802815
2023-07-14,2.800405
2023-07-17,2.815785
2023-07-18,2.82216
2023-07-19,2.83233
2023-07-20,2.84163
2023-07-21,2.885815
2023-07-24,2.94135
2023-07-25,3.0229600000000003
2023-07-26,3.117185
2023-07-27,3.1856
2023-07-28,3.270875
2023-07-31,3.38592
2023-08-01,3.49615
2023-08-02,3.568535
2023-08-03,3.63887
2023-08-04,3.7373850000000006
2023-08-07,3.803065
2023-08-08,3.8335550000000005
2023-08-09,3.8735
2023-08-10,3.9109900000000004
2023-08-11,3.9418300000000004
2023-08-14,3.937285
2023-08-15,3.9471000000000003
2023-08-16,3.9549400000000006
2023-08-17,4.007355
2023-08-18,4.04131
2023-08-21,4.045765
2023-08-22,4.030305
2023-08-23,3.97802
2023-08-24,3.9392899999999997
2023-08-25,3.884115
2023-08-28,3.858405
2023-08-29,3.86483
2023-08-30,3.8717749999999995
2023-08-31,3.879600000000001
2023-09-01,3.8428449999999996
2023-09-04,3.8857150000000003
2023-09-05,3.929385
2023-09-06,3.9662549999999994
2023-09-07,4.007555
2023-09-08,4.019805
2023-09-11,4.05184
2023-09-12,4.058725
2023-09-13,4.0863499999999995
2023-09-14,4.0508049999999995
2023-09-15,3.995205
2023-09-18,3.9813849999999995
2023-09-19,3.94454
2023-09-20,3.9078850000000003
2023-09-21,3.8842849999999998
2023-09-22,3.8612
2023-09-25,3.7788850000000003
2023-09-26,3.6782000000000004
2023-09-27,3.6255200000000003
2023-09-28,3.5961549999999995
2023-10-09,3.601995
2023-10-10,3.5671650000000006
2023-10-11,3.5496749999999997
2023-10-12,3.508305
2023-10-13,3.48746
2023-10-16,3.4872050000000003
2023-10-17,3.4800449999999996
2023-10-18,3.49581
2023-10-19,3.46325
2023-10-20,3.4486450000000004
2023-10-23,3.4529400000000003
2023-10-24,3.4477
2023-10-25,3.476375
2023-10-26,3.5028099999999993
2023-10-27,3.534865
2023-10-30,3.5771450000000002
2023-10-31,3.6173199999999994
2023-11-01,3.6635149999999994
2023-11-02,3.673685
2023-11-03,3.682555
2023-11-06,3.6826999999999996
2023-11-07,3.6753099999999996
2023-11-08,3.6725899999999996
2023-11-09,3.6809799999999995
2023-11-10,3.6515949999999995
2023-11-13,3.6715799999999996
2023-11-14,3.66355
2023-11-15,3.6582699999999995
2023-11-16,3.6693800000000003
2023-11-17,3.6782049999999997
2023-11-20,3.7140999999999997
2023-11-21,3.73076
2023-11-22,3.73712
2023-11-23,3.74649
2023-11-24,3.7439
2023-11-27,3.73082
2023-11-28,3.7127000000000003
2023-11-29,3.67305
2023-11-30,3.6684600000000005
2023-12-01,3.68909
2023-12-04,3.71391
2023-12-05,3.747495
2023-12-06,3.8052900000000003
2023-12-07,3.8551200000000003
2023-12-08,3.9572500000000006
2023-12-11,4.00715
2023-12-12,4.060085
2023-12-13,4.095655
2023-12-14,4.1418
2023-12-15,4.18032
2023-12-18,4.1983
2023-12-19,4.207504999999999
2023-12-20,4.21325
2023-12-21,4.250865
2023-12-22,4.2716650000000005
2023-12-25,4.2759149999999995
2023-12-26,4.29162
2023-12-27,4.29073
2023-12-28,4.3204
2023-12-29,4.333085
2024-01-02,4.354615000000001
2024-01-03,4.34581
2024-01-04,4.29441
2024-01-05,4.282855
2024-01-08,4.224114999999999
2024-01-09,4.198735000000001
2024-01-10,4.19415
2024-01-11,4.19825
2024-01-12,4.225125
2024-01-15,4.24095
2024-01-16,4.241615
2024-01-17,4.2213650000000005
2024-01-18,4.2519
2024-01-19,4.23159
2024-01-22,4.260315
2024-01-23,4.29801
2024-01-24,4.35476
2024-01-25,4.4213450000000005
2024-01-26,4.434395
2024-01-29,4.432925
2024-01-30,4.394914999999999
2024-01-31,4.449915
2024-02-01,4.526725000000001
2024-02-02,4.617565
2024-02-05,4.72827
2024-02-06,4.964675000000001
2024-02-07,5.226435
2024-02-08,5.604615
2024-02-19,5.840525
2024-02-20,5.96931
2024-02-21,6.177985
2024-02-22,6.381449999999999
2024-02-23,6.506919999999999
2024-02-26,6.715210000000001
2024-02-27,6.797099999999999
2024-02-28,7.096575
2024-02-29,7.216035000000001
2024-03-01,7.2674
2024-03-04,7.331469999999999
2024-03-05,7.3756699999999995
2024-03-06,7.432185
2024-03-07,7.47702
2024-03-08,7.458585000000001
2024-03-11,7.4127849999999995
2024-03-12,7.404325
2024-03-13,7.224285
2024-03-14,7.013855000000001
2024-03-15,6.6873249999999995
2024-03-18,6.519964999999999
2024-03-19,6.48004
2024-03-20,6.337585
2024-03-21,6.24268
2024-03-22,6.16389
2024-03-25,6.0426850000000005
2024-03-26,5.985664999999999
2024-03-27,5.713595
2024-03-28,5.590295
2024-03-29,5.541259999999999
2024-04-01,5.525125
2024-04-02,5.56605
2024-04-03,5.613905000000001
2024-04-08,5.62177
2024-04-09,5.59899
2024-04-10,5.61353
2024-04-11,5.526185
2024-04-12,5.47487
2024-04-15,5.5602350000000005
2024-04-16,5.57313
2024-04-17,5.622345
2024-04-18,5.6061
2024-04-19,5.566795
2024-04-22,5.503489999999999
2024-04-23,5.44131
2024-04-24,5.391125000000001
2024-04-25,5.359665000000001
2024-04-26,5.3300350000000005
2024-04-29,5.347305
2024-04-30,5.350230000000001
2024-05-06,5.333705
2024-05-07,5.2766
2024-05-08,5.19016
2024-05-09,5.09461
2024-05-10,5.107905
2024-05-13,5.064204999999999
2024-05-14,5.045765
2024-05-15,5.025625
2024-05-16,4.915925
2024-05-17,4.891415
2024-05-20,4.804065
2024-05-21,4.751755
2024-05-22,4.731735
2024-05-23,4.709395
2024-05-24,4.661275
2024-05-27,4.607965
2024-05-28,4.54509
2024-05-29,4.47609
2024-05-30,4.37056
2024-05-31,4.291925
2024-06-03,4.268895
2024-06-04,4.2785899999999994
2024-06-05,4.279325
2024-06-06,4.3549999999999995
2024-06-07,4.367005000000001
2024-06-11,4.35045
2024-06-12,4.344544999999999
2024-06-13,4.317055
2024-06-14,4.23187
2024-06-17,4.140965
2024-06-18,4.10706
2024-06-19,4.052125
2024-06-20,4.0353
2024-06-21,4.019345
2024-06-24,4.026574999999999
2024-06-25,4.013185
2024-06-26,4.031415
2024-06-27,4.03602
2024-06-28,4.02998
2024-07-01,4.031435
2024-07-02,3.9978350000000007
2024-07-03,3.93231
2024-07-04,3.9043850000000004
2024-07-05,3.7950000000000004
2024-07-08,3.7444450000000002
2024-07-09,3.7463900000000003
2024-07-10,3.7469950000000005
2024-07-11,3.7808400000000004
2024-07-12,3.821425
2024-07-15,3.8339400000000006
2024-07-16,3.7467150000000005
2024-07-17,3.7105550000000003
2024-07-18,3.67302
2024-07-19,3.62506
2024-07-22,3.60771
2024-07-23,3.61114
2024-07-24,3.5939300000000003
2024-07-25,3.563915
2024-07-26,3.5605400000000005
2024-07-29,3.5726650000000006
2024-07-30,3.5573699999999997
2024-07-31,3.58874
2024-08-01,3.6000499999999995
2024-08-02,3.6123600000000002
2024-08-05,3.635705
2024-08-06,3.61916
2024-08-07,3.6240249999999996
2024-08-08,3.647625
2024-08-09,3.6679049999999997
2024-08-12,3.71055
2024-08-13,3.7678399999999996
2024-08-14,3.8208100000000003
2024-08-15,3.9226799999999997
2024-08-16,4.03409
2024-08-19,4.07753
2024-08-20,4.105035
2024-08-21,4.104615
2024-08-22,4.1450499999999995
2024-08-23,4.185615
2024-08-26,4.214315
2024-08-27,4.211165
2024-08-28,4.172495
2024-08-29,4.15397
2024-08-30,4.205585
2024-09-02,4.206435
2024-09-03,4.187415
2024-09-04,4.157680000000001
2024-09-05,4.10139
2024-09-06,4.06918
2024-09-09,4.037059999999999
2024-09-10,4.0363750000000005
2024-09-11,4.009145
2024-09-12,3.92186
2024-09-13,3.85677
2024-09-18,3.8488599999999997
2024-09-19,3.8690800000000003
2024-09-20,3.8953049999999996
2024-09-23,3.8787100000000003
2024-09-24,3.9272350000000005
2024-09-25,4.0617350000000005
2024-09-26,4.18399
2024-09-27,4.3735599999999994
2024-09-30,4.78258
2024-10-08,5.23857
2024-10-09,5.49034
2024-10-10,5.6836649999999995
2024-10-11,5.82463
2024-10-14,5.92061
2024-10-15,6.010165
2024-10-16,6.10724
2024-10-17,6.1876750000000005
2024-10-18,6.33778
2024-10-21,6.4793199999999995
2024-10-22,6.59632
2024-10-23,6.71396
2024-10-24,6.791665
2024-10-25,6.957895000000001
2024-10-28,7.215020000000001
2024-10-29,7.405815
2024-10-30,7.400275000000001
2024-10-31,7.45446
2024-11-01,7.471080000000001
2024-11-04,7.155590000000001
2024-11-05,6.77885
2024-11-06,6.686345
2024-11-07,6.70694
2024-11-08,6.819450000000001
2024-11-11,6.8945050000000005
2024-11-12,7.023664999999999
2024-11-13,7.089555000000002
2024-11-14,7.114115000000001
2024-11-15,7.09238
2024-11-18,7.075844999999999
2024-11-19,7.02629
2024-11-20,6.9838949999999995
2024-11-21,6.9781749999999985
2024-11-22,6.9713899999999995
2024-11-25,6.848124999999999
2024-11-26,6.730555
2024-11-27,6.6982349999999995
2024-11-28,6.677175
2024-11-29,6.640385
2024-12-02,6.722959999999999
2024-12-03,6.732049999999999
2024-12-04,6.7143250000000005
2024-12-05,6.662145
2024-12-06,6.605075000000001
2024-12-09,6.622110000000001
2024-12-10,6.63862
2024-12-11,6.653409999999999
2024-12-12,6.810815
2024-12-13,6.907025
2024-12-16,6.96391
2024-12-17,7.083865
2024-12-18,7.086225000000001
2024-12-19,7.056035
2024-12-20,6.95814
2024-12-23,7.0306299999999995
2024-12-24,7.00423
2024-12-25,6.97906
2024-12-26,6.868115
2024-12-27,6.75094
2024-12-30,6.63355
2024-12-31,6.518089999999999
2025-01-02,6.424355
2025-01-03,6.35268
2025-01-06,6.212345000000001
2025-01-07,6.067145000000001
2025-01-08,5.8717950000000005
2025-01-09,5.70647
2025-01-10,5.46132
2025-01-13,5.263075
2025-01-14,5.156275
2025-01-15,4.998195
2025-01-16,4.942500000000001
2025-01-17,4.883105
2025-01-20,4.867255
2025-01-21,4.7031
2025-01-22,4.600905
2025-01-23,4.5479199999999995
2025-01-24,4.5259
2025-01-27,4.51238
2025-02-05,4.483205
2025-02-06,4.468085
2025-02-07,4.444190000000001
2025-02-10,4.414645
2025-02-11,4.414714999999999
2025-02-12,4.405285
2025-02-13,4.38516
2025-02-14,4.39256
2025-02-17,4.4412400000000005
2025-02-18,4.514545
2025-02-19,4.48391
2025-02-20,4.49182
2025-02-21,4.5149349999999995
2025-02-24,4.5977250000000005
2025-02-25,4.580295
2025-02-26,4.612465
2025-02-27,4.675935
2025-02-28,4.713299999999999
2025-03-03,4.75826
2025-03-04,4.761545
2025-03-05,4.797375000000001
2025-03-06,4.8482
2025-03-07,4.845535
2025-03-10,4.859215000000001
2025-03-11,4.874645
2025-03-12,4.911215
2025-03-13,4.971125
2025-03-14,5.083305
2025-03-17,5.11851
2025-03-18,5.11962
2025-03-19,5.152200000000001
2025-03-20,5.17236
2025-03-21,5.200785
2025-03-24,5.250775
2025-03-25,5.299785
2025-03-26,5.31522
2025-03-27,5.30495
2025-03-28,5.27961
2025-03-31,5.260915
2025-04-01,5.2644
2025-04-02,5.189185
2025-04-03,5.1462449999999995
2025-04-07,5.1843449999999995
2025-04-08,5.246015
2025-04-09,5.3390450000000005
2025-04-10,5.38356
2025-04-11,5.33885
2025-04-14,5.2505250000000006
2025-04-15,5.158225
2025-04-16,5.11252
2025-04-17,5.086
2025-04-18,5.06807
2025-04-21,5.019235
2025-04-22,4.92212
2025-04-23,4.8705
2025-04-24,4.85344
2025-04-25,4.8610549999999995
2025-04-28,4.872895
2025-04-29,4.896045
2025-04-30,4.943239999999999
2025-05-06,5.069325
2025-05-07,5.18145
2025-05-08,5.20083
2025-05-09,5.162
2025-05-12,5.090565
2025-05-13,5.06223
2025-05-14,5.09608
2025-05-15,5.143375
2025-05-16,5.180529999999999
2025-05-19,5.23569
2025-05-20,5.289285
2025-05-21,5.32612
2025-05-22,5.34253
2025-05-23,5.354895
2025-05-26,5.351965
2025-05-27,5.355765
2025-05-28,5.320335
2025-05-29,5.35202
2025-05-30,5.338305
2025-06-03,5.30839
2025-06-04,5.27558
2025-06-05,5.237075
2025-06-06,5.19428
2025-06-09,5.207615
2025-06-10,5.26879
2025-06-11,5.259650000000001
2025-06-12,5.25839
2025-06-13,5.273065000000001
2025-06-16,5.275119999999999
2025-06-17,5.2426200000000005
2025-06-18,5.193955000000001
2025-06-19,5.1739049999999995
2025-06-20,5.142455
2025-06-23,5.119905
2025-06-24,5.15235
2025-06-25,5.168709999999999
2025-06-26,5.223555
2025-06-27,5.208855
2025-06-30,5.240679999999999
2025-07-01,5.27654
2025-07-02,5.301645
2025-07-03,5.29366
2025-07-04,5.304915
2025-07-07,5.291510000000001
2025-07-08,5.242025
2025-07-09,5.270885
2025-07-10,5.30739
2025-07-11,5.302709999999999
2025-07-14,5.32431
2025-07-15,5.379735
2025-07-16,5.395235
2025-07-17,5.409975
2025-07-18,5.438955
2025-07-21,5.541695
2025-07-22,5.6159799999999995
2025-07-23,5.6573400000000005
2025-07-24,5.6789
2025-07-25,5.716785
2025-07-28,5.736815
2025-07-29,5.76478
2025-07-30,5.78202
2025-07-31,5.819319999999999
2025-08-01,5.84096
2025-08-04,5.84042
2025-08-05,5.87113
2025-08-06,5.87812
2025-08-07,5.8927499999999995
2025-08-08,5.933755
2025-08-11,6.0041150000000005
2025-08-12,5.996535
2025-08-13,6.046975000000001
2025-08-14,6.10491
2025-08-15,6.13694
2025-08-18,6.127065
2025-08-19,6.13725
2025-08-20,6.125134999999999
2025-08-21,6.151400000000001
2025-08-22,6.158975
2025-08-25,6.202465
2025-08-26,6.22164
2025-08-27,6.306065
2025-08-28,6.380485
2025-08-29,6.355105
2025-09-01,6.380825
2025-09-02,6.39052
2025-09-03,6.347785
2025-09-04,6.345935000000001
2025-09-05,6.29443
2025-09-08,6.23109
2025-09-09,6.209655
2025-09-10,6.179564999999999
2025-09-11,6.132820000000001
2025-09-12,6.111795
2025-09-15,6.02955
2025-09-16,5.99276
2025-09-17,5.96307
2025-09-18,5.97276
2025-09-19,5.927855
2025-09-22,5.804565
2025-09-23,5.758885
2025-09-24,5.58977
2025-09-25,5.41532
2025-09-26,5.3802
2025-09-29,5.3167349999999995
2025-09-30,5.215685
2025-10-09,5.209725
2025-10-10,5.16461
2025-10-13,5.157024999999999
2025-10-14,5.119885
2025-10-15,5.044975
2025-10-16,4.984975
2025-10-17,4.930455
2025-10-20,4.90113
2025-10-21,4.921295
2025-10-22,4.8845600000000005
2025-10-23,4.87366
2025-10-24,4.803635
2025-10-27,4.82168
2025-10-28,4.8497
2025-10-29,4.812475
2025-10-30,4.825185
2025-10-31,4.88498
2025-11-03,4.940634999999999
2025-11-04,4.98701
2025-11-05,5.082975
2025-11-06,5.098350000000001
2025-11-07,5.102295
2025-11-10,5.11125
2025-11-11,5.12011
2025-11-12,5.161745
2025-11-13,5.225779999999999
2025-11-14,5.31173
2025-11-17,5.374264999999999
2025-11-18,5.396205
2025-11-19,5.41031
2025-11-20,5.426119999999999
2025-11-21,5.495435
2025-11-24,5.48034
2025-11-25,5.46554
2025-11-26,5.46985
2025-11-27,5.454635
2025-11-28,5.406755
2025-12-01,5.36476
2025-12-02,5.3078899999999996
2025-12-03,5.2195599999999995
2025-12-04,5.18089
2025-12-05,5.152185
2025-12-08,5.118399999999999
2025-12-09,5.112769999999999
2025-12-10,5.116905
2025-12-11,5.103225
2025-12-12,5.048595
2025-12-15,5.0029699999999995
2025-12-16,4.93384
2025-12-17,4.87987
2025-12-18,4.841965
2025-12-19,4.75173
2025-12-22,4.717180000000001
2025-12-23,4.707765
2025-12-24,4.6525099999999995
2025-12-25,4.64054
2025-12-26,4.640359999999999
2025-12-29,4.627865
2025-12-30,4.61526
2025-12-31,4.628055
2026-01-05,4.68785
2026-01-06,4.742929999999999
2026-01-07,4.7771799999999995
2026-01-08,4.81607
2026-01-09,4.85515
2026-01-12,4.90153
2026-01-13,4.9775350000000005
2026-01-14,5.076115
2026-01-15,5.109775
2026-01-16,5.13589
2026-01-19,5.163259999999999
2026-01-20,5.18854
2026-01-21,5.194475
2026-01-22,5.227320000000001
2026-01-23,5.28066
2026-01-26,5.360275
2026-01-27,5.40854
2026-01-28,5.43416
2026-01-29,5.508920000000001
2026-01-30,5.6055399999999995
2026-02-02,5.641835
2026-02-03,5.62294
2026-02-04,5.631175000000001
2026-02-05,5.61062
2026-02-06,5.591375
2026-02-09,5.5356499999999995
2026-02-10,5.432295
2026-02-11,5.2958750000000006
2026-02-12,5.270110000000001
2026-02-13,5.22166
2026-02-24,5.20976
2026-02-25,5.221815
