date,932000.CSI_均线_120日
2014-07-01,1097.7631250000002
2014-07-02,1099.3413158333335
2014-07-03,1100.9870666666668
2014-07-04,1102.9062033333332
2014-07-07,1104.7969308333334
2014-07-08,1106.7283691666667
2014-07-09,1108.6682608333333
2014-07-10,1110.7902866666668
2014-07-11,1112.9647341666669
2014-07-14,1115.1109091666665
2014-07-15,1117.1267391666665
2014-07-16,1119.00132
2014-07-17,1120.8970958333334
2014-07-18,1122.8260958333333
2014-07-21,1124.5788683333333
2014-07-22,1126.30816
2014-07-23,1127.8396383333336
2014-07-24,1129.2141433333334
2014-07-25,1130.6660858333335
2014-07-28,1132.2940383333334
2014-07-29,1133.9484425
2014-07-30,1135.6992575000002
2014-07-31,1137.3738533333333
2014-08-01,1138.7082566666666
2014-08-04,1140.1340391666668
2014-08-05,1141.4884458333333
2014-08-06,1143.0428416666666
2014-08-07,1144.2762541666668
2014-08-08,1145.3831283333336
2014-08-11,1146.6275525000003
2014-08-12,1147.9340683333332
2014-08-13,1149.4477825
2014-08-14,1150.9153616666667
2014-08-15,1152.4158683333333
2014-08-18,1154.5071316666665
2014-08-19,1156.6049300000002
2014-08-20,1158.8650358333332
2014-08-21,1161.0432225
2014-08-22,1163.1107999999997
2014-08-25,1165.11411
2014-08-26,1166.890375833333
2014-08-27,1168.7359758333332
2014-08-28,1170.5246458333336
2014-08-29,1172.8041275
2014-09-01,1175.3588816666665
2014-09-02,1178.1338083333333
2014-09-03,1180.9110974999999
2014-09-04,1183.8148816666665
2014-09-05,1186.5490883333332
2014-09-09,1189.347535
2014-09-10,1192.2267316666664
2014-09-11,1195.4108741666666
2014-09-12,1198.644835
2014-09-15,1202.0776691666665
2014-09-16,1205.0985441666667
2014-09-17,1208.1902708333332
2014-09-18,1211.6177225000001
2014-09-19,1215.4701191666668
2014-09-22,1219.2868674999997
2014-09-23,1223.1696574999999
2014-09-24,1227.2843816666668
2014-09-25,1231.4090541666667
2014-09-26,1235.5527166666666
2014-09-29,1239.7879516666665
2014-09-30,1244.0182408333335
2014-10-08,1248.4567624999997
2014-10-09,1252.9603741666665
2014-10-10,1257.3182158333334
2014-10-13,1261.7133566666666
2014-10-14,1266.075505
2014-10-15,1270.4824508333334
2014-10-16,1274.6842175
2014-10-17,1278.809695
2014-10-20,1283.250225
2014-10-21,1287.6188241666666
2014-10-22,1291.8628024999998
2014-10-23,1296.0151008333335
2014-10-24,1300.4950791666668
2014-10-27,1305.0036341666666
2014-10-28,1309.84375
2014-10-29,1314.7531458333333
2014-10-30,1319.5828008333335
2014-10-31,1324.5266608333332
2014-11-03,1329.6266991666666
2014-11-04,1334.665155
2014-11-05,1339.56119
2014-11-06,1344.6023933333333
2014-11-07,1349.4815391666666
2014-11-10,1354.5935108333333
2014-11-11,1359.1908483333334
2014-11-12,1364.0217791666666
2014-11-13,1368.534865833333
2014-11-14,1372.907815
2014-11-17,1377.5313899999999
2014-11-18,1382.1273308333332
2014-11-19,1386.7260866666666
2014-11-20,1391.299985833333
2014-11-21,1395.9234299999998
2014-11-24,1400.7669908333335
2014-11-25,1405.7331583333334
2014-11-26,1410.8440058333333
2014-11-27,1416.1402733333332
2014-11-28,1421.3259025
2014-12-01,1426.3596891666666
2014-12-02,1431.5326775
2014-12-03,1436.6083824999998
2014-12-04,1441.7385216666667
2014-12-05,1446.3858141666667
2014-12-08,1450.8693816666666
2014-12-09,1454.6003491666668
2014-12-10,1458.7785208333335
2014-12-11,1463.2366100000002
2014-12-12,1468.1256341666667
2014-12-15,1473.1692675000002
2014-12-16,1478.0074391666667
2014-12-17,1482.5256616666666
2014-12-18,1486.9864358333334
2014-12-19,1491.0161041666665
2014-12-22,1494.1017283333333
2014-12-23,1496.9151583333332
2014-12-24,1499.9941658333332
2014-12-25,1503.1547058333335
2014-12-26,1506.2858416666668
2014-12-29,1509.0874233333334
2014-12-30,1511.6392725
2014-12-31,1514.1989425
2015-01-05,1516.9527441666667
2015-01-06,1519.9103541666666
2015-01-07,1522.7543658333334
2015-01-08,1525.4934975
2015-01-09,1528.2094575
2015-01-12,1530.8394283333332
2015-01-13,1533.7020858333335
2015-01-14,1536.5385558333335
2015-01-15,1539.4710983333332
2015-01-16,1542.4470824999999
2015-01-19,1545.3163141666666
2015-01-20,1548.736495
2015-01-21,1552.3487524999998
2015-01-22,1556.0253275
2015-01-23,1559.444175
2015-01-26,1563.0562208333333
2015-01-27,1566.680325
2015-01-28,1570.3873675
2015-01-29,1573.9074225
2015-01-30,1577.1890091666667
2015-02-02,1580.4398491666666
2015-02-03,1583.9984233333334
2015-02-04,1587.4854799999998
2015-02-05,1590.7801308333333
2015-02-06,1593.7717766666667
2015-02-09,1596.5929174999999
2015-02-10,1599.5602416666666
2015-02-11,1602.5718816666667
2015-02-12,1605.5172266666668
2015-02-13,1608.6232925
2015-02-16,1611.9989358333335
2015-02-17,1615.4424033333335
2015-02-25,1618.8321308333334
2015-02-26,1622.3785666666665
2015-02-27,1626.3511383333337
2015-03-02,1630.5935625
2015-03-03,1634.9091858333334
2015-03-04,1639.43814
2015-03-05,1643.9033191666667
2015-03-06,1648.0015875
2015-03-09,1652.2149141666669
2015-03-10,1656.5760083333334
2015-03-11,1660.9694558333333
2015-03-12,1665.0840624999998
2015-03-13,1669.2904891666667
2015-03-16,1674.0074983333334
2015-03-17,1678.8257724999999
2015-03-18,1683.7671166666667
2015-03-19,1689.2774408333332
2015-03-20,1694.8923833333333
2015-03-23,1700.9110875
2015-03-24,1706.9317374999998
2015-03-25,1713.3617033333333
2015-03-26,1719.3026991666668
2015-03-27,1725.1932266666665
2015-03-30,1731.08683
2015-03-31,1737.0412441666665
2015-04-01,1743.3077358333333
2015-04-02,1749.9764625
2015-04-03,1756.9403908333334
2015-04-07,1764.3018933333333
2015-04-08,1771.5754116666665
2015-04-09,1778.6477058333332
2015-04-10,1786.3220391666666
2015-04-13,1794.4449158333334
2015-04-14,1802.7978816666666
2015-04-15,1810.6021741666668
2015-04-16,1818.3630141666667
2015-04-17,1826.3085691666668
2015-04-20,1833.9481808333335
2015-04-21,1842.6599516666668
2015-04-22,1852.0703849999998
2015-04-23,1861.6384933333334
2015-04-24,1870.8305225
2015-04-27,1879.9352983333333
2015-04-28,1888.3409458333333
2015-04-29,1897.3590375
2015-04-30,1906.3768333333333
2015-05-04,1915.7683933333333
2015-05-05,1924.5992766666668
2015-05-06,1933.1421525
2015-05-07,1941.3921400000002
2015-05-08,1950.5386641666666
2015-05-11,1961.320765
2015-05-12,1972.5782583333332
2015-05-13,1984.5260941666668
2015-05-14,1996.9473641666666
2015-05-15,2009.0987324999999
2015-05-18,2022.0733791666669
2015-05-19,2035.7006783333334
2015-05-20,2050.2298075000003
2015-05-21,2065.7635525
2015-05-22,2081.5129558333333
2015-05-25,2097.56041
2015-05-26,2114.6974791666667
2015-05-27,2132.337494166667
2015-05-28,2148.5154025
2015-05-29,2165.3534683333332
2015-06-01,2183.6890958333333
2015-06-02,2203.5860333333335
2015-06-03,2223.794949166667
2015-06-04,2243.9933108333335
2015-06-05,2264.5806949999997
2015-06-08,2284.9627983333335
2015-06-09,2305.0149091666667
2015-06-10,2325.7103100000004
2015-06-11,2347.0192108333335
2015-06-12,2368.7627508333335
2015-06-15,2390.223381666667
2015-06-16,2410.2715574999997
2015-06-17,2431.1078575
2015-06-18,2451.173378333333
2015-06-19,2469.722724166667
2015-06-23,2488.241000833333
2015-06-24,2507.2442891666665
2015-06-25,2525.0138825000004
2015-06-26,2540.2931308333336
2015-06-29,2553.7763108333334
2015-06-30,2568.2807358333334
2015-07-01,2581.0412208333337
2015-07-02,2592.0568425
2015-07-03,2601.2828016666667
2015-07-06,2609.2969258333333
2015-07-07,2616.0564891666663
2015-07-08,2622.2687166666665
2015-07-09,2629.3290774999996
2015-07-10,2636.9297158333334
2015-07-13,2645.5782825
2015-07-14,2654.7648891666668
2015-07-15,2662.823445
2015-07-16,2671.216428333333
2015-07-17,2680.188075
2015-07-20,2689.5117975000003
2015-07-21,2699.2526241666665
2015-07-22,2709.591355833333
2015-07-23,2720.5174075
2015-07-24,2731.1169016666668
2015-07-27,2740.141758333333
2015-07-28,2748.2841383333334
2015-07-29,2757.615699166666
2015-07-30,2766.330040833333
2015-07-31,2774.3021941666666
2015-08-03,2781.0708566666663
2015-08-04,2789.141561666667
2015-08-05,2797.377014166667
2015-08-06,2805.7122075
2015-08-07,2814.7532775
2015-08-10,2824.7038308333335
2015-08-11,2834.826193333334
2015-08-12,2844.4155758333336
2015-08-13,2854.3984641666666
2015-08-14,2864.6592133333334
2015-08-17,2875.3384241666663
2015-08-18,2884.241080833333
2015-08-19,2893.5208716666666
2015-08-20,2901.54228
2015-08-21,2908.358475833333
2015-08-24,2913.2534299999998
2015-08-25,2916.592188333333
2015-08-26,2919.3663691666666
2015-08-27,2922.3985858333335
2015-08-28,2926.252488333333
2015-08-31,2929.3803575
2015-09-01,2931.5506100000002
2015-09-02,2932.73027
2015-09-07,2933.660491666667
2015-09-08,2935.117896666667
2015-09-09,2937.0157575
2015-09-10,2938.5168466666664
2015-09-11,2939.9685241666666
2015-09-14,2939.6367325
2015-09-15,2938.1898575
2015-09-16,2937.447289166667
2015-09-17,2936.5944499999996
2015-09-18,2935.717361666667
2015-09-21,2935.3850725
2015-09-22,2935.053070833333
2015-09-23,2934.1196425000003
2015-09-24,2932.9276
2015-09-25,2930.4604483333333
2015-09-28,2927.95232
2015-09-29,2925.2806591666663
2015-09-30,2922.766753333333
2015-10-08,2920.3486916666666
2015-10-09,2917.726906666667
2015-10-12,2915.8516783333334
2015-10-13,2915.0882641666667
2015-10-14,2913.967899166667
2015-10-15,2913.3557674999997
2015-10-16,2913.5492741666667
2015-10-19,2913.0596033333336
2015-10-20,2912.232733333333
2015-10-21,2909.7510408333333
2015-10-22,2908.008948333333
2015-10-23,2906.821069166667
2015-10-26,2906.553256666667
2015-10-27,2905.8470483333335
2015-10-28,2904.5136233333333
2015-10-29,2903.1985141666664
2015-10-30,2902.3659408333333
2015-11-02,2901.160250833333
2015-11-03,2900.390038333333
2015-11-04,2899.6950266666668
2015-11-05,2897.9288691666666
2015-11-06,2896.1421341666664
2015-11-09,2894.3138716666663
2015-11-10,2892.2573141666667
2015-11-11,2890.762810833333
2015-11-12,2888.5793408333334
2015-11-13,2885.0603016666664
2015-11-16,2881.3019383333335
2015-11-17,2876.2129016666663
2015-11-18,2870.3941575
2015-11-19,2864.8292308333334
2015-11-20,2858.6119858333336
2015-11-23,2851.682209166667
2015-11-24,2846.5579441666664
2015-11-25,2841.499120833333
2015-11-26,2834.7321766666664
2015-11-27,2824.849225833333
2015-11-30,2814.81425
2015-12-01,2805.2244266666667
2015-12-02,2794.9421933333338
2015-12-03,2786.3417658333333
2015-12-04,2777.8348199999996
2015-12-07,2768.9833458333333
2015-12-08,2758.9525566666666
2015-12-09,2748.0486166666665
2015-12-10,2737.4319941666668
2015-12-11,2728.220463333333
2015-12-14,2718.7366933333333
2015-12-15,2710.672679166667
2015-12-16,2705.2996191666666
2015-12-17,2700.986931666667
2015-12-18,2695.8152916666663
2015-12-21,2691.9283933333336
2015-12-22,2690.8752
2015-12-23,2691.6685475
2015-12-24,2691.7879891666666
2015-12-25,2693.7795016666664
2015-12-28,2696.7136183333337
2015-12-29,2701.4913333333334
2015-12-30,2707.813113333333
2015-12-31,2714.795521666667
2016-01-04,2720.1745458333335
2016-01-05,2724.2303008333333
2016-01-06,2728.2622083333335
2016-01-07,2729.2433066666663
2016-01-08,2729.713708333333
2016-01-11,2729.49393
2016-01-12,2729.1561008333333
2016-01-13,2726.9106841666667
2016-01-14,2724.791529166667
2016-01-15,2721.2547350000004
2016-01-18,2717.7663783333333
2016-01-19,2714.252554166667
2016-01-20,2710.9306833333335
2016-01-21,2708.266675
2016-01-22,2706.91343
2016-01-25,2704.8123883333333
2016-01-26,2701.7467925
2016-01-27,2698.9680141666668
2016-01-28,2696.4312475
2016-01-29,2693.304126666667
2016-02-01,2690.0547533333333
2016-02-02,2687.5675116666666
2016-02-03,2684.43585
2016-02-04,2680.7049541666665
2016-02-05,2676.4625075
2016-02-15,2672.552783333333
2016-02-16,2668.7755516666666
2016-02-17,2664.9683091666666
2016-02-18,2660.6797075000004
2016-02-19,2658.226146666667
2016-02-22,2655.6597608333336
2016-02-23,2653.8762175
2016-02-24,2653.2884016666667
2016-02-25,2652.5849308333336
2016-02-26,2653.2256375
2016-02-29,2653.3253858333337
2016-03-01,2653.3125325
2016-03-02,2653.112669166667
2016-03-03,2653.583141666667
2016-03-04,2654.4000191666664
2016-03-07,2656.4887891666667
2016-03-08,2658.463971666666
2016-03-09,2659.1986125
2016-03-10,2658.8255166666668
2016-03-11,2658.6776525
2016-03-14,2659.0609875000005
2016-03-15,2660.573425833333
2016-03-16,2662.8320783333334
2016-03-17,2664.7463991666664
2016-03-18,2667.7778150000004
2016-03-21,2671.2379666666666
2016-03-22,2674.088626666666
2016-03-23,2677.0094633333333
2016-03-24,2679.8077833333327
2016-03-25,2682.4844758333334
2016-03-28,2685.8137666666667
2016-03-29,2688.2781824999997
2016-03-30,2691.8566375000005
2016-03-31,2695.7206966666668
2016-04-01,2698.8737016666664
2016-04-05,2702.310845833333
2016-04-06,2705.0832225
2016-04-07,2707.1411841666672
2016-04-08,2709.1658099999995
2016-04-11,2711.079748333333
2016-04-12,2712.520371666667
2016-04-13,2714.1977583333332
2016-04-14,2715.855325
2016-04-15,2718.9432808333336
2016-04-18,2720.9971116666666
2016-04-19,2722.4704991666667
2016-04-20,2722.7217416666667
2016-04-21,2722.5439483333334
2016-04-22,2723.0114275
2016-04-25,2723.160049166667
2016-04-26,2723.65609
2016-04-27,2724.6430575
2016-04-28,2725.5611008333335
2016-04-29,2725.5041300000003
2016-05-03,2726.0725758333338
2016-05-04,2726.023770833334
2016-05-05,2725.7552258333335
2016-05-06,2724.3243025
2016-05-09,2721.3274441666667
2016-05-10,2718.0158666666666
2016-05-11,2714.959355
2016-05-12,2711.086830833333
2016-05-13,2707.3406775
2016-05-16,2704.4197075
2016-05-17,2700.787550833333
2016-05-18,2695.8699016666665
2016-05-19,2691.142436666667
2016-05-20,2686.2488841666664
2016-05-23,2681.16862
2016-05-24,2675.9745316666667
2016-05-25,2672.2523491666666
2016-05-26,2668.3266075
2016-05-27,2664.480719166667
2016-05-30,2660.938780833333
2016-05-31,2657.4078766666667
2016-06-01,2653.965844166667
2016-06-02,2650.2852391666665
2016-06-03,2647.0577466666664
2016-06-06,2644.111135
2016-06-07,2641.3606050000003
2016-06-08,2638.8422083333335
2016-06-13,2634.703516666667
2016-06-14,2630.2779366666664
2016-06-15,2626.290321666667
2016-06-16,2621.503966666666
2016-06-17,2616.9089650000005
2016-06-20,2612.1932766666664
2016-06-21,2606.8773325
2016-06-22,2602.20302
2016-06-23,2597.276923333333
2016-06-24,2591.980539166667
2016-06-27,2587.961315833333
2016-06-28,2583.9495549999997
2016-06-29,2579.7247375
2016-06-30,2576.0653975
2016-07-01,2574.6085224999997
2016-07-04,2574.228499166667
2016-07-05,2573.249433333333
2016-07-06,2574.4111175000003
2016-07-07,2575.4814908333337
2016-07-08,2578.1773058333333
2016-07-11,2580.6677724999995
2016-07-12,2584.1559525
2016-07-13,2587.0575566666666
2016-07-14,2590.8102366666662
2016-07-15,2593.981021666667
2016-07-18,2596.2283708333334
2016-07-19,2598.67782
2016-07-20,2602.1569858333332
2016-07-21,2605.27015
2016-07-22,2607.862306666667
2016-07-25,2612.0583758333332
2016-07-26,2616.7755583333337
2016-07-27,2621.222288333333
2016-07-28,2624.9109249999997
2016-07-29,2628.6194016666664
2016-08-01,2631.2018850000004
2016-08-02,2633.8431283333334
2016-08-03,2636.1110875
2016-08-04,2638.7438216666665
2016-08-05,2641.1894225
2016-08-08,2642.998271666667
2016-08-09,2644.7429941666664
2016-08-10,2646.4685925
2016-08-11,2647.661533333333
2016-08-12,2648.5700399999996
2016-08-15,2650.0505175
2016-08-16,2651.7676975
2016-08-17,2655.3055841666664
2016-08-18,2658.9172458333333
2016-08-19,2663.8559758333336
2016-08-22,2668.121563333333
2016-08-23,2671.5812925
2016-08-24,2675.1413641666663
2016-08-25,2679.3408783333334
2016-08-26,2683.1693499999997
2016-08-29,2686.8905908333336
2016-08-30,2691.061493333333
2016-08-31,2695.6267883333335
2016-09-01,2700.0951325
2016-09-02,2703.7249616666663
2016-09-05,2707.614315
2016-09-06,2712.0750966666665
2016-09-07,2715.9036966666667
2016-09-08,2719.097768333333
2016-09-09,2721.6039299999998
2016-09-12,2723.4209608333335
2016-09-13,2725.2926408333337
2016-09-14,2727.2845266666673
2016-09-19,2729.42726
2016-09-20,2731.7088366666667
2016-09-21,2734.533518333333
2016-09-22,2736.717381666667
2016-09-23,2738.5994466666666
2016-09-26,2739.9623308333335
2016-09-27,2740.886940833333
2016-09-28,2741.6110991666665
2016-09-29,2742.7750499999997
2016-09-30,2744.296015833334
2016-10-10,2745.8788216666667
2016-10-11,2747.825055833333
2016-10-12,2749.488525
2016-10-13,2750.8988066666666
2016-10-14,2752.245340833333
2016-10-17,2753.59388
2016-10-18,2755.30433
2016-10-19,2758.054658333333
2016-10-20,2761.1999674999997
2016-10-21,2764.0479266666666
2016-10-24,2767.125990833333
2016-10-25,2770.0177825
2016-10-26,2772.865871666667
2016-10-27,2775.833739166667
2016-10-28,2778.473895
2016-10-31,2780.461555833333
2016-11-01,2782.7817225000003
2016-11-02,2784.846453333333
2016-11-03,2788.0600775
2016-11-04,2792.2338516666664
2016-11-07,2796.5425133333333
2016-11-08,2801.3027908333333
2016-11-09,2806.06789
2016-11-10,2811.2886716666667
2016-11-11,2816.1997874999997
2016-11-14,2821.2272258333333
2016-11-15,2827.1740125
2016-11-16,2833.01348
2016-11-17,2838.5765858333334
2016-11-18,2843.7754875
2016-11-21,2849.319671666666
2016-11-22,2855.1908175000003
2016-11-23,2860.83945
2016-11-24,2866.3194966666665
2016-11-25,2871.8667425000003
2016-11-28,2876.5354383333333
2016-11-29,2880.5386933333334
2016-11-30,2884.223813333333
2016-12-01,2887.972036666667
2016-12-02,2891.0915525
2016-12-05,2893.9520325
2016-12-06,2896.9510433333335
2016-12-07,2901.4735358333332
2016-12-08,2905.7734375
2016-12-09,2909.204824166666
2016-12-12,2911.1408325
2016-12-13,2913.0936724999997
2016-12-14,2914.896746666667
2016-12-15,2917.2536383333336
2016-12-16,2919.5305708333335
2016-12-19,2921.932951666667
2016-12-20,2924.532585833333
2016-12-21,2926.8177866666665
2016-12-22,2928.724179166667
2016-12-23,2930.219460833333
2016-12-26,2931.8688458333336
2016-12-27,2933.6836791666665
2016-12-28,2935.0102833333335
2016-12-29,2936.1184483333336
2016-12-30,2937.1254091666665
2017-01-03,2938.3976425
2017-01-04,2940.0258049999998
2017-01-05,2941.878019166667
2017-01-06,2943.3353216666665
2017-01-09,2944.7182066666664
2017-01-10,2945.995818333334
2017-01-11,2947.026650833333
2017-01-12,2947.9125408333334
2017-01-13,2948.136995833333
2017-01-16,2947.152686666667
2017-01-17,2946.432046666667
2017-01-18,2945.8347675
2017-01-19,2945.0606575
2017-01-20,2944.4181424999997
2017-01-23,2945.261123333333
2017-01-24,2946.121188333333
2017-01-25,2947.178559166666
2017-01-26,2948.7662241666667
2017-02-03,2950.058206666667
2017-02-06,2951.539755
2017-02-07,2952.9494683333332
2017-02-08,2954.7282308333333
2017-02-09,2956.5809666666664
2017-02-10,2958.0976183333332
2017-02-13,2959.797638333333
2017-02-14,2961.8178216666665
2017-02-15,2963.4118683333336
2017-02-16,2964.7081366666666
2017-02-17,2965.5333383333336
2017-02-20,2966.3558741666666
2017-02-21,2967.34583
2017-02-22,2968.4126016666664
2017-02-23,2969.7113191666667
2017-02-24,2970.9990749999997
2017-02-27,2971.9665483333333
2017-02-28,2973.140705
2017-03-01,2974.27132
2017-03-02,2975.1674141666667
2017-03-03,2976.10252
2017-03-06,2977.2828866666664
2017-03-07,2978.6886566666667
2017-03-08,2980.1260208333333
2017-03-09,2981.2761258333335
2017-03-10,2982.0540825
2017-03-13,2982.916325
2017-03-14,2983.6593908333334
2017-03-15,2984.472558333334
2017-03-16,2986.270214166667
2017-03-17,2987.6204941666665
2017-03-20,2989.1715191666667
2017-03-21,2990.4994500000003
2017-03-22,2991.6180299999996
2017-03-23,2992.647115833334
2017-03-24,2993.5176675
2017-03-27,2994.3910691666665
2017-03-28,2995.7550991666662
2017-03-29,2996.722926666667
2017-03-30,2997.0833975
2017-03-31,2997.371023333333
2017-04-05,2997.9497225
2017-04-06,2998.0979691666666
2017-04-07,2997.9943483333336
2017-04-10,2997.4786825
2017-04-11,2996.977293333333
2017-04-12,2996.2209675
2017-04-13,2995.7600258333337
2017-04-14,2994.4515316666666
2017-04-17,2992.618133333334
2017-04-18,2990.4367425
2017-04-19,2988.0116274999996
2017-04-20,2985.2487175
2017-04-21,2982.2164391666665
2017-04-24,2978.482270833333
2017-04-25,2974.7654008333334
2017-04-26,2971.4051133333337
2017-04-27,2968.186535833333
2017-04-28,2964.7672741666665
2017-05-02,2961.4945399999997
2017-05-03,2958.005844166667
2017-05-04,2954.5376533333333
2017-05-05,2950.777518333334
2017-05-08,2946.3343375
2017-05-09,2942.1546158333335
2017-05-10,2937.2249425
2017-05-11,2932.0032991666667
2017-05-12,2926.624154166667
2017-05-15,2921.114398333333
2017-05-16,2916.0411400000003
2017-05-17,2911.1655708333333
2017-05-18,2906.139530833333
2017-05-19,2900.9182800000003
2017-05-22,2894.9361441666665
2017-05-23,2888.4317025
2017-05-24,2882.129771666667
2017-05-25,2875.934635
2017-05-26,2869.8358316666668
2017-05-31,2864.1065708333335
2017-06-01,2857.8438266666667
2017-06-02,2851.6664041666663
2017-06-05,2846.198066666667
2017-06-06,2840.9368541666668
2017-06-07,2836.0465
2017-06-08,2830.8412574999998
2017-06-09,2825.8136299999996
2017-06-12,2820.4623300000003
2017-06-13,2816.884919166667
2017-06-14,2813.1817233333336
2017-06-15,2809.818075
2017-06-16,2806.0886716666664
2017-06-19,2802.1724174999995
2017-06-20,2798.2614049999997
2017-06-21,2794.29947
2017-06-22,2789.6635691666665
2017-06-23,2785.1174549999996
2017-06-26,2781.1405583333335
2017-06-27,2777.0663966666666
2017-06-28,2772.6503358333334
2017-06-29,2768.386174166667
2017-06-30,2764.2432849999996
2017-07-03,2760.280368333333
2017-07-04,2756.0193833333333
2017-07-05,2751.587339166667
2017-07-06,2747.1767775
2017-07-07,2743.119403333333
2017-07-10,2738.8171483333335
2017-07-11,2734.2695183333335
2017-07-12,2730.0282641666663
2017-07-13,2726.0266258333336
2017-07-14,2722.3956983333333
2017-07-17,2718.6490708333336
2017-07-18,2714.8090808333336
2017-07-19,2711.3153633333336
2017-07-20,2708.039065833333
2017-07-21,2704.32884
2017-07-24,2700.490838333333
2017-07-25,2696.6715825
2017-07-26,2692.838540833334
2017-07-27,2689.170788333334
2017-07-28,2685.5556366666665
2017-07-31,2681.751870833333
2017-08-01,2677.84383
2017-08-02,2673.519565
2017-08-03,2669.0521058333334
2017-08-04,2664.5689291666663
2017-08-07,2660.0897541666664
2017-08-08,2655.6984291666668
2017-08-09,2651.6324933333335
2017-08-10,2647.2154816666666
2017-08-11,2642.7573449999995
2017-08-14,2638.5289175
2017-08-15,2634.1948583333333
2017-08-16,2629.8535491666667
2017-08-17,2625.71864
2017-08-18,2621.4440408333335
2017-08-21,2617.520198333333
2017-08-22,2613.3748483333334
2017-08-23,2609.0665366666667
2017-08-24,2604.790020833333
2017-08-25,2600.638855
2017-08-28,2596.4267183333336
2017-08-29,2592.1309674999998
2017-08-30,2587.9626425
2017-08-31,2584.043935
2017-09-01,2580.240661666667
2017-09-04,2576.4059475
2017-09-05,2572.586665
2017-09-06,2568.8789874999998
2017-09-07,2564.8557683333333
2017-09-08,2561.0450175
2017-09-11,2557.353310833333
2017-09-12,2553.5079066666667
2017-09-13,2549.9252483333335
2017-09-14,2546.3385408333334
2017-09-15,2542.615738333333
2017-09-18,2539.1065758333334
2017-09-19,2535.605479166667
2017-09-20,2532.5247000000004
2017-09-21,2529.8915791666664
2017-09-22,2527.2084341666664
2017-09-25,2523.8072025
2017-09-26,2520.272538333333
2017-09-27,2516.941461666667
2017-09-28,2513.8549599999997
2017-09-29,2510.837364166667
2017-10-09,2508.2949275
2017-10-10,2505.8961575
2017-10-11,2503.842974166667
2017-10-12,2502.2470316666668
2017-10-13,2500.9796950000004
2017-10-16,2499.5720333333334
2017-10-17,2498.3396216666665
2017-10-18,2497.0345666666667
2017-10-19,2496.2438408333333
2017-10-20,2495.6351341666664
2017-10-23,2495.086700833333
2017-10-24,2494.226486666667
2017-10-25,2493.3440266666667
2017-10-26,2492.494719166667
2017-10-27,2491.5150491666664
2017-10-30,2490.0378825000003
2017-10-31,2489.0134675
2017-11-01,2488.5152983333332
2017-11-02,2487.6525800000004
2017-11-03,2486.9617258333333
2017-11-06,2486.6288225000003
2017-11-07,2486.3984775
2017-11-08,2486.1804825
2017-11-09,2485.6440516666667
2017-11-10,2485.014486666667
2017-11-13,2484.494031666667
2017-11-14,2483.8593041666663
2017-11-15,2483.5660533333335
2017-11-16,2483.8674558333328
2017-11-17,2483.2580883333335
2017-11-20,2482.563604166666
2017-11-21,2481.8221825
2017-11-22,2481.101565
2017-11-23,2480.5830775
2017-11-24,2479.9046891666667
2017-11-27,2478.842375833333
2017-11-28,2477.9836966666667
2017-11-29,2476.692203333333
2017-11-30,2475.328183333333
2017-12-01,2474.1178158333337
2017-12-04,2473.057755833333
2017-12-05,2471.137083333333
2017-12-06,2469.3465383333332
2017-12-07,2467.2696491666666
2017-12-08,2465.450363333333
2017-12-11,2463.669484166667
2017-12-12,2461.6567975000003
2017-12-13,2459.7713833333332
2017-12-14,2458.372851666667
2017-12-15,2456.9390175000003
2017-12-18,2455.1441241666666
2017-12-19,2453.3975258333335
2017-12-20,2451.6542600000002
2017-12-21,2449.8503533333333
2017-12-22,2447.9767291666667
2017-12-25,2445.668844166667
2017-12-26,2443.5463741666667
2017-12-27,2441.1825941666666
2017-12-28,2438.844844166667
2017-12-29,2436.5318150000003
2018-01-02,2434.537100833333
2018-01-03,2432.98735
2018-01-04,2431.4568058333334
2018-01-05,2429.940810833333
2018-01-08,2428.550263333333
2018-01-09,2428.3601041666666
2018-01-10,2427.8243224999997
2018-01-11,2427.15264
2018-01-12,2426.3289966666666
2018-01-15,2425.065019166667
2018-01-16,2423.7730116666667
2018-01-17,2422.5355366666668
2018-01-18,2421.3476541666664
2018-01-19,2419.8089833333333
2018-01-22,2418.3767491666663
2018-01-23,2416.8394891666667
2018-01-24,2415.3735766666664
2018-01-25,2414.0926316666664
2018-01-26,2412.6322358333337
2018-01-29,2411.0060275
2018-01-30,2409.200684166667
2018-01-31,2406.88431
2018-02-01,2403.7069091666663
2018-02-02,2400.518964166667
2018-02-05,2397.5177225
2018-02-06,2393.2982141666666
2018-02-07,2389.0627266666665
2018-02-08,2384.924725
2018-02-09,2380.1970566666664
2018-02-12,2375.9132525
2018-02-13,2371.469198333333
2018-02-14,2367.211478333333
2018-02-22,2363.2741125000002
2018-02-23,2359.52725
2018-02-26,2355.9382116666666
2018-02-27,2352.156198333333
2018-02-28,2348.3936166666667
2018-03-01,2344.8114008333337
2018-03-02,2341.060900833333
2018-03-05,2337.288180833333
2018-03-06,2333.6002458333332
2018-03-07,2329.8224066666667
2018-03-08,2326.1684025
2018-03-09,2322.8175908333333
2018-03-12,2319.6754108333334
2018-03-13,2316.2565850000005
2018-03-14,2312.754685833333
2018-03-15,2308.9767933333333
2018-03-16,2305.2165999999997
2018-03-19,2301.6489075
2018-03-20,2297.996606666667
2018-03-21,2294.3153049999996
2018-03-22,2290.4990583333333
2018-03-23,2285.9041908333334
2018-03-26,2281.5855025
2018-03-27,2277.9942166666665
2018-03-28,2274.368999166667
2018-03-29,2270.73553
2018-03-30,2267.4773791666667
2018-04-02,2264.085235833333
2018-04-03,2260.2963025
2018-04-04,2256.282591666667
2018-04-09,2252.372498333333
2018-04-10,2248.493201666666
2018-04-11,2244.7018499999995
2018-04-12,2241.3254441666663
2018-04-13,2237.8617916666667
2018-04-16,2234.498246666667
2018-04-17,2230.9810358333334
2018-04-18,2227.3644333333336
2018-04-19,2223.6355841666664
2018-04-20,2219.6766999999995
2018-04-23,2215.438311666667
2018-04-24,2211.4899825
2018-04-25,2207.7917875
2018-04-26,2204.2914975
2018-04-27,2200.6227216666666
2018-05-02,2196.8472125
2018-05-03,2193.5038483333333
2018-05-04,2190.332014166667
2018-05-07,2187.3201858333337
2018-05-08,2184.39411
2018-05-09,2181.4132466666665
2018-05-10,2178.4321875
2018-05-11,2175.2086
2018-05-14,2171.87719
2018-05-15,2168.920345833333
2018-05-16,2166.0378699999997
2018-05-17,2163.2117666666663
2018-05-18,2161.2990641666665
2018-05-21,2159.634845833333
2018-05-22,2158.1006174999998
2018-05-23,2156.4274108333334
2018-05-24,2155.162671666667
2018-05-25,2153.720334166667
2018-05-28,2152.330699166667
2018-05-29,2150.516525
2018-05-30,2147.9617533333335
2018-05-31,2145.777335
2018-06-01,2143.2397025
2018-06-04,2140.9339466666665
2018-06-05,2139.4268408333332
2018-06-06,2137.821958333333
2018-06-07,2136.0674208333335
2018-06-08,2133.9429591666667
2018-06-11,2131.5136333333335
2018-06-12,2129.3906741666665
2018-06-13,2126.824145
2018-06-14,2124.184190833333
2018-06-15,2121.089088333333
2018-06-19,2116.952188333333
2018-06-20,2112.91827
2018-06-21,2108.6670841666664
2018-06-22,2104.6303983333332
2018-06-25,2100.6423766666667
2018-06-26,2097.0999866666666
2018-06-27,2093.3443075
2018-06-28,2089.5010891666666
2018-06-29,2086.007309166667
2018-07-02,2082.2091575
2018-07-03,2078.518650833333
2018-07-04,2074.3443958333332
2018-07-05,2069.71556
2018-07-06,2065.1251908333334
2018-07-09,2060.87115
2018-07-10,2056.8147466666665
2018-07-11,2052.573033333333
2018-07-12,2048.6012508333333
2018-07-13,2044.7545108333331
2018-07-16,2041.3943508333334
2018-07-17,2037.9829708333334
2018-07-18,2034.4935566666668
2018-07-19,2030.7553233333333
2018-07-20,2027.2063916666666
2018-07-23,2023.6486775
2018-07-24,2020.3072675
2018-07-25,2016.9196024999999
2018-07-26,2013.5219858333332
2018-07-27,2010.0999358333333
2018-07-30,2006.6686041666665
2018-07-31,2003.2747783333334
2018-08-01,2000.1299275
2018-08-02,1997.3629466666669
2018-08-03,1994.616755
2018-08-06,1991.7022833333333
2018-08-07,1990.0268649999998
2018-08-08,1988.0480658333333
2018-08-09,1986.1760116666667
2018-08-10,1984.8379341666666
2018-08-13,1983.13982
2018-08-14,1981.4479583333334
2018-08-15,1979.4429533333334
2018-08-16,1977.0525175
2018-08-17,1974.3255766666666
2018-08-20,1971.3315049999999
2018-08-21,1968.4504933333333
2018-08-22,1965.3651141666667
2018-08-23,1962.1593375000002
2018-08-24,1958.97549
2018-08-27,1955.9622016666667
2018-08-28,1952.7824016666666
2018-08-29,1949.6034533333334
2018-08-30,1946.0296808333335
2018-08-31,1942.0336316666665
2018-09-03,1937.7366616666666
2018-09-04,1933.6907291666669
2018-09-05,1929.6181058333334
2018-09-06,1925.6721625
2018-09-07,1921.7451425
2018-09-10,1917.4717933333334
2018-09-11,1913.1825341666668
2018-09-12,1908.9926433333335
2018-09-13,1904.8816858333334
2018-09-14,1901.5974175000001
2018-09-17,1897.8752958333332
2018-09-18,1893.9229841666668
2018-09-19,1890.1755508333333
2018-09-20,1886.2177541666667
2018-09-21,1882.14764
2018-09-25,1877.972435
2018-09-26,1874.0066
2018-09-27,1869.8138225
2018-09-28,1865.69398
2018-10-08,1861.1142541666666
2018-10-09,1856.437915
2018-10-10,1851.92097
2018-10-11,1846.4717249999999
2018-10-12,1841.0759041666668
2018-10-15,1835.9626716666667
2018-10-16,1830.455975
2018-10-17,1825.0088166666667
2018-10-18,1819.5787966666664
2018-10-19,1814.5034616666667
2018-10-22,1809.6136608333334
2018-10-23,1804.4838516666669
2018-10-24,1799.7161374999998
2018-10-25,1794.8258258333335
2018-10-26,1790.0908541666665
2018-10-29,1785.0119533333334
2018-10-30,1780.0830133333334
2018-10-31,1775.0003924999999
2018-11-01,1769.8429266666667
2018-11-02,1764.9876966666668
2018-11-05,1760.1278383333333
2018-11-06,1755.4653058333336
2018-11-07,1750.92765
2018-11-08,1746.1782708333335
2018-11-09,1741.4909208333336
2018-11-12,1737.2007983333335
2018-11-13,1733.0644583333335
2018-11-14,1728.6773166666667
2018-11-15,1724.4920708333334
2018-11-16,1720.6289583333335
2018-11-19,1716.8278733333332
2018-11-20,1712.77185
2018-11-21,1708.9668208333335
2018-11-22,1705.3547775000002
2018-11-23,1701.8027091666668
2018-11-26,1697.9030683333333
2018-11-27,1694.278885
2018-11-28,1690.83647
2018-11-29,1686.7728883333334
2018-11-30,1682.7200391666668
2018-12-03,1679.2338258333332
2018-12-04,1676.0501725
2018-12-05,1672.8897966666666
2018-12-06,1669.4050983333334
2018-12-07,1666.2471550000002
2018-12-10,1662.9669
2018-12-11,1660.2835166666666
2018-12-12,1658.7610358333334
2018-12-13,1657.1342025000001
2018-12-14,1655.5775916666666
2018-12-17,1653.8284791666667
2018-12-18,1651.9767283333333
2018-12-19,1649.771525
2018-12-20,1647.6987741666667
2018-12-21,1645.7013450000002
2018-12-24,1643.4136191666666
2018-12-25,1641.162495
2018-12-26,1638.6444891666667
2018-12-27,1636.2284308333333
2018-12-28,1634.2654758333333
2019-01-02,1632.2678058333333
2019-01-03,1629.8591133333332
2019-01-04,1627.5808333333332
2019-01-07,1625.9320025
2019-01-08,1623.9091858333334
2019-01-09,1621.8961991666667
2019-01-10,1619.858755
2019-01-11,1617.872435
2019-01-14,1615.89564
2019-01-15,1614.2492916666667
2019-01-16,1612.4220116666665
2019-01-17,1610.3457916666666
2019-01-18,1608.0587808333335
2019-01-21,1605.836845
2019-01-22,1603.5510125
2019-01-23,1601.4011808333335
2019-01-24,1599.5579466666668
2019-01-25,1597.5871574999999
2019-01-28,1595.7326991666666
2019-01-29,1593.9709916666666
2019-01-30,1592.1572908333333
2019-01-31,1590.3434333333332
2019-02-01,1588.485575
2019-02-11,1587.1959541666665
2019-02-12,1585.79034
2019-02-13,1584.5222333333331
2019-02-14,1583.3039641666664
2019-02-15,1582.0885675
2019-02-18,1581.5726250000002
2019-02-19,1581.2542083333333
2019-02-20,1581.2559358333335
2019-02-21,1581.1537608333335
2019-02-22,1581.2081441666667
2019-02-25,1582.1141241666667
2019-02-26,1582.8350416666667
2019-02-27,1583.5691558333335
2019-02-28,1584.1169758333333
2019-03-01,1584.7106425
2019-03-04,1585.666585
2019-03-05,1587.29044
2019-03-06,1589.4217541666667
2019-03-07,1591.8820991666666
2019-03-08,1593.4248025
2019-03-11,1595.8494041666668
2019-03-12,1598.6577533333334
2019-03-13,1601.1183075000001
2019-03-14,1603.3555408333334
2019-03-15,1605.7912924999998
2019-03-18,1608.5613025
2019-03-19,1611.2873791666666
2019-03-20,1614.2087883333334
2019-03-21,1617.5806725
2019-03-22,1620.8292799999997
2019-03-25,1623.8031774999997
2019-03-26,1626.3928625
2019-03-27,1628.9633558333333
2019-03-28,1631.3356416666668
2019-03-29,1634.0438691666668
2019-04-01,1637.6221366666666
2019-04-02,1641.2077233333332
2019-04-03,1645.4109725
2019-04-04,1649.60757
2019-04-08,1653.6839675
2019-04-09,1658.8888841666667
2019-04-10,1664.1354000000001
2019-04-11,1669.1979458333335
2019-04-12,1674.503315833333
2019-04-15,1679.5559708333335
2019-04-16,1685.3374116666669
2019-04-17,1691.0580075
2019-04-18,1696.0565875
2019-04-19,1701.337335
2019-04-22,1706.4164850000002
2019-04-23,1711.2440566666664
2019-04-24,1716.1814766666669
2019-04-25,1720.5576533333333
2019-04-26,1724.5501316666666
2019-04-29,1727.6828783333333
2019-04-30,1730.8904266666666
2019-05-06,1732.5573425
2019-05-07,1734.3402741666666
2019-05-08,1736.1530541666666
2019-05-09,1737.9117391666666
2019-05-10,1740.2130275000002
2019-05-13,1742.5015941666666
2019-05-14,1744.3260491666667
2019-05-15,1746.2728133333333
2019-05-16,1748.3025308333333
2019-05-17,1749.4677983333333
2019-05-20,1750.4585983333334
2019-05-21,1751.6096475000002
2019-05-22,1753.0803391666666
2019-05-23,1754.0672308333335
2019-05-24,1754.9099333333331
2019-05-27,1756.8329325
2019-05-28,1758.82918
2019-05-29,1760.7896575
2019-05-30,1762.4712191666665
2019-05-31,1764.4972666666665
2019-06-03,1766.2375241666666
2019-06-04,1767.3043908333334
2019-06-05,1768.2917191666668
2019-06-06,1769.008585
2019-06-10,1770.1221233333333
2019-06-11,1771.7494208333333
2019-06-12,1773.5136566666667
2019-06-13,1775.245755
2019-06-14,1776.6128075000001
2019-06-17,1777.8949291666665
2019-06-18,1779.4995533333336
2019-06-19,1781.2960583333333
2019-06-20,1783.3778891666666
2019-06-21,1785.9532733333333
2019-06-24,1788.4406108333335
2019-06-25,1790.8418283333333
2019-06-26,1793.0839458333332
2019-06-27,1795.5448916666667
2019-06-28,1797.761020833333
2019-07-01,1800.6497175000002
2019-07-02,1803.5191508333332
2019-07-03,1806.2084383333336
2019-07-04,1808.923185
2019-07-05,1811.3968725000002
2019-07-08,1813.0165633333336
2019-07-09,1814.7359666666669
2019-07-10,1816.3106508333333
2019-07-11,1817.9037941666668
2019-07-12,1819.4264625
2019-07-15,1821.1496441666666
2019-07-16,1822.7877233333334
2019-07-17,1824.4748925
2019-07-18,1826.0295608333333
2019-07-19,1827.6221141666667
2019-07-22,1828.6272500000002
2019-07-23,1829.9519041666667
2019-07-24,1831.4548683333333
2019-07-25,1832.9413708333334
2019-07-26,1834.5362591666667
2019-07-29,1836.2317208333334
2019-07-30,1838.3032266666667
2019-07-31,1840.5025616666667
2019-08-01,1842.9509308333334
2019-08-02,1844.8078191666668
2019-08-05,1846.1786891666668
2019-08-06,1846.8814633333334
2019-08-07,1847.3017208333333
2019-08-08,1847.7263891666666
2019-08-09,1847.9698383333334
2019-08-12,1848.03541
2019-08-13,1847.9532891666668
2019-08-14,1847.9226866666666
2019-08-15,1847.96878
2019-08-16,1847.778505
2019-08-19,1847.3412475
2019-08-20,1847.0341725
2019-08-21,1846.7899083333332
2019-08-22,1846.5457625000001
2019-08-23,1846.1787633333333
2019-08-26,1845.4313983333334
2019-08-27,1844.5028283333334
2019-08-28,1843.225275
2019-08-29,1841.6468275
2019-08-30,1840.5516400000001
2019-09-02,1839.1441333333335
2019-09-03,1837.52127
2019-09-04,1836.3352991666666
2019-09-05,1835.7834116666666
2019-09-06,1835.0537608333334
2019-09-09,1834.361285833333
2019-09-10,1833.6424158333334
2019-09-11,1832.7807891666666
2019-09-12,1831.8047591666666
2019-09-16,1830.8050408333334
2019-09-17,1829.5198383333334
2019-09-18,1828.6792400000002
2019-09-19,1827.9076041666667
2019-09-20,1827.3669475
2019-09-23,1826.3298216666667
2019-09-24,1824.7350716666667
2019-09-25,1822.6737958333333
2019-09-26,1819.9508616666667
2019-09-27,1817.3237133333334
2019-09-30,1814.5575966666665
2019-10-08,1811.7109500000001
2019-10-09,1809.0732658333332
2019-10-10,1806.9446733333332
2019-10-11,1804.8424358333334
2019-10-14,1803.1492041666668
2019-10-15,1800.9509041666668
2019-10-16,1798.4659625
2019-10-17,1796.104045
2019-10-18,1793.4031883333334
2019-10-21,1790.8362258333332
2019-10-22,1788.8291166666668
2019-10-23,1786.5597075
2019-10-24,1785.0154408333333
2019-10-25,1783.7804908333335
2019-10-28,1783.5321900000001
2019-10-29,1782.8950433333334
2019-10-30,1783.2523441666667
2019-10-31,1783.1434574999998
2019-11-01,1783.1759891666666
2019-11-04,1783.2992566666665
2019-11-05,1782.8653716666665
2019-11-06,1782.3035125
2019-11-07,1781.9425508333334
2019-11-08,1781.1784633333334
2019-11-11,1779.9483475000002
2019-11-12,1779.3351758333333
2019-11-13,1778.6949216666665
2019-11-14,1777.9406716666667
2019-11-15,1777.04736
2019-11-18,1776.6373224999998
2019-11-19,1776.602189166667
2019-11-20,1776.0170158333335
2019-11-21,1775.3736983333333
2019-11-22,1774.4985516666668
2019-11-25,1773.6365266666667
2019-11-26,1772.7646466666667
2019-11-27,1772.099325
2019-11-28,1771.6679925
2019-11-29,1771.1966275
2019-12-02,1771.1452541666667
2019-12-03,1771.0337908333336
2019-12-04,1770.4175050000001
2019-12-05,1770.00101
2019-12-06,1769.5747841666666
2019-12-09,1769.5616875
2019-12-10,1769.6036366666667
2019-12-11,1769.6537333333333
2019-12-12,1769.4777008333333
2019-12-13,1769.2539341666668
2019-12-16,1768.9676575
2019-12-17,1768.8527266666667
2019-12-18,1768.9573216666665
2019-12-19,1769.2051825
2019-12-20,1769.1950733333333
2019-12-23,1769.0731383333334
2019-12-24,1768.7594158333334
2019-12-25,1768.5344558333334
2019-12-26,1768.608810833333
2019-12-27,1768.5884683333331
2019-12-30,1768.554165
2019-12-31,1769.1756191666666
2020-01-02,1770.0169374999998
2020-01-03,1771.0646116666665
2020-01-06,1772.2333133333334
2020-01-07,1773.5819733333333
2020-01-08,1774.5495850000002
2020-01-09,1775.7415566666668
2020-01-10,1776.8780383333333
2020-01-13,1778.5163433333332
2020-01-14,1780.089655
2020-01-15,1782.0995341666667
2020-01-16,1783.8411675
2020-01-17,1785.295685
2020-01-20,1786.8991908333333
2020-01-21,1788.3363658333333
2020-01-22,1789.7997183333332
2020-01-23,1790.63841
2020-02-03,1790.1943483333334
2020-02-04,1789.6398858333334
2020-02-05,1789.7864658333335
2020-02-06,1790.5000225
2020-02-07,1791.8917491666666
2020-02-10,1793.5727033333335
2020-02-11,1795.0392766666666
2020-02-12,1796.9343158333334
2020-02-13,1798.4079441666665
2020-02-14,1800.0029224999998
2020-02-17,1802.0722816666666
2020-02-18,1804.4817158333333
2020-02-19,1806.7554833333334
2020-02-20,1808.9148466666666
2020-02-21,1811.2423933333332
2020-02-24,1813.8792208333332
2020-02-25,1816.4419116666666
2020-02-26,1818.6625166666668
2020-02-27,1821.010968333333
2020-02-28,1822.1187775
2020-03-02,1823.9170458333333
2020-03-03,1825.9728499999999
2020-03-04,1828.4397366666667
2020-03-05,1830.8347358333333
2020-03-06,1833.1175733333334
2020-03-09,1834.7061541666667
2020-03-10,1836.5320600000002
2020-03-11,1838.1280733333333
2020-03-12,1839.0182775
2020-03-13,1839.6568699999998
2020-03-16,1839.7613966666665
2020-03-17,1839.7305058333334
2020-03-18,1839.3692391666666
2020-03-19,1839.5911025
2020-03-20,1839.9947674999999
2020-03-23,1839.5545241666666
2020-03-24,1839.3935366666667
2020-03-25,1839.7084591666667
2020-03-26,1839.7937275
2020-03-27,1840.0922808333335
2020-03-30,1840.5224258333335
2020-03-31,1840.7766083333333
2020-04-01,1841.1468041666667
2020-04-02,1841.8650283333334
2020-04-03,1842.3350191666666
2020-04-07,1843.1474283333334
2020-04-08,1843.9817166666664
2020-04-09,1844.6953758333332
2020-04-10,1845.0921458333332
2020-04-13,1845.48504
2020-04-14,1846.1813316666667
2020-04-15,1846.9748266666668
2020-04-16,1847.8935991666667
2020-04-17,1848.5808833333333
2020-04-20,1849.5667475
2020-04-21,1850.5138025
2020-04-22,1851.5677724999998
2020-04-23,1852.2155050000001
2020-04-24,1852.7549208333332
2020-04-27,1853.3835733333333
2020-04-28,1853.8498891666666
2020-04-29,1854.1135791666668
2020-04-30,1854.6777991666668
2020-05-06,1855.5681016666667
2020-05-07,1856.5823200000002
2020-05-08,1857.660635
2020-05-11,1858.8009366666665
2020-05-12,1860.3134975
2020-05-13,1861.8779833333333
2020-05-14,1863.3664933333332
2020-05-15,1864.7899499999999
2020-05-18,1866.3279641666668
2020-05-19,1867.9658383333333
2020-05-20,1869.1913574999999
2020-05-21,1870.3089391666665
2020-05-22,1871.1719033333331
2020-05-25,1872.2011641666666
2020-05-26,1873.7079283333333
2020-05-27,1875.1835241666665
2020-05-28,1876.5826991666668
2020-05-29,1878.135265
2020-06-01,1880.1446083333333
2020-06-02,1882.193265
2020-06-03,1884.1860924999999
2020-06-04,1886.1913691666666
2020-06-05,1888.0129941666667
2020-06-08,1889.7136725000003
2020-06-09,1891.4281741666666
2020-06-10,1893.0407058333333
2020-06-11,1894.6585416666667
2020-06-12,1896.3031658333334
2020-06-15,1897.8173325
2020-06-16,1899.3686349999998
2020-06-17,1900.8471258333334
2020-06-18,1902.1946408333336
2020-06-19,1903.4739983333334
2020-06-22,1904.9671491666668
2020-06-23,1906.7740758333334
2020-06-24,1908.2444616666664
2020-06-29,1909.5596741666668
2020-06-30,1911.0117766666667
2020-07-01,1912.6629816666668
2020-07-02,1914.4413758333333
2020-07-03,1916.3180683333335
2020-07-06,1918.4729983333334
2020-07-07,1920.7612641666667
2020-07-08,1923.2972016666668
2020-07-09,1926.1395599999998
2020-07-10,1929.1646008333332
2020-07-13,1932.5990391666667
2020-07-14,1935.9650675000003
2020-07-15,1938.6246616666665
2020-07-16,1940.3690524999997
2020-07-17,1942.2419858333333
2020-07-20,1944.8037483333333
2020-07-21,1947.5486283333335
2020-07-22,1950.1961191666667
2020-07-23,1952.9977283333333
2020-07-24,1954.9446716666669
2020-07-27,1957.4501933333333
2020-07-28,1961.5768158333333
2020-07-29,1966.3124966666664
2020-07-30,1970.6138875
2020-07-31,1974.7955166666666
2020-08-03,1979.3680725000002
2020-08-04,1983.5247466666667
2020-08-05,1988.0556808333336
2020-08-06,1992.28098
2020-08-07,1996.4221891666668
2020-08-10,2000.6933783333334
2020-08-11,2003.9693658333333
2020-08-12,2006.7363708333332
2020-08-13,2009.7183341666666
2020-08-14,2012.46098
2020-08-17,2015.3671558333333
2020-08-18,2018.1423016666668
2020-08-19,2020.589625
2020-08-20,2023.1941358333331
2020-08-21,2025.8947741666668
2020-08-24,2029.7502083333334
2020-08-25,2032.9072875
2020-08-26,2035.3493950000002
2020-08-27,2037.9613608333334
2020-08-28,2040.431315
2020-08-31,2042.9383433333335
2020-09-01,2046.15941
2020-09-02,2049.221180833333
2020-09-03,2052.2051716666665
2020-09-04,2055.5887608333333
2020-09-07,2059.033005
2020-09-08,2063.3417091666665
2020-09-09,2067.0366391666666
2020-09-10,2070.0456683333337
2020-09-11,2073.17893
2020-09-14,2076.5304891666665
2020-09-15,2080.5661616666666
2020-09-16,2084.1528633333332
2020-09-17,2087.4213325
2020-09-18,2091.1025175
2020-09-21,2094.880905
2020-09-22,2098.7591491666667
2020-09-23,2102.806974166667
2020-09-24,2106.323485833333
2020-09-25,2109.3213091666667
2020-09-28,2112.0705883333335
2020-09-29,2114.4487675
2020-09-30,2116.7457858333337
2020-10-09,2119.5447125
2020-10-12,2123.4640291666665
2020-10-13,2127.6329258333335
2020-10-14,2131.45455
2020-10-15,2135.176973333333
2020-10-16,2138.8928308333334
2020-10-19,2142.5489883333335
2020-10-20,2146.210365
2020-10-21,2149.6157341666667
2020-10-22,2152.7883766666664
2020-10-23,2155.774210833333
2020-10-26,2159.232453333333
2020-10-27,2162.8325683333333
2020-10-28,2166.8411466666666
2020-10-29,2170.8456416666663
2020-10-30,2173.9108858333334
2020-11-02,2176.7375825
2020-11-03,2179.951863333333
2020-11-04,2182.94665
2020-11-05,2186.24579
2020-11-06,2189.2740249999997
2020-11-09,2192.6360633333334
2020-11-10,2195.856511666667
2020-11-11,2198.7345158333333
2020-11-12,2201.719398333333
2020-11-13,2204.498331666667
2020-11-16,2207.568250833333
2020-11-17,2210.6644424999995
2020-11-18,2214.128385833333
2020-11-19,2217.6546525000003
2020-11-20,2220.9094008333336
2020-11-23,2224.234459166667
2020-11-24,2227.6318791666667
2020-11-25,2230.644331666667
2020-11-26,2233.0611058333334
2020-11-27,2235.3652283333336
2020-11-30,2237.5631758333334
2020-12-01,2239.9509625
2020-12-02,2242.3709175
2020-12-03,2244.795134166667
2020-12-04,2247.2097475
2020-12-07,2249.5941433333332
2020-12-08,2251.9730816666665
2020-12-09,2253.9578458333335
2020-12-10,2255.922940833333
2020-12-11,2257.2819275
2020-12-14,2258.7046308333333
2020-12-15,2260.2034016666667
2020-12-16,2261.3870583333332
2020-12-17,2262.6892625000005
2020-12-18,2263.9639958333332
2020-12-21,2265.5320775
2020-12-22,2266.8500883333336
2020-12-23,2268.01609
2020-12-24,2268.7522249999997
2020-12-25,2269.4488908333337
2020-12-28,2269.753258333333
2020-12-29,2269.346754166667
2020-12-30,2268.7487333333333
2020-12-31,2268.0136175000002
2021-01-04,2267.0560508333333
2021-01-05,2266.1168649999995
2021-01-06,2264.20402
2021-01-07,2261.8348683333334
2021-01-08,2259.8970508333337
2021-01-11,2258.41047
2021-01-12,2256.945846666667
2021-01-13,2254.50102
2021-01-14,2251.9679200000005
2021-01-15,2249.6130908333334
2021-01-18,2247.602608333333
2021-01-19,2246.51003
2021-01-20,2245.481693333333
2021-01-21,2244.313275
2021-01-22,2242.4840575
2021-01-25,2240.3742075
2021-01-26,2237.8106933333333
2021-01-27,2234.6572316666666
2021-01-28,2231.4808316666667
2021-01-29,2227.78896
2021-02-01,2224.216681666667
2021-02-02,2220.921900833333
2021-02-03,2217.2346974999996
2021-02-04,2213.6201975000004
2021-02-05,2209.8500608333334
2021-02-08,2205.9186325
2021-02-09,2202.1868674999996
2021-02-10,2198.148796666667
2021-02-18,2194.343764166667
2021-02-19,2191.3329183333335
2021-02-22,2188.7644933333336
2021-02-23,2185.966645
2021-02-24,2183.006300833333
2021-02-25,2179.8976275
2021-02-26,2177.291175
2021-03-01,2174.7765600000002
2021-03-02,2171.9869941666666
2021-03-03,2169.3616441666663
2021-03-04,2166.4592708333334
2021-03-05,2163.5044516666667
2021-03-08,2160.5657733333333
2021-03-09,2157.0962525
2021-03-10,2153.533785
2021-03-11,2150.0911191666664
2021-03-12,2147.3233833333334
2021-03-15,2145.510655
2021-03-16,2143.651103333333
2021-03-17,2141.4629508333333
2021-03-18,2139.2120041666667
2021-03-19,2137.0940475
2021-03-22,2135.2205741666667
2021-03-23,2132.8887683333332
2021-03-24,2130.432819166667
2021-03-25,2128.169013333333
2021-03-26,2125.9829933333335
2021-03-29,2124.4114216666667
2021-03-30,2122.794316666667
2021-03-31,2121.538725
2021-04-01,2120.0986883333335
2021-04-02,2118.7148291666667
2021-04-06,2116.9431275
2021-04-07,2114.6328941666666
2021-04-08,2112.0359875
2021-04-09,2109.535654166667
2021-04-12,2107.0155633333334
2021-04-13,2104.308365
2021-04-14,2101.8815208333335
2021-04-15,2099.2174025
2021-04-16,2097.177240833333
2021-04-19,2095.406406666667
2021-04-20,2093.8436891666665
2021-04-21,2092.1093575
2021-04-22,2090.4493666666667
2021-04-23,2088.6073091666667
2021-04-26,2086.7782500000003
2021-04-27,2085.449451666667
2021-04-28,2084.06518
2021-04-29,2082.2265141666667
2021-04-30,2080.3459325
2021-05-06,2078.2587183333335
2021-05-07,2076.3488466666668
2021-05-10,2074.1241400000004
2021-05-11,2072.2141708333334
2021-05-12,2070.8086558333334
2021-05-13,2069.3089341666664
2021-05-14,2068.0006233333334
2021-05-17,2066.3291808333333
2021-05-18,2064.9354566666666
2021-05-19,2063.4518675000004
2021-05-20,2061.8418491666666
2021-05-21,2060.2092125
2021-05-24,2058.6493125
2021-05-25,2057.19661
2021-05-26,2056.1408441666667
2021-05-27,2055.366995
2021-05-28,2054.6141583333333
2021-05-31,2054.1793675
2021-06-01,2053.6754149999997
2021-06-02,2052.9716691666667
2021-06-03,2052.2656466666663
2021-06-04,2051.556936666667
2021-06-07,2051.0604091666664
2021-06-08,2050.5531883333333
2021-06-09,2050.4662333333335
2021-06-10,2050.4485250000002
2021-06-11,2050.58481
2021-06-15,2050.441530833333
2021-06-16,2050.0908966666666
2021-06-17,2050.15243
2021-06-18,2050.2422175
2021-06-21,2050.66944
2021-06-22,2051.0104491666666
2021-06-23,2051.7460541666665
2021-06-24,2052.2379866666665
2021-06-25,2053.113280833333
2021-06-28,2054.019316666667
2021-06-29,2054.9894966666666
2021-06-30,2056.2603983333333
2021-07-01,2057.1570558333333
2021-07-02,2057.853985
2021-07-05,2058.560105
2021-07-06,2059.3168733333337
2021-07-07,2060.5185825
2021-07-08,2062.23212
2021-07-09,2064.1772308333334
2021-07-12,2066.919369166667
2021-07-13,2069.7139133333335
2021-07-14,2072.6935891666667
2021-07-15,2075.4874791666666
2021-07-16,2078.0329841666667
2021-07-19,2080.2485091666667
2021-07-20,2082.4774075
2021-07-21,2084.9489333333336
2021-07-22,2087.5333591666667
2021-07-23,2090.0718433333336
2021-07-26,2092.68094
2021-07-27,2095.00001
2021-07-28,2096.750486666667
2021-07-29,2099.376583333333
2021-07-30,2102.5619741666665
2021-08-02,2106.0674783333334
2021-08-03,2109.3296016666663
2021-08-04,2113.1332558333334
2021-08-05,2117.1068883333332
2021-08-06,2121.442325
2021-08-09,2125.9414575
2021-08-10,2130.3302366666667
2021-08-11,2134.8558516666667
2021-08-12,2139.0280408333333
2021-08-13,2142.7503475
2021-08-16,2146.1691483333334
2021-08-17,2149.1009875
2021-08-18,2152.2235
2021-08-19,2155.44838
2021-08-20,2158.605630833333
2021-08-23,2161.9497116666666
2021-08-24,2165.486515
2021-08-25,2168.9936908333334
2021-08-26,2172.5251775
2021-08-27,2175.8671225000003
2021-08-30,2179.5000333333332
2021-08-31,2183.5271341666667
2021-09-01,2187.4369008333333
2021-09-02,2191.3581833333333
2021-09-03,2195.2386875
2021-09-06,2199.2677525000004
2021-09-07,2203.3387141666667
2021-09-08,2207.5313158333333
2021-09-09,2211.6859208333335
2021-09-10,2215.761638333333
2021-09-13,2219.713408333334
2021-09-14,2223.764323333334
2021-09-15,2228.262674166667
2021-09-16,2232.4792125
2021-09-17,2236.426110833333
2021-09-22,2240.5263483333333
2021-09-23,2244.8065283333335
2021-09-24,2248.5391325
2021-09-27,2251.4754708333335
2021-09-28,2254.4839775
2021-09-29,2256.5565033333337
2021-09-30,2259.085344166667
2021-10-08,2261.9700358333334
2021-10-11,2264.6914558333333
2021-10-12,2267.2292275
2021-10-13,2269.900170833333
2021-10-14,2272.5871908333334
2021-10-15,2275.1103758333334
2021-10-18,2277.5840383333334
2021-10-19,2279.9529125
2021-10-20,2282.428589166667
2021-10-21,2284.8792866666668
2021-10-22,2286.9846033333333
2021-10-25,2289.523815833333
2021-10-26,2292.079031666667
2021-10-27,2294.4959558333335
2021-10-28,2296.429699166666
2021-10-29,2298.800034166667
2021-11-01,2301.5940766666668
2021-11-02,2303.996091666667
2021-11-03,2306.5862975
2021-11-04,2309.4260366666663
2021-11-05,2312.0521775
2021-11-08,2314.622
2021-11-09,2317.55513
2021-11-10,2320.4132916666667
2021-11-11,2323.64244
2021-11-12,2327.022859166667
2021-11-15,2330.514383333333
2021-11-16,2333.860755833333
2021-11-17,2337.5746058333334
2021-11-18,2341.0989483333333
2021-11-19,2344.7751716666667
2021-11-22,2348.5887216666665
2021-11-23,2352.293734166667
2021-11-24,2356.0282300000003
2021-11-25,2359.5323166666662
2021-11-26,2362.9192375
2021-11-29,2366.6074158333336
2021-11-30,2370.516439166667
2021-12-01,2374.5855933333337
2021-12-02,2378.12361
2021-12-03,2381.780056666667
2021-12-06,2385.019515
2021-12-07,2387.874726666667
2021-12-08,2391.228203333333
2021-12-09,2394.6969925000003
2021-12-10,2398.5177341666663
2021-12-13,2402.3292541666665
2021-12-14,2406.0952075000005
2021-12-15,2409.6501308333336
2021-12-16,2413.2685733333337
2021-12-17,2416.6388341666666
2021-12-20,2419.856956666666
2021-12-21,2423.4116658333337
2021-12-22,2426.9060624999997
2021-12-23,2430.447841666667
2021-12-24,2433.34038
2021-12-27,2436.6947700000005
2021-12-28,2440.2077775
2021-12-29,2443.4297283333335
2021-12-30,2446.8698858333332
2021-12-31,2450.2576324999995
2022-01-04,2453.9586525
2022-01-05,2457.0973258333333
2022-01-06,2460.1368233333337
2022-01-07,2462.5054325
2022-01-10,2465.211054166667
2022-01-11,2467.9921266666665
2022-01-12,2471.132725833333
2022-01-13,2474.0764125
2022-01-14,2476.9314958333334
2022-01-17,2479.895264166667
2022-01-18,2482.2095108333333
2022-01-19,2484.7527175
2022-01-20,2486.820276666667
2022-01-21,2489.0440541666667
2022-01-24,2491.804633333333
2022-01-25,2492.9526266666667
2022-01-26,2493.9520100000004
2022-01-27,2493.8816475
2022-01-28,2494.3473900000004
2022-02-07,2494.7319608333337
2022-02-08,2495.6022408333333
2022-02-09,2496.7092316666667
2022-02-10,2497.5409191666668
2022-02-11,2497.6916475000003
2022-02-14,2497.6886775
2022-02-15,2497.6973233333333
2022-02-16,2497.9829283333333
2022-02-17,2498.3410233333334
2022-02-18,2499.429525
2022-02-21,2500.676736666667
2022-02-22,2501.7650750000003
2022-02-23,2503.2809225
2022-02-24,2503.6451566666665
2022-02-25,2504.157400833333
2022-02-28,2504.5202466666665
2022-03-01,2505.1849349999998
2022-03-02,2506.0068733333333
2022-03-03,2506.660698333333
2022-03-04,2507.0756375
2022-03-07,2507.5609133333337
2022-03-08,2506.9896575000002
2022-03-09,2506.211271666667
2022-03-10,2505.65685
2022-03-11,2504.9413733333336
2022-03-14,2503.440425
2022-03-15,2501.0449783333333
2022-03-16,2499.3924825
2022-03-17,2497.9247291666666
2022-03-18,2496.8075183333335
2022-03-21,2495.722759166667
2022-03-22,2494.947371666667
2022-03-23,2494.2841583333334
2022-03-24,2493.1982558333334
2022-03-25,2492.0295383333337
2022-03-28,2491.2689591666663
2022-03-29,2491.1550700000003
2022-03-30,2491.2345025000004
2022-03-31,2491.970989166666
2022-04-01,2492.022363333333
2022-04-06,2492.0674041666666
2022-04-07,2491.6867533333334
2022-04-08,2491.541095833333
2022-04-11,2490.827406666667
2022-04-12,2490.2095391666667
2022-04-13,2489.3677825
2022-04-14,2488.4265425
2022-04-15,2486.936509166667
2022-04-18,2485.5754949999996
2022-04-19,2484.453574166667
2022-04-20,2483.3882266666665
2022-04-21,2481.2541791666667
2022-04-22,2478.8927616666665
2022-04-25,2475.3958141666667
2022-04-26,2471.7377508333334
2022-04-27,2468.2515558333334
2022-04-28,2464.102205
2022-04-29,2460.926975833333
2022-05-05,2458.004689166666
2022-05-06,2454.571210833333
2022-05-09,2451.627364166667
2022-05-10,2448.84468
2022-05-11,2445.828495
2022-05-12,2442.8403949999997
2022-05-13,2439.807858333333
2022-05-16,2436.573975
2022-05-17,2433.1878966666673
2022-05-18,2430.1655758333336
2022-05-19,2426.858535
2022-05-20,2423.8323216666668
2022-05-23,2420.8673433333333
2022-05-24,2416.817101666667
2022-05-25,2413.0913491666665
2022-05-26,2409.4253516666668
2022-05-27,2405.7657775000002
2022-05-30,2402.2147
2022-05-31,2398.7202566666665
2022-06-01,2395.1591324999995
2022-06-02,2391.5675016666664
2022-06-06,2388.6687049999996
2022-06-07,2385.568700833333
2022-06-08,2382.8019358333336
2022-06-09,2380.0015408333334
2022-06-10,2377.2422616666668
2022-06-13,2374.62838
2022-06-14,2371.8930075000003
2022-06-15,2368.901244166667
2022-06-16,2365.952974166666
2022-06-17,2363.0639016666664
2022-06-20,2360.2133991666665
2022-06-21,2357.4365691666667
2022-06-22,2354.7633275
2022-06-23,2352.1368799999996
2022-06-24,2349.624856666667
2022-06-27,2347.4075091666664
2022-06-28,2345.9514483333332
2022-06-29,2343.828280833333
2022-06-30,2341.6470916666667
2022-07-01,2339.439265
2022-07-04,2337.1406141666666
2022-07-05,2334.5597683333335
2022-07-06,2331.589958333333
2022-07-07,2329.2133083333333
2022-07-08,2326.6093133333334
2022-07-11,2324.4232358333334
2022-07-12,2321.7056500000003
2022-07-13,2319.398144166667
2022-07-14,2316.862931666667
2022-07-15,2314.192555
2022-07-18,2312.066575
2022-07-19,2309.7498100000003
2022-07-20,2308.0500275
2022-07-21,2306.270453333333
2022-07-22,2305.1436066666665
2022-07-25,2304.0537341666663
2022-07-26,2303.2321683333334
2022-07-27,2303.6075283333334
2022-07-28,2304.0104899999997
2022-07-29,2305.04672
2022-08-01,2305.8733325
2022-08-02,2305.5774791666668
2022-08-03,2304.8269808333334
2022-08-04,2304.0511558333333
2022-08-05,2303.53655
2022-08-08,2303.964248333333
2022-08-09,2304.42013
2022-08-10,2304.9635225
2022-08-11,2305.398135
2022-08-12,2305.7285141666666
2022-08-15,2306.1155275
2022-08-16,2306.3949783333333
2022-08-17,2306.8941399999994
2022-08-18,2307.1462041666664
2022-08-19,2307.575245
2022-08-22,2307.86983
2022-08-23,2308.317359166667
2022-08-24,2307.848610833333
2022-08-25,2307.039230833333
2022-08-26,2306.1866041666667
2022-08-29,2305.8640725
2022-08-30,2305.6329341666665
2022-08-31,2305.3498225
2022-09-01,2305.20721
2022-09-02,2305.0384108333333
2022-09-05,2304.832318333333
2022-09-06,2305.550924166667
2022-09-07,2307.3726916666665
2022-09-08,2308.3234758333338
2022-09-09,2308.8026058333335
2022-09-13,2309.0930274999996
2022-09-14,2308.835031666667
2022-09-15,2308.029805
2022-09-16,2306.711739166667
2022-09-19,2305.4116808333333
2022-09-20,2304.5727025
2022-09-21,2303.8838358333333
2022-09-22,2303.314064166667
2022-09-23,2301.965210833333
2022-09-26,2300.3568050000003
2022-09-27,2299.3247791666668
2022-09-28,2297.4912041666666
2022-09-29,2296.1176825000002
2022-09-30,2294.6529241666663
2022-10-10,2293.425411666666
2022-10-11,2292.0996258333334
2022-10-12,2291.7474891666666
2022-10-13,2291.3975166666664
2022-10-14,2291.8866141666663
2022-10-17,2292.5172716666666
2022-10-18,2293.0881383333335
2022-10-19,2293.7246208333336
2022-10-20,2295.0431758333334
2022-10-21,2296.6701141666667
2022-10-24,2299.4769275
2022-10-25,2302.9194525
2022-10-26,2306.2059099999997
2022-10-27,2309.6946450000005
2022-10-28,2311.7386316666666
2022-10-31,2313.6767391666667
2022-11-01,2316.247948333333
2022-11-02,2318.7741866666665
2022-11-03,2321.100235
2022-11-04,2323.712725833333
2022-11-07,2326.3294716666664
2022-11-08,2328.8355891666665
2022-11-09,2331.338566666667
2022-11-10,2333.7875625
2022-11-11,2336.0637641666667
2022-11-14,2338.1302266666667
2022-11-15,2340.4175158333333
2022-11-16,2342.316549166667
2022-11-17,2345.129195833333
2022-11-18,2347.4310191666664
2022-11-21,2349.8177533333333
2022-11-22,2351.85742
2022-11-23,2353.6203299999997
2022-11-24,2355.314659166667
2022-11-25,2356.617786666667
2022-11-28,2357.6808225
2022-11-29,2358.763691666667
2022-11-30,2359.9747508333335
2022-12-01,2361.357408333333
2022-12-02,2363.2470083333333
2022-12-05,2364.838355
2022-12-06,2366.1431241666664
2022-12-07,2367.456193333333
2022-12-08,2368.8114325
2022-12-09,2369.9213558333336
2022-12-12,2370.903278333333
2022-12-13,2371.5668816666666
2022-12-14,2372.270345
2022-12-15,2373.2786758333336
2022-12-16,2373.6457275000002
2022-12-19,2373.36139
2022-12-20,2372.812319166667
2022-12-21,2371.8005208333334
2022-12-22,2371.0013225000002
2022-12-23,2369.972919166667
2022-12-26,2369.3418516666666
2022-12-27,2368.6571425
2022-12-28,2367.894063333333
2022-12-29,2367.1659950000003
2022-12-30,2366.408856666667
2023-01-03,2366.1371441666665
2023-01-04,2366.073665833333
2023-01-05,2366.4500141666663
2023-01-06,2366.4725225
2023-01-09,2366.4776866666666
2023-01-10,2366.796535
2023-01-11,2366.3966533333337
2023-01-12,2365.7761758333336
2023-01-13,2364.9850175
2023-01-16,2364.440183333333
2023-01-17,2363.8742150000003
2023-01-18,2363.640795833334
2023-01-19,2363.239949166667
2023-01-20,2362.773225833333
2023-01-30,2362.486545
2023-01-31,2362.3601541666667
2023-02-01,2362.4864275
2023-02-02,2363.5667766666666
2023-02-03,2364.8129091666665
2023-02-06,2365.7614708333335
2023-02-07,2366.75669
2023-02-08,2367.2287608333336
2023-02-09,2367.8727533333335
2023-02-10,2368.2914033333336
2023-02-13,2368.7414658333337
2023-02-14,2369.3201991666665
2023-02-15,2369.79731
2023-02-16,2369.4422783333334
2023-02-17,2368.9531700000002
2023-02-20,2368.55708
2023-02-21,2368.6363358333333
2023-02-22,2368.6398808333333
2023-02-23,2368.4009441666662
2023-02-24,2368.8487233333335
2023-02-27,2369.314958333334
2023-02-28,2370.12113
2023-03-01,2370.8914091666666
2023-03-02,2371.734315833333
2023-03-03,2373.292033333333
2023-03-06,2374.9557283333334
2023-03-07,2375.787799166667
2023-03-08,2376.71776
2023-03-09,2377.3254033333333
2023-03-10,2377.465265
2023-03-13,2377.894385
2023-03-14,2378.1454016666667
2023-03-15,2378.5469833333336
2023-03-16,2378.797968333333
2023-03-17,2379.8127108333333
2023-03-20,2381.2280108333334
2023-03-21,2383.213693333333
2023-03-22,2384.9536016666666
2023-03-23,2386.596631666667
2023-03-24,2388.350215
2023-03-27,2390.627125
2023-03-28,2392.9854041666667
2023-03-29,2394.812615
2023-03-30,2397.1041133333333
2023-03-31,2399.7601416666666
2023-04-03,2402.908081666667
2023-04-04,2406.1081891666668
2023-04-06,2409.0588133333335
2023-04-07,2411.674838333333
2023-04-10,2413.7968608333335
2023-04-11,2415.5810125000003
2023-04-12,2417.298785
2023-04-13,2418.7932524999997
2023-04-14,2420.4669991666665
2023-04-17,2422.1925066666668
2023-04-18,2423.740205833333
2023-04-19,2425.4676558333335
2023-04-20,2427.1370925
2023-04-21,2427.8461566666665
2023-04-24,2428.6416499999996
2023-04-25,2429.7484550000004
2023-04-26,2430.870675
2023-04-27,2431.3834091666668
2023-04-28,2432.0970658333335
2023-05-04,2432.860566666667
2023-05-05,2433.084889166667
2023-05-08,2433.2750691666665
2023-05-09,2433.110291666667
2023-05-10,2433.037836666667
2023-05-11,2433.1870308333328
2023-05-12,2433.1136841666666
2023-05-15,2433.2673016666668
2023-05-16,2432.839000833333
2023-05-17,2432.7200991666664
2023-05-18,2432.6601566666664
2023-05-19,2432.7278291666667
2023-05-22,2432.7293274999997
2023-05-23,2432.8202525
2023-05-24,2433.093545
2023-05-25,2433.2565241666666
2023-05-26,2433.840098333333
2023-05-29,2434.4162799999995
2023-05-30,2434.796990833333
2023-05-31,2435.1233091666663
2023-06-01,2435.4007741666665
2023-06-02,2435.637054166667
2023-06-05,2435.9156075
2023-06-06,2435.9015725
2023-06-07,2436.0196091666667
2023-06-08,2436.0887016666666
2023-06-09,2436.3473583333334
2023-06-12,2436.7960525000003
2023-06-13,2437.4391941666668
2023-06-14,2438.2029266666664
2023-06-15,2438.893183333333
2023-06-16,2440.032350833333
2023-06-19,2441.7080091666667
2023-06-20,2443.3843641666667
2023-06-21,2444.8516683333337
2023-06-26,2446.1468133333333
2023-06-27,2447.9156799999996
2023-06-28,2449.1701725000003
2023-06-29,2450.6038725000003
2023-06-30,2452.532658333333
2023-07-03,2454.5653275
2023-07-04,2456.5762116666665
2023-07-05,2457.920763333333
2023-07-06,2459.1849608333337
2023-07-07,2460.2018825
2023-07-10,2461.2106316666664
2023-07-11,2462.2428325
2023-07-12,2463.001160833333
2023-07-13,2464.132128333333
2023-07-14,2465.277403333333
2023-07-17,2466.3611991666667
2023-07-18,2467.2454758333333
2023-07-19,2468.1299433333334
2023-07-20,2468.6338549999996
2023-07-21,2468.939758333333
2023-07-24,2469.0838183333335
2023-07-25,2469.1771341666667
2023-07-26,2468.96959
2023-07-27,2468.2281275
2023-07-28,2467.4939491666664
2023-07-31,2466.9327291666664
2023-08-01,2466.300945833333
2023-08-02,2465.4809941666667
2023-08-03,2464.7033749999996
2023-08-04,2463.720698333333
2023-08-07,2462.6979566666664
2023-08-08,2461.394645
2023-08-09,2459.8555191666665
2023-08-10,2458.2599666666665
2023-08-11,2456.915
2023-08-14,2455.8371983333336
2023-08-15,2454.3485408333336
2023-08-16,2452.5213216666666
2023-08-17,2450.972513333333
2023-08-18,2449.1339083333337
2023-08-21,2447.2487458333335
2023-08-22,2445.6957041666665
2023-08-23,2443.616130833333
2023-08-24,2441.3483125
2023-08-25,2438.7532475
2023-08-28,2436.3509383333335
2023-08-29,2434.6183674999997
2023-08-30,2433.5417233333337
2023-08-31,2432.1568125
2023-09-01,2430.7311858333337
2023-09-04,2429.8891525
2023-09-05,2428.9276725
2023-09-06,2428.391595
2023-09-07,2427.3229524999997
2023-09-08,2426.6799441666667
2023-09-11,2426.077129166667
2023-09-12,2425.5218775000003
2023-09-13,2424.3733183333334
2023-09-14,2422.9090641666667
2023-09-15,2421.517733333333
2023-09-18,2420.1779691666666
2023-09-19,2418.542586666667
2023-09-20,2416.959208333333
2023-09-21,2415.3298425000003
2023-09-22,2414.2597908333337
2023-09-25,2412.8731249999996
2023-09-26,2411.201468333333
2023-09-27,2409.8740275000005
2023-09-28,2408.8545808333333
2023-10-09,2407.5485525
2023-10-10,2406.5660141666663
2023-10-11,2405.5807283333334
2023-10-12,2404.4441891666665
2023-10-13,2403.341065
2023-10-16,2402.0886916666664
2023-10-17,2400.839378333333
2023-10-18,2399.3462241666666
2023-10-19,2397.701645833333
2023-10-20,2395.85475
2023-10-23,2394.1606258333336
2023-10-24,2392.9733841666666
2023-10-25,2392.546756666667
2023-10-26,2391.9648749999997
2023-10-27,2391.7226141666665
2023-10-30,2391.2866149999995
2023-10-31,2390.5648791666667
2023-11-01,2390.0986925
2023-11-02,2389.29708
2023-11-03,2389.1141758333333
2023-11-06,2389.2689499999997
2023-11-07,2389.481495
2023-11-08,2390.0253558333334
2023-11-09,2390.241808333333
2023-11-10,2390.578855
2023-11-13,2390.9349525000002
2023-11-14,2391.2947358333336
2023-11-15,2391.8012108333337
2023-11-16,2392.1152475
2023-11-17,2392.859543333333
2023-11-20,2393.771208333333
2023-11-21,2394.5439583333336
2023-11-22,2394.9452333333334
2023-11-23,2395.593925
2023-11-24,2395.834803333333
2023-11-27,2396.130629166667
2023-11-28,2396.4888100000003
2023-11-29,2396.623905
2023-11-30,2396.4953508333333
2023-12-01,2397.004288333333
2023-12-04,2397.3949475
2023-12-05,2397.521905
2023-12-06,2397.6195283333336
2023-12-07,2397.4804116666664
2023-12-08,2397.0307958333333
2023-12-11,2396.748791666667
2023-12-12,2396.5224583333334
2023-12-13,2396.0137416666666
2023-12-14,2395.3253025
2023-12-15,2394.596685
2023-12-18,2393.9573866666665
2023-12-19,2393.85765
2023-12-20,2393.1263383333335
2023-12-21,2392.660875
2023-12-22,2391.57418
2023-12-25,2390.192235833333
2023-12-26,2388.509555
2023-12-27,2386.849945833333
2023-12-28,2385.6851325000002
2023-12-29,2384.8833483333337
2024-01-02,2384.2561866666665
2024-01-03,2383.562226666667
2024-01-04,2382.655370833333
2024-01-05,2381.6562858333336
2024-01-08,2380.0846366666665
2024-01-09,2378.61067
2024-01-10,2376.935135
2024-01-11,2375.6679808333333
2024-01-12,2374.2566975
2024-01-15,2373.1109483333335
2024-01-16,2371.974673333333
2024-01-17,2370.3227249999995
2024-01-18,2368.2335433333333
2024-01-19,2366.0598025
2024-01-22,2362.928610833333
2024-01-23,2359.771485833334
2024-01-24,2356.6699441666665
2024-01-25,2354.2750641666667
2024-01-26,2351.8176799999997
2024-01-29,2348.7869358333332
2024-01-30,2345.1520175
2024-01-31,2340.7229291666663
2024-02-01,2336.0948975
2024-02-02,2331.0077083333335
2024-02-05,2324.4728741666668
2024-02-06,2318.5318800000005
2024-02-07,2312.0632966666662
2024-02-08,2306.92431
2024-02-19,2302.6588425
2024-02-20,2298.316435
2024-02-21,2294.53291
2024-02-22,2291.2359708333333
2024-02-23,2288.3139691666665
2024-02-26,2286.0037508333335
2024-02-27,2284.18294
2024-02-28,2281.6237000000006
2024-02-29,2279.5664808333336
2024-03-01,2277.060610833333
2024-03-04,2274.506175
2024-03-05,2271.7795925
2024-03-06,2269.2702583333335
2024-03-07,2266.3314266666666
2024-03-08,2263.692205
2024-03-11,2261.2711408333334
2024-03-12,2259.4198333333334
2024-03-13,2257.574295
2024-03-14,2255.39802
2024-03-15,2253.4687225
2024-03-18,2252.1806825000003
2024-03-19,2251.02774
2024-03-20,2250.0787858333338
2024-03-21,2249.062596666666
2024-03-22,2248.0825383333336
2024-03-25,2246.7584975
2024-03-26,2245.5283416666666
2024-03-27,2243.2418441666664
2024-03-28,2241.463181666667
2024-03-29,2239.970678333333
2024-04-01,2238.7652999999996
2024-04-02,2237.219289166667
2024-04-03,2235.5369625000003
2024-04-08,2233.449294166667
2024-04-09,2231.531875
2024-04-10,2229.1115674999996
2024-04-11,2226.8246050000002
2024-04-12,2224.5245391666667
2024-04-15,2221.581833333333
2024-04-16,2217.830646666667
2024-04-17,2215.281355
2024-04-18,2212.960473333333
2024-04-19,2211.0254366666663
2024-04-22,2208.485635
2024-04-23,2205.7316475
2024-04-24,2203.252988333333
2024-04-25,2200.5981141666666
2024-04-26,2197.9195066666666
2024-04-29,2195.8162316666667
2024-04-30,2193.5536491666667
2024-05-06,2191.8643475
2024-05-07,2190.0369883333333
2024-05-08,2187.5020691666664
2024-05-09,2184.9780841666666
2024-05-10,2182.1555725000003
2024-05-13,2179.2006866666666
2024-05-14,2176.4443850000002
2024-05-15,2173.2891233333335
2024-05-16,2170.0458125
2024-05-17,2166.852445833333
2024-05-20,2163.855826666667
2024-05-21,2160.47941
2024-05-22,2156.9538566666665
2024-05-23,2153.190774166667
2024-05-24,2149.472638333333
2024-05-27,2145.6702124999997
2024-05-28,2141.988235
2024-05-29,2138.3188625
2024-05-30,2134.3775858333333
2024-05-31,2130.6894908333334
2024-06-03,2126.8069433333335
2024-06-04,2122.5619508333334
2024-06-05,2117.925384166667
2024-06-06,2113.0499
2024-06-07,2108.354345
2024-06-11,2103.842560833333
2024-06-12,2099.787714166667
2024-06-13,2095.4407891666665
2024-06-14,2091.015283333333
2024-06-17,2086.6060566666665
2024-06-18,2082.5169175
2024-06-19,2078.4456416666667
2024-06-20,2074.2832008333335
2024-06-21,2070.0538091666667
2024-06-24,2065.4390016666666
2024-06-25,2060.6949233333335
2024-06-26,2056.760885
2024-06-27,2052.5593541666667
2024-06-28,2048.766605
2024-07-01,2044.9355508333333
2024-07-02,2040.7947441666668
2024-07-03,2036.0897191666668
2024-07-04,2030.9428166666667
2024-07-05,2026.060025
2024-07-08,2020.8067733333335
2024-07-09,2016.2448641666667
2024-07-10,2011.9346016666666
2024-07-11,2008.0034291666666
2024-07-12,2004.2473224999999
2024-07-15,1999.8557208333334
2024-07-16,1995.6702566666668
2024-07-17,1991.2535583333333
2024-07-18,1986.9149433333332
2024-07-19,1983.1491733333335
2024-07-22,1979.6078941666667
2024-07-23,1976.0481008333334
2024-07-24,1973.3600783333336
2024-07-25,1970.6875908333334
2024-07-26,1968.0432066666665
2024-07-29,1964.8237533333333
2024-07-30,1961.7746908333334
2024-07-31,1959.8608708333334
2024-08-01,1958.5441449999998
2024-08-02,1957.8986491666665
2024-08-05,1957.0807425
2024-08-06,1957.2552258333335
2024-08-07,1958.8703716666666
2024-08-08,1960.1203566666666
2024-08-09,1961.6553999999999
2024-08-12,1961.8832391666665
2024-08-13,1961.5857616666667
2024-08-14,1961.0308225
2024-08-15,1960.4149450000002
2024-08-16,1959.3713058333333
2024-08-19,1957.7288641666667
2024-08-20,1955.5420124999998
2024-08-21,1952.8369400000001
2024-08-22,1951.0560491666668
2024-08-23,1948.5376058333334
2024-08-26,1945.9277816666665
2024-08-27,1942.9237925
2024-08-28,1940.2734633333334
2024-08-29,1937.6467249999998
2024-08-30,1935.4929083333334
2024-09-02,1932.8813183333334
2024-09-03,1930.0817683333335
2024-09-04,1926.9577291666667
2024-09-05,1923.9164041666666
2024-09-06,1920.7165083333334
2024-09-09,1917.2371283333334
2024-09-10,1913.4602666666667
2024-09-11,1909.6142008333334
2024-09-12,1905.5161533333335
2024-09-13,1901.1524808333334
2024-09-18,1896.9131224999999
2024-09-19,1893.5218908333334
2024-09-20,1890.14514
2024-09-23,1887.4598641666666
2024-09-24,1884.7726433333335
2024-09-25,1882.0416758333333
2024-09-26,1879.4028724999998
2024-09-27,1877.5808583333335
2024-09-30,1877.7554941666667
2024-10-08,1879.896855
2024-10-09,1879.9634575000002
2024-10-10,1880.4250624999997
2024-10-11,1880.139705
2024-10-14,1880.6031824999998
2024-10-15,1881.5606641666668
2024-10-16,1883.7969758333334
2024-10-17,1884.9980133333333
2024-10-18,1886.761045
2024-10-21,1889.0495358333333
2024-10-22,1891.6306675
2024-10-23,1894.1048458333332
2024-10-24,1896.1988
2024-10-25,1898.6945291666668
2024-10-28,1901.50416
2024-10-29,1903.479114166667
2024-10-30,1905.6643333333334
2024-10-31,1907.8528866666668
2024-11-01,1909.0740850000002
2024-11-04,1910.9185666666667
2024-11-05,1913.175955
2024-11-06,1915.8114825
2024-11-07,1919.2175
2024-11-08,1922.5537908333333
2024-11-11,1926.5006166666667
2024-11-12,1930.1205275
2024-11-13,1933.568725
2024-11-14,1936.2804716666665
2024-11-15,1938.7285200000001
2024-11-18,1940.5230525
2024-11-19,1943.2975316666666
2024-11-20,1946.7889616666666
2024-11-21,1950.2589858333333
2024-11-22,1953.1812966666666
2024-11-25,1956.3817508333334
2024-11-26,1959.4554366666666
2024-11-27,1962.7244783333333
2024-11-28,1966.3896491666667
2024-11-29,1970.5818741666667
2024-12-02,1975.6386283333334
2024-12-03,1981.3971125
2024-12-04,1986.5760366666666
2024-12-05,1991.9883525
2024-12-06,1997.3445916666667
2024-12-09,2002.7445575
2024-12-10,2008.329055833333
2024-12-11,2014.3429824999998
2024-12-12,2020.3493666666666
2024-12-13,2026.0957225
2024-12-16,2032.0570541666666
2024-12-17,2037.0779158333332
2024-12-18,2042.9029349999998
2024-12-19,2048.7475566666667
2024-12-20,2054.419905
2024-12-23,2059.3742158333334
2024-12-24,2064.4167941666665
2024-12-25,2068.8634258333336
2024-12-26,2073.6353608333334
2024-12-27,2078.7404383333333
2024-12-30,2084.0306316666665
2024-12-31,2088.5708983333334
2025-01-02,2093.2557941666664
2025-01-03,2096.7859975
2025-01-06,2100.276946666667
2025-01-07,2103.8060091666666
2025-01-08,2107.474056666667
2025-01-09,2111.505974166667
2025-01-10,2114.944735833333
2025-01-13,2118.6370883333334
2025-01-14,2123.341325
2025-01-15,2127.9070516666666
2025-01-16,2132.5310775000003
2025-01-17,2137.4228725000003
2025-01-20,2142.7969166666667
2025-01-21,2148.152759166667
2025-01-22,2152.9761725
2025-01-23,2157.6817441666667
2025-01-24,2162.5645375
2025-01-27,2166.6065258333333
2025-02-05,2170.86911
2025-02-06,2175.8919008333337
2025-02-07,2181.6472191666667
2025-02-10,2187.557775833333
2025-02-11,2193.3780683333334
2025-02-12,2199.5654858333337
2025-02-13,2205.620693333333
2025-02-14,2211.7827075
2025-02-17,2218.2084283333334
2025-02-18,2224.071369166667
2025-02-19,2230.391669166667
2025-02-20,2237.0065108333333
2025-02-21,2243.9804216666666
2025-02-24,2251.2503
2025-02-25,2258.5214433333335
2025-02-26,2266.3945458333333
2025-02-27,2274.2766500000002
2025-02-28,2281.0734224999997
2025-03-03,2288.1708125000005
2025-03-04,2295.529018333333
2025-03-05,2302.8177416666667
2025-03-06,2310.2452008333335
2025-03-07,2317.783491666667
2025-03-10,2325.2530616666672
2025-03-11,2332.8870816666667
2025-03-12,2340.530985
2025-03-13,2348.0476433333333
2025-03-14,2355.9906058333336
2025-03-17,2364.0180400000004
2025-03-18,2372.292024166667
2025-03-19,2380.461893333333
2025-03-20,2388.878744166667
2025-03-21,2396.9090683333334
2025-03-24,2404.183611666667
2025-03-25,2411.262921666667
2025-03-26,2418.5441833333334
2025-03-27,2425.209244166667
2025-03-28,2431.363671666667
2025-03-31,2436.803229166667
2025-04-01,2441.6920816666666
2025-04-02,2444.8372108333333
2025-04-03,2446.200136666667
2025-04-07,2446.707784166667
2025-04-08,2447.1398533333336
2025-04-09,2448.8234225
2025-04-10,2450.467779166667
2025-04-11,2452.5064075
2025-04-14,2454.873899166667
2025-04-15,2457.246405
2025-04-16,2458.7409141666667
2025-04-17,2459.8857608333337
2025-04-18,2460.8302225
2025-04-21,2462.2154575
2025-04-22,2463.6099099999997
2025-04-23,2464.7960491666668
2025-04-24,2465.204221666667
2025-04-25,2466.047206666667
2025-04-28,2466.4960466666666
2025-04-29,2466.7850166666667
2025-04-30,2468.1876716666666
2025-05-06,2469.8645466666667
2025-05-07,2471.0802341666663
2025-05-08,2472.3475633333337
2025-05-09,2472.8250266666664
2025-05-12,2473.5634491666665
2025-05-13,2473.7744424999996
2025-05-14,2474.2601891666664
2025-05-15,2474.4529774999996
2025-05-16,2475.4879575
2025-05-19,2477.1439716666664
2025-05-20,2479.565434166667
2025-05-21,2481.2139466666663
2025-05-22,2482.054219166667
2025-05-23,2482.5709508333334
2025-05-26,2484.0402816666665
2025-05-27,2485.24701
2025-05-28,2486.633236666667
2025-05-29,2488.049639166667
2025-05-30,2489.013004166666
2025-06-03,2489.7878975
2025-06-04,2490.282939166667
2025-06-05,2490.8329691666668
2025-06-06,2491.639115833333
2025-06-09,2492.4012900000002
2025-06-10,2492.7900758333335
2025-06-11,2493.3080625
2025-06-12,2493.6681758333334
2025-06-13,2493.2219875
2025-06-16,2492.7709925000004
2025-06-17,2492.6389166666672
2025-06-18,2492.6077216666667
2025-06-19,2493.1125816666668
2025-06-20,2493.2509158333332
2025-06-23,2493.7637266666666
2025-06-24,2494.473981666667
2025-06-25,2496.4385866666667
2025-06-26,2498.16009
2025-06-27,2500.460273333333
2025-06-30,2502.7629458333336
2025-07-01,2504.981200833333
2025-07-02,2507.2432974999997
2025-07-03,2510.2581166666664
2025-07-04,2513.315485
2025-07-07,2517.3790466666665
2025-07-08,2521.8871058333334
2025-07-09,2525.841254166667
2025-07-10,2529.7239525
2025-07-11,2533.6130900000003
2025-07-14,2538.2258
2025-07-15,2542.685141666667
2025-07-16,2546.304118333333
2025-07-17,2550.2290525
2025-07-18,2554.025984166667
2025-07-21,2558.1395858333335
2025-07-22,2562.0206200000002
2025-07-23,2565.65321
2025-07-24,2569.8073999999997
2025-07-25,2574.0815283333336
2025-07-28,2578.2423958333334
2025-07-29,2582.8194099999996
2025-07-30,2586.9132241666666
2025-07-31,2590.2993741666664
2025-08-01,2593.4863766666667
2025-08-04,2596.5905900000002
2025-08-05,2599.9708658333334
2025-08-06,2603.3672616666668
2025-08-07,2607.012916666667
2025-08-08,2610.636375
2025-08-11,2614.3048541666667
2025-08-12,2618.587825833333
2025-08-13,2622.518418333333
2025-08-14,2625.7139133333335
2025-08-15,2629.1352333333334
2025-08-18,2633.0580066666666
2025-08-19,2637.182440833333
2025-08-20,2641.0712258333338
2025-08-21,2644.8315475
2025-08-22,2649.6913416666666
2025-08-25,2654.817770833333
2025-08-26,2659.618925
2025-08-27,2663.6512925
2025-08-28,2667.422975
2025-08-29,2671.2333775
2025-09-01,2675.234093333333
2025-09-02,2678.6511516666665
2025-09-03,2681.386359166667
2025-09-04,2684.1700141666665
2025-09-05,2687.2388124999998
2025-09-08,2690.4428733333334
2025-09-09,2693.1800249999997
2025-09-10,2696.121749166667
2025-09-11,2699.5206649999996
2025-09-12,2703.39877
2025-09-15,2707.6674175
2025-09-16,2712.5670858333333
2025-09-17,2717.3255599999998
2025-09-18,2721.955026666667
2025-09-19,2726.689715
2025-09-22,2731.792953333333
2025-09-23,2736.3381175000004
2025-09-24,2741.1822725
2025-09-25,2746.084336666667
2025-09-26,2753.277828333333
2025-09-29,2760.7796475
2025-09-30,2767.8210891666668
2025-10-09,2774.441474166667
2025-10-10,2780.694980833333
2025-10-13,2786.473295833333
2025-10-14,2791.8564499999998
2025-10-15,2798.009426666666
2025-10-16,2803.735796666667
2025-10-17,2808.774961666667
2025-10-20,2813.7173574999997
2025-10-21,2819.1469166666666
2025-10-22,2824.2455775
2025-10-23,2829.4979525
2025-10-24,2834.9313183333334
2025-10-27,2840.893806666667
2025-10-28,2846.7037091666666
2025-10-29,2852.332346666667
2025-10-30,2856.907969166667
2025-10-31,2861.5976041666668
2025-11-03,2866.2567133333337
2025-11-04,2871.011755
2025-11-05,2875.6300875
2025-11-06,2880.470125833334
2025-11-07,2885.181945
2025-11-10,2890.335194166667
2025-11-11,2895.4033991666665
2025-11-12,2900.1083675
2025-11-13,2904.954318333333
2025-11-14,2909.79871
2025-11-17,2915.0730366666667
2025-11-18,2920.247593333333
2025-11-19,2924.7893925000003
2025-11-20,2929.0737099999997
2025-11-21,2932.412004166667
2025-11-24,2935.8346341666665
2025-11-25,2940.0722241666667
2025-11-26,2944.0497175
2025-11-27,2947.8809308333334
2025-11-28,2951.921460833333
2025-12-01,2956.1836916666666
2025-12-02,2960.0116716666666
2025-12-03,2963.7540616666665
2025-12-04,2967.2095675
2025-12-05,2971.0823200000004
2025-12-08,2975.7797625000003
2025-12-09,2980.1072525
2025-12-10,2984.5116
2025-12-11,2988.5336675000003
2025-12-12,2993.1484583333336
2025-12-15,2997.8952933333335
2025-12-16,3001.7883325000003
2025-12-17,3005.39514
2025-12-18,3008.8008825
2025-12-19,3012.622784166667
2025-12-22,3016.5640275
2025-12-23,3020.000013333333
2025-12-24,3023.7756225
2025-12-25,3028.0877966666667
2025-12-26,3032.2263391666665
2025-12-29,3036.603368333333
2025-12-30,3040.782381666667
2025-12-31,3044.6973375
2026-01-05,3049.079708333333
2026-01-06,3053.803480833333
2026-01-07,3058.5613599999997
2026-01-08,3063.5318525
2026-01-09,3069.1264925
2026-01-12,3075.3602783333336
2026-01-13,3080.820879166667
2026-01-14,3086.5425266666666
2026-01-15,3091.6856583333333
2026-01-16,3096.8404766666667
2026-01-19,3102.531679166667
2026-01-20,3107.672935
2026-01-21,3113.030378333334
2026-01-22,3118.5100049999996
2026-01-23,3124.446094166667
2026-01-26,3130.1235933333332
2026-01-27,3136.0338825
2026-01-28,3141.6208158333334
2026-01-29,3146.4833216666666
2026-01-30,3151.0950108333336
2026-02-02,3154.7228474999997
2026-02-03,3159.1295425
2026-02-04,3163.6242208333338
2026-02-05,3167.3460308333333
2026-02-06,3171.1749324999996
2026-02-09,3175.3533125000004
2026-02-10,3179.972470833333
2026-02-11,3183.9620175
2026-02-12,3187.4884508333334
2026-02-13,3190.6432291666665
2026-02-24,3194.0506533333332
2026-02-25,3197.9597849999996
