date,932000.CSI_动量_20日
2014-01-30,3.307658434249605
2014-02-07,5.5454994354291465
2014-02-10,11.710156033873087
2014-02-11,11.391841622773091
2014-02-12,12.64106626012369
2014-02-13,12.608516262035895
2014-02-14,17.21802774105963
2014-02-17,19.449251600599204
2014-02-18,17.23614439694654
2014-02-19,16.32192249136577
2014-02-20,13.974203173513633
2014-02-21,14.567492033170693
2014-02-24,16.573550009527317
2014-02-25,9.934624470483655
2014-02-26,8.701358278706772
2014-02-27,5.781946962993834
2014-02-28,5.850556286911468
2014-03-03,8.290751476905832
2014-03-04,8.792619369523358
2014-03-05,7.695522079331774
2014-03-06,8.42254926795636
2014-03-07,6.250168941559275
2014-03-10,-0.47170584630720214
2014-03-11,-1.40707838707953
2014-03-12,-3.355249325593257
2014-03-13,-0.31250141778009777
2014-03-14,-2.6921115542650753
2014-03-17,-2.495903182653225
2014-03-18,-1.9487358304946079
2014-03-19,-1.5161918423249099
2014-03-20,-2.6797064707318907
2014-03-21,-1.24089934480206
2014-03-24,-2.454445116488002
2014-03-25,1.3355705359118897
2014-03-26,1.423281117864894
2014-03-27,0.7569861837999792
2014-03-28,-3.0501621204411578
2014-03-31,-5.693542652193361
2014-04-01,-4.089795963698084
2014-04-02,-4.4477021458127926
2014-04-03,-4.367725734442263
2014-04-04,-3.183275632827598
2014-04-08,1.5160434641404263
2014-04-09,3.3429027511930887
2014-04-10,4.023694919204024
2014-04-11,2.562115942477483
2014-04-14,3.718637927542079
2014-04-15,0.8181465953262856
2014-04-16,0.12812200879144253
2014-04-17,-0.1961111699268936
2014-04-18,3.315473556393922
2014-04-21,0.13012977908735124
2014-04-22,-0.8033510921892306
2014-04-23,-0.912654210058339
2014-04-24,-2.0767823105341865
2014-04-25,-1.953127334762883
2014-04-28,-2.5637691042000643
2014-04-29,-0.7529004155943597
2014-04-30,-1.5605827008658646
2014-05-05,0.2966241370169431
2014-05-06,0.7810782927134552
2014-05-07,-2.0242596193520535
2014-05-08,-2.7209266058436543
2014-05-09,-4.731239826764533
2014-05-12,-3.21098116656241
2014-05-13,-3.0646909350119267
2014-05-14,-3.757084779911668
2014-05-15,-5.22623419671061
2014-05-16,-5.547514049476643
2014-05-19,-5.980442878883386
2014-05-20,-5.783041100989839
2014-05-21,-3.1852895909332712
2014-05-22,-2.291208186570337
2014-05-23,-1.0021190849412442
2014-05-26,1.0030349711967368
2014-05-27,3.344887823782594
2014-05-28,8.101982358673098
2014-05-29,5.476308225258419
2014-05-30,4.740041947901763
2014-06-03,2.8921047901893315
2014-06-04,1.4940116322516905
2014-06-05,4.7325884255503325
2014-06-06,4.4368893542325205
2014-06-09,5.040115953490543
2014-06-10,4.374214673730936
2014-06-11,5.075912781258518
2014-06-12,4.941467305076297
2014-06-13,7.891591113139129
2014-06-16,8.820798514391836
2014-06-17,8.404205278732846
2014-06-18,6.56281036066404
2014-06-19,2.5439374278031446
2014-06-20,3.8154866262804177
2014-06-23,3.95346316922196
2014-06-24,3.0782674109538055
2014-06-25,2.6334165444388935
2014-06-26,3.0652477078231266
2014-06-27,5.33823627350325
2014-06-30,6.0552864016081065
2014-07-01,6.914927312795971
2014-07-02,8.274168781786862
2014-07-03,7.258802758400695
2014-07-04,7.641098471068708
2014-07-07,8.21027546152644
2014-07-08,7.743448164307054
2014-07-09,5.556978706066906
2014-07-10,5.832113567548669
2014-07-11,5.790667219186285
2014-07-14,6.6113375334360125
2014-07-15,6.69049275789062
2014-07-16,6.511224165236551
2014-07-17,9.27847254723706
2014-07-18,7.8806780745661165
2014-07-21,6.4233727556554765
2014-07-22,6.989685615160268
2014-07-23,6.22343842565205
2014-07-24,3.9062028362722323
2014-07-25,3.5850788457154836
2014-07-28,4.062350952287508
2014-07-29,4.666338460695063
2014-07-30,4.506060151955982
2014-07-31,4.926698422326026
2014-08-01,3.703249423918753
2014-08-04,4.6870418888800724
2014-08-05,4.618226380402257
2014-08-06,6.367273281972929
2014-08-07,4.855694158880475
2014-08-08,4.868574676358506
2014-08-11,4.962953681082838
2014-08-12,6.243305039140257
2014-08-13,7.86112597233799
2014-08-14,7.6419021118370845
2014-08-15,9.209198617612135
2014-08-18,11.555472170229674
2014-08-19,10.824992877706773
2014-08-20,12.078766203822289
2014-08-21,13.01335822833094
2014-08-22,13.159708109855561
2014-08-25,11.04318980129888
2014-08-26,7.643271874830337
2014-08-27,7.920919988845965
2014-08-28,6.339066230735324
2014-08-29,8.602818136467683
2014-09-01,9.409841587897594
2014-09-02,10.33471834326749
2014-09-03,11.120822751779546
2014-09-04,13.324770277913567
2014-09-05,12.942107657839518
2014-09-09,12.563342392618203
2014-09-10,13.032973058449105
2014-09-11,12.889882446436607
2014-09-12,15.060227069712484
2014-09-15,15.293150009178035
2014-09-16,9.306513487580602
2014-09-17,9.896046333132169
2014-09-18,10.853052933151197
2014-09-19,12.203230090453697
2014-09-22,10.525719452091774
2014-09-23,13.029022356931087
2014-09-24,17.0699844834304
2014-09-25,16.453177194815538
2014-09-26,18.246248467001692
2014-09-29,18.38948103940401
2014-09-30,17.024843710429273
2014-10-08,17.159057117884792
2014-10-09,16.433128243012085
2014-10-10,14.886271440665455
2014-10-13,14.351696032255678
2014-10-14,12.872171527027065
2014-10-15,12.19785708906873
2014-10-16,10.667299344286608
2014-10-17,7.1742667933606175
2014-10-20,7.289673599183866
2014-10-21,10.209942956656759
2014-10-22,7.651408008140015
2014-10-23,4.316283350414296
2014-10-24,3.1089978744481384
2014-10-27,4.910914862527704
2014-10-28,6.29953013215756
2014-10-29,6.245791369522902
2014-10-30,5.878590464760114
2014-10-31,4.618520957492556
2014-11-03,4.5495544172755364
2014-11-04,2.6823968198863124
2014-11-05,1.1237941041069677
2014-11-06,1.7981330035533594
2014-11-07,1.1898272645418873
2014-11-10,1.6103714595864682
2014-11-11,-2.0941226193612383
2014-11-12,-1.027429517755163
2014-11-13,-1.745586897797835
2014-11-14,-0.3787932332152022
2014-11-17,-0.21621028883858084
2014-11-18,0.9874165088188391
2014-11-19,3.322350164871346
2014-11-20,5.490780217299429
2014-11-21,6.439372157948098
2014-11-24,6.136426116688298
2014-11-25,3.9891350360582445
2014-11-26,3.317657414177022
2014-11-27,4.316849316391913
2014-11-28,4.788584571139154
2014-12-01,2.3611436249677986
2014-12-02,4.185075493244783
2014-12-03,4.1277981770332595
2014-12-04,3.8954830843170196
2014-12-05,1.5662163800025608
2014-12-08,0.557073875034253
2014-12-09,-0.5808723304228991
2014-12-10,0.6977530319175029
2014-12-11,3.95943869094606
2014-12-12,5.554055372015432
2014-12-15,5.594576611118218
2014-12-16,4.393316194594421
2014-12-17,1.4814339041619773
2014-12-18,0.95276927163499
2014-12-19,-2.168724626862395
2014-12-22,-8.896902938438211
2014-12-23,-11.0832448943322
2014-12-24,-9.606149487173333
2014-12-25,-9.383441881439014
2014-12-26,-9.402397037287502
2014-12-29,-10.498974634478852
2014-12-30,-12.723341578616775
2014-12-31,-12.214928300384331
2015-01-05,-12.555042232906832
2015-01-06,-7.944812462335193
2015-01-07,-7.634572492852398
2015-01-08,-2.597013221965949
2015-01-09,-5.899436209621822
2015-01-12,-8.594648872279908
2015-01-13,-8.191270951860508
2015-01-14,-10.130546039978972
2015-01-15,-9.004233699664631
2015-01-16,-6.174394174796838
2015-01-19,-7.098820720928978
2015-01-20,-1.6721902617343964
2015-01-21,6.8086407456351195
2015-01-22,9.945490449453542
2015-01-23,6.169420195759212
2015-01-26,6.846024754638647
2015-01-27,7.489086237229126
2015-01-28,9.912677196848495
2015-01-29,11.369552419494289
2015-01-30,9.336416416270389
2015-02-02,8.870873703419635
2015-02-03,8.346608729646189
2015-02-04,8.730264519030694
2015-02-05,8.165715493230486
2015-02-06,7.058464683928012
2015-02-09,7.739618118223346
2015-02-10,6.766479137841852
2015-02-11,8.547110812390969
2015-02-12,9.061250773627538
2015-02-13,9.374658429133653
2015-02-16,13.305095522384057
2015-02-17,9.893051968952072
2015-02-25,8.096647999299677
2015-02-26,7.21210844398692
2015-02-27,9.753656344595441
2015-03-02,10.360227189460103
2015-03-03,9.589163218525364
2015-03-04,12.147319256100996
2015-03-05,13.750571190436013
2015-03-06,13.748174872908248
2015-03-09,15.416756492943096
2015-03-10,15.637943867096915
2015-03-11,16.14538427747987
2015-03-12,15.428768521807456
2015-03-13,18.951515210944713
2015-03-16,23.98456628488472
2015-03-17,25.150527117398823
2015-03-18,25.707350614766455
2015-03-19,25.374396390097598
2015-03-20,25.095010833107658
2015-03-23,26.268905580997483
2015-03-24,26.723364313703478
2015-03-25,28.535358859833714
2015-03-26,25.90882295146395
2015-03-27,25.222881741887406
2015-03-30,22.57275892806938
2015-03-31,23.71386398472355
2015-04-01,24.074015894150147
2015-04-02,25.996874450103324
2015-04-03,30.747959587970144
2015-04-07,31.643171586301545
2015-04-08,28.674231335999465
2015-04-09,26.765054393335873
2015-04-10,31.397422364192963
2015-04-13,32.72654314217285
2015-04-14,28.96321252861007
2015-04-15,22.33585451357618
2015-04-16,21.157696786752854
2015-04-17,20.686082185882483
2015-04-20,16.454373811387455
2015-04-21,17.364697731391775
2015-04-22,20.121691577469413
2015-04-23,19.647742135021208
2015-04-24,21.527472641387302
2015-04-27,21.19264157287013
2015-04-28,17.221757404726024
2015-04-29,19.095171173624937
2015-04-30,17.03906849336805
2015-05-04,15.233036107866171
2015-05-05,9.720706084394436
2015-05-06,6.733473617055874
2015-05-07,5.4032593812595175
2015-05-08,10.982212206077179
2015-05-11,13.113719086248299
2015-05-12,13.597437904150155
2015-05-13,15.194234289664665
2015-05-14,21.431439715783295
2015-05-15,20.29671380979017
2015-05-18,23.935853682872697
2015-05-19,30.495987941095137
2015-05-20,29.885106181745247
2015-05-21,30.838730419458994
2015-05-22,30.54934341554112
2015-05-25,32.252305593518905
2015-05-26,36.812598983821744
2015-05-27,43.95821935056925
2015-05-28,34.115142573690036
2015-05-29,35.278005785753464
2015-06-01,40.794938311202955
2015-06-02,51.005212211466855
2015-06-03,53.852220467683566
2015-06-04,54.65641031898938
2015-06-05,49.620779833546756
2015-06-08,39.16593792802434
2015-06-09,35.567440290143736
2015-06-10,36.48833774738738
2015-06-11,37.24199522681948
2015-06-12,40.076607139615696
2015-06-15,34.000638514969886
2015-06-16,24.06658124246812
2015-06-17,22.653031760109865
2015-06-18,14.287184168866741
2015-06-19,5.1467096729119755
2015-06-23,2.912138979365486
2015-06-24,1.5180484055863808
2015-06-25,-3.843453210643155
2015-06-26,-7.37935911523202
2015-06-29,-15.575327377264326
2015-06-30,-17.279419553120825
2015-07-01,-25.86650410286966
2015-07-02,-31.625129077506198
2015-07-03,-35.15250998939644
2015-07-06,-39.30837501568778
2015-07-07,-41.2978296087933
2015-07-08,-43.25025656653432
2015-07-09,-42.74403732110655
2015-07-10,-41.88468880635813
2015-07-13,-40.215666161038946
2015-07-14,-37.86969478996639
2015-07-15,-37.646628587129335
2015-07-16,-38.54489733113435
2015-07-17,-33.48925987310001
2015-07-20,-26.536423705962108
2015-07-21,-24.03906572300888
2015-07-22,-24.519245093009403
2015-07-23,-19.171964582946476
2015-07-24,-12.947792771216804
2015-07-27,-12.042256858461231
2015-07-28,-18.079636165876945
2015-07-29,-8.742859975132799
2015-07-30,-4.86667695604015
2015-07-31,-0.7179597045302355
2015-08-03,-0.49683006519025685
2015-08-04,11.988339404007831
2015-08-05,15.299188773699912
2015-08-06,11.40377416040792
2015-08-07,11.254932504378434
2015-08-10,11.147205739097178
2015-08-11,9.525476906159923
2015-08-12,13.014594601234531
2015-08-13,15.513540482957433
2015-08-14,11.67848750921685
2015-08-17,10.695688942462445
2015-08-18,0.721055388931946
2015-08-19,1.2090053794689304
2015-08-20,-5.76071135522882
2015-08-21,-9.75835925480527
2015-08-24,-10.363897580949832
2015-08-25,-12.828955031807453
2015-08-26,-19.870223215426286
2015-08-27,-15.528175989327364
2015-08-28,-8.564546246404648
2015-08-31,-6.421726107803227
2015-09-01,-16.699655132955648
2015-09-02,-19.909538808859008
2015-09-07,-18.480347965990763
2015-09-08,-17.790385922787554
2015-09-09,-18.398229605386305
2015-09-10,-20.523258075482808
2015-09-11,-18.704103590961417
2015-09-14,-25.999033861511034
2015-09-15,-30.808793467635432
2015-09-16,-28.030508570876034
2015-09-17,-24.545889632868302
2015-09-18,-25.8141795049317
2015-09-21,-20.501863772729745
2015-09-22,-15.436457809677083
2015-09-23,-9.596593179607593
2015-09-24,-1.7945223326070736
2015-09-25,-1.8639981467042377
2015-09-28,-2.248807439079037
2015-09-29,-8.973794592320605
2015-09-30,-6.242414928109252
2015-10-08,2.9536345903636407
2015-10-09,9.145846158004577
2015-10-12,11.930795286800233
2015-10-13,8.843214048118519
2015-10-14,3.7377792887754335
2015-10-15,8.177296330014494
2015-10-16,8.805161997751277
2015-10-19,16.817292087350722
2015-10-20,25.36479161440719
2015-10-21,10.993260820322526
2015-10-22,17.61553737890327
2015-10-23,20.505022874493694
2015-10-26,17.870518967969605
2015-10-27,17.453385242837616
2015-10-28,15.758295287408197
2015-10-29,15.539773013933079
2015-10-30,19.941509293783355
2015-11-02,14.581861138615793
2015-11-03,16.491918875421874
2015-11-04,22.365830181785373
2015-11-05,18.193945595201868
2015-11-06,19.745022991939877
2015-11-09,16.83670252248848
2015-11-10,15.932518661367489
2015-11-11,19.57616408813354
2015-11-12,17.138289873172784
2015-11-13,12.784465316677762
2015-11-16,15.29236562979619
2015-11-17,12.44520744677249
2015-11-18,17.92806585738378
2015-11-19,16.88212370693862
2015-11-20,15.835508766651119
2015-11-23,14.361823850581047
2015-11-24,15.329167249758967
2015-11-25,20.331327963690725
2015-11-26,18.495119498682435
2015-11-27,11.790592051819871
2015-11-30,15.771098956042806
2015-12-01,15.57880205258897
2015-12-02,8.57925892276099
2015-12-03,11.919419111198959
2015-12-04,9.35082324285592
2015-12-07,9.566066547611873
2015-12-08,6.972304194426582
2015-12-09,3.896672134305379
2015-12-10,2.6776071958752423
2015-12-11,3.890743864011803
2015-12-14,2.8950853290352185
2015-12-15,5.110988859068222
2015-12-16,8.239127674871384
2015-12-17,8.615423183502413
2015-12-18,6.013712406225391
2015-12-21,7.13653501878615
2015-12-22,7.021481281496311
2015-12-23,3.750160076049136
2015-12-24,4.6094404138686595
2015-12-25,12.02782211757425
2015-12-28,7.764687889418376
2015-12-29,9.115936710984872
2015-12-30,12.067707985600219
2015-12-31,6.38490106792633
2016-01-04,-3.03420249969949
2016-01-05,-7.473039767611245
2016-01-06,-3.173399750386474
2016-01-07,-10.572525789552357
2016-01-08,-9.839521775631821
2016-01-11,-15.5077037289728
2016-01-12,-16.91442359514086
2016-01-13,-21.38002325906988
2016-01-14,-19.527321576264857
2016-01-15,-25.00747959285521
2016-01-18,-22.974603868395803
2016-01-19,-20.545515454929074
2016-01-20,-21.711102679266013
2016-01-21,-24.407466900039985
2016-01-22,-23.390579322423132
2016-01-25,-22.96727821645973
2016-01-26,-26.72159806461042
2016-01-27,-28.47013243128973
2016-01-28,-32.710004797961766
2016-01-29,-28.792592506125548
2016-02-01,-23.10595361962179
2016-02-02,-17.86573812251411
2016-02-03,-19.627515779026606
2016-02-04,-10.16186868854282
2016-02-05,-11.405799756554035
2016-02-15,-4.352703735572483
2016-02-16,-0.5465597634967234
2016-02-17,5.258810263272706
2016-02-18,1.4392791252415105
2016-02-19,6.210175769242876
2016-02-22,5.865304716485231
2016-02-23,1.3371261630377829
2016-02-24,1.457777374413638
2016-02-25,-2.1678503576212593
2016-02-26,-4.132383118036365
2016-02-29,-11.466483038442355
2016-03-01,-2.4070880143232887
2016-03-02,3.5094974162819037
2016-03-03,9.003937130289552
2016-03-04,1.202472155723644
2016-03-07,4.881102721543096
2016-03-08,1.8812856635440633
2016-03-09,-1.0979862440549937
2016-03-10,-5.255963550954013
2016-03-11,-4.513744308983158
2016-03-14,-1.0402144825300774
2016-03-15,-5.461318631265977
2016-03-16,-7.846480987439031
2016-03-17,-4.542246423411822
2016-03-18,-1.7859447850680277
2016-03-21,-1.343993506302188
2016-03-22,-0.9335337237357688
2016-03-23,0.2426390962106506
2016-03-24,7.483985990497866
2016-03-25,8.408832331033555
2016-03-28,15.336040587611777
2016-03-29,10.675530805884016
2016-03-30,9.763939805345911
2016-03-31,10.787880305602338
2016-04-01,14.905873316690776
2016-04-05,14.977157300514655
2016-04-06,14.734532340335438
2016-04-07,15.261189026301558
2016-04-08,16.260533997151704
2016-04-11,18.96286394541342
2016-04-12,13.934522007800453
2016-04-13,16.366417372414354
2016-04-14,19.386205080796604
2016-04-15,15.732526837355332
2016-04-18,10.44143403264044
2016-04-19,8.037376702478682
2016-04-20,3.4843067448309784
2016-04-21,0.940467586447169
2016-04-22,2.932446166192615
2016-04-25,2.0066172819605654
2016-04-26,3.8020481758678892
2016-04-27,5.922268213761317
2016-04-28,1.7353799676827597
2016-04-29,0.8759442763202729
2016-05-03,3.9850300662902516
2016-05-04,1.494764560805062
2016-05-05,1.5721064121130057
2016-05-06,-0.956630026197014
2016-05-09,-4.6216102697157035
2016-05-10,-7.13979204585391
2016-05-11,-7.806305953798476
2016-05-12,-9.871976093738654
2016-05-13,-11.48486654149723
2016-05-16,-9.972692130368465
2016-05-17,-9.042709504591063
2016-05-18,-12.516955621862014
2016-05-19,-8.062825477030945
2016-05-20,-5.926581868927771
2016-05-23,-5.035395280546839
2016-05-24,-5.705130215193677
2016-05-25,-7.2235725857171085
2016-05-26,-6.787637666506418
2016-05-27,-6.317213477463801
2016-05-30,-6.913553462499222
2016-05-31,-6.11004770491207
2016-06-01,-5.28034832752623
2016-06-02,-4.942453553684068
2016-06-03,-0.608533807249656
2016-06-06,4.678804307170226
2016-06-07,5.736334004504706
2016-06-08,7.025423024291366
2016-06-13,2.1543009964184012
2016-06-14,2.7594706735611485
2016-06-15,4.338442727255032
2016-06-16,4.640742657413588
2016-06-17,9.039088034203878
2016-06-20,8.834773051548982
2016-06-21,6.641767724994163
2016-06-22,6.57372161866856
2016-06-23,7.034378130401686
2016-06-24,6.629451941664932
2016-06-27,8.773836054904383
2016-06-28,9.995766360915304
2016-06-29,10.84602710694751
2016-06-30,6.831935397641065
2016-07-01,5.538830521787874
2016-07-04,6.163471172494495
2016-07-05,6.47306240123704
2016-07-06,6.412066145451467
2016-07-07,5.967566270363744
2016-07-08,5.995055672441807
2016-07-11,10.994997292197217
2016-07-12,11.29549935833749
2016-07-13,8.129710932078083
2016-07-14,8.142574069372266
2016-07-15,7.1325924155560605
2016-07-18,6.2426798555919705
2016-07-19,8.16547956699154
2016-07-20,6.741067758470298
2016-07-21,7.3597272143546055
2016-07-22,7.018518063549828
2016-07-25,4.62754892552748
2016-07-26,4.382908540371067
2016-07-27,-1.2586950559545507
2016-07-28,-1.641981556980765
2016-07-29,-2.249960200836132
2016-08-01,-5.5767151504126256
2016-08-02,-5.154587309519931
2016-08-03,-5.014955137041155
2016-08-04,-4.328376327195526
2016-08-05,-4.911520146277515
2016-08-08,-3.3794980115174122
2016-08-09,-2.86054391491698
2016-08-10,-3.6580792929758243
2016-08-11,-5.450018243491506
2016-08-12,-4.388288065707757
2016-08-15,-2.0150790469532054
2016-08-16,-1.7507602229806407
2016-08-17,-1.609639527522455
2016-08-18,-1.524158229734951
2016-08-19,-0.3639324512198172
2016-08-22,-1.6916338491240634
2016-08-23,-2.3937891846922077
2016-08-24,3.380169692499546
2016-08-25,3.248404000373495
2016-08-26,4.611483815070505
2016-08-29,6.782948720845328
2016-08-30,5.839984539353971
2016-08-31,5.4392421197985374
2016-09-01,4.069638988177426
2016-09-02,4.309980004975711
2016-09-05,4.104077709448539
2016-09-06,4.529037018432747
2016-09-07,4.935326871137602
2016-09-08,7.1446686600926235
2016-09-09,5.70777318291662
2016-09-12,0.5706045295625017
2016-09-13,0.8819108626221484
2016-09-14,-0.17443642369838752
2016-09-19,0.9225802035361497
2016-09-20,0.9443509519428739
2016-09-21,2.5824314764845147
2016-09-22,2.905491558368878
2016-09-23,2.072220199095187
2016-09-26,0.19840502928589743
2016-09-27,0.28996293205112433
2016-09-28,-0.19375160376312595
2016-09-29,-0.06195598818750092
2016-09-30,0.3658980652567756
2016-10-10,3.210227896134321
2016-10-11,4.651239457883016
2016-10-12,4.297866092393754
2016-10-13,3.138448712274622
2016-10-14,2.9618335760592585
2016-10-17,1.460924102771477
2016-10-18,3.9053968736976197
2016-10-19,7.197925037110053
2016-10-20,6.234851680299047
2016-10-21,6.311942392905978
2016-10-24,5.740721121981829
2016-10-25,5.987723154482194
2016-10-26,5.323673342649937
2016-10-27,4.8169537409256336
2016-10-28,3.9468285651876878
2016-10-31,6.403292909102931
2016-11-01,7.314048113305938
2016-11-02,7.179674392904345
2016-11-03,7.715745973765853
2016-11-04,6.766999522599559
2016-11-07,4.467556210479051
2016-11-08,4.210811211596832
2016-11-09,3.330044801114207
2016-11-10,4.498597303457608
2016-11-11,4.9015922301362425
2016-11-14,6.396217300561924
2016-11-15,5.231707021615151
2016-11-16,5.12106310189806
2016-11-17,4.406382163847389
2016-11-18,4.905098287809206
2016-11-21,4.749400131559156
2016-11-22,5.336473979283229
2016-11-23,5.038559375539431
2016-11-24,4.320556216722271
2016-11-25,5.394359969246332
2016-11-28,5.055036949595659
2016-11-29,1.8057917133699641
2016-11-30,1.8373825380316955
2016-12-01,1.5564404895456851
2016-12-02,-0.21583152769185654
2016-12-05,-0.8990168935202547
2016-12-06,-1.122534765705141
2016-12-07,0.803579663343923
2016-12-08,-1.3409412777724783
2016-12-09,-2.1507345260263655
2016-12-12,-8.052385543110086
2016-12-13,-8.134340722209066
2016-12-14,-8.409273284927687
2016-12-15,-6.947121045539606
2016-12-16,-5.824760237601478
2016-12-19,-6.308862827365191
2016-12-20,-7.061362119647175
2016-12-21,-5.738696819179189
2016-12-22,-5.571712905127413
2016-12-23,-6.743457171550782
2016-12-26,-5.827786625416598
2016-12-27,-3.7521256673188286
2016-12-28,-3.8304919831885664
2016-12-29,-4.6164080458084396
2016-12-30,-2.6662448370333047
2017-01-03,-0.9791861763283394
2017-01-04,-0.10219821348256275
2017-01-05,-1.2981248212119212
2017-01-06,-1.6937696963389537
2017-01-09,-0.9885191422500217
2017-01-10,4.754283799562775
2017-01-11,2.754348696601139
2017-01-12,1.9838872896070114
2017-01-13,-1.3295165470177173
2017-01-16,-7.033374220672628
2017-01-17,-5.946592260335581
2017-01-18,-6.580267851528932
2017-01-19,-7.999827648533209
2017-01-20,-6.147151713603927
2017-01-23,-3.826225788463433
2017-01-24,-4.711496713883234
2017-01-25,-5.120204911397119
2017-01-26,-4.230141706841694
2017-02-03,-4.182854147599702
2017-02-06,-2.8972022485905247
2017-02-07,-3.560415152100427
2017-02-08,-4.003981112316335
2017-02-09,-3.131319403360666
2017-02-10,-2.4594391466944865
2017-02-13,-2.2030834146342215
2017-02-14,-2.2307099305493683
2017-02-15,-1.9454859119512724
2017-02-16,-0.27846893823143537
2017-02-17,0.7520529914624152
2017-02-20,6.161528311320041
2017-02-21,5.762723709200501
2017-02-22,6.7946132340654275
2017-02-23,7.24046242035099
2017-02-24,5.767618079113146
2017-02-27,3.784736122364385
2017-02-28,4.4577142973259765
2017-03-01,4.714837805493244
2017-03-02,3.4287325197926988
2017-03-03,4.020239257229319
2017-03-06,3.853578738958041
2017-03-07,3.8160655712280667
2017-03-08,2.5958044185002915
2017-03-09,0.9433592091728338
2017-03-10,1.2429641204568798
2017-03-13,1.2062901059935793
2017-03-14,1.3819333580318949
2017-03-15,2.1379691717125393
2017-03-16,2.5794917855743282
2017-03-17,3.0091399914973893
2017-03-20,2.808890736897607
2017-03-21,2.255630030097233
2017-03-22,1.1126839693773816
2017-03-23,1.3564882299514247
2017-03-24,1.0735283001513718
2017-03-27,1.6088224628013847
2017-03-28,0.9571592019525399
2017-03-29,-0.37949403885462196
2017-03-30,-2.3600112122899697
2017-03-31,-2.679637036029159
2017-04-05,-2.0576655747277184
2017-04-06,-1.9790966621027306
2017-04-07,-1.7745610798122757
2017-04-10,-2.5992955196652567
2017-04-11,-2.1027425139068634
2017-04-12,-3.610799661208841
2017-04-13,-3.3971370599460315
2017-04-14,-4.727113300658492
2017-04-17,-7.7099464189973155
2017-04-18,-8.185878883998187
2017-04-19,-9.884433651677615
2017-04-20,-10.779019665656575
2017-04-21,-10.837489826227099
2017-04-24,-13.898509524986624
2017-04-25,-13.63963935529151
2017-04-26,-13.110149638571933
2017-04-27,-12.311009500080704
2017-04-28,-10.72533120912208
2017-05-02,-8.026007382277845
2017-05-03,-8.078146316343526
2017-05-04,-9.917946620062457
2017-05-05,-11.443392987919621
2017-05-08,-13.427994470983762
2017-05-09,-11.726151671064267
2017-05-10,-13.593088709130452
2017-05-11,-13.464330744967922
2017-05-12,-13.840536043146335
2017-05-15,-12.157674669563024
2017-05-16,-8.392684137360273
2017-05-17,-6.878970834658782
2017-05-18,-6.044279033599453
2017-05-19,-5.590674858619948
2017-05-22,-7.1370088185891305
2017-05-23,-6.926062111851139
2017-05-24,-6.872111128410308
2017-05-25,-6.810279984645984
2017-05-26,-7.364057984327099
2017-05-31,-8.385066597405677
2017-06-01,-11.400475679199074
2017-06-02,-10.359898537563872
2017-06-05,-9.316366630046568
2017-06-06,-7.942991118707521
2017-06-07,-3.4585872796143224
2017-06-08,-3.8356278957774825
2017-06-09,-2.120611110869086
2017-06-12,-3.310393041675619
2017-06-13,-1.4771046083213557
2017-06-14,-1.6277133995303061
2017-06-15,-2.393203720172765
2017-06-16,-3.1806345106027867
2017-06-19,-1.9884996377524389
2017-06-20,-1.6926384265327
2017-06-21,0.6363750530155254
2017-06-22,1.7054239895771373
2017-06-23,1.3916275718851345
2017-06-26,2.142639279244185
2017-06-27,2.4069447590559845
2017-06-28,1.6815374494901558
2017-06-29,5.138132476372315
2017-06-30,4.210997549033824
2017-07-03,4.1300455569839745
2017-07-04,3.7503620010466587
2017-07-05,2.1046201699402634
2017-07-06,2.238161014722806
2017-07-07,2.603695650247606
2017-07-10,3.9492328938145915
2017-07-11,0.8524311778838722
2017-07-12,0.6310637202634917
2017-07-13,-0.7604910866558234
2017-07-14,-1.0939567235997427
2017-07-17,-7.540309646269961
2017-07-18,-6.720002036261485
2017-07-19,-5.5868470113043855
2017-07-20,-3.159984714659503
2017-07-21,-3.426664910369992
2017-07-24,-3.890345212082602
2017-07-25,-4.408236239827767
2017-07-26,-3.3835522132349416
2017-07-27,-2.212238503363728
2017-07-28,-2.466561128705247
2017-07-31,-2.68436613100288
2017-08-01,-2.593472402994901
2017-08-02,-4.336201309382548
2017-08-03,-4.058966148761767
2017-08-04,-4.946615623061179
2017-08-07,-3.4987047471147226
2017-08-08,-1.9654452753242624
2017-08-09,-1.4964268264648806
2017-08-10,-2.3431943993019066
2017-08-11,-3.1444107336768834
2017-08-14,4.861274586423048
2017-08-15,4.362717503313984
2017-08-16,3.7005035982805357
2017-08-17,4.099514741206978
2017-08-18,3.993760121597978
2017-08-21,4.08345579780689
2017-08-22,3.6723462320293665
2017-08-23,3.231423747436235
2017-08-24,1.0329655322129483
2017-08-25,2.080673892773932
2017-08-28,2.5622173417455985
2017-08-29,2.639174852584425
2017-08-30,3.93245512020175
2017-08-31,3.873176861814698
2017-09-01,4.905222621380356
2017-09-04,4.657835142894728
2017-09-05,4.502667411317973
2017-09-06,4.324828491581467
2017-09-07,5.096332530538139
2017-09-08,6.939737494923537
2017-09-11,6.04775554395125
2017-09-12,5.139499133464431
2017-09-13,5.058414179587967
2017-09-14,4.290705183712906
2017-09-15,3.9831936073134733
2017-09-18,3.9167468351882784
2017-09-19,4.281734877850818
2017-09-20,5.529364777228318
2017-09-21,5.212595525296515
2017-09-22,3.919005705059986
2017-09-25,1.425597729490069
2017-09-26,1.2701789701152988
2017-09-27,1.8856680215009858
2017-09-28,0.8869302639847643
2017-09-29,1.2462696383062966
2017-10-09,1.836930820787419
2017-10-10,2.694866439547794
2017-10-11,2.237965480932469
2017-10-12,2.275679305818179
2017-10-13,2.308600126375926
2017-10-16,-0.9425241771652715
2017-10-17,-0.4957807921874946
2017-10-18,-2.044121059011539
2017-10-19,-3.2017410139681513
2017-10-20,-1.437539072997318
2017-10-23,-1.486573132118263
2017-10-24,-2.009973283613875
2017-10-25,-2.090115769065326
2017-10-26,-0.688541216291394
2017-10-27,-1.120219967686742
2017-10-30,-2.3936832009825437
2017-10-31,-1.4497647346133347
2017-11-01,-2.19975894890142
2017-11-02,-2.9169350267867378
2017-11-03,-4.609773959468644
2017-11-06,-4.807317277376722
2017-11-07,-5.400653794900057
2017-11-08,-4.85530453081876
2017-11-09,-4.124208646348093
2017-11-10,-4.347998467726488
2017-11-13,-2.271359647087312
2017-11-14,-3.10501809457312
2017-11-15,-2.7721306104186993
2017-11-16,-1.9364912788550126
2017-11-17,-7.073948199997549
2017-11-20,-7.675623285308042
2017-11-21,-7.100301744925918
2017-11-22,-7.9702804980730235
2017-11-23,-10.301043774356733
2017-11-24,-9.414287654273313
2017-11-27,-7.969481759051056
2017-11-28,-7.5367099838041245
2017-11-29,-7.3593887657954715
2017-11-30,-6.440030165818178
2017-12-01,-4.745345114537947
2017-12-04,-6.905663985796395
2017-12-05,-9.705588836496759
2017-12-06,-9.256885824287064
2017-12-07,-9.864727711759036
2017-12-08,-8.994397466875693
2017-12-11,-8.10471061898893
2017-12-12,-8.429705163165869
2017-12-13,-7.135105440058287
2017-12-14,-6.657702788498843
2017-12-15,-2.7793801265754925
2017-12-18,-3.405054655426709
2017-12-19,-2.648767492343862
2017-12-20,-3.5030664160552227
2017-12-21,-1.4554872030810406
2017-12-22,-1.8847804392086664
2017-12-25,-2.2136984209059962
2017-12-26,-2.663974554882309
2017-12-27,-3.3245167117180285
2017-12-28,-2.6750118397160794
2017-12-29,-2.921834818656255
2018-01-02,-0.7216297350915779
2018-01-03,2.936229401014967
2018-01-04,2.0782709920493136
2018-01-05,2.1484572427826754
2018-01-08,1.0650034426069377
2018-01-09,0.08772316508707245
2018-01-10,0.3879901205806613
2018-01-11,0.2458449260619222
2018-01-12,-0.3713487477248312
2018-01-15,-2.791928904056107
2018-01-16,-1.5991448747553094
2018-01-17,-2.135276927547858
2018-01-18,-0.7442847993484936
2018-01-19,-1.01450717217072
2018-01-22,-0.36212571759146606
2018-01-23,1.141398547589878
2018-01-24,0.6250543154721067
2018-01-25,0.9316017289653811
2018-01-26,0.12895711989551195
2018-01-29,-1.9049884571515352
2018-01-30,-2.868534633905384
2018-01-31,-6.131740200402181
2018-02-01,-10.222145868470944
2018-02-02,-11.263548521341693
2018-02-05,-11.788912948536689
2018-02-06,-16.17542843828931
2018-02-07,-15.038982857042338
2018-02-08,-14.365026079765641
2018-02-09,-16.313291827733444
2018-02-12,-12.06670635190179
2018-02-13,-12.580564626041157
2018-02-14,-12.316229904439224
2018-02-22,-11.291101533438885
2018-02-23,-10.739571963668148
2018-02-26,-9.287455183850767
2018-02-27,-9.209071535739
2018-02-28,-9.367621287886752
2018-03-01,-8.051024637829618
2018-03-02,-8.065811938095491
2018-03-05,-6.290255407330248
2018-03-06,-5.099789267708676
2018-03-07,-3.0545318913554165
2018-03-08,2.350515127875008
2018-03-09,5.093987042928827
2018-03-12,7.338619313655115
2018-03-13,12.639169461292665
2018-03-14,11.048442108089995
2018-03-15,8.548965107451245
2018-03-16,11.666566353426756
2018-03-19,9.437532827624118
2018-03-20,9.856988252817
2018-03-21,8.932407176790335
2018-03-22,7.575395951370467
2018-03-23,1.2859411481715322
2018-03-26,0.44872008892800075
2018-03-27,2.86385047827844
2018-03-28,2.356505784446594
2018-03-29,1.9800185386843916
2018-03-30,3.942999415760773
2018-04-02,3.718016886812059
2018-04-03,1.646821389840647
2018-04-04,1.924828233673237
2018-04-09,1.2466321935989289
2018-04-10,-0.2577511617288919
2018-04-11,-0.8734981770562755
2018-04-12,-0.8860121560012479
2018-04-13,-0.3789584594908413
2018-04-16,-0.14033211274513402
2018-04-17,-2.5098446907902194
2018-04-18,-2.000699662922456
2018-04-19,-2.2191122841702993
2018-04-20,-3.988283683413729
2018-04-23,-4.907453361817615
2018-04-24,2.963767311790888
2018-04-25,2.235547779788183
2018-04-26,-2.364924849659289
2018-04-27,-2.0007008354520406
2018-05-02,-3.460002888007929
2018-05-03,-3.9252129602601937
2018-05-04,-4.253418572961842
2018-05-07,-1.4610605469126292
2018-05-08,-0.4930125984646927
2018-05-09,-0.7021624095141954
2018-05-10,0.02219003317880386
2018-05-11,-2.1049410499783483
2018-05-14,-2.4485859849876612
2018-05-15,-0.8632064261764993
2018-05-16,-0.5789270770169996
2018-05-17,1.6701934448529299
2018-05-18,1.2311018917536387
2018-05-21,2.5070573956983644
2018-05-22,5.462533090510457
2018-05-23,5.17781186959696
2018-05-24,2.833542416677859
2018-05-25,1.5307383336100822
2018-05-28,2.7527876539072293
2018-05-29,1.6936496958715352
2018-05-30,-1.8142084290623695
2018-05-31,-0.9459531713248981
2018-06-01,-1.9298251230743246
2018-06-04,-4.062718767066742
2018-06-05,-3.2779153190264587
2018-06-06,-3.034194764681053
2018-06-07,-4.628751762560457
2018-06-08,-4.392765494641415
2018-06-11,-4.481570699985249
2018-06-12,-5.118474424524855
2018-06-13,-6.5078349810617
2018-06-14,-6.669116098265205
2018-06-15,-9.779492293719505
2018-06-19,-17.533136572292474
2018-06-20,-16.76578639652677
2018-06-21,-18.30059716539828
2018-06-22,-17.108668679661687
2018-06-25,-16.42353263604108
2018-06-26,-14.652982708003382
2018-06-27,-14.108770766211965
2018-06-28,-11.55073151649706
2018-06-29,-10.714730053065392
2018-07-02,-10.843732365082314
2018-07-03,-9.059131355223183
2018-07-04,-12.42133368074132
2018-07-05,-15.368182492600358
2018-07-06,-14.32649873784506
2018-07-09,-11.467246310032596
2018-07-10,-9.663584301757611
2018-07-11,-12.210378192694659
2018-07-12,-8.265282888521785
2018-07-13,-7.793796767257244
2018-07-16,-4.999041045101238
2018-07-17,2.8668766137893043
2018-07-18,0.9250398422378625
2018-07-19,2.56210173872502
2018-07-20,2.0092638164169285
2018-07-23,2.449637178538211
2018-07-24,2.752825688730698
2018-07-25,3.246628522398054
2018-07-26,4.1916622846386975
2018-07-27,0.6308338858229456
2018-07-30,0.05538963814322173
2018-07-31,-1.6201863356577029
2018-08-01,-0.9607370423459272
2018-08-02,-0.6497618114450598
2018-08-03,-2.1429082768411933
2018-08-06,-6.158408767239376
2018-08-07,-4.717374329927059
2018-08-08,-3.9896376638812514
2018-08-09,-4.2232974750533785
2018-08-10,-3.8663560629210725
2018-08-13,-3.760563545533968
2018-08-14,-4.084338659676334
2018-08-15,-5.339392178977653
2018-08-16,-5.090765004291409
2018-08-17,-7.814840055831985
2018-08-20,-7.74829650219443
2018-08-21,-8.217202315555783
2018-08-22,-9.465283791070867
2018-08-23,-8.582055457999417
2018-08-24,-8.313187684252
2018-08-27,-4.944847290404397
2018-08-28,-4.827492077118977
2018-08-29,-3.933162043386973
2018-08-30,-2.795912156013114
2018-08-31,-2.701201162009337
2018-09-03,-1.0279362152736282
2018-09-04,-2.411320264934469
2018-09-05,-2.23195792599018
2018-09-06,-4.703623175568572
2018-09-07,-5.07824497918371
2018-09-10,-7.149435253087821
2018-09-11,-6.828882243605284
2018-09-12,-5.085031816828067
2018-09-13,-3.2887044347983174
2018-09-14,-2.4726125049754577
2018-09-17,-4.663537725956257
2018-09-18,-4.134574959762983
2018-09-19,-1.8655351796134534
2018-09-20,-2.9153214298600516
2018-09-21,-1.4848923388838031
2018-09-25,-3.63100567151593
2018-09-26,-3.4794399772265394
2018-09-27,-4.769247003099075
2018-09-28,-2.3330830954526927
2018-10-08,-4.544997140219353
2018-10-09,-3.889261526295895
2018-10-10,-4.507072574039261
2018-10-11,-10.462744983463889
2018-10-12,-10.715900532981436
2018-10-15,-11.82583059454515
2018-10-16,-11.756510898418481
2018-10-17,-11.45180250001765
2018-10-18,-14.349593500923364
2018-10-19,-13.416840577593259
2018-10-22,-8.165439020598686
2018-10-23,-7.703075653683101
2018-10-24,-9.075131826682913
2018-10-25,-10.891171446032622
2018-10-26,-10.154232310854416
2018-10-29,-12.388624963688544
2018-10-30,-11.018180116739318
2018-10-31,-9.964962479793304
2018-11-01,-7.763762671595864
2018-11-02,-6.287982806087666
2018-11-05,-2.088359527673256
2018-11-06,-2.7418858436940585
2018-11-07,-3.430970215668805
2018-11-08,4.4183498544660305
2018-11-09,4.9327131638261745
2018-11-12,9.141398085374242
2018-11-13,13.286769416049783
2018-11-14,12.463646458366595
2018-11-15,18.713016029434804
2018-11-16,17.60913599664118
2018-11-19,12.694996856533747
2018-11-20,10.899099174540305
2018-11-21,11.635389715930721
2018-11-22,12.844214824717959
2018-11-23,7.127268182563795
2018-11-26,8.40561005956728
2018-11-27,7.94445424005894
2018-11-28,7.464678726444873
2018-11-29,4.120580737374868
2018-11-30,2.0744129587965787
2018-12-03,4.242410668977348
2018-12-04,5.466758661837834
2018-12-05,4.6129091215101115
2018-12-06,2.7967114618462796
2018-12-07,2.988184412410888
2018-12-10,-1.2157818628882322
2018-12-11,-2.021433791226457
2018-12-12,-2.0294322363146655
2018-12-13,-3.3205714283990218
2018-12-14,-6.838281386089761
2018-12-17,-7.114700433587773
2018-12-18,-5.147419222032346
2018-12-19,-7.071898518885112
2018-12-20,-6.633429702259397
2018-12-21,-2.843887486977492
2018-12-24,-1.6088905445405755
2018-12-25,-3.432271089447547
2018-12-26,-4.476138109874128
2018-12-27,-3.641098280822086
2018-12-28,-4.159732961325724
2019-01-02,-6.998794880216542
2019-01-03,-8.45972195725656
2019-01-04,-5.39291398876145
2019-01-07,-1.580183064895524
2019-01-08,-1.6824564705415712
2019-01-09,-0.07770537212037354
2019-01-10,-1.1338269783693788
2019-01-11,-0.30640285490153296
2019-01-14,-1.5834843208880733
2019-01-15,2.178609799596787
2019-01-16,1.6790068775357936
2019-01-17,1.0653310284062467
2019-01-18,2.587657161940382
2019-01-21,2.6098744000982332
2019-01-22,2.5887754058537826
2019-01-23,1.8114395668387129
2019-01-24,3.259346985969347
2019-01-25,2.346267871924068
2019-01-28,3.332155454961172
2019-01-29,0.8528585495877428
2019-01-30,-1.0184131281579467
2019-01-31,-2.5794563947527105
2019-02-01,-2.2677465043313805
2019-02-11,-1.7425200613648828
2019-02-12,-0.150060489524384
2019-02-13,1.2255444846458685
2019-02-14,1.911722916765335
2019-02-15,1.1409946911776547
2019-02-18,4.975273497787702
2019-02-19,4.275037980604335
2019-02-20,4.915179243524426
2019-02-21,6.117802781303183
2019-02-22,8.21306301191209
2019-02-25,12.644038619532939
2019-02-26,12.872914884686736
2019-02-27,12.28068817631045
2019-02-28,12.497276930266988
2019-03-01,14.069646183825446
2019-03-04,17.19040332487607
2019-03-05,23.575408079940317
2019-03-06,28.65404429746985
2019-03-07,33.9861189437507
2019-03-08,24.465823061247562
2019-03-11,26.492270776829695
2019-03-12,27.11552377956943
2019-03-13,22.554089166569312
2019-03-14,18.0986871310888
2019-03-15,19.895624277357427
2019-03-18,18.54756149584844
2019-03-19,18.615176547949286
2019-03-20,18.537158544000555
2019-03-21,20.338065947518146
2019-03-22,18.402517868016766
2019-03-25,12.15967275708081
2019-03-26,9.865381537330897
2019-03-27,11.039658116451623
2019-03-28,8.80244683942042
2019-03-29,10.845449875167535
2019-04-01,12.797820552939942
2019-04-02,10.45721867854219
2019-04-03,9.02205069515276
2019-04-04,7.360357944142404
2019-04-08,12.244417202179857
2019-04-09,8.231590800387266
2019-04-10,5.814218507521307
2019-04-11,5.975293246241198
2019-04-12,9.38592819505133
2019-04-15,6.638169784701775
2019-04-16,6.497965187775878
2019-04-17,7.035200270967579
2019-04-18,5.892135086785744
2019-04-19,5.283767270684625
2019-04-22,3.5809138676828445
2019-04-23,2.1698054123776345
2019-04-24,5.916591934048032
2019-04-25,0.5811617322075469
2019-04-26,0.6399695489615498
2019-04-29,-5.762181796099542
2019-04-30,-8.306129805412043
2019-05-06,-16.09304856482112
2019-05-07,-15.472167590240948
2019-05-08,-15.718732328145213
2019-05-09,-15.916456427212166
2019-05-10,-13.421232298151509
2019-05-13,-13.413212215143055
2019-05-14,-12.346962010531238
2019-05-15,-10.290890414608523
2019-05-16,-8.933825510799442
2019-05-17,-14.007809547271567
2019-05-20,-15.014414487671324
2019-05-21,-12.999660288164117
2019-05-22,-14.046404415053093
2019-05-23,-15.288163626510343
2019-05-24,-14.189453398750619
2019-05-27,-12.437445268317893
2019-05-28,-8.275140744053367
2019-05-29,-6.518403216182711
2019-05-30,-3.3575061315093246
2019-05-31,-4.242619539465076
2019-06-03,2.341934409319024
2019-06-04,-1.1317931446179985
2019-06-05,-0.8077900018589657
2019-06-06,-3.0434932064325793
2019-06-10,-5.436558831513505
2019-06-11,-1.8178780291380536
2019-06-12,-1.4677505575895533
2019-06-13,-3.155339073217478
2019-06-14,-6.027184599253388
2019-06-17,-2.2818425783382
2019-06-18,-2.27785208801482
2019-06-19,-2.3219649338597548
2019-06-20,-0.6021984545006798
2019-06-21,4.181952419691659
2019-06-24,5.00050454863421
2019-06-25,0.6932340375633617
2019-06-26,0.2309186180776246
2019-06-27,0.30688934136076096
2019-06-28,-0.42337275925697915
2019-07-01,2.5845456690050783
2019-07-02,3.943079320147369
2019-07-03,4.653165730240638
2019-07-04,3.9304836036757607
2019-07-05,7.233208319027273
2019-07-08,2.0617271130906722
2019-07-09,-0.8808703163983855
2019-07-10,-1.3428154580167773
2019-07-11,-1.930692361219677
2019-07-12,0.7875038048346772
2019-07-15,1.5693802650996957
2019-07-16,2.168315412579025
2019-07-17,0.7379511637895186
2019-07-18,-2.5919926020107176
2019-07-19,-4.24863915166509
2019-07-22,-7.4704167874754095
2019-07-23,-4.917385951678732
2019-07-24,-3.3374226512261185
2019-07-25,-3.6651894219223546
2019-07-26,-2.1468591475420573
2019-07-29,-5.024839472083043
2019-07-30,-4.482646707389049
2019-07-31,-4.053103287390869
2019-08-01,-3.8720604662394797
2019-08-02,-5.944732630429373
2019-08-05,-3.24546805187208
2019-08-06,-7.013478507987159
2019-08-07,-6.77262828140014
2019-08-08,-6.253114199615217
2019-08-09,-7.665196243232253
2019-08-12,-6.754330580012812
2019-08-13,-7.722426833183027
2019-08-14,-7.143268501554989
2019-08-15,-4.843099117300643
2019-08-16,-4.805458961468901
2019-08-19,1.5924258140618042
2019-08-20,0.37858491129041383
2019-08-21,-0.9155543770727581
2019-08-22,-0.5640787739469522
2019-08-23,-0.8415386726191465
2019-08-26,-1.4676080381264556
2019-08-27,-0.11877855906919921
2019-08-28,0.5709437446705046
2019-08-29,0.710896308712794
2019-08-30,0.7154983149673111
2019-09-02,4.370677402155887
2019-09-03,8.800546688560562
2019-09-04,10.120723049407921
2019-09-05,10.446318173962222
2019-09-06,12.381599091434236
2019-09-09,12.990052046650934
2019-09-10,14.101820552027021
2019-09-11,12.584982971704296
2019-09-12,12.929147171676103
2019-09-16,12.868078344082633
2019-09-17,6.650931329311205
2019-09-18,6.389839648828577
2019-09-19,7.589775462025794
2019-09-20,6.917416135521792
2019-09-23,6.509942982994632
2019-09-24,7.591754911715709
2019-09-25,3.4148317966128383
2019-09-26,-0.02129755419771895
2019-09-27,1.0192757664712948
2019-09-30,1.6052879857640034
2019-10-08,-0.6962294794493507
2019-10-09,-0.3437467560147289
2019-10-10,0.18891197917560998
2019-10-11,-0.47042762116313863
2019-10-14,0.6483471206456537
2019-10-15,-2.8309421516314104
2019-10-16,-3.883788621545581
2019-10-17,-3.3928542355763813
2019-10-18,-5.358710037838732
2019-10-21,-6.115763310918165
2019-10-22,-2.340595979491056
2019-10-23,-3.0359166867547804
2019-10-24,-4.3409903708457325
2019-10-25,-3.7887575074673996
2019-10-28,-1.0540184240519723
2019-10-29,-2.9949359198887304
2019-10-30,-2.3704667088024545
2019-10-31,-0.5607000505209347
2019-11-01,-0.5953012013725112
2019-11-04,0.7703572516282398
2019-11-05,0.3754668849213827
2019-11-06,-1.8530007523195002
2019-11-07,-2.3774214935695537
2019-11-08,-2.877572251413074
2019-11-11,-6.905878184612324
2019-11-12,-5.613968674999425
2019-11-13,-5.269413454249905
2019-11-14,-4.375840486644322
2019-11-15,-4.448415248147574
2019-11-18,-3.3881778998673284
2019-11-19,-2.9617773570030925
2019-11-20,-3.05130074556903
2019-11-21,-3.096045052666496
2019-11-22,-4.657355649715789
2019-11-25,-7.417455770242398
2019-11-26,-5.979544501707013
2019-11-27,-4.602182051511883
2019-11-28,-3.3453289704752476
2019-11-29,-4.218213603814913
2019-12-02,-4.198928940040991
2019-12-03,-3.4138686864242707
2019-12-04,-2.2600122103358267
2019-12-05,-1.8805788063354978
2019-12-06,-1.0205249792827997
2019-12-09,1.956341926826033
2019-12-10,2.182335236744648
2019-12-11,2.446064857669117
2019-12-12,1.565918572534697
2019-12-13,4.069106600483652
2019-12-16,5.165590767335249
2019-12-17,4.465315714067719
2019-12-18,5.484536210620039
2019-12-19,6.401578615531611
2019-12-20,6.371094194979765
2019-12-23,4.76816791169743
2019-12-24,6.682740765372075
2019-12-25,7.237392221370009
2019-12-26,8.373108313987565
2019-12-27,7.250129555077578
2019-12-30,7.37990844919123
2019-12-31,7.2140178303419455
2020-01-02,9.281515085475544
2020-01-03,8.745442020284733
2020-01-06,8.976742651319869
2020-01-07,10.118180180069093
2020-01-08,7.872619267393155
2020-01-09,9.952539962666096
2020-01-10,9.70738742761148
2020-01-13,9.95332408154006
2020-01-14,8.014221952579593
2020-01-15,6.421932224751026
2020-01-16,5.833296872488769
2020-01-17,4.555655906149814
2020-01-20,6.9339157030175125
2020-01-21,8.326264957905716
2020-01-22,6.626850706467113
2020-01-23,2.4538489515463446
2020-02-03,-7.4180302962460365
2020-02-04,-7.39813475828901
2020-02-05,-4.769260345971182
2020-02-06,-2.5116236406268033
2020-02-07,-3.110984104723702
2020-02-10,-2.2934993534780235
2020-02-11,-3.91313471628697
2020-02-12,-3.622487993325174
2020-02-13,-3.144988112777092
2020-02-14,-4.650159383058949
2020-02-17,-0.8328368809626063
2020-02-18,0.3843850267270188
2020-02-19,-0.03632391530120627
2020-02-20,2.3170964156219
2020-02-21,3.9621135045333045
2020-02-24,6.5136744195294805
2020-02-25,5.384758548461943
2020-02-26,4.0998500547231975
2020-02-27,4.156974100484279
2020-02-28,1.6170069659243724
2020-03-02,16.401369678426224
2020-03-03,19.320327029580575
2020-03-04,16.72248858590619
2020-03-05,15.435192253087449
2020-03-06,13.880659548416418
2020-03-09,8.41197303453094
2020-03-10,11.799545411102486
2020-03-11,8.936416400784353
2020-03-12,7.936415712779343
2020-03-13,6.413214675782353
2020-03-16,-1.378981040939009
2020-03-17,-3.9204462741611157
2020-03-18,-5.129624317885051
2020-03-19,-5.89582092499178
2020-03-20,-5.942191920823658
2020-03-23,-11.528365156550235
2020-03-24,-9.995403940659331
2020-03-25,-5.72355564837328
2020-03-26,-6.951101282290761
2020-03-27,-1.9420294865289955
2020-03-30,-8.30735371597382
2020-03-31,-9.854092638330503
2020-04-01,-11.026551724987488
2020-04-02,-10.338456570199895
2020-04-03,-10.81943140424464
2020-04-07,-4.489612679694622
2020-04-08,-6.242825078621972
2020-04-09,-4.641941305201747
2020-04-10,-5.660253847668728
2020-04-13,-5.234861119039658
2020-04-14,0.3950806575065968
2020-04-15,-0.11556125195109068
2020-04-16,2.0356466995361755
2020-04-17,0.6744252396752248
2020-04-20,0.7245426398059029
2020-04-21,4.680623342403889
2020-04-22,4.041686083584972
2020-04-23,1.0733791033031181
2020-04-24,-0.0713295299452743
2020-04-27,-0.19597787996282756
2020-04-28,-0.30578126847057296
2020-04-29,-0.5223655754931
2020-04-30,2.040845712613515
2020-05-06,1.4727107127610717
2020-05-07,1.7454064191879004
2020-05-08,-0.5843198342986411
2020-05-11,-0.8106369547591252
2020-05-12,-1.6347126625482655
2020-05-13,2.0080063410220728
2020-05-14,1.9355048296858968
2020-05-15,0.4259707138004165
2020-05-18,0.5270021965558369
2020-05-19,1.376289581840484
2020-05-20,0.5929016933631681
2020-05-21,-2.0351372646714716
2020-05-22,-3.4410392401587497
2020-05-25,-4.505580345677718
2020-05-26,-1.7374396790823088
2020-05-27,0.22438582574726418
2020-05-28,0.5637148683821813
2020-05-29,3.9570123741411445
2020-06-01,7.469336096035506
2020-06-02,5.623294106026067
2020-06-03,3.8185959702664585
2020-06-04,4.225579206890395
2020-06-05,2.948108956962092
2020-06-08,2.5913042352679883
2020-06-09,3.045234045506029
2020-06-10,2.2696352267680853
2020-06-11,3.034373658156997
2020-06-12,2.8210380918662015
2020-06-15,3.52054772784971
2020-06-16,4.093257997781241
2020-06-17,5.719463966611027
2020-06-18,6.565659857432959
2020-06-19,8.757535713912933
2020-06-22,8.967975756821067
2020-06-23,6.2231460855072696
2020-06-24,6.019142483511697
2020-06-29,6.047210071076292
2020-06-30,6.903897726644881
2020-07-01,4.13126587335324
2020-07-02,4.781188321144025
2020-07-03,5.615876351196913
2020-07-06,9.057724039371017
2020-07-07,10.633253653738883
2020-07-08,13.177933837085675
2020-07-09,15.969679972638495
2020-07-10,15.76550268760306
2020-07-13,20.126383384064184
2020-07-14,19.29323427489993
2020-07-15,16.05188353635192
2020-07-16,8.428048368760965
2020-07-17,8.214079198508495
2020-07-20,12.665196250257683
2020-07-21,12.996548490112513
2020-07-22,13.221001823451672
2020-07-23,13.391044283940733
2020-07-24,8.912514965517149
2020-07-27,9.47055970977486
2020-07-28,9.17350550270788
2020-07-29,11.66484134841006
2020-07-30,10.577087312594369
2020-07-31,11.182486864265172
2020-08-03,10.87063427652566
2020-08-04,8.371677877420858
2020-08-05,7.475537429711787
2020-08-06,4.233345883851514
2020-08-07,3.2791909096308913
2020-08-10,0.44729761068404983
2020-08-11,-1.1518766977542394
2020-08-12,0.897821608137761
2020-08-13,6.836124615749717
2020-08-14,6.886358668023762
2020-08-17,5.259177306070328
2020-08-18,5.725250507384705
2020-08-19,3.5736269655622044
2020-08-20,2.449338716816407
2020-08-21,7.881079682231484
2020-08-24,8.864468556971271
2020-08-25,7.408433273606185
2020-08-26,2.238673867453289
2020-08-27,3.9035932622944802
2020-08-28,3.09198438856666
2020-08-31,0.1758341091694815
2020-09-01,1.8271697178769086
2020-09-02,1.6606261733085992
2020-09-03,0.7250722468528092
2020-09-04,2.3582125344834504
2020-09-07,0.8067289102779096
2020-09-08,4.231612348932878
2020-09-09,1.5060878763752727
2020-09-10,-4.1943398277530015
2020-09-11,-3.0384480411252857
2020-09-14,-2.806811130302833
2020-09-15,-3.593148342388064
2020-09-16,-2.9340800228302766
2020-09-17,-1.524841528502996
2020-09-18,-0.9565130049978943
2020-09-21,-1.953077583281626
2020-09-22,-3.3060605905214757
2020-09-23,-0.23958189139121622
2020-09-24,-4.918375997584834
2020-09-25,-6.360060041514004
2020-09-28,-8.217786696922813
2020-09-29,-8.002887335025067
2020-09-30,-9.097810446161725
2020-10-09,-4.876346888803362
2020-10-12,-2.0117861798345626
2020-10-13,-0.6629962741613427
2020-10-14,-2.1223254688211624
2020-10-15,0.04828110953876141
2020-10-16,5.536355962533279
2020-10-19,3.3516108318299764
2020-10-20,2.21483659195163
2020-10-21,0.4142637484261469
2020-10-22,1.103271711014231
2020-10-23,-0.5928146834527803
2020-10-26,-1.2127282980383791
2020-10-27,-1.0820194071482714
2020-10-28,0.4420714349641308
2020-10-29,-0.6381690717409239
2020-10-30,-0.7766695844036331
2020-11-02,0.30494353985661693
2020-11-03,4.047398285107695
2020-11-04,2.863936981217763
2020-11-05,4.778281048403121
2020-11-06,-0.17858232342480296
2020-11-09,-1.2480880677078865
2020-11-10,-3.2984417697207724
2020-11-11,-4.471547083299932
2020-11-12,-3.3767148074699382
2020-11-13,-3.7005416770910404
2020-11-16,-2.5454733808175867
2020-11-17,-4.5406146544379915
2020-11-18,-2.5294923026933147
2020-11-19,-1.9239193420683365
2020-11-20,-0.04509696066355984
2020-11-23,-0.514769045523833
2020-11-24,-0.6052543035272473
2020-11-25,-2.0895457651116778
2020-11-26,-2.442738320207316
2020-11-27,0.5553493779662633
2020-11-30,-0.16543589851287788
2020-12-01,-0.8799182186217669
2020-12-02,-0.5775620109557456
2020-12-03,-2.427484835268967
2020-12-04,-0.6980268607715168
2020-12-07,-3.194588357049155
2020-12-08,-1.905257900507229
2020-12-09,-2.383332384574599
2020-12-10,-2.481686761549262
2020-12-11,-4.089929058298958
2020-12-14,-3.93655599953312
2020-12-15,-3.0665152868638246
2020-12-16,-4.990239361782322
2020-12-17,-4.498069275490069
2020-12-18,-5.2962168051545415
2020-12-21,-4.297705648489081
2020-12-22,-6.003557614285226
2020-12-23,-4.0832155024040695
2020-12-24,-5.456333789952139
2020-12-25,-4.492333214584243
2020-12-28,-5.310255478488946
2020-12-29,-7.0564243916488305
2020-12-30,-6.881940604521786
2020-12-31,-5.453301643303654
2021-01-04,-4.099005098010422
2021-01-05,-4.047564832632999
2021-01-06,-5.450500536294478
2021-01-07,-6.623637003534544
2021-01-08,-7.029727073851011
2021-01-11,-8.039388434144335
2021-01-12,-8.352333636749975
2021-01-13,-10.144378369084217
2021-01-14,-8.68094359229017
2021-01-15,-8.033511828167983
2021-01-18,-5.8690125446524855
2021-01-19,-6.512672389908502
2021-01-20,-4.395297997412095
2021-01-21,-4.4388766074117125
2021-01-22,-3.4354645189305977
2021-01-25,-5.7047026657952244
2021-01-26,-5.418719211822642
2021-01-27,-4.694325941821886
2021-01-28,-6.1481564221640745
2021-01-29,-8.961908067133406
2021-02-01,-10.101787955572995
2021-02-02,-9.696740008464378
2021-02-03,-9.565593531076367
2021-02-04,-8.608834877786531
2021-02-05,-9.783805350511654
2021-02-08,-7.339130001675709
2021-02-09,-6.148158547897797
2021-02-10,-3.735822100414632
2021-02-18,-1.1860229781666565
2021-02-19,0.12213854717999517
2021-02-22,-0.5624370941958889
2021-02-23,-1.6588639114416215
2021-02-24,-1.9395020595819878
2021-02-25,-3.4072723237958735
2021-02-26,-2.1041068968603693
2021-03-01,1.9707756833086343
2021-03-02,2.204132432022643
2021-03-03,3.4004822159090953
2021-03-04,3.859108691572777
2021-03-05,6.628179643808552
2021-03-08,4.810415545617586
2021-03-09,1.7584076004166782
2021-03-10,1.7753644808596425
2021-03-11,6.31394265423133
2021-03-12,8.415895060344125
2021-03-15,8.561279377327091
2021-03-16,8.237676054644938
2021-03-17,8.271966294966248
2021-03-18,5.203834752449232
2021-03-19,1.915854838864428
2021-03-22,2.379738065176129
2021-03-23,1.6753431296507637
2021-03-24,0.719727016057603
2021-03-25,1.1765473972691787
2021-03-26,2.2559034657199994
2021-03-29,-0.10121908243284627
2021-03-30,-0.47131599684012704
2021-03-31,-1.4739271705256907
2021-04-01,-0.7556835960236485
2021-04-02,-1.4993114701898569
2021-04-06,1.1738708170773826
2021-04-07,4.60583976151181
2021-04-08,5.140171801637683
2021-04-09,3.1199039642970883
2021-04-12,1.546478135059881
2021-04-13,0.7607654030124644
2021-04-14,0.36057170228107616
2021-04-15,-0.304114121236132
2021-04-16,1.7128172831840427
2021-04-19,3.2946511990705973
2021-04-20,1.149838676651771
2021-04-21,2.1412941751457693
2021-04-22,3.489910532408236
2021-04-23,3.019763274543763
2021-04-26,1.3828779363158628
2021-04-27,0.580240485390493
2021-04-28,1.7187170641456806
2021-04-29,0.8904547188539613
2021-04-30,0.49343499093803533
2021-05-06,1.003180029646833
2021-05-07,-1.0042140625992513
2021-05-10,-0.9188935476300508
2021-05-11,0.2248546743359725
2021-05-12,1.2772887111587083
2021-05-13,2.165402194867583
2021-05-14,4.050596509478677
2021-05-17,1.5482780693641285
2021-05-18,2.2527633408073067
2021-05-19,0.399427517997597
2021-05-20,-1.1981481191638554
2021-05-21,-0.45115099057397856
2021-05-24,0.4400281644178161
2021-05-25,0.5272912885065484
2021-05-26,2.2441473660328004
2021-05-27,3.430183045898638
2021-05-28,3.968559876053357
2021-05-31,5.371496764951811
2021-06-01,6.871625659729852
2021-06-02,6.310368562618884
2021-06-03,5.376566035426578
2021-06-04,6.311320267608855
2021-06-07,6.516859540643161
2021-06-08,6.083175522128981
2021-06-09,5.037145111226016
2021-06-10,5.898230073738753
2021-06-11,3.8893588699218995
2021-06-15,4.562663022565205
2021-06-16,2.7155356506624706
2021-06-17,3.5084519907255807
2021-06-18,4.933622179984054
2021-06-21,6.101268500998347
2021-06-22,6.235596627896767
2021-06-23,5.997501176038944
2021-06-24,4.444870282907476
2021-06-25,3.572911245718924
2021-06-28,4.653133065043713
2021-06-29,2.3559367958680744
2021-06-30,2.5112647106848573
2021-07-01,1.7420450930908604
2021-07-02,2.1414001099031577
2021-07-05,3.5929713626350335
2021-07-06,2.737399643191085
2021-07-07,3.8154826563584265
2021-07-08,3.242899377367392
2021-07-09,3.7138662914660614
2021-07-12,6.408719775313831
2021-07-13,7.910613868901839
2021-07-14,8.395823520882683
2021-07-15,6.599051964732516
2021-07-16,5.569544386031322
2021-07-19,4.002034040696234
2021-07-20,3.8145079438841156
2021-07-21,5.133165893570135
2021-07-22,7.035238828851265
2021-07-23,5.750713993919132
2021-07-26,3.7315776159477343
2021-07-27,2.1771368360900656
2021-07-28,-1.8007094763676568
2021-07-29,3.598520457808063
2021-07-30,4.939156408829648
2021-08-02,5.279880670834514
2021-08-03,4.113239283376902
2021-08-04,4.857594741412474
2021-08-05,4.21125147181276
2021-08-06,3.844253399073505
2021-08-09,2.821678090967028
2021-08-10,2.948557264119489
2021-08-11,4.867574377946982
2021-08-12,6.203991366490125
2021-08-13,6.262586408085302
2021-08-16,5.8007251702466345
2021-08-17,2.1945887593277424
2021-08-18,1.6428434168098471
2021-08-19,0.28638671874092747
2021-08-20,1.344254796131028
2021-08-23,5.514458667707411
2021-08-24,8.392420692448876
2021-08-25,12.674775632446412
2021-08-26,8.09798824674559
2021-08-27,6.344752575018897
2021-08-30,4.600616302902738
2021-08-31,5.398209365546891
2021-09-01,1.970705362788383
2021-09-02,4.7644814790969825
2021-09-03,4.246889099151541
2021-09-06,4.2453889445014825
2021-09-07,4.838638056724509
2021-09-08,4.770204917305776
2021-09-09,4.046782861731235
2021-09-10,3.3047309666512925
2021-09-13,4.613870886727622
2021-09-14,7.127981308088938
2021-09-15,7.544321327719206
2021-09-16,5.998210549567373
2021-09-17,5.892615308191029
2021-09-22,3.6305499968309896
2021-09-23,3.248170160718522
2021-09-24,-0.1299313197649976
2021-09-27,-3.5280687256726617
2021-09-28,-2.8828571475077336
2021-09-29,-6.6257877662531435
2021-09-30,-3.611330860321005
2021-10-08,-0.9470477127980659
2021-10-11,-3.3288243052788324
2021-10-12,-5.296430000489039
2021-10-13,-5.962054165367037
2021-10-14,-6.314260408990158
2021-10-15,-8.131860698216208
2021-10-18,-6.589025479792676
2021-10-19,-5.479964824468264
2021-10-20,-6.045259270821591
2021-10-21,-5.883647836763606
2021-10-22,-8.466987278012484
2021-10-25,-5.587666464450147
2021-10-26,-5.530819490097693
2021-10-27,-7.513244545924202
2021-10-28,-9.751618347632396
2021-10-29,-5.8863361761112625
2021-11-01,-0.299167412717527
2021-11-02,-2.1980563642142847
2021-11-03,1.8017786816828973
2021-11-04,0.7728856822082353
2021-11-05,-1.1036173434831764
2021-11-08,0.3370745087576177
2021-11-09,3.9188484167765436
2021-11-10,4.457418570305927
2021-11-11,4.098003755960766
2021-11-12,6.369375401092348
2021-11-15,5.512351285049766
2021-11-16,3.8737181065833903
2021-11-17,5.836932534661909
2021-11-18,5.812185564456174
2021-11-19,8.517666715830119
2021-11-22,8.394036930374394
2021-11-23,8.804928862227879
2021-11-24,10.231010681557029
2021-11-25,13.073346864417434
2021-11-26,11.276642448913421
2021-11-29,9.950098868863467
2021-11-30,12.460264818666023
2021-12-01,13.0446998636788
2021-12-02,9.095418416420342
2021-12-03,10.495428743414026
2021-12-06,7.753360741252435
2021-12-07,4.654463484032401
2021-12-08,5.782484458071502
2021-12-09,5.01436605424761
2021-12-10,4.400750851993607
2021-12-13,4.457908205677863
2021-12-14,6.168929697048431
2021-12-15,4.267920310828255
2021-12-16,5.635326681329844
2021-12-17,3.5123746924289767
2021-12-20,0.8797880840299976
2021-12-21,2.258232656245407
2021-12-22,2.7284629879912536
2021-12-23,2.1475667104884577
2021-12-24,-0.17557552987875757
2021-12-27,-0.09357055243864876
2021-12-28,-0.05163847490383677
2021-12-29,-0.905121306879908
2021-12-30,1.8406809012206038
2021-12-31,1.9430523576676073
2022-01-04,4.906532724988777
2022-01-05,4.554203699840809
2022-01-06,3.9447657862647034
2022-01-07,1.5052073520053
2022-01-10,1.7455184397525025
2022-01-11,0.6990697542950564
2022-01-12,1.7513600738124024
2022-01-13,0.565382187884178
2022-01-14,-0.2615241361820342
2022-01-17,2.4904368174774483
2022-01-18,1.8133649196845791
2022-01-19,0.22062251015135814
2022-01-20,-3.3178700567949138
2022-01-21,-4.1665492003499445
2022-01-24,-2.171730501078184
2022-01-25,-7.143344842889244
2022-01-26,-7.351335853916929
2022-01-27,-10.541006702140443
2022-01-28,-9.977545792504184
2022-02-07,-9.395612465430336
2022-02-08,-9.07373702001567
2022-02-09,-5.90594736707396
2022-02-10,-7.457873496022216
2022-02-11,-7.5538909175935975
2022-02-14,-8.061395262949278
2022-02-15,-7.255443491680391
2022-02-16,-7.449906506724579
2022-02-17,-6.699971964652029
2022-02-18,-6.098857215894871
2022-02-21,-6.211793026258006
2022-02-22,-5.306496747808753
2022-02-23,-3.4730915416945507
2022-02-24,-2.9947901323338133
2022-02-25,-0.6139345629659343
2022-02-28,-0.37168579931459167
2022-03-01,5.233307654948116
2022-03-02,5.155721865197593
2022-03-03,8.316088435869284
2022-03-04,5.01670618135408
2022-03-07,2.433178038390471
2022-03-08,-2.4904962899981675
2022-03-09,-5.0563659493081055
2022-03-10,-2.638652076775916
2022-03-11,0.500923845646084
2022-03-14,-2.645762382768846
2022-03-15,-7.801973115237182
2022-03-16,-6.150828627328464
2022-03-17,-4.341746588990225
2022-03-18,-3.8964652865793536
2022-03-21,-3.9656642125308617
2022-03-22,-3.245571352042187
2022-03-23,-4.771800496812794
2022-03-24,-3.432809963851635
2022-03-25,-4.856320088810739
2022-03-28,-5.481898098166105
2022-03-29,-7.095185755941769
2022-03-30,-6.257453317322337
2022-03-31,-6.031708980936568
2022-04-01,-5.27874224938667
2022-04-06,-3.059078825702921
2022-04-07,-2.4679551969576607
2022-04-08,-2.2970573947636463
2022-04-11,-6.918730691800112
2022-04-12,-6.055185009774022
2022-04-13,-5.4001590290160495
2022-04-14,0.3398977928156466
2022-04-15,-5.107969431283699
2022-04-18,-5.9537422329047684
2022-04-19,-6.237556045419456
2022-04-20,-8.82483057736546
2022-04-21,-12.531332241200188
2022-04-22,-14.095786773672481
2022-04-25,-19.97239803724744
2022-04-26,-22.814440241740876
2022-04-27,-19.855709425088286
2022-04-28,-20.819723477560515
2022-04-29,-18.488894995028026
2022-05-05,-16.62542785752371
2022-05-06,-16.827675156807143
2022-05-09,-16.048879826881667
2022-05-10,-12.012374910880276
2022-05-11,-10.949545177097075
2022-05-12,-7.52720715379851
2022-05-13,-8.46911241113838
2022-05-16,-6.202431208778236
2022-05-17,-7.234338849474076
2022-05-18,-4.165347441894262
2022-05-19,-4.2486837921303255
2022-05-20,-4.042143587080938
2022-05-23,-1.283573174837338
2022-05-24,-1.4417197526614522
2022-05-25,2.1590293792857596
2022-05-26,11.409744244942566
2022-05-27,16.17246464032163
2022-05-30,13.341831594646658
2022-05-31,16.806887320880605
2022-06-01,12.520150522773088
2022-06-02,11.310406255095696
2022-06-06,14.23801274905301
2022-06-07,11.405754205535956
2022-06-08,9.107770713694862
2022-06-09,6.730317502509875
2022-06-10,8.103406095198839
2022-06-13,8.293880586787372
2022-06-14,8.073629792672431
2022-06-15,7.588901194141151
2022-06-16,7.6508292778340925
2022-06-17,7.4229779011274255
2022-06-20,7.568772226037446
2022-06-21,5.116702390573624
2022-06-22,8.995544368307694
2022-06-23,8.91572060037571
2022-06-24,9.758617267948777
2022-06-27,10.657936853462013
2022-06-28,11.419321425072315
2022-06-29,7.427190481808066
2022-06-30,7.47330165761928
2022-07-01,6.401770609990232
2022-07-04,5.3140506369649065
2022-07-05,5.041223216472757
2022-07-06,4.545960941093452
2022-07-07,7.564544321009392
2022-07-08,5.356780975779807
2022-07-11,3.983995585232991
2022-07-12,2.093060574239436
2022-07-13,4.462669681497
2022-07-14,4.207009505604131
2022-07-15,1.8000105148829881
2022-07-18,3.4608399436472315
2022-07-19,5.253842050160951
2022-07-20,7.199954950756382
2022-07-21,4.62468068255919
2022-07-22,3.3315451984193167
2022-07-25,1.0678378221544715
2022-07-26,0.8318504290904416
2022-07-27,4.866770057629233
2022-07-28,4.963269764689815
2022-07-29,4.762528313544978
2022-08-01,4.63757963811271
2022-08-02,1.0020499155844798
2022-08-03,0.919698376620226
2022-08-04,1.5082436092050067
2022-08-05,2.1584489662646256
2022-08-08,4.941309936714977
2022-08-09,7.285434792508516
2022-08-10,6.454807073152735
2022-08-11,6.652646708680043
2022-08-12,7.861237767255402
2022-08-15,5.859385338681555
2022-08-16,5.954110563658932
2022-08-17,5.062106454182147
2022-08-18,6.251429336385961
2022-08-19,4.529243928418225
2022-08-22,6.279745397617531
2022-08-23,5.883834759184747
2022-08-24,1.0181797035062168
2022-08-25,-0.8131187126859452
2022-08-26,-1.264701333390883
2022-08-29,-0.7257768548268317
2022-08-30,2.7956324545690636
2022-08-31,-0.21177149720447153
2022-09-01,-2.085745881258172
2022-09-02,-0.9885188322591332
2022-09-05,-2.5913861943937078
2022-09-06,-1.3152959465306813
2022-09-07,-1.4631403691280465
2022-09-08,-3.569428724985979
2022-09-09,-3.561484922955982
2022-09-13,-4.282809059007853
2022-09-14,-6.4302223035195505
2022-09-15,-9.274347709950625
2022-09-16,-12.011159405621562
2022-09-19,-11.539861407618336
2022-09-20,-10.125644974120608
2022-09-21,-10.670341438139964
2022-09-22,-7.743879323188874
2022-09-23,-9.137315058331785
2022-09-26,-9.997593402828509
2022-09-27,-8.808460891454374
2022-09-28,-10.95059481712739
2022-09-29,-8.052973673604392
2022-09-30,-9.066931087290353
2022-10-10,-12.288308069403865
2022-10-11,-11.706984719961788
2022-10-12,-10.46321777219833
2022-10-13,-10.267958179002667
2022-10-14,-7.14498677969817
2022-10-17,-5.0605377034726455
2022-10-18,-4.759144721307996
2022-10-19,-4.462795573950428
2022-10-20,-2.0964103835640624
2022-10-21,0.474287435734988
2022-10-24,0.5939599092875891
2022-10-25,-1.3893506947604717
2022-10-26,0.1962511255207744
2022-10-27,-0.18920602327948677
2022-10-28,-1.6057780690587387
2022-10-31,1.274727270303888
2022-11-01,1.4439698813840884
2022-11-02,6.336023841727356
2022-11-03,7.551759132934954
2022-11-04,11.051494948886909
2022-11-07,13.93065523018322
2022-11-08,12.56123580960602
2022-11-09,9.323115175744935
2022-11-10,7.820891269144803
2022-11-11,5.432745005631046
2022-11-14,3.393678920799492
2022-11-15,5.001926752554087
2022-11-16,5.372135821512014
2022-11-17,6.53068588427852
2022-11-18,5.521341647680833
2022-11-21,7.475479466717405
2022-11-22,5.762896016857733
2022-11-23,3.1126135970146906
2022-11-24,4.316846189150758
2022-11-25,7.079248623368484
2022-11-28,5.412089054777369
2022-11-29,4.498839451768699
2022-11-30,3.10390048159912
2022-12-01,3.162404991105472
2022-12-02,2.184578310652907
2022-12-05,1.8914992845529666
2022-12-06,1.2155247685884607
2022-12-07,1.0964100420762568
2022-12-08,1.1470612258921875
2022-12-09,0.8996484837195728
2022-12-12,1.166853821478897
2022-12-13,-1.328233492863229
2022-12-14,-1.3091236525179961
2022-12-15,-1.1798272639407803
2022-12-16,-1.7427357372516106
2022-12-19,-4.600356776001857
2022-12-20,-3.4362143086988484
2022-12-21,-3.6281284906432454
2022-12-22,-5.746018481304327
2022-12-23,-4.908494660476914
2022-12-26,-2.608833417441603
2022-12-27,-3.858548749301627
2022-12-28,-5.179603115846543
2022-12-29,-6.297301357889085
2022-12-30,-6.244033071648181
2023-01-03,-4.242040751591613
2023-01-04,-3.0640758491481734
2023-01-05,-2.687509859284831
2023-01-06,-2.471529743573786
2023-01-09,-1.5406830935758453
2023-01-10,-1.600599913796108
2023-01-11,-1.9912138456430806
2023-01-12,-1.6005287807420165
2023-01-13,-2.169781318511965
2023-01-16,-0.08365432364102476
2023-01-17,1.9209462388329657
2023-01-18,2.740155734238048
2023-01-19,4.081418595985142
2023-01-20,6.848307367511186
2023-01-30,9.213119776547774
2023-01-31,7.570065963017991
2023-02-01,9.042940523142073
2023-02-02,10.806045977083523
2023-02-03,11.46584778760904
2023-02-06,10.573841823270968
2023-02-07,8.707000464680226
2023-02-08,7.699108743041827
2023-02-09,8.509378194709093
2023-02-10,8.46900859466373
2023-02-13,8.906447365452564
2023-02-14,9.053335318868827
2023-02-15,10.469709999639454
2023-02-16,7.501913918946745
2023-02-17,6.81227597382057
2023-02-20,7.178827189262704
2023-02-21,7.940778468855059
2023-02-22,7.553620068397193
2023-02-23,6.818887345736457
2023-02-24,5.6087159746037285
2023-02-27,2.871173867269361
2023-02-28,3.279225621807269
2023-03-01,2.3659388980189044
2023-03-02,1.5163248153069908
2023-03-03,1.28905165229809
2023-03-06,1.4232461913236572
2023-03-07,-1.7141240739409258
2023-03-08,-0.3566483500507922
2023-03-09,-1.44619855502226
2023-03-10,-2.745968552788647
2023-03-13,-3.5921359551988385
2023-03-14,-4.991121559626177
2023-03-15,-4.538171585977513
2023-03-16,-3.653447815869315
2023-03-17,-2.2886463473137386
2023-03-20,-3.6623564790515872
2023-03-21,-2.515175529290914
2023-03-22,-1.9507359830199467
2023-03-23,-1.9095436599087412
2023-03-24,-1.405356168860572
2023-03-27,-0.29429012502767415
2023-03-28,-2.2815749284792686
2023-03-29,-3.5409575294276574
2023-03-30,-3.6953368684789045
2023-03-31,-2.28236475396566
2023-04-03,-1.3694613032439906
2023-04-04,-0.3927568437300244
2023-04-06,-1.547981191392056
2023-04-07,-0.5917213561670076
2023-04-10,-0.6094759167455832
2023-04-11,-0.45398804012078964
2023-04-12,2.1884469414321206
2023-04-13,0.6398860051200383
2023-04-14,2.6237432833546626
2023-04-17,1.4919453090230572
2023-04-18,1.091825961317916
2023-04-19,-0.7110177813042906
2023-04-20,-1.6116165112660341
2023-04-21,-4.312501864233753
2023-04-24,-4.768244168785751
2023-04-25,-7.030513801785132
2023-04-26,-4.848553142238465
2023-04-27,-5.065978112623403
2023-04-28,-2.088119258519483
2023-05-04,-2.5488057027464706
2023-05-05,-4.56354669927711
2023-05-08,-2.775854518616039
2023-05-09,-4.330485207098689
2023-05-10,-4.730835798404486
2023-05-11,-2.5892801262842435
2023-05-12,-4.047502939900561
2023-05-15,-4.385684513289922
2023-05-16,-4.634877225683887
2023-05-17,-3.6935007704725353
2023-05-18,-2.6369603742138037
2023-05-19,-2.0872935135553994
2023-05-22,-1.553935880279933
2023-05-23,-2.4086923175793085
2023-05-24,0.8106991472563108
2023-05-25,0.9585131808939495
2023-05-26,3.982565949389083
2023-05-29,2.328045613414176
2023-05-30,3.7056866922975384
2023-05-31,1.0591519194663057
2023-06-01,0.6360653248249637
2023-06-02,2.219872273385448
2023-06-05,2.313046228976434
2023-06-06,1.9891605849875482
2023-06-07,2.058708773222495
2023-06-08,0.7382662956896047
2023-06-09,2.5813494468254206
2023-06-12,2.6376018209240515
2023-06-13,4.063259460564228
2023-06-14,3.096496544505367
2023-06-15,2.538118342975615
2023-06-16,3.5818761800816112
2023-06-19,3.6773849340897335
2023-06-20,4.506251133810424
2023-06-21,2.3762355086797804
2023-06-26,-0.05175743963832247
2023-06-27,1.1009715146139687
2023-06-28,0.8350363776728154
2023-06-29,1.4065925196658835
2023-06-30,2.821823345690966
2023-07-03,2.425250640697074
2023-07-04,2.5106846514858727
2023-07-05,0.9962028758997876
2023-07-06,3.281603115988241
2023-07-07,1.7589113170257242
2023-07-10,2.197711989764395
2023-07-11,2.2910243596258484
2023-07-12,-0.05267389970201597
2023-07-13,0.4425224920406867
2023-07-14,0.30926945453362276
2023-07-17,-0.1934487459797185
2023-07-18,-1.3005791831054547
2023-07-19,-2.005620240049233
2023-07-20,-3.0888308120237573
2023-07-21,-1.868152317959304
2023-07-24,0.6607471287840117
2023-07-25,0.210842602887662
2023-07-26,-0.09960623416392922
2023-07-27,-2.1653259951940784
2023-07-28,-2.992340155743789
2023-07-31,-2.114952112894375
2023-08-01,-3.053994100226476
2023-08-02,-2.272207417820604
2023-08-03,-2.5865559817755845
2023-08-04,-1.5958433644479464
2023-08-07,-1.8052925442602175
2023-08-08,-2.7882090618420508
2023-08-09,-2.5132870347398972
2023-08-10,-3.2994867760787305
2023-08-11,-4.9541440547233195
2023-08-14,-4.023312001174317
2023-08-15,-4.650850861867362
2023-08-16,-5.59728374501498
2023-08-17,-2.767960934868696
2023-08-18,-3.930638851162538
2023-08-21,-4.492414616716434
2023-08-22,-5.186319684232121
2023-08-23,-5.9178786242647945
2023-08-24,-5.1337940984858115
2023-08-25,-7.646811405393739
2023-08-28,-7.711217670357828
2023-08-29,-3.951863416468926
2023-08-30,-3.04728599731634
2023-08-31,-3.3679110370386622
2023-09-01,-3.6966010945383654
2023-09-04,-1.9916015408035337
2023-09-05,-2.130082850023307
2023-09-06,-0.3465595728191717
2023-09-07,-2.263371052777996
2023-09-08,-0.33244963846458253
2023-09-11,-0.014351557693237371
2023-09-12,0.8131001759565049
2023-09-13,0.7463944537181577
2023-09-14,-1.6748336198801006
2023-09-15,0.2202823196428172
2023-09-18,1.288438862271657
2023-09-19,-0.7421836449728825
2023-09-20,0.07030785476487278
2023-09-21,-0.6164704098831519
2023-09-22,3.9702605593702867
2023-09-25,2.827164865790577
2023-09-26,-1.1788487832548822
2023-09-27,-1.6879713283153075
2023-09-28,0.2093046786284969
2023-10-09,-0.023512933668268232
2023-10-10,-1.3439352938877436
2023-10-11,-0.5966373505252309
2023-10-12,-0.7739982609664242
2023-10-13,0.49832448723761136
2023-10-16,-0.4004182827057612
2023-10-17,-1.7281713571075996
2023-10-18,-3.615012541936946
2023-10-19,-3.290831121066673
2023-10-20,-3.709327063424306
2023-10-23,-6.183088695199935
2023-10-24,-4.3139439673886
2023-10-25,-1.3516222937505429
2023-10-26,-0.0054817134229945275
2023-10-27,1.811812871247076
2023-10-30,1.067711143488892
2023-10-31,0.7072307382734566
2023-11-01,1.293403091827816
2023-11-02,-0.24979614869226063
2023-11-03,-0.29138060357363216
2023-11-06,2.4219288199214706
2023-11-07,3.3896778048271514
2023-11-08,3.5389970933397796
2023-11-09,2.2228024024023574
2023-11-10,2.4430763988871673
2023-11-13,4.312287073840726
2023-11-14,5.464391814555247
2023-11-15,8.228572162251169
2023-11-16,8.673702192186127
2023-11-17,11.248379364766414
2023-11-20,15.207245858155938
2023-11-21,11.517848215624804
2023-11-22,8.429347414189948
2023-11-23,8.844238700155138
2023-11-24,6.254008048699022
2023-11-27,4.8183547035642205
2023-11-28,6.2054299266448565
2023-11-29,5.351823695333691
2023-11-30,5.894777746378255
2023-12-01,5.5446139631532665
2023-12-04,3.2202965385532245
2023-12-05,0.30734730467918414
2023-12-06,0.31679044287193925
2023-12-07,0.8453341773487333
2023-12-08,0.08224581392766162
2023-12-11,-0.09253235029550444
2023-12-12,-0.3629074001698984
2023-12-13,-1.4216578449085415
2023-12-14,-1.2595115047677297
2023-12-15,-2.7554903513007822
2023-12-18,-5.125847747642132
2023-12-19,-4.240497171260749
2023-12-20,-4.418015025465138
2023-12-21,-4.552351573929458
2023-12-22,-5.079846795067377
2023-12-25,-5.3893878476631185
2023-12-26,-7.48499928497508
2023-12-27,-6.229019965489401
2023-12-28,-4.0654788177263645
2023-12-29,-3.1479922837149066
2024-01-02,-3.1965773160095967
2024-01-03,-1.8623762656851173
2024-01-04,-2.6463734251470195
2024-01-05,-4.2834945592926
2024-01-08,-5.124045550973911
2024-01-09,-5.547723784956626
2024-01-10,-7.284201139995538
2024-01-11,-5.058494721666296
2024-01-12,-5.637844040551732
2024-01-15,-5.26811925598375
2024-01-16,-4.427077768322063
2024-01-17,-7.121559618647311
2024-01-18,-6.677041416377206
2024-01-19,-8.714250249628497
2024-01-22,-12.783226948919314
2024-01-23,-12.342582159380743
2024-01-24,-9.716686264013163
2024-01-25,-7.127920904643004
2024-01-26,-8.99648807872061
2024-01-29,-13.837527458653087
2024-01-30,-16.67190112240775
2024-01-31,-20.628194962310776
2024-02-01,-21.662051501216194
2024-02-02,-23.65302634252374
2024-02-05,-29.570143056032638
2024-02-06,-28.59037465876869
2024-02-07,-29.66555213500891
2024-02-08,-24.98734713683566
2024-02-19,-20.92406496339644
2024-02-20,-19.6609888346018
2024-02-21,-18.09296122421421
2024-02-22,-13.776820584715221
2024-02-23,-10.307869545826499
2024-02-26,-7.382061748317437
2024-02-27,1.6339078597294998
2024-02-28,-5.553622395818936
2024-02-29,-3.050135765117301
2024-03-01,-5.09954596658142
2024-03-04,-4.010438835740427
2024-03-05,-2.194932699017016
2024-03-06,2.2460339970446164
2024-03-07,6.8804306356468725
2024-03-08,10.02565632634096
2024-03-11,17.482384613291746
2024-03-12,31.471276315181896
2024-03-13,29.38171866789576
2024-03-14,32.17464578955103
2024-03-15,23.238734891760025
2024-03-18,20.631533874038066
2024-03-19,18.62523743491913
2024-03-20,18.48086541219194
2024-03-21,15.839508072447938
2024-03-22,10.908127533629198
2024-03-25,5.9605447853189775
2024-03-26,2.7397073151424367
2024-03-27,6.297732754242191
2024-03-28,4.8377637603414625
2024-03-29,4.607177174330812
2024-04-01,5.933335369407389
2024-04-02,7.2493077373188
2024-04-03,4.822269369916987
2024-04-08,3.4615853705467714
2024-04-09,3.530149704976626
2024-04-10,-0.8770367900108655
2024-04-11,-1.9141122886034534
2024-04-12,-3.003286709205011
2024-04-15,-6.291064496936416
2024-04-16,-14.201556118595438
2024-04-17,-10.431924379853097
2024-04-18,-10.35683497465103
2024-04-19,-11.847038534020637
2024-04-22,-12.788948928209065
2024-04-23,-11.128094005356925
2024-04-24,-6.503553910333082
2024-04-25,-6.094731789894004
2024-04-26,-1.08294693793477
2024-04-29,-1.0699954083724594
2024-04-30,-2.9275481918004775
2024-05-06,-2.932323568011319
2024-05-07,-1.8731187897727208
2024-05-08,-2.1194260019599898
2024-05-09,1.2978219959113968
2024-05-10,-1.1876539764465899
2024-05-13,-0.5564344876177296
2024-05-14,0.058325802888226086
2024-05-15,-0.07967585125546739
2024-05-16,4.617747517608528
2024-05-17,13.8805556386012
2024-05-20,7.290247129275884
2024-05-21,6.382262733150368
2024-05-22,7.235449546994199
2024-05-23,5.747422528614199
2024-05-24,3.9236242214358397
2024-05-27,2.1959736261866647
2024-05-28,1.0844596768214032
2024-05-29,-0.27690735735101946
2024-05-30,-3.6249552435124732
2024-05-31,-2.202976150830771
2024-06-03,-5.98768317111521
2024-06-04,-7.517124648342454
2024-06-05,-8.324042133272558
2024-06-06,-12.932802601923388
2024-06-07,-10.333576121248333
2024-06-11,-8.059765146692621
2024-06-12,-7.389930807845147
2024-06-13,-7.037870345059627
2024-06-14,-7.274332828789731
2024-06-17,-8.645901624477014
2024-06-18,-7.702291899545621
2024-06-19,-7.29180125821517
2024-06-20,-9.814744765375316
2024-06-21,-7.90991968652015
2024-06-24,-10.701877719577924
2024-06-25,-11.117858584069884
2024-06-26,-7.687766455490264
2024-06-27,-9.717384502664196
2024-06-28,-8.360020778796661
2024-07-01,-8.436151185783181
2024-07-02,-6.577455286274347
2024-07-03,-6.767783035345676
2024-07-04,-7.301886181806417
2024-07-05,-2.4989228128423746
2024-07-08,-6.9917064092668735
2024-07-09,-5.822338558452889
2024-07-10,-8.007068318887246
2024-07-11,-4.455760472900073
2024-07-12,-5.117739316884928
2024-07-15,-6.346428023372708
2024-07-16,-7.65653792098544
2024-07-17,-8.745305237453616
2024-07-18,-6.719193950452606
2024-07-19,-6.087514271283845
2024-07-22,-1.6003614407619549
2024-07-23,-3.6061564457279927
2024-07-24,-8.002101943284213
2024-07-25,-5.706188418637348
2024-07-26,-4.633135167006531
2024-07-29,-4.938409278021294
2024-07-30,-4.348953413959633
2024-07-31,0.15898143752333116
2024-08-01,3.3152072094872143
2024-08-02,0.8664510774975875
2024-08-05,0.9277683559793415
2024-08-06,0.9006949092225103
2024-08-07,1.8978705044700561
2024-08-08,-2.0323903172160374
2024-08-09,-2.1838908347369124
2024-08-12,-1.4077153793372377
2024-08-13,-0.7783281761354011
2024-08-14,0.7105687726084664
2024-08-15,1.93405663731252
2024-08-16,1.1596408053915042
2024-08-19,0.03095070917005227
2024-08-20,0.24943832982009528
2024-08-21,1.8218216118071284
2024-08-22,-0.3773226137368746
2024-08-23,-2.74060277448378
2024-08-26,-2.0687945235987604
2024-08-27,-4.532032372834016
2024-08-28,-7.278330756137253
2024-08-29,-6.08852107416028
2024-08-30,-2.7775468689867466
2024-09-02,-1.593002669268373
2024-09-03,-2.508531131665115
2024-09-04,-3.372319634177645
2024-09-05,-1.7452814298739572
2024-09-06,-2.996411651211617
2024-09-09,-2.294151891783369
2024-09-10,-2.407466240908507
2024-09-11,-2.916077192852451
2024-09-12,-4.045902877130702
2024-09-13,-5.301371087767004
2024-09-18,-5.38402662622045
2024-09-19,-1.4042601921078424
2024-09-20,-1.3646001715487577
2024-09-23,0.7588784502221335
2024-09-24,4.507858712205026
2024-09-25,4.6008958687088874
2024-09-26,9.77883683368832
2024-09-27,14.43543707948467
2024-09-30,25.116960202629745
2024-10-08,33.11405155636302
2024-10-09,22.639544988373284
2024-10-10,21.212050896232615
2024-10-11,17.18178433827191
2024-10-14,20.20941757419552
2024-10-15,21.14088953032278
2024-10-16,22.087282195428017
2024-10-17,21.227923366621383
2024-10-18,25.91251972856512
2024-10-21,29.281826775220733
2024-10-22,32.406706693242015
2024-10-23,33.325782045010754
2024-10-24,30.111044737642967
2024-10-25,33.36450414359005
2024-10-28,36.84345011640453
2024-10-29,30.089328600569033
2024-10-30,29.194315938788563
2024-10-31,27.686486455707836
2024-11-01,16.644237708055478
2024-11-04,7.1515789255982565
2024-11-05,1.7476328836685928
2024-11-06,13.265456823847877
2024-11-07,16.03637905354478
2024-11-08,21.297408595778712
2024-11-11,19.627982145700006
2024-11-12,19.604493269373634
2024-11-13,19.012179261669516
2024-11-14,15.398399260411155
2024-11-15,9.547026093340193
2024-11-18,3.6797720338475504
2024-11-19,5.987919808866149
2024-11-20,8.839006609448031
2024-11-21,9.305685141883346
2024-11-22,3.1704617588814266
2024-11-25,1.7442621304943673
2024-11-26,2.4249727268325305
2024-11-27,3.616472070967758
2024-11-28,2.128395527508653
2024-11-29,8.64147286727983
2024-12-02,9.07717491543285
2024-12-03,6.071195864155632
2024-12-04,3.6484919333564347
2024-12-05,3.0074575958664695
2024-12-06,3.5676157347096504
2024-12-09,1.1474259720698265
2024-12-10,3.3880072404364636
2024-12-11,5.05224512871989
2024-12-12,9.594831752942646
2024-12-13,10.25306981203855
2024-12-16,12.767608751851455
2024-12-17,4.5242423538248255
2024-12-18,2.5851878915416737
2024-12-19,2.3810762861247614
2024-12-20,7.366774762501049
2024-12-23,0.5732416648361882
2024-12-24,2.8739990834534934
2024-12-25,-1.2251162221845413
2024-12-26,0.0851378018843274
2024-12-27,-0.9571291184860997
2024-12-30,-4.4453385915184995
2024-12-31,-7.573417316437514
2025-01-02,-7.623782990482297
2025-01-03,-13.203859316912547
2025-01-06,-14.712289801827549
2025-01-07,-12.077784871597675
2025-01-08,-12.66597268120817
2025-01-09,-13.632900364637102
2025-01-10,-17.151615339119196
2025-01-13,-15.846321850264221
2025-01-14,-10.668771520032106
2025-01-15,-6.808695672449961
2025-01-16,-6.90027027683251
2025-01-17,-7.150605016809086
2025-01-20,-7.2686485613829515
2025-01-21,-2.3156084837756885
2025-01-22,-4.562171580033247
2025-01-23,-2.534676032963956
2025-01-24,-2.77644951727003
2025-01-27,-5.093145694162848
2025-02-05,-2.651937446974284
2025-02-06,3.1313472658300423
2025-02-07,6.253852700188811
2025-02-10,13.646889408346619
2025-02-11,14.284390925103164
2025-02-12,12.484751019205763
2025-02-13,10.89337261330574
2025-02-14,10.120888817661356
2025-02-17,15.608715617157287
2025-02-18,12.373316792060995
2025-02-19,9.806177145338225
2025-02-20,11.493349963421796
2025-02-21,12.09940452644862
2025-02-24,12.420354245777986
2025-02-25,10.967292491575197
2025-02-26,12.494643484217317
2025-02-27,13.662392128051959
2025-02-28,9.21046856200849
2025-03-03,7.842283448796916
2025-03-04,11.373483311693011
2025-03-05,10.653228261346337
2025-03-06,9.829698110148644
2025-03-07,7.557231319297064
2025-03-10,5.644648658634233
2025-03-11,6.253951318282103
2025-03-12,5.650438381240597
2025-03-13,4.8560117209543785
2025-03-14,6.908468565148129
2025-03-17,5.85353252143459
2025-03-18,9.58075145043491
2025-03-19,5.850616524132413
2025-03-20,4.693811923510638
2025-03-21,1.1800874999422062
2025-03-24,-0.9157591709764934
2025-03-25,-1.788826035556268
2025-03-26,-2.1793494858401874
2025-03-27,-2.6034081169486134
2025-03-28,0.09387489419361295
2025-03-31,-1.2998748671663507
2025-04-01,-1.945833220590576
2025-04-02,-2.393645617729989
2025-04-03,-5.345090562404586
2025-04-07,-17.01084088370608
2025-04-08,-17.76238841503439
2025-04-09,-15.550663392420539
2025-04-10,-13.547427420767255
2025-04-11,-11.073085265624094
2025-04-14,-10.735123704774917
2025-04-15,-11.469924905293883
2025-04-16,-13.500646011737416
2025-04-17,-12.540248224089435
2025-04-18,-12.829866210792995
2025-04-21,-8.906617257196746
2025-04-22,-7.1609748415437435
2025-04-23,-5.138720488336245
2025-04-24,-7.206649048023184
2025-04-25,-6.258432431616678
2025-04-28,-6.17680182945457
2025-04-29,-4.083021097551198
2025-04-30,-3.696955431076576
2025-05-06,-0.8364258520661805
2025-05-07,0.9322695265481018
2025-05-08,17.051357894308005
2025-05-09,15.905039886287442
2025-05-12,14.339189936467346
2025-05-13,10.538973829313104
2025-05-14,9.595978300256203
2025-05-15,5.844988929166139
2025-05-16,6.851910584072329
2025-05-19,9.643143559009083
2025-05-20,9.948182082185863
2025-05-21,9.282189541305952
2025-05-22,5.519504809600706
2025-05-23,4.293946209393251
2025-05-26,4.377958996767872
2025-05-27,5.675966516302111
2025-05-28,5.014705133244446
2025-05-29,8.39697622943747
2025-05-30,5.45343902018105
2025-06-03,4.962365295388671
2025-06-04,2.730390540891192
2025-06-05,2.5790144228867717
2025-06-06,1.2779819260340108
2025-06-09,4.289581743134918
2025-06-10,1.8125644611767244
2025-06-11,2.573486620941856
2025-06-12,2.723439830923824
2025-06-13,1.977711512077307
2025-06-16,2.1486446180450924
2025-06-17,1.135068476053469
2025-06-18,0.012684939470775092
2025-06-19,-1.147323775056408
2025-06-20,-0.8258521480805303
2025-06-23,2.303689764695971
2025-06-24,3.2812023789690725
2025-06-25,4.103488227464913
2025-06-26,4.267585126856943
2025-06-27,2.952362850664869
2025-06-30,6.400749198567968
2025-07-01,5.832476345557902
2025-07-02,3.839978752524331
2025-07-03,3.9658784186361373
2025-07-04,3.043996909314539
2025-07-07,2.2664148634245596
2025-07-08,4.4361092313325745
2025-07-09,3.892842406749697
2025-07-10,3.580285652168791
2025-07-11,6.2328006414471115
2025-07-14,5.777030676394435
2025-07-15,5.199888471608238
2025-07-16,6.171321550329378
2025-07-17,9.460352797219883
2025-07-18,10.533826319025996
2025-07-21,9.808308164060286
2025-07-22,7.428508596360772
2025-07-23,5.421912463114875
2025-07-24,6.798548105321167
2025-07-25,6.616257599568742
2025-07-28,5.747456569637066
2025-07-29,5.837025322403089
2025-07-30,5.784773814164601
2025-07-31,4.357641196540474
2025-08-01,5.978240251040456
2025-08-04,6.9151970143779495
2025-08-05,6.5063503196634676
2025-08-06,7.8651738462788945
2025-08-07,7.992214053883306
2025-08-08,7.236594174803024
2025-08-11,8.37412947521341
2025-08-12,9.186111783598427
2025-08-13,9.617993781794798
2025-08-14,6.413985890124541
2025-08-15,8.508914527339794
2025-08-18,9.44081984524232
2025-08-19,10.193565456021814
2025-08-20,11.647875519853246
2025-08-21,9.589783893198266
2025-08-22,10.021361411831165
2025-08-25,10.523058763733673
2025-08-26,10.134963138203968
2025-08-27,8.555494361719585
2025-08-28,10.05325404638777
2025-08-29,9.173107841865914
2025-09-01,8.644449395956544
2025-09-02,5.53419346692432
2025-09-03,2.1755146884435694
2025-09-04,0.6267503907734895
2025-09-05,3.624452760399355
2025-09-08,3.1292840862004567
2025-09-09,1.738636784270442
2025-09-10,1.0146619556901104
2025-09-11,4.909842660945873
2025-09-12,2.8302023555882627
2025-09-15,0.565455968909534
2025-09-16,1.4822588926110214
2025-09-17,1.4824150445608586
2025-09-18,1.1345117625877421
2025-09-19,-0.403886376310747
2025-09-22,-1.1350257083958537
2025-09-23,-2.562563850543209
2025-09-24,1.1339398985638738
2025-09-25,-0.2093708778160397
2025-09-26,-1.4136895310006614
2025-09-29,-1.639578025997368
2025-09-30,0.6806534942728648
2025-10-09,3.41830228730422
2025-10-10,4.209387782289031
2025-10-13,1.2289574064929365
2025-10-14,-1.5648754964937117
2025-10-15,1.4152615752105246
2025-10-16,-0.15362439702324426
2025-10-17,-4.827709047587803
2025-10-20,-3.4741362669346465
2025-10-21,-1.5032125908898908
2025-10-22,-3.427346377443763
2025-10-23,-4.043008428821604
2025-10-24,-2.07862396906765
2025-10-27,-0.31728635372859637
2025-10-28,-0.5712457605040022
2025-10-29,1.1757343424145805
2025-10-30,-1.712035134240053
2025-10-31,-0.06508873834424334
2025-11-03,2.2913482353519754
2025-11-04,0.5712187801722557
2025-11-05,1.0222244909155132
2025-11-06,0.9865320203858108
2025-11-07,1.2823984312759773
2025-11-10,2.1005242778960653
2025-11-11,4.1499795879431645
2025-11-12,1.7116205294737563
2025-11-13,4.243700450065835
2025-11-14,6.599323976924887
2025-11-17,5.755592428568779
2025-11-18,2.3820554142806705
2025-11-19,1.3112562252925786
2025-11-20,0.6874630109835689
2025-11-21,-4.225999923954915
2025-11-24,-3.3594426876778827
2025-11-25,-1.8385511246623243
2025-11-26,-2.466453176189287
2025-11-27,-0.6661556701372584
2025-11-28,-0.39823909134096835
2025-12-01,-0.4731277184589655
2025-12-02,-0.08727004140924866
2025-12-03,-1.8725807683639184
2025-12-04,-3.1869188467268716
2025-12-05,-0.9840709689786342
2025-12-08,-0.14671060377163814
2025-12-09,-1.0747107790651689
2025-12-10,-0.2173257130167361
2025-12-11,-3.0987546350150663
2025-12-12,-1.8083912117754286
2025-12-15,-2.6527343985696006
2025-12-16,-3.0548055852980927
2025-12-17,-0.9252079638676136
2025-12-18,-0.022205732952873536
2025-12-19,5.657847464172372
2025-12-22,4.6230330081800775
2025-12-23,2.1820957729775214
2025-12-24,4.120626843569797
2025-12-25,5.153061826515515
2025-12-26,3.7243162289233966
2025-12-29,2.986390645718817
2025-12-30,3.2899965186724778
2025-12-31,4.461739116709662
2026-01-05,7.016903732476343
2026-01-06,6.337546595694055
2026-01-07,5.346473177702671
2026-01-08,7.284243929607626
2026-01-09,8.879988925807458
2026-01-12,13.818022229718242
2026-01-13,11.043584693942844
2026-01-14,12.375030150983712
2026-01-15,13.234483965345522
2026-01-16,12.442100415472579
2026-01-19,13.643982152409784
2026-01-20,10.88520232085617
2026-01-21,11.034868803995778
2026-01-22,12.851940204847544
2026-01-23,13.188797581918044
2026-01-26,9.958689458689474
2026-01-27,10.313287879358214
2026-01-28,9.527546946639776
2026-01-29,8.39451148851056
2026-01-30,8.162225157660297
2026-02-02,3.815368347916648
2026-02-03,5.463900098674568
2026-02-04,5.03674595917567
2026-02-05,2.422488041541526
2026-02-06,1.1704892969273129
2026-02-09,0.5337009138083104
2026-02-10,2.262150149248976
2026-02-11,0.851556291541189
2026-02-12,2.114762126396341
2026-02-13,1.396645425776799
2026-02-24,1.4998255095808988
2026-02-25,3.5889134457363525
