date,932000.CSI_成交额
2014-01-02,10892583863.0
2014-01-03,12350598677.0
2014-01-06,10440757987.0
2014-01-07,8069644027.0
2014-01-08,10338207822.0
2014-01-09,10231848282.0
2014-01-10,8323573379.0
2014-01-13,6674440575.0
2014-01-14,8580763380.999999
2014-01-15,9871135948.0
2014-01-16,11314120958.0
2014-01-17,9481575810.0
2014-01-20,9374527821.0
2014-01-21,10428012468.0
2014-01-22,13061038037.0
2014-01-23,13842929823.0
2014-01-24,13648166750.0
2014-01-27,13397071329.0
2014-01-28,10651913812.0
2014-01-29,10023034548.0
2014-01-30,7992921583.0
2014-02-07,9441890838.0
2014-02-10,14842105870.0
2014-02-11,15008146802.0
2014-02-12,15734549062.0
2014-02-13,15480558291.0
2014-02-14,14110359453.0
2014-02-17,16460768803.0
2014-02-18,18162927835.0
2014-02-19,16215178545.0
2014-02-20,14553863070.0
2014-02-21,12540775246.0
2014-02-24,12978670212.0
2014-02-25,19119778595.0
2014-02-26,13362806090.0
2014-02-27,14718150668.0
2014-02-28,11330618141.0
2014-03-03,12392900240.0
2014-03-04,12369133324.0
2014-03-05,11558820381.0
2014-03-06,11552386007.0
2014-03-07,11368567117.0
2014-03-10,10837019488.0
2014-03-11,9318838781.0
2014-03-12,8820999833.0
2014-03-13,8309453804.0
2014-03-14,8127689766.0
2014-03-17,9593509678.0
2014-03-18,11578740554.0
2014-03-19,10331776772.0
2014-03-20,11722452942.0
2014-03-21,10302064572.0
2014-03-24,9957602342.0
2014-03-25,10298907851.0
2014-03-26,9618368633.0
2014-03-27,10998298658.0
2014-03-28,10626354257.0
2014-03-31,7401520209.0
2014-04-01,6951398971.0
2014-04-02,7615121867.0
2014-04-03,7479142236.0
2014-04-04,7174415797.0
2014-04-08,8270074472.0
2014-04-09,9577629138.0
2014-04-10,11677212366.0
2014-04-11,10529616123.0
2014-04-14,9965397747.0
2014-04-15,10864586181.0
2014-04-16,9389427338.0
2014-04-17,9189909351.0
2014-04-18,8972439597.0
2014-04-21,9781931867.0
2014-04-22,9438064057.0
2014-04-23,7427589556.0
2014-04-24,8199639689.0
2014-04-25,9367136981.0
2014-04-28,8515095302.999999
2014-04-29,6497435787.0
2014-04-30,6420556252.0
2014-05-05,7730593893.0
2014-05-06,9148837454.0
2014-05-07,8885389393.0
2014-05-08,7967760673.0
2014-05-09,7613662138.0
2014-05-12,8396462976.0
2014-05-13,7705854223.0
2014-05-14,7249931487.0
2014-05-15,7637653165.0
2014-05-16,6631456287.0
2014-05-19,5276808860.0
2014-05-20,6447240231.0
2014-05-21,6427787142.0
2014-05-22,7786984679.0
2014-05-23,7147177850.0
2014-05-26,8992262874.0
2014-05-27,9142313536.0
2014-05-28,10744381102.0
2014-05-29,10313690229.0
2014-05-30,9004545049.0
2014-06-03,8762026785.0
2014-06-04,8582685221.999999
2014-06-05,9783877243.0
2014-06-06,11177636232.0
2014-06-09,9896989448.0
2014-06-10,11103547001.0
2014-06-11,12673690919.0
2014-06-12,13251632729.0
2014-06-13,13427136642.0
2014-06-16,11222636397.0
2014-06-17,10479613589.0
2014-06-18,10323846614.0
2014-06-19,9533869283.0
2014-06-20,7136810787.0
2014-06-23,8718280503.0
2014-06-24,8834552153.0
2014-06-25,8246790044.0
2014-06-26,10622412333.0
2014-06-27,11631562756.0
2014-06-30,11879906763.0
2014-07-01,12612863991.0
2014-07-02,13632496530.0
2014-07-03,13125287229.0
2014-07-04,12636779272.0
2014-07-07,11944789837.0
2014-07-08,12027759889.0
2014-07-09,14504645281.0
2014-07-10,11667664182.0
2014-07-11,10631357011.0
2014-07-14,11845979474.0
2014-07-15,13091242686.0
2014-07-16,11644684772.0
2014-07-17,8565086396.0
2014-07-18,8157974493.0
2014-07-21,8494011255.999999
2014-07-22,10032578023.0
2014-07-23,11169871824.0
2014-07-24,10809375500.0
2014-07-25,8945877518.0
2014-07-28,11397940073.0
2014-07-29,12930048843.0
2014-07-30,13059329348.0
2014-07-31,12072617295.0
2014-08-01,13080499862.0
2014-08-04,11082603618.0
2014-08-05,12711235098.0
2014-08-06,12290346224.0
2014-08-07,11832782556.0
2014-08-08,10001421716.0
2014-08-11,12776495792.0
2014-08-12,13989175706.0
2014-08-13,14791352582.0
2014-08-14,15448998324.0
2014-08-15,14317600805.0
2014-08-18,17500583756.0
2014-08-19,19484560719.0
2014-08-20,17047018658.0
2014-08-21,15100149711.0
2014-08-22,16254350166.0
2014-08-25,14887683130.0
2014-08-26,15051544080.0
2014-08-27,11565031168.0
2014-08-28,12379408691.0
2014-08-29,11677594009.0
2014-09-01,14559479930.0
2014-09-02,18036781042.0
2014-09-03,21661249401.0
2014-09-04,20747823844.0
2014-09-05,18675307069.0
2014-09-09,18494744379.0
2014-09-10,19262786391.0
2014-09-11,22876481702.0
2014-09-12,19167183949.0
2014-09-15,21333291179.0
2014-09-16,24245992676.0
2014-09-17,15751235908.0
2014-09-18,15523387982.0
2014-09-19,15516890294.0
2014-09-22,15730530393.0
2014-09-23,16510517187.0
2014-09-24,22296257396.0
2014-09-25,23567601691.0
2014-09-26,18226084349.0
2014-09-29,21228991839.0
2014-09-30,19579811489.0
2014-10-08,20760805142.0
2014-10-09,23784809604.0
2014-10-10,22748498982.0
2014-10-13,20109468171.0
2014-10-14,20499355369.0
2014-10-15,19030581707.0
2014-10-16,21909417173.0
2014-10-17,21040559695.0
2014-10-20,16444959523.0
2014-10-21,17942108252.0
2014-10-22,16482397827.0
2014-10-23,16572954018.0
2014-10-24,13011011558.0
2014-10-27,12114344810.0
2014-10-28,18377959827.0
2014-10-29,22234616765.0
2014-10-30,20063314335.0
2014-10-31,17991307045.0
2014-11-03,19108889824.0
2014-11-04,18278228081.0
2014-11-05,16488263377.0
2014-11-06,15773908106.0
2014-11-07,20002516541.0
2014-11-10,15499382678.0
2014-11-11,20388406220.0
2014-11-12,13030647058.0
2014-11-13,15948425974.0
2014-11-14,11819943374.0
2014-11-17,12572766369.0
2014-11-18,12379161479.0
2014-11-19,14244211776.0
2014-11-20,13043115942.0
2014-11-21,14287920724.0
2014-11-24,17926781031.0
2014-11-25,17963565120.0
2014-11-26,20539276125.0
2014-11-27,22114184109.0
2014-11-28,23818013669.0
2014-12-01,21108736952.0
2014-12-02,18189049860.0
2014-12-03,23775701598.0
2014-12-04,23437664435.0
2014-12-05,26660590948.0
2014-12-08,22582852945.0
2014-12-09,25456913399.0
2014-12-10,16313815253.0
2014-12-11,16622623012.0
2014-12-12,16224141755.0
2014-12-15,17863633276.0
2014-12-16,15240970035.0
2014-12-17,15322523027.0
2014-12-18,12779657382.0
2014-12-19,14477161247.0
2014-12-22,16009495942.0
2014-12-23,10455267495.0
2014-12-24,10061922528.0
2014-12-25,10083213968.0
2014-12-26,10846438381.0
2014-12-29,12861799112.0
2014-12-30,10836485653.0
2014-12-31,9684715100.0
2015-01-05,11355277166.0
2015-01-06,12704108627.0
2015-01-07,10413241557.0
2015-01-08,11875572338.0
2015-01-09,12272860350.0
2015-01-12,9945361311.0
2015-01-13,10045346879.0
2015-01-14,9567470132.0
2015-01-15,9764800060.0
2015-01-16,11665085941.0
2015-01-19,15987491431.0
2015-01-20,16442357100.0
2015-01-21,19536323589.0
2015-01-22,18409980994.0
2015-01-23,17401385695.0
2015-01-26,15594508628.0
2015-01-27,17461101181.0
2015-01-28,16485259869.0
2015-01-29,13345100918.0
2015-01-30,13235763388.0
2015-02-02,12106370871.0
2015-02-03,13348920475.0
2015-02-04,13819584620.0
2015-02-05,15601574531.0
2015-02-06,14041552298.0
2015-02-09,11728879497.0
2015-02-10,9629928853.0
2015-02-11,10261582124.0
2015-02-12,11610213548.0
2015-02-13,14391966296.0
2015-02-16,14740824835.0
2015-02-17,13180371903.0
2015-02-25,15252544708.0
2015-02-26,15687736862.0
2015-02-27,17308001323.0
2015-03-02,24084501488.0
2015-03-03,24142552596.0
2015-03-04,21439392581.0
2015-03-05,24617512212.0
2015-03-06,22417199443.0
2015-03-09,20935871024.0
2015-03-10,23979213110.0
2015-03-11,26195882288.0
2015-03-12,25150098190.0
2015-03-13,20963181098.0
2015-03-16,31075367259.0
2015-03-17,35977697095.0
2015-03-18,33856056527.999996
2015-03-19,33553147479.0
2015-03-20,33169005143.0
2015-03-23,37462697940.0
2015-03-24,46877581120.0
2015-03-25,40857495652.0
2015-03-26,43570770575.0
2015-03-27,30336054672.0
2015-03-30,35128044352.0
2015-03-31,35606605424.0
2015-04-01,36354446051.0
2015-04-02,42047615976.0
2015-04-03,44017033317.0
2015-04-07,48344877191.0
2015-04-08,52666444685.0
2015-04-09,47391336600.0
2015-04-10,41552660934.0
2015-04-13,48388157394.0
2015-04-14,46028396508.0
2015-04-15,41915912233.0
2015-04-16,33401959010.0
2015-04-17,38358234736.0
2015-04-20,42088987243.0
2015-04-21,34718851163.0
2015-04-22,43920893016.0
2015-04-23,50961381016.0
2015-04-24,44480277573.0
2015-04-27,44337124199.0
2015-04-28,41616191706.0
2015-04-29,34786375384.0
2015-04-30,38049901071.0
2015-05-04,33228940614.0
2015-05-05,36564874878.0
2015-05-06,34167999685.000004
2015-05-07,27731484559.0
2015-05-08,33449169156.0
2015-05-11,43960031397.0
2015-05-12,52431303720.0
2015-05-13,52830187793.0
2015-05-14,54323900116.0
2015-05-15,48605323104.0
2015-05-18,51698994314.0
2015-05-19,54989173594.0
2015-05-20,65496984671.0
2015-05-21,65542460219.0
2015-05-22,77407707099.0
2015-05-25,75162739542.0
2015-05-26,73447143189.0
2015-05-27,77197855768.0
2015-05-28,87609621494.0
2015-05-29,79753647243.0
2015-06-01,69195501273.0
2015-06-02,83190278923.0
2015-06-03,90658068771.0
2015-06-04,82152858123.0
2015-06-05,82748834432.0
2015-06-08,77697518120.0
2015-06-09,61127482094.0
2015-06-10,67137765077.00001
2015-06-11,68470905008.0
2015-06-12,76254550367.0
2015-06-15,96257595422.0
2015-06-16,84424797963.0
2015-06-17,75965141437.0
2015-06-18,74021811648.0
2015-06-19,61569283369.0
2015-06-23,61445298866.0
2015-06-24,70532777903.0
2015-06-25,75446349814.0
2015-06-26,53805351798.0
2015-06-29,56121149785.0
2015-06-30,70467571126.0
2015-07-01,63447755300.0
2015-07-02,45693296992.0
2015-07-03,42352794631.0
2015-07-06,50572061613.0
2015-07-07,13498355096.0
2015-07-08,22100322336.0
2015-07-09,28848133385.0
2015-07-10,23749901282.0
2015-07-13,38800105351.0
2015-07-14,51510587965.0
2015-07-15,52133801749.0
2015-07-16,50322627668.0
2015-07-17,49936194252.0
2015-07-20,63397598207.0
2015-07-21,61102369125.0
2015-07-22,67830248287.0
2015-07-23,72652198496.0
2015-07-24,77945231177.0
2015-07-27,66287299447.0
2015-07-28,61473079377.0
2015-07-29,58375783351.0
2015-07-30,63892478792.0
2015-07-31,46156862854.0
2015-08-03,39204394472.0
2015-08-04,46570101457.0
2015-08-05,54284781811.0
2015-08-06,40511280851.0
2015-08-07,50118820318.0
2015-08-10,62534550581.0
2015-08-11,71005232694.0
2015-08-12,59762387098.0
2015-08-13,59811569865.0
2015-08-14,70779927755.0
2015-08-17,66978756489.0
2015-08-18,80045191814.0
2015-08-19,66298520687.0
2015-08-20,56022764295.0
2015-08-21,45839606734.0
2015-08-24,26818027037.0
2015-08-25,24865634950.0
2015-08-26,42313533283.0
2015-08-27,33822396117.0
2015-08-28,40675781338.0
2015-08-31,37876958406.0
2015-09-01,28568439420.0
2015-09-02,28385227652.0
2015-09-07,27789303502.0
2015-09-08,27470832433.0
2015-09-09,41835070564.0
2015-09-10,35993339069.0
2015-09-11,30458671262.0
2015-09-14,38162971523.0
2015-09-15,25674596763.0
2015-09-16,34775195890.0
2015-09-17,41416433764.0
2015-09-18,27609409128.0
2015-09-21,32926104118.0
2015-09-22,38703676788.0
2015-09-23,36692814128.0
2015-09-24,40456471378.0
2015-09-25,38075093976.0
2015-09-28,30548203142.0
2015-09-29,31311497800.0
2015-09-30,27685425272.0
2015-10-08,39685884824.0
2015-10-09,41822848280.0
2015-10-12,57639670375.0
2015-10-13,53899685580.0
2015-10-14,56580538303.0
2015-10-15,57436018344.0
2015-10-16,65529140853.0
2015-10-19,66910706417.0
2015-10-20,62620493302.0
2015-10-21,71294929953.0
2015-10-22,58262396311.0
2015-10-23,65318874495.0
2015-10-26,70005484706.0
2015-10-27,65021164760.0
2015-10-28,59371171012.0
2015-10-29,51069286577.0
2015-10-30,51436993227.0
2015-11-02,45510590011.0
2015-11-03,41976741415.0
2015-11-04,57858667279.0
2015-11-05,67130579091.00001
2015-11-06,64100559380.0
2015-11-09,71684824056.0
2015-11-10,65585574965.0
2015-11-11,68211989007.0
2015-11-12,77243653354.0
2015-11-13,68686839048.99999
2015-11-16,55971553258.0
2015-11-17,75233673208.0
2015-11-18,59853043844.0
2015-11-19,55129774162.0
2015-11-20,71591330257.0
2015-11-23,76335376415.0
2015-11-24,62554121596.0
2015-11-25,71786204402.0
2015-11-26,73598320483.0
2015-11-27,75086912681.0
2015-11-30,66400893912.0
2015-12-01,60259877897.0
2015-12-02,51666758353.0
2015-12-03,50097719627.0
2015-12-04,59706573648.0
2015-12-07,57033034171.0
2015-12-08,59770148761.0
2015-12-09,51255427139.0
2015-12-10,48912594377.0
2015-12-11,43732464318.0
2015-12-14,56382723923.0
2015-12-15,60940794511.0
2015-12-16,69422595090.0
2015-12-17,90572735834.0
2015-12-18,93252368393.0
2015-12-21,78742426803.0
2015-12-22,79269003690.0
2015-12-23,90395243404.0
2015-12-24,72511481964.0
2015-12-25,72051785461.0
2015-12-28,84779804303.0
2015-12-29,63605085304.0
2015-12-30,66414665540.0
2015-12-31,63790106256.0
2016-01-04,50423803750.0
2016-01-05,67737687811.00001
2016-01-06,59650469759.0
2016-01-07,15593741964.0
2016-01-08,62279898888.0
2016-01-11,52128944348.0
2016-01-12,44772616447.0
2016-01-13,41122991552.0
2016-01-14,44545723956.0
2016-01-15,44618453210.0
2016-01-18,41076526329.0
2016-01-19,51143314949.0
2016-01-20,53420260755.0
2016-01-21,49477031526.0
2016-01-22,40754425849.0
2016-01-25,39779986636.0
2016-01-26,44541320520.0
2016-01-27,41750463430.0
2016-01-28,33164379561.0
2016-01-29,34641014668.0
2016-02-01,33073436614.0
2016-02-02,35382677377.0
2016-02-03,33388708463.0
2016-02-04,39339268930.0
2016-02-05,34624726661.0
2016-02-15,28601427913.0
2016-02-16,44119232911.0
2016-02-17,51288972844.0
2016-02-18,54767998856.0
2016-02-19,45679738669.0
2016-02-22,53452970904.0
2016-02-23,52852131427.0
2016-02-24,55566971025.0
2016-02-25,57491574171.0
2016-02-26,44056663091.0
2016-02-29,37616474369.0
2016-03-01,39795782272.0
2016-03-02,50154154038.0
2016-03-03,51257019624.0
2016-03-04,45889835571.0
2016-03-07,38641108009.0
2016-03-08,45267829748.0
2016-03-09,35532539893.0
2016-03-10,31052821030.0
2016-03-11,26080554783.0
2016-03-14,42064330894.0
2016-03-15,35659556664.0
2016-03-16,34690932702.0
2016-03-17,46733910559.0
2016-03-18,64216079717.0
2016-03-21,68752821762.0
2016-03-22,60410065769.0
2016-03-23,53984277641.0
2016-03-24,61184341279.0
2016-03-25,50906639223.0
2016-03-28,57212774808.0
2016-03-29,46374190639.0
2016-03-30,53317615665.0
2016-03-31,66720250349.0
2016-04-01,57858310874.0
2016-04-05,63551179256.0
2016-04-06,63162418358.0
2016-04-07,63791143323.0
2016-04-08,52186593365.0
2016-04-11,57404067657.0
2016-04-12,55258391111.0
2016-04-13,67273328589.0
2016-04-14,57966920066.0
2016-04-15,57479845739.0
2016-04-18,52668721198.0
2016-04-19,52215822286.0
2016-04-20,75728286273.0
2016-04-21,56065215633.0
2016-04-22,43954171475.0
2016-04-25,41639420099.0
2016-04-26,41185830235.0
2016-04-27,46977956863.0
2016-04-28,43443736974.0
2016-04-29,37112699974.0
2016-05-03,51248736655.0
2016-05-04,54402666509.0
2016-05-05,49137859345.0
2016-05-06,66958919534.0
2016-05-09,48549189744.0
2016-05-10,33691792876.999996
2016-05-11,39319147029.0
2016-05-12,36593344139.0
2016-05-13,33780501481.0
2016-05-16,35585840639.0
2016-05-17,42197101696.0
2016-05-18,41080689051.0
2016-05-19,36128215760.0
2016-05-20,34389161410.0
2016-05-23,40537885717.0
2016-05-24,35456626869.0
2016-05-25,35452033452.0
2016-05-26,36063871077.0
2016-05-27,36633609407.0
2016-05-30,33165405563.0
2016-05-31,54566044527.0
2016-06-01,60982219912.0
2016-06-02,52586013936.0
2016-06-03,57013365348.0
2016-06-06,48683755123.0
2016-06-07,51014017182.0
2016-06-08,56994347773.0
2016-06-13,62016997971.0
2016-06-14,44320851492.0
2016-06-15,58483695026.0
2016-06-16,62386889564.0
2016-06-17,59407840074.0
2016-06-20,56833807357.0
2016-06-21,62083616310.0
2016-06-22,52562191030.0
2016-06-23,54503389026.0
2016-06-24,66198397385.0
2016-06-27,61142227252.0
2016-06-28,71078014135.0
2016-06-29,67137228349.99999
2016-06-30,64151425111.0
2016-07-01,56350947918.0
2016-07-04,63362946650.0
2016-07-05,71093855715.0
2016-07-06,67183088664.00001
2016-07-07,72280486593.0
2016-07-08,59471067388.0
2016-07-11,68295382863.99999
2016-07-12,63884249290.0
2016-07-13,59746003973.0
2016-07-14,55198820861.0
2016-07-15,51410371473.0
2016-07-18,51649992282.0
2016-07-19,48229699058.0
2016-07-20,54208631481.0
2016-07-21,56513676301.0
2016-07-22,49872953540.0
2016-07-25,48476248698.0
2016-07-26,45836997266.0
2016-07-27,71765443120.0
2016-07-28,48192295306.0
2016-07-29,37482032395.0
2016-08-01,37701365111.0
2016-08-02,30921386984.0
2016-08-03,35560416090.0
2016-08-04,37260055639.0
2016-08-05,36089167265.0
2016-08-08,34356647051.0
2016-08-09,39653716586.0
2016-08-10,41546734819.0
2016-08-11,39888846322.0
2016-08-12,34471430304.0
2016-08-15,54368615465.0
2016-08-16,54817485854.0
2016-08-17,58202097890.0
2016-08-18,56826897887.0
2016-08-19,52716711305.0
2016-08-22,51986553771.0
2016-08-23,46322833496.0
2016-08-24,50567460604.0
2016-08-25,51273935674.0
2016-08-26,51572590093.0
2016-08-29,48590875997.0
2016-08-30,49252349340.0
2016-08-31,50252784231.0
2016-09-01,50311725665.0
2016-09-02,44474592691.0
2016-09-05,43855082525.0
2016-09-06,57409086580.0
2016-09-07,65643296862.0
2016-09-08,51086535962.0
2016-09-09,54690131080.0
2016-09-12,54456813200.0
2016-09-13,46860295196.0
2016-09-14,44884077483.0
2016-09-19,42599220748.0
2016-09-20,46035954075.0
2016-09-21,44415237356.0
2016-09-22,48476908412.0
2016-09-23,50978458020.0
2016-09-26,50314234522.0
2016-09-27,42934658951.0
2016-09-28,37275221072.0
2016-09-29,36894754535.0
2016-09-30,35496818640.0
2016-10-10,50104897876.0
2016-10-11,55963392920.0
2016-10-12,52584237620.0
2016-10-13,53657771566.0
2016-10-14,55281163319.0
2016-10-17,59102915195.0
2016-10-18,58993537546.0
2016-10-19,66115711232.0
2016-10-20,65922616648.0
2016-10-21,63325159060.0
2016-10-24,57928556856.0
2016-10-25,60040246972.0
2016-10-26,62752307454.0
2016-10-27,51072708165.0
2016-10-28,61712403682.0
2016-10-31,51071477707.0
2016-11-01,62498544941.0
2016-11-02,70800345436.0
2016-11-03,80213859507.0
2016-11-04,70610480520.0
2016-11-07,60936328269.0
2016-11-08,60592850022.0
2016-11-09,69947883212.0
2016-11-10,69999003991.0
2016-11-11,76745731486.0
2016-11-14,73539996339.0
2016-11-15,69738659340.0
2016-11-16,73014000281.0
2016-11-17,65834318208.0
2016-11-18,64464689356.0
2016-11-21,67106775629.0
2016-11-22,74093428543.0
2016-11-23,73762975813.0
2016-11-24,73801184937.0
2016-11-25,69642622297.0
2016-11-28,60745602636.0
2016-11-29,59208897563.0
2016-11-30,51477723373.0
2016-12-01,50825737984.0
2016-12-02,53953845035.0
2016-12-05,42091557768.0
2016-12-06,40832259291.0
2016-12-07,43735013068.0
2016-12-08,48593172749.0
2016-12-09,45628803088.0
2016-12-12,75552541013.0
2016-12-13,55682385319.0
2016-12-14,60497764823.0
2016-12-15,61355230211.0
2016-12-16,65384521005.0
2016-12-19,59462919519.0
2016-12-20,59071706483.0
2016-12-21,63322945008.0
2016-12-22,56949515477.0
2016-12-23,56469589409.0
2016-12-26,51313822640.0
2016-12-27,56436823334.0
2016-12-28,56920701463.0
2016-12-29,54174924653.0
2016-12-30,52489230887.0
2017-01-03,49569226497.0
2017-01-04,64643459796.0
2017-01-05,69121600266.0
2017-01-06,67571747345.0
2017-01-09,58740930796.0
2017-01-10,61492131345.0
2017-01-11,57204199819.0
2017-01-12,52885802513.0
2017-01-13,53057581409.0
2017-01-16,60827244417.0
2017-01-17,49273688921.0
2017-01-18,45004068822.0
2017-01-19,41853920260.0
2017-01-20,45181117260.0
2017-01-23,44597874776.0
2017-01-24,43053961501.0
2017-01-25,42597897363.0
2017-01-26,35838313929.0
2017-02-03,32893283178.0
2017-02-06,44681208190.0
2017-02-07,49637599495.0
2017-02-08,52776353231.0
2017-02-09,63813117039.0
2017-02-10,64911553070.0
2017-02-13,58227725281.0
2017-02-14,53442894479.0
2017-02-15,61758450801.0
2017-02-16,53629466188.0
2017-02-17,55977249537.0
2017-02-20,53626771501.0
2017-02-21,54138078460.0
2017-02-22,60405100578.0
2017-02-23,59436690901.0
2017-02-24,51801270957.0
2017-02-27,53194265326.0
2017-02-28,47233642318.0
2017-03-01,57364376046.0
2017-03-02,56828233574.0
2017-03-03,53839008156.0
2017-03-06,57236968936.0
2017-03-07,58624254121.0
2017-03-08,55687510217.0
2017-03-09,53835713149.0
2017-03-10,53077470524.0
2017-03-13,54191204498.0
2017-03-14,55046937279.0
2017-03-15,48895844461.0
2017-03-16,58431913585.0
2017-03-17,66848547710.0
2017-03-20,55240719201.0
2017-03-21,53790076802.0
2017-03-22,56020632840.0
2017-03-23,66617362802.0
2017-03-24,61388290158.0
2017-03-27,62933906045.0
2017-03-28,52691240452.0
2017-03-29,61406443806.0
2017-03-30,67930148412.0
2017-03-31,49117716010.0
2017-04-05,48915570525.0
2017-04-06,48636270452.0
2017-04-07,49922413429.0
2017-04-10,58530395609.0
2017-04-11,60379898533.0
2017-04-12,52331835587.0
2017-04-13,41561098834.0
2017-04-14,46566058865.0
2017-04-17,45872221107.0
2017-04-18,42585811039.0
2017-04-19,43839884058.0
2017-04-20,38944569082.0
2017-04-21,30273215451.0
2017-04-24,32275561060.0
2017-04-25,30875155836.0
2017-04-26,31735401967.0
2017-04-27,42396901926.0
2017-04-28,38689135238.0
2017-05-02,35852528353.0
2017-05-03,38972412364.0
2017-05-04,38046760955.0
2017-05-05,37428853317.0
2017-05-08,33170846282.0
2017-05-09,28955280037.0
2017-05-10,32420231313.0
2017-05-11,35214013013.0
2017-05-12,29540456736.0
2017-05-15,28820354610.0
2017-05-16,39332809873.0
2017-05-17,43904235820.0
2017-05-18,35353285153.0
2017-05-19,28919100589.0
2017-05-22,29651501374.0
2017-05-23,31839959777.0
2017-05-24,26029009851.0
2017-05-25,29979971458.0
2017-05-26,26363473051.0
2017-05-31,26198574826.0
2017-06-01,27398595454.0
2017-06-02,26640761906.0
2017-06-05,24614106191.0
2017-06-06,24008531410.0
2017-06-07,37862363174.0
2017-06-08,37378115999.0
2017-06-09,36655328752.0
2017-06-12,53766314490.0
2017-06-13,51305989858.0
2017-06-14,55730047818.0
2017-06-15,63103355537.0
2017-06-16,55744613341.0
2017-06-19,50311968402.0
2017-06-20,57154032717.0
2017-06-21,52895714292.0
2017-06-22,56141294932.0
2017-06-23,48715851713.0
2017-06-26,43823533001.0
2017-06-27,46450053824.0
2017-06-28,42778100668.0
2017-06-29,40023730843.0
2017-06-30,38458271295.0
2017-07-03,39432858103.0
2017-07-04,40824460374.0
2017-07-05,45055994273.0
2017-07-06,55193558427.0
2017-07-07,60112442962.0
2017-07-10,61084154331.0
2017-07-11,52213426441.0
2017-07-12,50591649245.0
2017-07-13,46222588430.0
2017-07-14,44554476879.0
2017-07-17,60889477916.0
2017-07-18,43389357624.0
2017-07-19,48249974355.0
2017-07-20,51116998324.0
2017-07-21,44005935832.0
2017-07-24,49467543991.0
2017-07-25,43175553358.0
2017-07-26,43844551983.0
2017-07-27,58042504403.0
2017-07-28,47637843253.0
2017-07-31,52245367875.0
2017-08-01,53258594478.0
2017-08-02,55932427030.0
2017-08-03,50304746235.0
2017-08-04,52185769431.0
2017-08-07,43065481166.0
2017-08-08,48775641352.0
2017-08-09,46905458311.0
2017-08-10,53496862316.0
2017-08-11,49546446930.0
2017-08-14,45442923736.0
2017-08-15,47201839751.0
2017-08-16,49966440394.0
2017-08-17,52729189752.0
2017-08-18,50877197925.0
2017-08-21,45473060695.0
2017-08-22,47835941702.0
2017-08-23,43922815749.0
2017-08-24,44057050574.0
2017-08-25,45128039758.0
2017-08-28,56039974206.0
2017-08-29,58751593060.0
2017-08-30,54950454964.0
2017-08-31,53457654413.0
2017-09-01,59981606935.0
2017-09-04,63797087014.0
2017-09-05,54804282187.0
2017-09-06,55955739979.0
2017-09-07,67416762084.99999
2017-09-08,59101845354.0
2017-09-11,58839751100.0
2017-09-12,74584674976.0
2017-09-13,56159997333.0
2017-09-14,61407867859.0
2017-09-15,54662706470.0
2017-09-18,47099340281.0
2017-09-19,52609634864.0
2017-09-20,56739303501.0
2017-09-21,59758010569.0
2017-09-22,51584885321.0
2017-09-25,49569307702.0
2017-09-26,44395911713.0
2017-09-27,44856665255.0
2017-09-28,49973044976.0
2017-09-29,48412760516.0
2017-10-09,50371606514.0
2017-10-10,56099502432.0
2017-10-11,64246677135.0
2017-10-12,56213481989.0
2017-10-13,54515253243.0
2017-10-16,61409445151.0
2017-10-17,43493289246.0
2017-10-18,48503563606.0
2017-10-19,44939366298.0
2017-10-20,40694461571.0
2017-10-23,43194002235.0
2017-10-24,42440963742.0
2017-10-25,40420246282.0
2017-10-26,47966056802.0
2017-10-27,44910673393.0
2017-10-30,50912523577.0
2017-10-31,37986830605.0
2017-11-01,42122639344.0
2017-11-02,42491181505.0
2017-11-03,41408117052.0
2017-11-06,40480515789.0
2017-11-07,43715680989.0
2017-11-08,47342709938.0
2017-11-09,44877515635.0
2017-11-10,48421097400.0
2017-11-13,49945734072.0
2017-11-14,50932448677.0
2017-11-15,42508777708.0
2017-11-16,40654001272.0
2017-11-17,50990572543.0
2017-11-20,36220803313.0
2017-11-21,36760374248.0
2017-11-22,35498553027.0
2017-11-23,37228470873.0
2017-11-24,31334592047.0
2017-11-27,29029070990.0
2017-11-28,27816165503.0
2017-11-29,32695911102.0
2017-11-30,31284242310.0
2017-12-01,34818791925.0
2017-12-04,33298245572.0
2017-12-05,38472397441.0
2017-12-06,30535398151.0
2017-12-07,29930256557.0
2017-12-08,31239875584.0
2017-12-11,39149032169.0
2017-12-12,38830296889.0
2017-12-13,34360017575.0
2017-12-14,38654803354.0
2017-12-15,41948612256.0
2017-12-18,38308884400.0
2017-12-19,35016187994.0
2017-12-20,38322065417.0
2017-12-21,40017247811.0
2017-12-22,35136498398.0
2017-12-25,39106935315.0
2017-12-26,39997341670.0
2017-12-27,42618031449.0
2017-12-28,44509671823.0
2017-12-29,39502673054.0
2018-01-02,41891102898.0
2018-01-03,55091519531.0
2018-01-04,53012708967.0
2018-01-05,48507684292.0
2018-01-08,50197618950.0
2018-01-09,45836539824.0
2018-01-10,49440017135.0
2018-01-11,46484388527.0
2018-01-12,44534251199.0
2018-01-15,50717319709.0
2018-01-16,42571464263.0
2018-01-17,45643993849.0
2018-01-18,38706935321.0
2018-01-19,43205613290.0
2018-01-22,42361975727.0
2018-01-23,40607062975.0
2018-01-24,46155130830.0
2018-01-25,48984999805.0
2018-01-26,41237048962.0
2018-01-29,42853131378.0
2018-01-30,33833827264.0
2018-01-31,45000616695.0
2018-02-01,48358670425.0
2018-02-02,39613193835.0
2018-02-05,31614194169.0
2018-02-06,38561579227.0
2018-02-07,35960199891.0
2018-02-08,29638393990.0
2018-02-09,32866968900.0
2018-02-12,28842395385.0
2018-02-13,29629448225.0
2018-02-14,21306401632.0
2018-02-22,26602997406.0
2018-02-23,29736459409.0
2018-02-26,42458903302.0
2018-02-27,42729956586.0
2018-02-28,38278337340.0
2018-03-01,42769206406.0
2018-03-02,41497092068.0
2018-03-05,38107250951.0
2018-03-06,48401301449.0
2018-03-07,45059843418.0
2018-03-08,48325956752.0
2018-03-09,61654609426.0
2018-03-12,68136205992.0
2018-03-13,58822456355.0
2018-03-14,52125888741.0
2018-03-15,53175174529.0
2018-03-16,44273138439.0
2018-03-19,44282455335.0
2018-03-20,50557570664.0
2018-03-21,60335509039.0
2018-03-22,53678068259.0
2018-03-23,70070142897.0
2018-03-26,51638993733.0
2018-03-27,63043097771.0
2018-03-28,60389693485.0
2018-03-29,56614004924.0
2018-03-30,64897609063.0
2018-04-02,71483905053.0
2018-04-03,62576781820.0
2018-04-04,61737847223.0
2018-04-09,59634627644.0
2018-04-10,65520073590.0
2018-04-11,67565668580.0
2018-04-12,66438985831.0
2018-04-13,58966115875.0
2018-04-16,52623605019.0
2018-04-17,59315290540.0
2018-04-18,56497440963.0
2018-04-19,55893298801.0
2018-04-20,52132081285.0
2018-04-23,44419814699.0
2018-04-24,50793719256.0
2018-04-25,55205810605.0
2018-04-26,53632824504.0
2018-04-27,48467047858.0
2018-05-02,46609645231.0
2018-05-03,48062114192.0
2018-05-04,49415532253.0
2018-05-07,57283180775.0
2018-05-08,61882030055.0
2018-05-09,61472345494.0
2018-05-10,67570254550.0
2018-05-11,63924586399.0
2018-05-14,52418154885.0
2018-05-15,52678121727.0
2018-05-16,57247898733.0
2018-05-17,54730233005.0
2018-05-18,55670156691.0
2018-05-21,67051347077.0
2018-05-22,68559554943.0
2018-05-23,67972311155.0
2018-05-24,58577096764.0
2018-05-25,61979141713.0
2018-05-28,62718568535.0
2018-05-29,60243361846.0
2018-05-30,62813370335.0
2018-05-31,51560317251.0
2018-06-01,50569381201.0
2018-06-04,42499193957.0
2018-06-05,48470668593.0
2018-06-06,50096999965.0
2018-06-07,49412886661.0
2018-06-08,45385314259.0
2018-06-11,60858451251.0
2018-06-12,68144857537.0
2018-06-13,65274256977.0
2018-06-14,58608801726.0
2018-06-15,63398978600.0
2018-06-19,63001310774.0
2018-06-20,61185295297.0
2018-06-21,61281816110.0
2018-06-22,49793324295.0
2018-06-25,50268591743.0
2018-06-26,54777702040.0
2018-06-27,56920788319.0
2018-06-28,55376498160.0
2018-06-29,64384650902.0
2018-07-02,62361814916.0
2018-07-03,66737813590.0
2018-07-04,63555033277.0
2018-07-05,54686785320.0
2018-07-06,59589229191.0
2018-07-09,54507952953.0
2018-07-10,62065878438.0
2018-07-11,66668507175.0
2018-07-12,75594785916.0
2018-07-13,70025782049.0
2018-07-16,60832188818.0
2018-07-17,57878221305.0
2018-07-18,63986598356.0
2018-07-19,59000209492.0
2018-07-20,53203564418.0
2018-07-23,59129393524.0
2018-07-24,65837652482.0
2018-07-25,62758076435.0
2018-07-26,63509639566.0
2018-07-27,54390234662.0
2018-07-30,52580856353.0
2018-07-31,43207025582.0
2018-08-01,48892076605.0
2018-08-02,56354436076.0
2018-08-03,40234681758.0
2018-08-06,40771264398.0
2018-08-07,44599538049.0
2018-08-08,48236430586.0
2018-08-09,52795222651.0
2018-08-10,47499410241.0
2018-08-13,45316975392.0
2018-08-14,44316506971.0
2018-08-15,43936799287.0
2018-08-16,41049973014.0
2018-08-17,39866200999.0
2018-08-20,37954448715.0
2018-08-21,40982197882.0
2018-08-22,37055318952.0
2018-08-23,38507636211.0
2018-08-24,36714017960.0
2018-08-27,44560871000.0
2018-08-28,43236128012.0
2018-08-29,37417845371.0
2018-08-30,37923409010.0
2018-08-31,32955872425.0
2018-09-03,34250107400.0
2018-09-04,37355232171.0
2018-09-05,39765963988.0
2018-09-06,35978156524.0
2018-09-07,37930192182.0
2018-09-10,36211292009.0
2018-09-11,32050352357.0
2018-09-12,30638320991.0
2018-09-13,35430736439.0
2018-09-14,36964911754.0
2018-09-17,32502975347.0
2018-09-18,36385282750.0
2018-09-19,44776788957.0
2018-09-20,39187021859.0
2018-09-21,43107704814.0
2018-09-25,34862975601.0
2018-09-26,40872588312.0
2018-09-27,43216798784.0
2018-09-28,35238312490.0
2018-10-08,35537345112.0
2018-10-09,32185962517.0
2018-10-10,36044809680.0
2018-10-11,50787129463.0
2018-10-12,44430582826.0
2018-10-15,36550812094.0
2018-10-16,37123570197.0
2018-10-17,39683906653.0
2018-10-18,36029844374.0
2018-10-19,37451327543.0
2018-10-22,52975547336.0
2018-10-23,47243575965.0
2018-10-24,39940233973.0
2018-10-25,37555376902.0
2018-10-26,36097553885.0
2018-10-29,29742895843.0
2018-10-30,36883210241.0
2018-10-31,42349372602.0
2018-11-01,49395378232.0
2018-11-02,56581721323.0
2018-11-05,59862595311.0
2018-11-06,49946699421.0
2018-11-07,53671789922.0
2018-11-08,49758694099.0
2018-11-09,45310427413.0
2018-11-12,56754516770.0
2018-11-13,72810232528.0
2018-11-14,68709622712.0
2018-11-15,76656080166.0
2018-11-16,82546812813.0
2018-11-19,71816668826.0
2018-11-20,69240691565.0
2018-11-21,58957016561.0
2018-11-22,54492882386.0
2018-11-23,61616333730.0
2018-11-26,44538596736.0
2018-11-27,43983970744.0
2018-11-28,49050501308.0
2018-11-29,52172779279.0
2018-11-30,45200556237.0
2018-12-03,61337590129.0
2018-12-04,56791696150.0
2018-12-05,52642897235.0
2018-12-06,47308060443.0
2018-12-07,39637204825.0
2018-12-10,39379788633.0
2018-12-11,37597535170.0
2018-12-12,39764568618.0
2018-12-13,47292358324.0
2018-12-14,45242966772.0
2018-12-17,39164548698.0
2018-12-18,41768541727.0
2018-12-19,39375942266.0
2018-12-20,38758059066.0
2018-12-21,37940230820.0
2018-12-24,40315921470.0
2018-12-25,52771420514.0
2018-12-26,50437367308.0
2018-12-27,50357536042.0
2018-12-28,42136536250.0
2019-01-02,38900619281.0
2019-01-03,44886759720.0
2019-01-04,49855937815.0
2019-01-07,57438453030.0
2019-01-08,55796048858.0
2019-01-09,65829653922.0
2019-01-10,58033122700.0
2019-01-11,56653845079.0
2019-01-14,53618787281.0
2019-01-15,55837628031.0
2019-01-16,56089287071.0
2019-01-17,52358133978.0
2019-01-18,47506863588.0
2019-01-21,44210706063.0
2019-01-22,45762195624.0
2019-01-23,43768245442.0
2019-01-24,48202404907.0
2019-01-25,50227257726.0
2019-01-28,45821038786.0
2019-01-29,46174243262.0
2019-01-30,35154380915.0
2019-01-31,40577679127.0
2019-02-01,32276446495.0
2019-02-11,39371924784.0
2019-02-12,51004214018.0
2019-02-13,63884056718.0
2019-02-14,60981781803.0
2019-02-15,61967106843.0
2019-02-18,80434310574.0
2019-02-19,92174385878.0
2019-02-20,77360068558.0
2019-02-21,96249495016.0
2019-02-22,90596339971.0
2019-02-25,136576128340.99998
2019-02-26,143253254552.0
2019-02-27,113827488022.0
2019-02-28,89479927269.0
2019-03-01,84717522014.0
2019-03-04,131247133837.0
2019-03-05,131015452046.0
2019-03-06,157831075439.0
2019-03-07,165755861021.0
2019-03-08,162521653631.0
2019-03-11,134384164813.0
2019-03-12,169106370161.0
2019-03-13,162232373238.0
2019-03-14,121780973879.0
2019-03-15,112925186821.0
2019-03-18,113901021237.0
2019-03-19,114127523648.0
2019-03-20,118013822542.0
2019-03-21,137186137951.0
2019-03-22,129829166615.0
2019-03-25,124577604306.0
2019-03-26,122579804436.0
2019-03-27,109038564732.0
2019-03-28,113134651177.0
2019-03-29,116714713588.0
2019-04-01,148326720842.0
2019-04-02,160341996059.0
2019-04-03,135881299831.99998
2019-04-04,144494816401.0
2019-04-08,147726664247.0
2019-04-09,130205677877.0
2019-04-10,134354234891.0
2019-04-11,124214452388.0
2019-04-12,106433147939.0
2019-04-15,111321930507.0
2019-04-16,111150452756.0
2019-04-17,127046443224.0
2019-04-18,122519737350.0
2019-04-19,112717528024.0
2019-04-22,120816722511.0
2019-04-23,108136574564.0
2019-04-24,93461203223.0
2019-04-25,112232086338.0
2019-04-26,91695856656.0
2019-04-29,88902470664.0
2019-04-30,66879773158.0
2019-05-06,77111655513.0
2019-05-07,69490522638.0
2019-05-08,68263784213.0
2019-05-09,60371642861.0
2019-05-10,88791070263.0
2019-05-13,74870903622.0
2019-05-14,71315109589.0
2019-05-15,84007967786.0
2019-05-16,86438096659.0
2019-05-17,95062379589.0
2019-05-20,72579103103.0
2019-05-21,77343391000.0
2019-05-22,78498319820.0
2019-05-23,73587096181.0
2019-05-24,60531305152.0
2019-05-27,69825130939.0
2019-05-28,81711449723.0
2019-05-29,77397948067.0
2019-05-30,79281368903.0
2019-05-31,74612535915.0
2019-06-03,78327771517.0
2019-06-04,70023298861.0
2019-06-05,68717331119.0
2019-06-06,66909702981.0
2019-06-10,57959632393.0
2019-06-11,85743155717.0
2019-06-12,88769619178.0
2019-06-13,82742275588.0
2019-06-14,76093680972.0
2019-06-17,61823402855.0
2019-06-18,60687337185.0
2019-06-19,80912149786.0
2019-06-20,89785428344.0
2019-06-21,106744510583.0
2019-06-24,94308630570.0
2019-06-25,88612870884.0
2019-06-26,73558041589.0
2019-06-27,81056187102.0
2019-06-28,77853403813.0
2019-07-01,94181670657.0
2019-07-02,91277075027.0
2019-07-03,74610729507.0
2019-07-04,68821368068.0
2019-07-05,60463273525.0
2019-07-08,77421374017.0
2019-07-09,59454153288.0
2019-07-10,60844875146.0
2019-07-11,61164526955.0
2019-07-12,56664598987.0
2019-07-15,66010101426.0
2019-07-16,61333065756.0
2019-07-17,64695259476.0
2019-07-18,63171029868.0
2019-07-19,57518044718.0
2019-07-22,58939745714.0
2019-07-23,50203466967.0
2019-07-24,63123613891.0
2019-07-25,60693059916.0
2019-07-26,54030017938.0
2019-07-29,51450236199.0
2019-07-30,56514255310.0
2019-07-31,53741090756.0
2019-08-01,56510901738.0
2019-08-02,64269087469.0
2019-08-05,56888119426.0
2019-08-06,71392954274.0
2019-08-07,54627560243.0
2019-08-08,50205783437.0
2019-08-09,54740143597.0
2019-08-12,51471294769.0
2019-08-13,49920904346.0
2019-08-14,57266181930.0
2019-08-15,57245934612.0
2019-08-16,61284897559.0
2019-08-19,81546507714.0
2019-08-20,85177721324.0
2019-08-21,74857111285.0
2019-08-22,72111199451.0
2019-08-23,74365362587.0
2019-08-26,67278360590.0
2019-08-27,78680620340.0
2019-08-28,77115388842.0
2019-08-29,73587525341.0
2019-08-30,82409038050.0
2019-09-02,79393811769.0
2019-09-03,85022278447.0
2019-09-04,88369190047.0
2019-09-05,116474890006.0
2019-09-06,96596455075.0
2019-09-09,112636019212.0
2019-09-10,114835196750.0
2019-09-11,104069944599.0
2019-09-12,91579029133.0
2019-09-16,98186671149.0
2019-09-17,99103028957.0
2019-09-18,82252504845.0
2019-09-19,85108417053.0
2019-09-20,91637929913.0
2019-09-23,81737980778.0
2019-09-24,91797215217.0
2019-09-25,89367140081.0
2019-09-26,88692199834.0
2019-09-27,67696466164.00001
2019-09-30,54829073841.0
2019-10-08,56561529346.0
2019-10-09,58404272690.0
2019-10-10,66784667212.0
2019-10-11,73715599785.0
2019-10-14,81823329535.0
2019-10-15,79473552663.0
2019-10-16,69381107925.0
2019-10-17,62708356455.0
2019-10-18,67360308677.0
2019-10-21,60415653911.0
2019-10-22,61734208706.0
2019-10-23,64245550875.0
2019-10-24,60212512226.0
2019-10-25,62427116975.0
2019-10-28,79432469332.0
2019-10-29,87571910909.0
2019-10-30,74305110066.0
2019-10-31,66136440159.0
2019-11-01,60298622963.0
2019-11-04,62835981833.0
2019-11-05,60680170771.0
2019-11-06,60545162709.0
2019-11-07,59094887736.0
2019-11-08,64325661775.0
2019-11-11,63425911076.0
2019-11-12,55738423453.0
2019-11-13,52826089866.0
2019-11-14,57969537031.0
2019-11-15,60584450887.0
2019-11-18,53696884894.0
2019-11-19,63122388947.0
2019-11-20,63772812105.0
2019-11-21,54305856613.0
2019-11-22,62266160633.0
2019-11-25,51759112206.0
2019-11-26,44989099675.0
2019-11-27,45723790958.0
2019-11-28,48478928617.0
2019-11-29,45277277791.0
2019-12-02,47394988009.0
2019-12-03,49604188566.0
2019-12-04,51280313616.0
2019-12-05,60053121939.0
2019-12-06,61248226851.0
2019-12-09,67372801261.00001
2019-12-10,68997885061.0
2019-12-11,69846851464.0
2019-12-12,70444556718.0
2019-12-13,73965094555.0
2019-12-16,89743499695.0
2019-12-17,104252547927.0
2019-12-18,101472947574.0
2019-12-19,97636534082.0
2019-12-20,94044833202.0
2019-12-23,84977707690.0
2019-12-24,72739312693.0
2019-12-25,81009414100.0
2019-12-26,83641595431.0
2019-12-27,92988517721.0
2019-12-30,83591675539.0
2019-12-31,76469473543.0
2020-01-02,97650244628.0
2020-01-03,110719836475.0
2020-01-06,118227703768.0
2020-01-07,117951321345.0
2020-01-08,124095457470.0
2020-01-09,113017979420.0
2020-01-10,107470566543.0
2020-01-13,103322642435.0
2020-01-14,114381047455.0
2020-01-15,102767044836.0
2020-01-16,98358107678.0
2020-01-17,95245680719.0
2020-01-20,100097435782.0
2020-01-21,100485213997.0
2020-01-22,102977220215.0
2020-01-23,111864146117.0
2020-02-03,44209463840.0
2020-02-04,121764506610.0
2020-02-05,114809656097.0
2020-02-06,125481773478.0
2020-02-07,138454037580.0
2020-02-10,133895190278.0
2020-02-11,121927066050.0
2020-02-12,116950908798.0
2020-02-13,127896877433.0
2020-02-14,117153786903.0
2020-02-17,135816618349.0
2020-02-18,161271955154.0
2020-02-19,167717764425.0
2020-02-20,163201694948.0
2020-02-21,180730149725.0
2020-02-24,184724999070.0
2020-02-25,212158691760.0
2020-02-26,193176095031.0
2020-02-27,156755796823.0
2020-02-28,163975335041.0
2020-03-02,148568487634.0
2020-03-03,180075905980.0
2020-03-04,157085806174.0
2020-03-05,180476584145.0
2020-03-06,167612127765.0
2020-03-09,174224431419.0
2020-03-10,178249733621.0
2020-03-11,171964082446.0
2020-03-12,150083971712.0
2020-03-13,155808151018.0
2020-03-16,155037455657.0
2020-03-17,132361066644.0
2020-03-18,139404126384.0
2020-03-19,123004552465.0
2020-03-20,122516768461.0
2020-03-23,116353933511.0
2020-03-24,120205468994.0
2020-03-25,122845841078.0
2020-03-26,112608126067.0
2020-03-27,107730969157.0
2020-03-30,105875062035.0
2020-03-31,95788944294.0
2020-04-01,97200269396.0
2020-04-02,99541193694.0
2020-04-03,104135031494.0
2020-04-07,123956777040.0
2020-04-08,129508094235.0
2020-04-09,124651167567.0
2020-04-10,123548664790.0
2020-04-13,90584496552.0
2020-04-14,96003181684.0
2020-04-15,109971261992.0
2020-04-16,105525576472.0
2020-04-17,117026676568.0
2020-04-20,101342050533.0
2020-04-21,110551676979.0
2020-04-22,114300560047.0
2020-04-23,124004815795.0
2020-04-24,116563890513.0
2020-04-27,95157156207.0
2020-04-28,105763403006.0
2020-04-29,83896307974.0
2020-04-30,92818483785.0
2020-05-06,94253741139.0
2020-05-07,101143168146.0
2020-05-08,101686608742.0
2020-05-11,103630440682.0
2020-05-12,94377525604.0
2020-05-13,93049935919.0
2020-05-14,97461178504.0
2020-05-15,94365608076.0
2020-05-18,105024915986.0
2020-05-19,98120293965.0
2020-05-20,108410691592.0
2020-05-21,99125976434.0
2020-05-22,93480310536.0
2020-05-25,80411486549.0
2020-05-26,90651664680.0
2020-05-27,100909701797.0
2020-05-28,96350076126.0
2020-05-29,90831132653.0
2020-06-01,111606970817.0
2020-06-02,116961251450.0
2020-06-03,123020191340.0
2020-06-04,108687542862.0
2020-06-05,104523086962.0
2020-06-08,104984896411.0
2020-06-09,94161152520.0
2020-06-10,90524052045.0
2020-06-11,104207313161.0
2020-06-12,97825444473.0
2020-06-15,105070002491.0
2020-06-16,102724545948.0
2020-06-17,117145726994.0
2020-06-18,108632755567.0
2020-06-19,100377485709.0
2020-06-22,104167755999.0
2020-06-23,98941164400.0
2020-06-24,96153843393.0
2020-06-29,92339950953.0
2020-06-30,98823390525.0
2020-07-01,112112709516.0
2020-07-02,114352722687.0
2020-07-03,125848985050.0
2020-07-06,175407152974.0
2020-07-07,200485916694.0
2020-07-08,182062599852.0
2020-07-09,217150975609.0
2020-07-10,200351896666.0
2020-07-13,214125996450.0
2020-07-14,221335209139.0
2020-07-15,198617680198.0
2020-07-16,167951680179.0
2020-07-17,127741182104.0
2020-07-20,134955205261.0
2020-07-21,135864780851.00002
2020-07-22,143597387532.0
2020-07-23,152299741293.0
2020-07-24,163950294606.0
2020-07-27,113962047869.0
2020-07-28,117854710139.0
2020-07-29,131544736414.0
2020-07-30,148161325301.0
2020-07-31,153047196620.0
2020-08-03,181640732865.0
2020-08-04,192607687383.0
2020-08-05,166442857610.0
2020-08-06,163296436551.0
2020-08-07,159979700522.0
2020-08-10,145245562611.0
2020-08-11,153131009584.0
2020-08-12,143379444157.0
2020-08-13,132710760664.0
2020-08-14,126734949259.0
2020-08-17,144051714370.0
2020-08-18,157114527195.0
2020-08-19,161603215574.0
2020-08-20,126541901286.0
2020-08-21,124195935549.0
2020-08-24,125758692225.0
2020-08-25,144915972079.0
2020-08-26,141143189585.0
2020-08-27,133609511991.0
2020-08-28,142010848845.0
2020-08-31,143331819918.0
2020-09-01,131393600543.0
2020-09-02,165940786495.0
2020-09-03,159004385198.0
2020-09-04,146608528194.0
2020-09-07,177622143941.0
2020-09-08,170922242757.0
2020-09-09,203375792308.0
2020-09-10,167763506205.0
2020-09-11,117832804635.0
2020-09-14,135709268527.00002
2020-09-15,133182412517.0
2020-09-16,116491212913.0
2020-09-17,116564114789.0
2020-09-18,123489955132.0
2020-09-21,116372231336.0
2020-09-22,114738259106.0
2020-09-23,111664421348.0
2020-09-24,113108225871.0
2020-09-25,94172328857.0
2020-09-28,84477265275.0
2020-09-29,88068445004.0
2020-09-30,86814555032.0
2020-10-09,107289351650.0
2020-10-12,146227642713.0
2020-10-13,147582869399.0
2020-10-14,152793609414.0
2020-10-15,139086736498.0
2020-10-16,130516301243.0
2020-10-19,132110741419.0
2020-10-20,123997100561.0
2020-10-21,133997464601.0
2020-10-22,122318167247.0
2020-10-23,129424550121.0
2020-10-26,117721194023.0
2020-10-27,122423159446.0
2020-10-28,131844951743.0
2020-10-29,139595562650.0
2020-10-30,144823328807.0
2020-11-02,118262267822.0
2020-11-03,123327351749.0
2020-11-04,126936608356.0
2020-11-05,136878698576.99998
2020-11-06,127806435053.0
2020-11-09,146359376299.0
2020-11-10,138720102005.0
2020-11-11,114976476978.0
2020-11-12,102385660041.0
2020-11-13,96691675813.0
2020-11-16,108626682587.0
2020-11-17,115826765839.0
2020-11-18,109732619795.0
2020-11-19,114755347875.0
2020-11-20,110818836879.0
2020-11-23,124079537192.0
2020-11-24,111109622546.0
2020-11-25,116666880925.0
2020-11-26,105085733092.0
2020-11-27,102643626650.0
2020-11-30,104808573345.0
2020-12-01,105038348977.0
2020-12-02,109096406745.0
2020-12-03,108108193161.0
2020-12-04,98983854967.0
2020-12-07,98768355899.0
2020-12-08,93794304171.0
2020-12-09,104348083876.0
2020-12-10,93960416699.0
2020-12-11,107983298398.0
2020-12-14,97337875766.0
2020-12-15,95749339908.0
2020-12-16,100515879376.0
2020-12-17,105572790650.0
2020-12-18,101808194386.0
2020-12-21,110036148918.0
2020-12-22,127271028813.0
2020-12-23,122446523938.0
2020-12-24,124672928395.0
2020-12-25,111250146711.0
2020-12-28,115859762601.0
2020-12-29,113183695470.0
2020-12-30,98685239611.0
2020-12-31,104625495550.0
2021-01-04,122866774328.0
2021-01-05,130453755363.0
2021-01-06,130132215760.0
2021-01-07,130039747761.0
2021-01-08,105996582108.0
2021-01-11,106345825680.0
2021-01-12,89716166681.0
2021-01-13,101545568625.0
2021-01-14,88343856998.0
2021-01-15,84158101411.0
2021-01-18,90966916822.0
2021-01-19,98298719003.0
2021-01-20,90139916360.0
2021-01-21,102750788025.0
2021-01-22,100816023075.0
2021-01-25,101548616943.0
2021-01-26,84122772152.0
2021-01-27,80530147458.0
2021-01-28,81627494693.0
2021-01-29,84447407662.0
2021-02-01,75141097037.0
2021-02-02,72106044756.0
2021-02-03,79302169227.0
2021-02-04,78150759645.0
2021-02-05,71140292170.0
2021-02-08,61356126648.0
2021-02-09,62039017763.0
2021-02-10,59646460142.0
2021-02-18,75521317610.0
2021-02-19,81518055410.0
2021-02-22,112807662490.0
2021-02-23,90836575562.0
2021-02-24,88719189911.0
2021-02-25,83427905867.0
2021-02-26,82877509475.0
2021-03-01,88905749441.0
2021-03-02,88593899400.0
2021-03-03,85765866390.0
2021-03-04,97831586247.0
2021-03-05,96300515764.0
2021-03-08,99506413607.0
2021-03-09,97155175865.0
2021-03-10,77066060476.0
2021-03-11,77042684089.0
2021-03-12,82591348076.0
2021-03-15,80121534491.0
2021-03-16,89279168089.0
2021-03-17,90036738918.0
2021-03-18,90765409217.0
2021-03-19,91038488539.0
2021-03-22,93524550795.0
2021-03-23,101019702409.0
2021-03-24,91021488913.0
2021-03-25,86916414373.0
2021-03-26,88064167959.0
2021-03-29,89724497254.0
2021-03-30,91689803086.0
2021-03-31,81835354779.0
2021-04-01,85613771278.0
2021-04-02,82912383050.0
2021-04-06,84513269242.0
2021-04-07,87875706321.0
2021-04-08,97175789492.0
2021-04-09,86922098460.0
2021-04-12,91116931161.0
2021-04-13,88128340407.0
2021-04-14,84944624587.0
2021-04-15,87400193222.0
2021-04-16,98665424250.0
2021-04-19,107960689925.0
2021-04-20,111173212303.0
2021-04-21,99648767516.0
2021-04-22,96948382747.0
2021-04-23,98766695477.0
2021-04-26,104423046058.0
2021-04-27,98960002221.0
2021-04-28,95192874894.0
2021-04-29,94051651505.0
2021-04-30,92452649271.0
2021-05-06,95642493942.0
2021-05-07,96110371312.0
2021-05-10,96594632723.0
2021-05-11,99359629331.0
2021-05-12,103275405516.0
2021-05-13,108153594832.0
2021-05-14,108731962357.0
2021-05-17,107561382067.0
2021-05-18,94668617563.0
2021-05-19,100760623489.0
2021-05-20,106343218892.0
2021-05-21,102689054398.0
2021-05-24,101928596878.0
2021-05-25,105834351168.0
2021-05-26,110165682031.0
2021-05-27,116115396753.0
2021-05-28,123646814557.0
2021-05-31,124973072558.0
2021-06-01,135427848573.00002
2021-06-02,133414055229.0
2021-06-03,117245351276.0
2021-06-04,112550287880.0
2021-06-07,116419966699.0
2021-06-08,120779468140.0
2021-06-09,115737618619.0
2021-06-10,124105270989.0
2021-06-11,125501764684.0
2021-06-15,132847170777.0
2021-06-16,126485067215.0
2021-06-17,125869700632.0
2021-06-18,133778346193.0
2021-06-21,141030403830.0
2021-06-22,150617484897.0
2021-06-23,151014434005.0
2021-06-24,143656490514.0
2021-06-25,136937438930.0
2021-06-28,135468086208.99998
2021-06-29,138899131014.0
2021-06-30,137002732907.0
2021-07-01,148101344952.0
2021-07-02,132370168702.0
2021-07-05,137602317991.0
2021-07-06,150313841603.0
2021-07-07,140705414858.0
2021-07-08,160420814781.0
2021-07-09,152580181298.0
2021-07-12,174108291679.0
2021-07-13,174811595037.0
2021-07-14,174623541940.0
2021-07-15,159212325740.0
2021-07-16,155123079035.0
2021-07-19,154539837952.0
2021-07-20,142284709119.0
2021-07-21,170414805014.0
2021-07-22,188291148197.0
2021-07-23,194585925373.0
2021-07-26,185326056924.0
2021-07-27,196521450732.0
2021-07-28,169514193480.0
2021-07-29,169824410663.0
2021-07-30,192680278394.0
2021-08-02,200502944878.0
2021-08-03,203329999132.0
2021-08-04,178236752580.0
2021-08-05,180321267044.0
2021-08-06,171844575959.0
2021-08-09,173846157836.0
2021-08-10,196436238922.0
2021-08-11,199988753739.0
2021-08-12,204151902184.0
2021-08-13,202322123628.0
2021-08-16,201934720689.0
2021-08-17,204561949247.0
2021-08-18,175344998696.0
2021-08-19,170388006630.0
2021-08-20,170609488035.0
2021-08-23,198885059619.0
2021-08-24,211299073794.0
2021-08-25,201295284469.0
2021-08-26,215980217465.0
2021-08-27,210772329771.0
2021-08-30,220359409195.0
2021-08-31,201461982130.0
2021-09-01,212488186387.0
2021-09-02,190706002562.0
2021-09-03,217794419227.0
2021-09-06,191701266638.0
2021-09-07,196098588157.0
2021-09-08,217093169491.0
2021-09-09,214733088671.0
2021-09-10,208058659639.0
2021-09-13,203021627600.0
2021-09-14,219680501905.0
2021-09-15,205397250810.0
2021-09-16,233315654835.0
2021-09-17,214801042361.0
2021-09-22,190031893827.0
2021-09-23,212396260481.0
2021-09-24,195677228906.0
2021-09-27,192049135409.0
2021-09-28,144920488653.0
2021-09-29,148250885353.0
2021-09-30,134477404180.0
2021-10-08,145744163985.0
2021-10-11,135659629338.0
2021-10-12,139975864824.0
2021-10-13,119248515831.0
2021-10-14,124790360103.0
2021-10-15,132351931600.0
2021-10-18,131151116183.0
2021-10-19,137388556157.0
2021-10-20,149228197117.0
2021-10-21,145777932409.0
2021-10-22,146520858090.0
2021-10-25,144456869407.0
2021-10-26,159507258969.0
2021-10-27,157656178664.0
2021-10-28,152466729804.0
2021-10-29,148073462645.0
2021-11-01,166263229627.0
2021-11-02,179549113559.0
2021-11-03,145237490297.0
2021-11-04,166250700622.0
2021-11-05,188062541920.0
2021-11-08,167202890224.0
2021-11-09,172534374386.0
2021-11-10,173155893477.0
2021-11-11,185455340381.0
2021-11-12,185531599078.0
2021-11-15,206299303805.0
2021-11-16,198231539043.0
2021-11-17,192481094945.0
2021-11-18,208439089555.0
2021-11-19,198231146799.0
2021-11-22,204903143193.0
2021-11-23,212531550015.0
2021-11-24,206883594594.0
2021-11-25,203484799217.0
2021-11-26,203519518243.0
2021-11-29,206563848989.0
2021-11-30,224020469337.0
2021-12-01,215606267554.0
2021-12-02,216293810342.0
2021-12-03,188624663527.0
2021-12-06,194118644413.0
2021-12-07,187190265551.0
2021-12-08,170991367055.0
2021-12-09,182153451095.0
2021-12-10,181175854376.0
2021-12-13,210169667098.0
2021-12-14,219542592831.0
2021-12-15,224662405705.0
2021-12-16,223596376830.0
2021-12-17,234761119981.0
2021-12-20,228107462186.0
2021-12-21,208834353282.0
2021-12-22,230002552972.0
2021-12-23,217305437843.0
2021-12-24,232825527978.0
2021-12-27,198585924405.0
2021-12-28,199468699415.0
2021-12-29,197035071425.0
2021-12-30,208647876239.0
2021-12-31,218988163400.0
2022-01-04,248807279305.0
2022-01-05,261326940578.0
2022-01-06,225855746359.0
2022-01-07,241153507229.0
2022-01-10,192377753063.0
2022-01-11,208140450385.0
2022-01-12,210896473377.0
2022-01-13,221053916447.0
2022-01-14,229900926193.0
2022-01-17,234651779605.0
2022-01-18,258952415292.0
2022-01-19,214613896901.0
2022-01-20,231749121340.0
2022-01-21,185047345377.0
2022-01-24,153362990255.0
2022-01-25,182392852299.0
2022-01-26,146317226454.0
2022-01-27,149440320471.0
2022-01-28,141585164983.0
2022-02-07,142389738451.0
2022-02-08,157299720342.0
2022-02-09,173281805012.0
2022-02-10,174921480326.0
2022-02-11,183914887918.0
2022-02-14,160911089862.0
2022-02-15,160615793714.0
2022-02-16,175244989719.0
2022-02-17,198527842089.0
2022-02-18,168262223671.0
2022-02-21,193136744200.0
2022-02-22,208120618056.0
2022-02-23,219091579989.0
2022-02-24,287036129561.0
2022-02-25,206026715906.0
2022-02-28,197178730087.0
2022-03-01,197921473686.0
2022-03-02,203560425685.0
2022-03-03,221626669658.0
2022-03-04,215886920002.0
2022-03-07,194798880398.0
2022-03-08,212798900839.0
2022-03-09,215411620981.0
2022-03-10,216569039348.0
2022-03-11,209269699847.0
2022-03-14,203869696780.0
2022-03-15,211162389276.0
2022-03-16,223115856763.0
2022-03-17,252536856701.0
2022-03-18,205390262670.0
2022-03-21,220946321809.0
2022-03-22,221543625164.0
2022-03-23,219597818656.0
2022-03-24,206655453101.0
2022-03-25,213817399477.0
2022-03-28,190584383433.0
2022-03-29,194630690835.0
2022-03-30,200035412015.0
2022-03-31,227188736677.0
2022-04-01,203971818790.0
2022-04-06,199757019804.0
2022-04-07,195212436496.0
2022-04-08,187714395472.0
2022-04-11,184214162033.0
2022-04-12,176010453721.0
2022-04-13,176603627166.0
2022-04-14,159452432928.0
2022-04-15,185474455348.0
2022-04-18,149311357999.0
2022-04-19,155877646393.0
2022-04-20,164974141400.0
2022-04-21,171478306370.0
2022-04-22,144723385414.0
2022-04-25,160808472110.0
2022-04-26,144966948253.0
2022-04-27,151165754709.0
2022-04-28,135797701324.99998
2022-04-29,150637947765.0
2022-05-05,144351181277.0
2022-05-06,140642405644.0
2022-05-09,133017341903.0
2022-05-10,154641892778.0
2022-05-11,200211272247.0
2022-05-12,169473836088.0
2022-05-13,156154117312.0
2022-05-16,158619945604.0
2022-05-17,150635108626.0
2022-05-18,154566949619.0
2022-05-19,161454536000.0
2022-05-20,165301251341.0
2022-05-23,164783722742.0
2022-05-24,194478503499.0
2022-05-25,149912767139.0
2022-05-26,157541556555.0
2022-05-27,162300261932.0
2022-05-30,160314744267.0
2022-05-31,175351019812.0
2022-06-01,175962799512.0
2022-06-02,172378149345.0
2022-06-06,194413091032.0
2022-06-07,189555287940.0
2022-06-08,187930553478.0
2022-06-09,171751217210.0
2022-06-10,178596567326.0
2022-06-13,204830481252.0
2022-06-14,209384070423.0
2022-06-15,220624690722.0
2022-06-16,200040277376.0
2022-06-17,203604548462.0
2022-06-20,216696031447.0
2022-06-21,220390410759.0
2022-06-22,201928647779.0
2022-06-23,215310231641.0
2022-06-24,230483213055.0
2022-06-27,237347740235.0
2022-06-28,250886878087.0
2022-06-29,267109656176.0
2022-06-30,234157706697.0
2022-07-01,214041112499.0
2022-07-04,214713150405.0
2022-07-05,223874336503.0
2022-07-06,202935830475.0
2022-07-07,206597158963.0
2022-07-08,210177711570.0
2022-07-11,203872831001.0
2022-07-12,203152367499.0
2022-07-13,197720556704.0
2022-07-14,218242306720.0
2022-07-15,228967671114.0
2022-07-18,223479300208.0
2022-07-19,244683097556.0
2022-07-20,228802257455.0
2022-07-21,235786954967.0
2022-07-22,223458287338.0
2022-07-25,203090228981.0
2022-07-26,201066256684.0
2022-07-27,217936919698.0
2022-07-28,241138822000.0
2022-07-29,239079518868.0
2022-08-01,234091555966.0
2022-08-02,277907242270.0
2022-08-03,259309212442.0
2022-08-04,212139670640.0
2022-08-05,217186471892.0
2022-08-08,216797501784.0
2022-08-09,225756776550.0
2022-08-10,233774243383.0
2022-08-11,247967902819.0
2022-08-12,245023919561.0
2022-08-15,225803926186.0
2022-08-16,255947396078.0
2022-08-17,268617730538.0
2022-08-18,273719014454.0
2022-08-19,286473324981.0
2022-08-22,242819503104.0
2022-08-23,248958087644.0
2022-08-24,283261424834.0
2022-08-25,240368532924.0
2022-08-26,222600423427.0
2022-08-29,203996845148.0
2022-08-30,206108883601.0
2022-08-31,217146876323.0
2022-09-01,183149838872.0
2022-09-02,177064854359.0
2022-09-05,176541164837.0
2022-09-06,199433777169.0
2022-09-07,220387090284.0
2022-09-08,203678166566.0
2022-09-09,173144755359.0
2022-09-13,167533776765.0
2022-09-14,164187510950.0
2022-09-15,196477770089.0
2022-09-16,159132748586.0
2022-09-19,143875804968.0
2022-09-20,149247670028.0
2022-09-21,147894148584.0
2022-09-22,147452638113.0
2022-09-23,151868750761.0
2022-09-26,146101518040.0
2022-09-27,144388668334.0
2022-09-28,148407932144.0
2022-09-29,136016832533.0
2022-09-30,119948927384.0
2022-10-10,125053281172.0
2022-10-11,118904596493.0
2022-10-12,147633019401.0
2022-10-13,157877070915.0
2022-10-14,172399601525.0
2022-10-17,175427502936.0
2022-10-18,192586610349.0
2022-10-19,183294498524.0
2022-10-20,178421481468.0
2022-10-21,162258030095.0
2022-10-24,187955025265.0
2022-10-25,187313977819.0
2022-10-26,204880449782.0
2022-10-27,202111842820.0
2022-10-28,199905184864.0
2022-10-31,175268108347.0
2022-11-01,197908899565.0
2022-11-02,222671485715.0
2022-11-03,199405361378.0
2022-11-04,221595961917.0
2022-11-07,221722268296.0
2022-11-08,202915585390.0
2022-11-09,195215836169.0
2022-11-10,215035506411.0
2022-11-11,274619909679.00003
2022-11-14,228207110867.0
2022-11-15,229034641048.0
2022-11-16,223798991148.0
2022-11-17,211515298178.0
2022-11-18,236199259505.0
2022-11-21,218236445558.0
2022-11-22,221842076926.0
2022-11-23,199087396309.0
2022-11-24,196195178617.0
2022-11-25,179365468978.0
2022-11-28,173569196372.0
2022-11-29,208007470470.0
2022-11-30,216323937509.0
2022-12-01,233207025732.0
2022-12-02,217394724192.0
2022-12-05,232467819167.0
2022-12-06,221052275706.0
2022-12-07,208351513900.0
2022-12-08,208782073492.0
2022-12-09,206183306300.0
2022-12-12,217132170652.0
2022-12-13,215592577149.0
2022-12-14,208695596064.0
2022-12-15,205456251399.0
2022-12-16,214814526029.0
2022-12-19,203983072620.0
2022-12-20,166900850824.0
2022-12-21,165146754670.0
2022-12-22,178068186451.0
2022-12-23,170892730677.0
2022-12-26,171783766967.0
2022-12-27,185414308462.0
2022-12-28,172319199224.0
2022-12-29,163926960318.0
2022-12-30,165709731273.0
2023-01-03,196969827915.0
2023-01-04,209650321940.0
2023-01-05,210564233093.0
2023-01-06,214303818502.0
2023-01-09,190241707831.0
2023-01-10,179689156286.0
2023-01-11,186683344032.0
2023-01-12,174730841821.0
2023-01-13,167400104000.0
2023-01-16,171250353163.0
2023-01-17,164905029035.0
2023-01-18,154055352693.0
2023-01-19,155053378452.0
2023-01-20,158375461000.0
2023-01-30,228546812238.0
2023-01-31,219297097874.0
2023-02-01,248543097332.0
2023-02-02,257377058912.0
2023-02-03,237796590939.0
2023-02-06,229416695349.0
2023-02-07,244813379695.0
2023-02-08,240570451139.0
2023-02-09,241185123793.0
2023-02-10,246643970739.0
2023-02-13,244444498612.0
2023-02-14,255131527228.0
2023-02-15,253388888126.0
2023-02-16,314381470596.0
2023-02-17,232404519088.0
2023-02-20,211175183833.0
2023-02-21,216160795251.0
2023-02-22,195099054847.0
2023-02-23,200089355581.0
2023-02-24,175863881576.0
2023-02-27,185714424922.0
2023-02-28,183472481680.0
2023-03-01,218278471935.0
2023-03-02,237826135414.0
2023-03-03,208783316386.0
2023-03-06,206464979922.0
2023-03-07,209508563086.0
2023-03-08,169632252852.0
2023-03-09,188166659736.0
2023-03-10,189280117430.0
2023-03-13,185373694536.0
2023-03-14,200076739148.0
2023-03-15,180256727501.0
2023-03-16,176054499680.0
2023-03-17,190743144866.0
2023-03-20,211729464276.0
2023-03-21,188994393392.0
2023-03-22,214001956126.0
2023-03-23,206510764456.0
2023-03-24,229296068983.0
2023-03-27,240770487725.0
2023-03-28,219144787775.0
2023-03-29,205842086275.0
2023-03-30,193834421576.0
2023-03-31,190690734958.0
2023-04-03,235753468019.0
2023-04-04,246201293775.0
2023-04-06,223723919676.0
2023-04-07,211161564105.0
2023-04-10,239717085126.0
2023-04-11,199828257625.0
2023-04-12,223660640883.0
2023-04-13,240542209456.0
2023-04-14,220722548778.0
2023-04-17,204956443119.0
2023-04-18,191396972331.0
2023-04-19,204141164550.0
2023-04-20,215772205338.0
2023-04-21,239173508034.0
2023-04-24,203571289421.0
2023-04-25,219353699446.0
2023-04-26,222726401391.0
2023-04-27,210842062170.0
2023-04-28,219919002333.0
2023-05-04,230633528936.0
2023-05-05,211720033335.0
2023-05-08,212819411411.0
2023-05-09,220476185531.0
2023-05-10,198464662168.0
2023-05-11,196846201873.0
2023-05-12,185464364753.0
2023-05-15,195418887331.0
2023-05-16,199919476266.0
2023-05-17,190748816203.0
2023-05-18,207661570710.0
2023-05-19,194055452706.0
2023-05-22,191458906159.0
2023-05-23,186162170031.0
2023-05-24,195370534665.0
2023-05-25,215610557004.0
2023-05-26,213000443486.0
2023-05-29,216267063812.0
2023-05-30,223991924860.0
2023-05-31,228236501135.0
2023-06-01,242802511442.0
2023-06-02,235049813602.0
2023-06-05,217825106744.0
2023-06-06,242766967054.0
2023-06-07,215988540480.0
2023-06-08,232231316103.0
2023-06-09,234078554666.0
2023-06-12,255936824082.0
2023-06-13,256570521064.0
2023-06-14,272387450353.99997
2023-06-15,280211411816.0
2023-06-16,278629239567.0
2023-06-19,300598169970.0
2023-06-20,297035526060.0
2023-06-21,281115632644.0
2023-06-26,259791285275.0
2023-06-27,235093819790.0
2023-06-28,252705902304.0
2023-06-29,247205697796.0
2023-06-30,260194565150.0
2023-07-03,271200147040.00003
2023-07-04,252936065653.0
2023-07-05,242379585180.0
2023-07-06,225651378770.0
2023-07-07,228636818172.0
2023-07-10,202641896009.0
2023-07-11,206790730280.0
2023-07-12,250138844599.0
2023-07-13,243586025701.0
2023-07-14,253055048901.0
2023-07-17,220023918975.0
2023-07-18,219975580591.0
2023-07-19,201897321188.0
2023-07-20,214986480168.0
2023-07-21,195449477737.0
2023-07-24,178298579406.0
2023-07-25,208919296176.0
2023-07-26,203986627839.0
2023-07-27,192347548012.0
2023-07-28,194872060051.0
2023-07-31,214502127330.0
2023-08-01,209288592699.0
2023-08-02,193859139880.0
2023-08-03,181628438798.0
2023-08-04,208876842829.0
2023-08-07,202597137540.0
2023-08-08,192797731469.0
2023-08-09,179973227355.0
2023-08-10,158283034878.0
2023-08-11,172123811714.0
2023-08-14,169579487415.0
2023-08-15,170776514103.0
2023-08-16,169494528941.0
2023-08-17,180004146610.0
2023-08-18,183693504370.0
2023-08-21,163661348666.0
2023-08-22,197024766680.0
2023-08-23,187144814961.0
2023-08-24,199047437010.0
2023-08-25,201688884140.0
2023-08-28,242094260821.0
2023-08-29,247502627219.0
2023-08-30,251984129760.0
2023-08-31,214326665928.0
2023-09-01,196766468690.0
2023-09-04,207578785521.0
2023-09-05,210490297056.0
2023-09-06,208223019553.0
2023-09-07,211474946195.0
2023-09-08,194672064365.0
2023-09-11,218256153738.0
2023-09-12,206047465015.0
2023-09-13,206402249071.0
2023-09-14,183680959843.0
2023-09-15,182436267229.0
2023-09-18,188541102414.0
2023-09-19,174704301218.0
2023-09-20,155758959387.0
2023-09-21,148256248059.0
2023-09-22,187601380496.0
2023-09-25,187308311762.0
2023-09-26,190600429659.0
2023-09-27,193605323769.0
2023-09-28,194081891998.0
2023-10-09,207503191543.0
2023-10-10,220849593244.0
2023-10-11,233015901107.0
2023-10-12,217214872039.0
2023-10-13,222661973267.0
2023-10-16,225310605467.0
2023-10-17,204237679076.0
2023-10-18,206422406723.0
2023-10-19,202774903206.0
2023-10-20,183928328153.0
2023-10-23,182702160892.0
2023-10-24,203619556912.0
2023-10-25,221666420596.0
2023-10-26,236785827569.0
2023-10-27,260977466392.0
2023-10-30,267665756839.0
2023-10-31,253966179434.0
2023-11-01,217654284893.0
2023-11-02,227065189018.0
2023-11-03,229350335877.0
2023-11-06,281180841529.0
2023-11-07,297255811218.0
2023-11-08,315891252082.0
2023-11-09,297562145422.0
2023-11-10,246065734589.0
2023-11-13,261470622395.0
2023-11-14,272554312264.0
2023-11-15,294059267288.0
2023-11-16,277262787104.0
2023-11-17,276408786591.0
2023-11-20,296998347357.0
2023-11-21,322532316537.0
2023-11-22,294057651219.0
2023-11-23,271202507399.0
2023-11-24,269370446704.0
2023-11-27,259030213521.0
2023-11-28,244895953612.0
2023-11-29,241524024305.0
2023-11-30,247067781951.0
2023-12-01,257738222745.0
2023-12-04,261428693684.0
2023-12-05,257040734470.0
2023-12-06,252307809482.0
2023-12-07,248465965257.0
2023-12-08,263658790197.0
2023-12-11,245912268608.0
2023-12-12,239692613230.0
2023-12-13,244924761751.0
2023-12-14,239534067439.0
2023-12-15,221816760970.0
2023-12-18,216251512775.0
2023-12-19,200984260823.0
2023-12-20,198649531483.0
2023-12-21,209554476203.0
2023-12-22,224946231087.0
2023-12-25,184443124596.0
2023-12-26,191167764907.0
2023-12-27,190812933113.0
2023-12-28,227402345958.0
2023-12-29,237406524942.0
2024-01-02,232819369865.0
2024-01-03,227450898173.0
2024-01-04,199449462874.0
2024-01-05,213069554840.0
2024-01-08,180742823637.0
2024-01-09,192141160936.0
2024-01-10,188898603281.0
2024-01-11,189762024259.0
2024-01-12,195422582887.0
2024-01-15,174342747126.0
2024-01-16,196191559685.0
2024-01-17,175368071781.0
2024-01-18,220196131849.0
2024-01-19,173931207132.0
2024-01-22,204143872694.0
2024-01-23,176231889136.0
2024-01-24,191005201725.0
2024-01-25,212456634663.0
2024-01-26,199640834052.0
2024-01-29,189729082408.0
2024-01-30,155732609500.0
2024-01-31,182779346138.0
2024-02-01,167252331618.0
2024-02-02,188682574090.0
2024-02-05,183742353420.0
2024-02-06,199100553476.0
2024-02-07,200298192070.0
2024-02-08,216364266101.0
2024-02-19,208323469506.0
2024-02-20,179155251910.0
2024-02-21,221516904191.0
2024-02-22,202321765704.0
2024-02-23,236893053545.0
2024-02-26,267549594825.0
2024-02-27,256054407875.0
2024-02-28,361099900476.0
2024-02-29,257711443889.0
2024-03-01,257403396883.0
2024-03-04,263900991957.0
2024-03-05,257856934221.0
2024-03-06,240746835387.0
2024-03-07,259562959034.0
2024-03-08,222162889680.0
2024-03-11,237615670410.0
2024-03-12,275037356864.0
2024-03-13,274485873934.0
2024-03-14,260036139003.0
2024-03-15,237071377616.0
2024-03-18,286296171630.0
2024-03-19,291808881590.0
2024-03-20,272666354966.00003
2024-03-21,299927942827.0
2024-03-22,297752864065.0
2024-03-25,280080758905.0
2024-03-26,252724809093.0
2024-03-27,230842423208.0
2024-03-28,238994435706.0
2024-03-29,226887872165.0
2024-04-01,243222128702.0
2024-04-02,251129015192.0
2024-04-03,230183091657.0
2024-04-08,216051912121.0
2024-04-09,201342267279.0
2024-04-10,219505955279.0
2024-04-11,199881159580.0
2024-04-12,197973357748.0
2024-04-15,236645579236.0
2024-04-16,219176623893.0
2024-04-17,212748850432.0
2024-04-18,209586762508.0
2024-04-19,193067950821.0
2024-04-22,178169732621.0
2024-04-23,173851509931.0
2024-04-24,191263798625.0
2024-04-25,196116427834.0
2024-04-26,235582862249.0
2024-04-29,252702298389.0
2024-04-30,233819018686.0
2024-05-06,234824095074.0
2024-05-07,230203037776.0
2024-05-08,219982932725.0
2024-05-09,214142717303.0
2024-05-10,229064331187.0
2024-05-13,216998384683.0
2024-05-14,198982784395.0
2024-05-15,188487575499.0
2024-05-16,197038554387.0
2024-05-17,206947062679.0
2024-05-20,225779703995.0
2024-05-21,198373311428.0
2024-05-22,200627728046.0
2024-05-23,209494855930.0
2024-05-24,196681318923.0
2024-05-27,191728820837.0
2024-05-28,190216848867.0
2024-05-29,185683500590.0
2024-05-30,183866201389.0
2024-05-31,185513601550.0
2024-06-03,199734653128.0
2024-06-04,185531317712.0
2024-06-05,164359936381.0
2024-06-06,206096580644.0
2024-06-07,159799015973.0
2024-06-11,143301507328.0
2024-06-12,156668783846.0
2024-06-13,167455508756.0
2024-06-14,158193432567.0
2024-06-17,150140398552.0
2024-06-18,166882230154.0
2024-06-19,170793950641.0
2024-06-20,174124599248.0
2024-06-21,139366895891.0
2024-06-24,157279946937.0
2024-06-25,144048439656.0
2024-06-26,150312991382.0
2024-06-27,148788713132.0
2024-06-28,157099186299.0
2024-07-01,147489836814.0
2024-07-02,146120439812.0
2024-07-03,135529214345.0
2024-07-04,135296304437.0
2024-07-05,119362582604.0
2024-07-08,118835174185.0
2024-07-09,149946644957.0
2024-07-10,140702874598.0
2024-07-11,166637879043.0
2024-07-12,147279610195.0
2024-07-15,130951184030.0
2024-07-16,125723208537.0
2024-07-17,130358000705.0
2024-07-18,132122412405.0
2024-07-19,127900109202.0
2024-07-22,122493504463.0
2024-07-23,134919442520.00002
2024-07-24,135606957019.0
2024-07-25,120110691117.0
2024-07-26,132316010100.0
2024-07-29,131718620772.0
2024-07-30,144694433234.0
2024-07-31,208437625977.0
2024-08-01,195446721418.0
2024-08-02,190727933202.0
2024-08-05,191557870312.0
2024-08-06,157655561105.0
2024-08-07,159480288519.0
2024-08-08,165177549945.0
2024-08-09,142996883481.0
2024-08-12,130104945933.0
2024-08-13,119944043168.0
2024-08-14,126065539614.0
2024-08-15,156988650637.0
2024-08-16,169171970174.0
2024-08-19,156602857581.0
2024-08-20,149047101184.0
2024-08-21,139915915744.0
2024-08-22,147468553390.0
2024-08-23,139149922847.0
2024-08-26,130682888389.0
2024-08-27,129586920912.0
2024-08-28,121252429326.0
2024-08-29,139044207472.0
2024-08-30,191092004320.0
2024-09-02,163248201519.0
2024-09-03,137430960923.00002
2024-09-04,140035277440.0
2024-09-05,138948946626.0
2024-09-06,143027556800.0
2024-09-09,120605077482.0
2024-09-10,121949278272.0
2024-09-11,110833977582.0
2024-09-12,126156143265.0
2024-09-13,124684371800.0
2024-09-18,113919047938.0
2024-09-19,134007755618.0
2024-09-20,131511379207.0
2024-09-23,135345038711.0
2024-09-24,200287360455.0
2024-09-25,248340778016.0
2024-09-26,230095793413.0
2024-09-27,302304016864.0
2024-09-30,530830400150.0
2024-10-08,701998594499.0
2024-10-09,519564936983.0
2024-10-10,377869299757.0
2024-10-11,303824622002.0
2024-10-14,306725297285.0
2024-10-15,342919258490.0
2024-10-16,294892625132.0
2024-10-17,341481793806.0
2024-10-18,415737615121.0
2024-10-21,472056442109.0
2024-10-22,457480548908.0
2024-10-23,426256527676.0
2024-10-24,354535487913.0
2024-10-25,418311605777.0
2024-10-28,478883893813.0
2024-10-29,518525412585.0
2024-10-30,453951333392.0
2024-10-31,518534508164.0
2024-11-01,506350926316.0
2024-11-04,359861648696.0
2024-11-05,482592133280.0
2024-11-06,554131011733.0
2024-11-07,539886238007.0
2024-11-08,580694501114.0
2024-11-11,534956509662.0
2024-11-12,554054941180.0
2024-11-13,447655567083.0
2024-11-14,408186474937.0
2024-11-15,405678413429.0
2024-11-18,382073998666.0
2024-11-19,359253951443.0
2024-11-20,411945644900.0
2024-11-21,421962548200.0
2024-11-22,460932826443.0
2024-11-25,381301954242.0
2024-11-26,379928647913.0
2024-11-27,384544488140.0
2024-11-28,423013509001.0
2024-11-29,467363293861.0
2024-12-02,495665215582.0
2024-12-03,507520606507.0
2024-12-04,493020171369.0
2024-12-05,449179829610.0
2024-12-06,515437716677.0
2024-12-09,483738065300.0
2024-12-10,604378677803.0
2024-12-11,535659303510.0
2024-12-12,571791470677.0
2024-12-13,582660041826.0
2024-12-16,508740998514.0
2024-12-17,453570618227.0
2024-12-18,399042878247.0
2024-12-19,410962368850.0
2024-12-20,429819259573.0
2024-12-23,428567301819.0
2024-12-24,354794967164.0
2024-12-25,357831255305.0
2024-12-26,340605619933.0
2024-12-27,384929930238.0
2024-12-30,342579318115.0
2024-12-31,341693284100.0
2025-01-02,347028675523.0
2025-01-03,353689784597.0
2025-01-06,281238008717.0
2025-01-07,293027732479.0
2025-01-08,346955057913.0
2025-01-09,321674460107.0
2025-01-10,328671684228.0
2025-01-13,265017299896.0
2025-01-14,356124075212.0
2025-01-15,337701015284.0
2025-01-16,362615083654.0
2025-01-17,322271758174.0
2025-01-20,335043915808.0
2025-01-21,344559627576.0
2025-01-22,310467114131.0
2025-01-23,362613065937.0
2025-01-24,333795227709.0
2025-01-27,293456499921.0
2025-02-05,311004452591.0
2025-02-06,386421465731.0
2025-02-07,495283111961.0
2025-02-10,458304369730.0
2025-02-11,447231604172.0
2025-02-12,450952981999.0
2025-02-13,479210180914.0
2025-02-14,438388361419.0
2025-02-17,481941357863.0
2025-02-18,470278694047.0
2025-02-19,459185567581.0
2025-02-20,503545390099.0
2025-02-21,557797894442.0
2025-02-24,528176966345.0
2025-02-25,506696935446.0
2025-02-26,545942505182.00006
2025-02-27,552580997324.0
2025-02-28,505635669183.0
2025-03-03,427098416973.0
2025-03-04,395680940241.0
2025-03-05,429483816446.0
2025-03-06,517706107743.0
2025-03-07,507628698572.0
2025-03-10,419054487862.0
2025-03-11,412239302170.0
2025-03-12,490285628257.0
2025-03-13,467680754207.0
2025-03-14,463901297635.0
2025-03-17,448865174115.0
2025-03-18,447139515300.0
2025-03-19,450926582749.0
2025-03-20,463892437135.0
2025-03-21,477579116990.0
2025-03-24,447926011753.0
2025-03-25,379272956564.0
2025-03-26,355088042686.0
2025-03-27,365884109109.0
2025-03-28,338107243418.0
2025-03-31,342075234598.0
2025-04-01,318945678847.0
2025-04-02,298406241049.0
2025-04-03,322165801658.0
2025-04-07,339479379987.0
2025-04-08,384700691378.0
2025-04-09,423012281768.0
2025-04-10,424648983328.0
2025-04-11,361024849961.0
2025-04-14,351665422588.0
2025-04-15,318341023352.0
2025-04-16,317629274283.0
2025-04-17,297623146923.0
2025-04-18,279948863149.0
2025-04-21,306473303299.0
2025-04-22,322149024653.0
2025-04-23,374093072400.0
2025-04-24,350837233908.0
2025-04-25,334060967294.0
2025-04-28,314957369699.0
2025-04-29,302478593369.0
2025-04-30,345198754103.0
2025-05-06,388413891884.0
2025-05-07,452203244393.0
2025-05-08,413442308087.0
2025-05-09,382353189550.0
2025-05-12,376295706089.0
2025-05-13,387178160680.0
2025-05-14,383978819188.0
2025-05-15,355125274226.0
2025-05-16,371837380437.0
2025-05-19,372057426353.0
2025-05-20,392128700064.0
2025-05-21,381589078078.0
2025-05-22,366709014640.0
2025-05-23,373697788257.0
2025-05-26,328656010456.0
2025-05-27,346043013116.0
2025-05-28,362729249931.0
2025-05-29,401950535348.0
2025-05-30,387235896079.0
2025-06-03,347464926288.0
2025-06-04,375431199451.0
2025-06-05,410539959330.0
2025-06-06,375403393444.0
2025-06-09,398116584844.0
2025-06-10,466750548818.0
2025-06-11,398155665627.0
2025-06-12,396764610267.0
2025-06-13,425969292414.0
2025-06-16,351404975340.0
2025-06-17,372120294705.0
2025-06-18,357873312790.0
2025-06-19,389342346980.0
2025-06-20,331368248615.0
2025-06-23,340904693621.0
2025-06-24,426459840066.0
2025-06-25,453010478422.0
2025-06-26,456156609891.0
2025-06-27,423801352274.0
2025-06-30,429183683584.0
2025-07-01,457301334568.0
2025-07-02,416454971165.0
2025-07-03,383119529731.0
2025-07-04,410453445146.0
2025-07-07,359498505800.0
2025-07-08,420327046256.0
2025-07-09,456205950400.0
2025-07-10,421295658027.0
2025-07-11,431287867717.0
2025-07-14,404845743060.0
2025-07-15,447840487790.0
2025-07-16,410010601735.0
2025-07-17,428966346588.0
2025-07-18,417792878529.0
2025-07-21,450071692132.0
2025-07-22,477585006195.0
2025-07-23,457952635837.0
2025-07-24,429164932709.0
2025-07-25,439748300155.0
2025-07-28,436843372740.0
2025-07-29,461195388598.0
2025-07-30,453952006547.0
2025-07-31,466276495160.0
2025-08-01,410234449510.0
2025-08-04,413825771970.0
2025-08-05,461695575946.0
2025-08-06,512988967446.0
2025-08-07,523468938843.0
2025-08-08,511590919670.0
2025-08-11,525615258614.0
2025-08-12,541108776345.0
2025-08-13,588447338349.0
2025-08-14,612892946388.0
2025-08-15,569156888842.0
2025-08-18,688807517798.0
2025-08-19,701305251910.0
2025-08-20,624598300610.0
2025-08-21,627444785956.0
2025-08-22,590130884631.0
2025-08-25,710109445984.0
2025-08-26,636913119011.0
2025-08-27,732425691470.0
2025-08-28,678881284340.0
2025-08-29,579526334850.0
2025-09-01,573718074783.0
2025-09-02,641530751267.0
2025-09-03,505621087145.0
2025-09-04,530580244742.0
2025-09-05,490647537123.0
2025-09-08,511225459131.0
2025-09-09,475044586987.0
2025-09-10,445042674349.0
2025-09-11,518298051323.0
2025-09-12,542646205243.99994
2025-09-15,485619035172.0
2025-09-16,540369850765.0
2025-09-17,553690522445.0
2025-09-18,690096474023.0
2025-09-19,517769784288.0
2025-09-22,458479424619.0
2025-09-23,530121810093.0
2025-09-24,479199666184.0
2025-09-25,481687657926.0
2025-09-26,437275156770.0
2025-09-29,391590619211.0
2025-09-30,396335736648.0
2025-10-09,466079906830.0
2025-10-10,469854959482.0
2025-10-13,452763881318.0
2025-10-14,494388646903.0
2025-10-15,422942734040.0
2025-10-16,409531405908.0
2025-10-17,403574735140.0
2025-10-20,360306183399.0
2025-10-21,397469284469.0
2025-10-22,376552129762.0
2025-10-23,369551054131.0
2025-10-24,409816116835.0
2025-10-27,461327148698.0
2025-10-28,457797319701.0
2025-10-29,461065767210.0
2025-10-30,479778085898.0
2025-10-31,452896258187.0
2025-11-03,450305292541.0
2025-11-04,440409717223.0
2025-11-05,459625460129.0
2025-11-06,480233361294.0
2025-11-07,471432564223.0
2025-11-10,493211774464.0
2025-11-11,493625508398.0
2025-11-12,468383214584.0
2025-11-13,488117568236.0
2025-11-14,487014248561.0
2025-11-17,472328334727.0
2025-11-18,470929963885.0
2025-11-19,441610503420.0
2025-11-20,414465609617.0
2025-11-21,480165487844.0
2025-11-24,413123618321.0
2025-11-25,445318379982.0
2025-11-26,447467134018.0
2025-11-27,425123237636.0
2025-11-28,422949518461.0
2025-12-01,446103558043.0
2025-12-02,409934463322.0
2025-12-03,434442848625.0
2025-12-04,400651955767.0
2025-12-05,429712966341.0
2025-12-08,492773321960.0
2025-12-09,472649468328.0
2025-12-10,458293501434.0
2025-12-11,460954193268.0
2025-12-12,478935292735.0
2025-12-15,413644785687.0
2025-12-16,423170519202.0
2025-12-17,427511842406.0
2025-12-18,412873246239.0
2025-12-19,436498625448.0
2025-12-22,440633326892.0
2025-12-23,466463210033.0
2025-12-24,458508948099.0
2025-12-25,489735366504.0
2025-12-26,530001696206.0
2025-12-29,502639400965.0
2025-12-30,514097430391.0
2025-12-31,504002445035.0
2026-01-05,558610767984.0
2026-01-06,594477447027.0
2026-01-07,620697106682.0
2026-01-08,630215775645.0
2026-01-09,716818953716.0
2026-01-12,811868566460.0
2026-01-13,829429757109.0
2026-01-14,864276361056.0
2026-01-15,631896383671.0
2026-01-16,635598342873.0
2026-01-19,595027446791.0
2026-01-20,612019268413.0
2026-01-21,555749855900.0
2026-01-22,569556862502.0
2026-01-23,659652007594.0
2026-01-26,684986548128.0
2026-01-27,601690380302.0
2026-01-28,579416754939.0
2026-01-29,626785430940.0
2026-01-30,566425138970.0
2026-02-02,524916226669.0
2026-02-03,517799725241.0
2026-02-04,525699792071.0
2026-02-05,472917265228.0
2026-02-06,500452388867.0
2026-02-09,524870841807.0
2026-02-10,499000916969.0
2026-02-11,454606846677.0
2026-02-12,483465950479.0
2026-02-13,434090960164.0
2026-02-24,485267169713.0
2026-02-25,517633879307.0
