date,932000.CSI_涨跌幅绝对值_1日
2014-01-03,0.3415208885170551
2014-01-06,2.973863893704709
2014-01-07,0.8029041047778129
2014-01-08,0.5805005003792552
2014-01-09,1.7884198270787466
2014-01-10,1.644115501908594
2014-01-13,0.3282921990684251
2014-01-14,2.0785656543629294
2014-01-15,0.8686461868244955
2014-01-16,0.32913820978943686
2014-01-17,0.4707727380616311
2014-01-20,0.531249518485577
2014-01-21,1.9056971356680386
2014-01-22,1.7907357129068213
2014-01-23,1.1227662971971641
2014-01-24,1.0353799789215579
2014-01-27,0.03679919599679504
2014-01-28,0.3392563749502031
2014-01-29,1.0633212472750841
2014-01-30,0.36449791278333477
2014-02-07,1.8172719255976189
2014-02-10,2.6931973582543955
2014-02-11,0.515669548883424
2014-02-12,1.7084793310698565
2014-02-13,1.8168001225870145
2014-02-14,2.3819794478597167
2014-02-17,2.2380230114305677
2014-02-18,0.1872954625363965
2014-02-19,0.08206004989015359
2014-02-20,1.6957995738520193
2014-02-21,0.047323288061806856
2014-02-24,1.2104319721409018
2014-02-25,3.8978863979272194
2014-02-26,0.6488291152768166
2014-02-27,1.593105453432675
2014-02-28,1.1009107174939858
2014-03-03,2.2676735468501352
2014-03-04,0.12261619216800135
2014-03-05,0.04416850951860507
2014-03-06,0.30811797291994125
2014-03-07,0.22276347213084913
2014-03-10,3.8036470334710026
2014-03-11,0.4289824017285837
2014-03-12,0.30125423186421196
2014-03-13,1.274384074430257
2014-03-14,0.061949826647900164
2014-03-17,2.44417234148282
2014-03-18,0.7495202199315765
2014-03-19,0.5235627042912361
2014-03-20,2.8571922674261008
2014-03-21,1.5264474918310622
2014-03-24,0.033235608420800755
2014-03-25,0.16395392693427935
2014-03-26,0.735945291047102
2014-03-27,2.239584393876737
2014-03-28,2.7192329308402208
2014-03-31,0.5207001440596937
2014-04-01,1.8252706940700136
2014-04-02,0.3291643047930948
2014-04-03,0.3920749628297804
2014-04-04,1.0130239108617545
2014-04-08,0.8655602910805138
2014-04-09,1.3628746487773569
2014-04-10,0.3555313186914155
2014-04-11,0.14856586749484313
2014-04-14,1.0649823851913487
2014-04-15,0.42067856525654923
2014-04-16,0.059965329457467575
2014-04-17,0.19804901625020133
2014-04-18,0.5607627231497547
2014-04-21,1.6037384001556187
2014-04-22,0.9651934769348225
2014-04-23,0.27396158577820406
2014-04-24,0.4475513876297965
2014-04-25,2.1161350004805457
2014-04-28,3.325103348942604
2014-04-29,1.328139323737343
2014-04-30,0.9966070084110656
2014-05-05,1.551275082897785
2014-05-06,0.8769901664392288
2014-05-07,1.7987704298027762
2014-05-08,0.1483449308722795
2014-05-09,0.7318320533654776
2014-05-12,1.956962525615924
2014-05-13,0.002353003219512928
2014-05-14,0.3430909256872283
2014-05-15,1.9407582685420977
2014-05-16,0.2792345604735402
2014-05-19,0.2612149579364176
2014-05-20,0.7718982991481438
2014-05-21,1.1092449113615954
2014-05-22,0.050609541055368634
2014-05-23,1.0417414014605386
2014-05-26,1.5688351682080715
2014-05-27,0.15339688573081656
2014-05-28,1.1249631439837593
2014-05-29,1.1330058708681312
2014-05-30,0.2916108142995588
2014-06-03,0.240402399264239
2014-06-04,0.4937217072524702
2014-06-05,1.3347368387026437
2014-06-06,0.1344111151231453
2014-06-09,0.1584599457195357
2014-06-10,1.3106068812993144
2014-06-11,0.6746594926145821
2014-06-12,0.2147011331647075
2014-06-13,0.8158918056518694
2014-06-16,0.5796022807389001
2014-06-17,0.6430399743727166
2014-06-18,0.9398513597795422
2014-06-19,2.7039541424264013
2014-06-20,1.1887671643285191
2014-06-23,1.1760314830699725
2014-06-24,0.7137158580726499
2014-06-25,0.27883123090411965
2014-06-26,1.5504474740581253
2014-06-27,1.0473949157844498
2014-06-30,0.9743079518851561
2014-07-01,0.5682082253536391
2014-07-02,0.7713313894469831
2014-07-03,0.38444694100632226
2014-07-04,0.22153343667044023
2014-07-07,0.36947509115705657
2014-07-08,0.8735452751964079
2014-07-09,1.3683609596698565
2014-07-10,0.4759113179643837
2014-07-11,0.7764099278797287
2014-07-14,1.3598477974802625
2014-07-15,0.5692708738819774
2014-07-16,1.1062989314027605
2014-07-17,0.1761236007669753
2014-07-18,0.10555088516240874
2014-07-21,0.1907041683748001
2014-07-22,1.249645804118349
2014-07-23,0.9930221817836538
2014-07-24,0.6648480811600077
2014-07-25,0.7351061225749467
2014-07-28,1.439550834382053
2014-07-29,1.1519154062426429
2014-07-30,0.6170176071744526
2014-07-31,0.788495663845179
2014-08-01,0.9470531723202669
2014-08-04,1.3216413333464683
2014-08-05,0.8072365498296152
2014-08-06,0.2805999205601095
2014-08-07,0.9519460035193106
2014-08-08,0.7887893443707439
2014-08-11,1.451069038768793
2014-08-12,0.6435977107433155
2014-08-13,0.3996058377611078
2014-08-14,0.379012040481741
2014-08-15,1.3489405161632995
2014-08-18,1.953619881974511
2014-08-19,0.5866503616148488
2014-08-20,0.12705285422172086
2014-08-21,0.16347867404240546
2014-08-22,0.8655559302571891
2014-08-25,0.4577558142380256
2014-08-26,1.9451516998239549
2014-08-27,0.8765426540254362
2014-08-28,0.6888143948223124
2014-08-29,1.1615914217842915
2014-09-01,2.07455863417223
2014-09-02,1.6593927042017897
2014-09-03,0.9950715109124042
2014-09-04,1.0125527120955047
2014-09-05,0.44845684592380586
2014-09-09,1.1108403865121241
2014-09-10,1.0634974649603945
2014-09-11,0.2725080480063591
2014-09-12,1.536233780470897
2014-09-15,1.5541069210795566
2014-09-16,3.3403569435862535
2014-09-17,1.1291535695222343
2014-09-18,0.9989882296898456
2014-09-19,1.3834580731050705
2014-09-22,0.6424491688909462
2014-09-23,1.7967817744763526
2014-09-24,1.5604605760160206
2014-09-25,0.3450538438592554
2014-09-26,0.8403154941586832
2014-09-29,1.2841292202810939
2014-09-30,0.8979781489139915
2014-10-08,1.775983789155089
2014-10-09,0.3692962577381387
2014-10-10,0.3294360899143922
2014-10-13,0.01893820632378196
2014-10-14,0.197369034832251
2014-10-15,0.45972972868653095
2014-10-16,1.095368912957062
2014-10-17,1.6685915997006973
2014-10-20,1.6634618571911508
2014-10-21,0.7094216051450886
2014-10-22,1.2185699369067327
2014-10-23,2.1300392701150583
2014-10-24,0.21011511547950334
2014-10-27,1.0939081076539736
2014-10-28,3.144177951093874
2014-10-29,1.5091176069814694
2014-10-30,0.0017532539558606786
2014-10-31,0.3597931028642476
2014-11-03,1.217360775198073
2014-11-04,0.903965699742193
2014-11-05,0.23113939861032495
2014-11-06,1.0386038265084663
2014-11-07,0.9250283100084244
2014-11-10,0.39658236810908853
2014-11-11,3.8359568104995745
2014-11-12,1.5542472751070235
2014-11-13,1.8130333162302947
2014-11-14,0.30072687192284064
2014-11-17,1.8293777851416948
2014-11-18,0.48825590597059154
2014-11-19,1.0653590279180225
2014-11-20,0.07603872001148426
2014-11-21,1.1112223721915004
2014-11-24,0.806176240810097
2014-11-25,1.0574243129997996
2014-11-26,0.8536539292966605
2014-11-27,0.9653364080153493
2014-11-28,0.09079372650908635
2014-12-01,1.1273523155901133
2014-12-02,0.8617865044567408
2014-12-03,0.176035818386433
2014-12-04,0.8131809036500792
2014-12-05,3.1462223979276116
2014-12-08,0.6009388769686153
2014-12-09,4.924189630250286
2014-12-10,2.86033232396099
2014-12-11,1.3673258426722512
2014-12-12,1.2285438323289322
2014-12-15,1.8684691544915255
2014-12-16,0.6549142076794356
2014-12-17,1.7536952933473238
2014-12-18,0.596589743370235
2014-12-19,2.015170949968592
2014-12-22,6.126595779890131
2014-12-23,1.3678070332055925
2014-12-24,2.529046478621222
2014-12-25,1.2140894836507155
2014-12-26,0.06985675170585459
2014-12-29,2.324089611943758
2014-12-30,1.6449291774134234
2014-12-31,0.7595919225266368
2015-01-05,0.4225909463442479
2015-01-06,1.9600545138033665
2015-01-07,0.2659489376258706
2015-01-08,0.2611924211467276
2015-01-09,0.6271205480814945
2015-01-12,1.5360202074062856
2015-01-13,1.6752721583446872
2015-01-14,0.28329774767835714
2015-01-15,0.5901539567188197
2015-01-16,1.3016257126154063
2015-01-19,1.5759721881634547
2015-01-20,3.708410408074103
2015-01-21,1.970040150437291
2015-01-22,1.5289095913573414
2015-01-23,0.9923065206230319
2015-01-26,1.8591143339437677
2015-01-27,0.6721353165204613
2015-01-28,0.12175948080256349
2015-01-29,0.3412482066881828
2015-01-30,1.0798511708262293
2015-02-02,0.004997655450322824
2015-02-03,1.469068417271835
2015-02-04,0.08720974945704008
2015-02-05,0.2593835082626894
2015-02-06,1.6443624781525723
2015-02-09,0.9095486977678702
2015-02-10,0.7569083066220061
2015-02-11,1.3797590464192488
2015-02-12,1.066605310136004
2015-02-13,1.5927346517513374
2015-02-16,1.9609481125239414
2015-02-17,0.5853592201454871
2015-02-25,0.30315237518820926
2015-02-26,0.6981129089115301
2015-02-27,1.354749228570351
2015-03-02,2.4220547506595302
2015-03-03,0.031239969998064776
2015-03-04,2.2097130526369746
2015-03-05,1.0834678511354445
2015-03-06,1.0819350644190817
2015-03-09,1.461837510862285
2015-03-10,1.6635261154694492
2015-03-11,0.526410699343538
2015-03-12,0.8747820254151217
2015-03-13,1.3573328606711454
2015-03-16,3.2831452873358424
2015-03-17,1.7044343754780256
2015-03-18,1.8308209260193165
2015-03-19,0.7989156877998171
2015-03-20,1.3663443872790282
2015-03-23,2.917752230306392
2015-03-24,0.9473794235331123
2015-03-25,1.737369072699435
2015-03-26,1.3595871030264273
2015-03-27,0.8025766512047783
2015-03-30,0.2544714770824186
2015-03-31,0.8994305849873596
2015-04-01,2.50726275428077
2015-04-02,2.6500264058999967
2015-04-03,2.648063399694389
2015-04-07,2.1565317500588987
2015-04-08,0.629285057603679
2015-04-09,0.9651288532399271
2015-04-10,2.747545019267905
2015-04-13,2.3825899371178183
2015-04-14,0.3546532666513835
2015-04-15,3.522108024536097
2015-04-16,0.8501373073060536
2015-04-17,0.4065490313591713
2015-04-20,2.1879412491949246
2015-04-21,3.7222603701214663
2015-04-22,3.3187168804343914
2015-04-23,1.3359563993101453
2015-04-24,0.19010694029073516
2015-04-27,0.5248465732576868
2015-04-28,3.030372292368999
2015-04-29,2.511984318329996
2015-04-30,0.7375398039891401
2015-05-04,1.0660316386126745
2015-05-05,2.2622472268494453
2015-05-06,0.6247601253301927
2015-05-07,1.867737580116846
2015-05-08,4.27674770146087
2015-05-11,4.720898178985045
2015-05-12,2.8204182198246386
2015-05-13,1.765300817883686
2015-05-14,1.7016988355945672
2015-05-15,0.09226495436037707
2015-05-18,3.443984257365318
2015-05-19,2.989416379052856
2015-05-20,3.236712592765656
2015-05-21,4.077289094932968
2015-05-22,1.1118231574364756
2015-05-25,1.4970454377428055
2015-05-26,3.99112106527455
2015-05-27,2.0342792956437927
2015-05-28,4.497225275589378
2015-05-29,1.6109980642856403
2015-06-01,5.187725138797972
2015-06-02,4.8255731037677885
2015-06-03,1.2488316814909917
2015-06-04,1.3547975049989502
2015-06-05,0.8814848179810708
2015-06-08,2.5965375133272683
2015-06-09,0.16172861805372474
2015-06-10,2.456583374803345
2015-06-11,2.2632724268874638
2015-06-12,1.9712408659449565
2015-06-15,1.0430062229912718
2015-06-16,4.645642469243194
2015-06-17,2.0604876965490293
2015-06-18,3.021554902506096
2015-06-19,6.9749106923052135
2015-06-23,0.6599628407118141
2015-06-24,2.5824141520610633
2015-06-25,3.3544861696732875
2015-06-26,8.009090419752818
2015-06-29,7.380523774182546
2015-06-30,3.064535627525933
2015-07-01,6.056193614443039
2015-07-02,6.616088807121423
2015-07-03,6.443789990627813
2015-07-06,5.583681906079252
2015-07-07,5.7893959328963795
2015-07-08,3.1696381403570006
2015-07-09,3.3705169221136977
2015-07-10,3.798130757123075
2015-07-13,4.8997687647197585
2015-07-14,2.8401226748501207
2015-07-15,4.303292075398401
2015-07-16,0.5901943664790688
2015-07-17,4.9564296482415005
2015-07-20,2.7496571617846133
2015-07-21,2.7170526456245403
2015-07-22,1.9339497871935896
2015-07-23,3.4921686250055206
2015-07-24,0.9253202478015199
2015-07-27,6.4170759235994135
2015-07-28,4.009767014877552
2015-07-29,4.650940163729778
2015-07-30,2.6495703437589446
2015-07-31,2.363849859950229
2015-08-03,5.373389628585934
2015-08-04,6.0316883435536095
2015-08-05,0.3069227519852058
2015-08-06,0.1218842516038321
2015-08-07,3.6594506648991665
2015-08-10,4.79819562532362
2015-08-11,1.3396009926757602
2015-08-12,1.2547130012694363
2015-08-13,2.814415519868696
2015-08-14,1.4718730676640979
2015-08-17,1.8454345308613895
2015-08-18,6.5386371615128835
2015-08-19,2.4277757269833833
2015-08-20,3.634777212189577
2015-08-21,5.12808632454399
2015-08-24,7.045034887255053
2015-08-25,6.649567638105536
2015-08-26,3.802271973735627
2015-08-27,2.6256242219869996
2015-08-28,5.685011485979952
2015-08-31,3.1557836778582815
2015-09-01,5.614029427085876
2015-09-02,4.148481652728442
2015-09-07,1.6604114963238992
2015-09-08,4.536798452745927
2015-09-09,4.023335873533873
2015-09-10,1.2994292172848643
2015-09-11,1.0054819604175869
2015-09-14,6.4114375078293655
2015-09-15,5.123382936497545
2015-09-16,5.934908421284679
2015-09-17,2.013424763149141
2015-09-18,0.706092044803186
2015-09-21,3.265766390841174
2015-09-22,0.9168951060146702
2015-09-23,0.6256678776575764
2015-09-24,1.4068398857018716
2015-09-25,3.8703273982157005
2015-09-28,2.223210295491218
2015-09-29,1.585798474629574
2015-09-30,0.2498257520710423
2015-10-08,3.6436541893607677
2015-10-09,1.61656863468973
2015-10-12,4.254363390927751
2015-10-13,1.653178651532805
2015-10-14,0.856016131973536
2015-10-15,2.924517631915702
2015-10-16,1.5917221099466028
2015-10-19,0.4801816379734314
2015-10-20,1.8187214813364827
2015-10-21,6.209225341787528
2015-10-22,3.832823877991731
2015-10-23,3.1801596617679673
2015-10-26,1.0081504137028574
2015-10-27,0.5597588114356622
2015-10-28,2.0598405229144134
2015-10-29,1.2154095165630263
2015-10-30,0.20806066163161496
2015-11-02,2.3446865377357518
2015-11-03,0.054747464903748266
2015-11-04,4.779910919648089
2015-11-05,0.11007489874153009
2015-11-06,2.950098554091496
2015-11-09,1.7222740271813253
2015-11-10,0.8664980829788282
2015-11-11,2.2599821020274025
2015-11-12,0.8261309715342557
2015-11-13,2.184263820339738
2015-11-16,2.7144811781141476
2015-11-17,0.6957035152105218
2015-11-18,1.635962066730201
2015-11-19,2.9118969866350985
2015-11-20,2.2562382508769296
2015-11-23,0.27689757589657304
2015-11-24,1.410355764456117
2015-11-25,2.1881084542209717
2015-11-26,0.3290975946663499
2015-11-27,5.8543505603237955
2015-11-30,1.1325081200258769
2015-12-01,0.11144442829632561
2015-12-02,1.5656428721960824
2015-12-03,3.189702536246286
2015-12-04,0.5873522148810206
2015-12-07,1.9225014948820007
2015-12-08,1.521319000073773
2015-12-09,0.680162842862031
2015-12-10,0.35690596911071015
2015-12-11,1.028570193257583
2015-12-14,1.730095601045356
2015-12-15,1.4428703576272461
2015-12-16,1.2913851923727737
2015-12-17,3.26967227042243
2015-12-18,0.19314830310855902
2015-12-21,0.7792993240614443
2015-12-22,1.3014513610372092
2015-12-23,0.9354712433124024
2015-12-24,0.49639748531091765
2015-12-25,0.8219910826832377
2015-12-28,2.716013156173225
2015-12-29,1.1410464910180496
2015-12-30,1.0971735464053056
2015-12-31,2.042912335122715
2016-01-04,8.318448125152978
2016-01-05,2.743240547541481
2016-01-06,3.054891831961948
2016-01-07,8.269812705819268
2016-01-08,0.45983171166312786
2016-01-11,7.250676412912805
2016-01-12,0.03638205809555206
2016-01-13,4.00937860517252
2016-01-14,3.678344939485778
2016-01-15,3.76295213637865
2016-01-18,2.512387193602117
2016-01-19,3.957495615153661
2016-01-20,0.18462809928873058
2016-01-21,4.34737331408821
2016-01-22,1.8482973887434806
2016-01-25,1.379077403833584
2016-01-26,7.457312622928525
2016-01-27,1.2723330451157366
2016-01-28,4.895275860219261
2016-01-29,3.659841813375797
2016-02-01,0.9967396622888147
2016-02-02,3.884663719066306
2016-02-03,0.8443672387698609
2016-02-04,2.533456458829897
2016-02-05,0.9311712391894211
2016-02-15,0.13321421811312018
2016-02-16,4.017183266590285
2016-02-17,1.5938571901033427
2016-02-18,0.08383578292050498
2016-02-19,0.763272937779047
2016-02-22,2.1795230905526486
2016-02-23,0.4890801858163929
2016-02-24,0.06578867695917756
2016-02-25,7.765552037584289
2016-02-26,0.19688221268701067
2016-02-29,6.376662309960979
2016-03-01,2.0123299521708438
2016-03-02,4.7130470815541115
2016-03-03,0.15302585456771212
2016-03-04,3.75914365142882
2016-03-07,2.6019512771349174
2016-03-08,0.9133468831217906
2016-03-09,2.1045824961820725
2016-03-10,1.7771917167044071
2016-03-11,0.15507182711366196
2016-03-14,3.7757877349837043
2016-03-15,0.6298639968514985
2016-03-16,0.9693036270349009
2016-03-17,3.498734333214637
2016-03-18,3.67276916911925
2016-03-21,2.6393184914728973
2016-03-22,0.07506352366289937
2016-03-23,1.1206865003542177
2016-03-24,1.1027023827792304
2016-03-25,0.6618740700192305
2016-03-28,0.39423132247037307
2016-03-29,2.109794053272074
2016-03-30,3.850566724212179
2016-03-31,1.0873102796492562
2016-04-01,0.1818645056291368
2016-04-05,2.6656022953468472
2016-04-06,0.7003993956041121
2016-04-07,1.6552210432509096
2016-04-08,0.9255740099124887
2016-04-11,2.1656980017109806
2016-04-12,0.6106243626275321
2016-04-13,1.4911592792242523
2016-04-14,1.6006103259103233
2016-04-15,0.3312739587010505
2016-04-18,1.0669721809204669
2016-04-19,0.40509536549186986
2016-04-20,4.286247098984097
2016-04-21,1.3650504208635783
2016-04-22,0.8489558882655013
2016-04-25,0.24353208737919463
2016-04-26,1.358941942757097
2016-04-27,0.11032699256318113
2016-04-28,0.2544314456599861
2016-04-29,0.23334932304042155
2016-05-03,2.8946186824414744
2016-05-04,0.20693485222567087
2016-05-05,0.7771359184228777
2016-05-06,4.103610023749771
2016-05-09,4.591703443792494
2016-05-10,0.5316823963212647
2016-05-11,1.324002058237972
2016-05-12,0.7828276714010651
2016-05-13,0.21758835169009005
2016-05-16,2.0453128940592036
2016-05-17,0.04499341509387467
2016-05-18,3.4300234119896023
2016-05-19,0.5869430729146918
2016-05-20,0.9268220634421898
2016-05-23,1.8043292416034085
2016-05-24,0.9470614888380857
2016-05-25,0.27325408687364217
2016-05-26,0.3590314182541743
2016-05-27,0.24896453125871076
2016-05-30,0.40468842385102954
2016-05-31,3.782786848821851
2016-06-01,1.0924569919678273
2016-06-02,1.136639642817494
2016-06-03,0.26855477186233934
2016-06-06,0.48374158320023675
2016-06-07,0.47320775795596237
2016-06-08,0.12098942629068521
2016-06-13,5.298567390209863
2016-06-14,0.37353007653790904
2016-06-15,3.613311407617359
2016-06-16,0.24460637880570069
2016-06-17,0.6290849169068968
2016-06-20,0.3984655287627703
2016-06-21,1.1068391660671084
2016-06-22,1.739369813794167
2016-06-23,0.5189129693115246
2016-06-24,0.650534469523445
2016-06-27,2.377313503312073
2016-06-28,1.375129171118683
2016-06-29,0.3651774239324945
2016-06-30,0.024477822043356134
2016-07-01,0.13117663932157297
2016-07-04,1.7352255479714085
2016-07-05,0.5609553945362444
2016-07-06,0.42617648771343664
2016-07-07,0.053515424973471504
2016-07-08,0.09507947688395246
2016-07-11,0.831362468695207
2016-07-12,0.6452761363570536
2016-07-13,0.6660419856568955
2016-07-14,0.2565315021019421
2016-07-15,0.3107256108246803
2016-07-18,0.4355090205378276
2016-07-19,0.6829475878940672
2016-07-20,0.39958229254046795
2016-07-21,0.05766843900310015
2016-07-22,0.9662855211154509
2016-07-25,0.09003648388352659
2016-07-26,1.1380936016115006
2016-07-27,5.059279068211775
2016-07-28,0.36378960204133115
2016-07-29,0.7484939943416147
2016-08-01,1.7271583634148824
2016-08-02,1.0105222471025632
2016-08-03,0.5740247051330583
2016-08-04,0.7767305757423015
2016-08-05,0.7040263585442519
2016-08-08,0.7663973020538561
2016-08-09,1.185847519029748
2016-08-10,0.16044740483750486
2016-08-11,1.6082183650773185
2016-08-12,0.8087152293959621
2016-08-15,2.0358131967921134
2016-08-16,0.9545444626139599
2016-08-17,0.543791641223379
2016-08-18,0.1445982897596565
2016-08-19,0.20051301967349833
2016-08-22,1.2437142815295954
2016-08-23,0.4157272880205065
2016-08-24,0.5570010214678289
2016-08-25,0.4907833404241613
2016-08-26,0.5618189903908277
2016-08-29,0.3127326602307523
2016-08-30,0.1185324156384171
2016-08-31,0.19322081348305264
2016-09-01,0.5323088579275104
2016-09-02,0.47470976341632554
2016-09-05,0.56748984837105
2016-09-06,1.598894431185105
2016-09-07,0.22761507306374718
2016-09-08,0.46335353866029383
2016-09-09,0.5432100580167964
2016-09-12,2.922906160269978
2016-09-13,1.2670392436622713
2016-09-14,0.5090151558367673
2016-09-19,1.2451208965528426
2016-09-20,0.2221280056833308
2016-09-21,0.35885928287433533
2016-09-22,0.7319638269017714
2016-09-23,0.2572535693876721
2016-09-26,2.317547560393629
2016-09-27,0.6537089685029862
2016-09-28,0.17109169762525855
2016-09-29,0.2507404068441632
2016-09-30,0.6221673280618178
2016-10-10,2.2865661442167395
2016-10-11,0.914853042913677
2016-10-12,0.22790598361588366
2016-10-13,0.4694799146881534
2016-10-14,0.0559844725487757
2016-10-17,1.0011347460500475
2016-10-18,1.8529776077947036
2016-10-19,0.15324844869677445
2016-10-20,0.35724936307508504
2016-10-21,0.43681821859546943
2016-10-24,0.7011240008921504
2016-10-25,0.45623903742444405
2016-10-26,0.26992374632006655
2016-10-27,0.24733526267368688
2016-10-28,1.0852558311308935
2016-10-31,0.009122524668669918
2016-11-01,1.5152508133001286
2016-11-02,0.2960928698674592
2016-11-03,0.7521561201950133
2016-11-04,0.2640997937794709
2016-11-07,0.08361802830281206
2016-11-08,0.6668393554918994
2016-11-09,0.6191978049165159
2016-11-10,1.605682481806192
2016-11-11,0.4418466292357426
2016-11-14,0.409388991546189
2016-11-15,0.7381932444507466
2016-11-16,0.04794417972311393
2016-11-17,0.3250440898122986
2016-11-18,0.03876347553319892
2016-11-21,0.5516653035061436
2016-11-22,1.0192516246614103
2016-11-23,0.5519822302056943
2016-11-24,0.4379169324203347
2016-11-25,0.06709577408681167
2016-11-28,0.33104873108379396
2016-11-29,1.62451244495877
2016-11-30,0.2651542700567
2016-12-01,0.4742079205816152
2016-12-02,2.0046013729745127
2016-12-05,0.6016175580925487
2016-12-06,0.4397897639844217
2016-12-07,1.316721533477172
2016-12-08,0.5559025982709964
2016-12-09,0.3825797366341255
2016-12-12,5.646672541428033
2016-12-13,0.6484028054249746
2016-12-14,0.2514760596166399
2016-12-15,1.26616459715847
2016-12-16,1.2453847930152806
2016-12-19,0.034785052377594994
2016-12-20,0.20789510099850084
2016-12-21,0.8633219458009433
2016-12-22,0.26154268592938346
2016-12-23,1.3071458814884584
2016-12-26,0.647584191315187
2016-12-27,0.5437933793890126
2016-12-28,0.3463597250122685
2016-12-29,0.346886993099238
2016-12-30,0.001038526196228684
2017-01-03,1.1212267077833404
2017-01-04,1.329345032340723
2017-01-05,0.10380832695107145
2017-01-06,0.9545226592106548
2017-01-09,0.332077316338375
2017-01-10,0.17404894460097964
2017-01-11,1.2731441378269426
2017-01-12,0.999399520526445
2017-01-13,2.0239207997990394
2017-01-16,4.607320542607852
2017-01-17,1.2041939546558522
2017-01-18,0.4672457439364175
2017-01-19,0.6693469404574937
2017-01-20,1.7469648519350622
2017-01-23,1.133470550852289
2017-01-24,0.2788677518344551
2017-01-25,0.11254437089203151
2017-01-26,0.5884867122712301
2017-02-03,0.2976820285211623
2017-02-06,1.340723990042636
2017-02-07,0.4305679016071817
2017-02-08,0.8632890212306954
2017-02-09,1.0138123194059823
2017-02-10,0.2675441608201101
2017-02-13,0.595769701378468
2017-02-14,0.20224863966160633
2017-02-15,0.9851265961984601
2017-02-16,0.6837017924793187
2017-02-17,1.0114363631261836
2017-02-20,0.5144048207808227
2017-02-21,0.8240119909546761
2017-02-22,0.5038601702813894
2017-02-23,0.25465850722400374
2017-02-24,0.34956840251560983
2017-02-27,0.7625325701470675
2017-02-28,0.36776052986535746
2017-03-01,0.3589722081595026
2017-03-02,0.6469388219932592
2017-03-03,0.27251342279495105
2017-03-06,1.1783565728672007
2017-03-07,0.39429116675937514
2017-03-08,0.3222649934754296
2017-03-09,0.6131527518187574
2017-03-10,0.028466729028742144
2017-03-13,0.5593301251074267
2017-03-14,0.029049902936018057
2017-03-15,0.24674266623372354
2017-03-16,1.1189378907608738
2017-03-17,0.5968285498764714
2017-03-20,0.31900531891557726
2017-03-21,0.2814328060540383
2017-03-22,0.6195057611098842
2017-03-23,0.014151201180012674
2017-03-24,0.06941952081578329
2017-03-27,0.23696234493812973
2017-03-28,0.27594324039468265
2017-03-29,0.9697611526690242
2017-03-30,2.62213902799463
2017-03-31,0.05573000593834809
2017-04-05,1.8249843532527121
2017-04-06,0.4748270283662759
2017-04-07,0.11427217891553099
2017-04-10,1.447638773923332
2017-04-11,0.5384161804285581
2017-04-12,0.9897348887374258
2017-04-13,0.1925522389364831
2017-04-14,1.6200918419192467
2017-04-17,2.046925213436368
2017-04-18,1.1094427979074117
2017-04-19,1.536889206916825
2017-04-20,0.7140707554872727
2017-04-21,0.6846338670099872
2017-04-24,3.446744700105586
2017-04-25,0.3702852488041142
2017-04-26,0.37470141089519515
2017-04-27,0.6412351895172641
2017-04-28,0.8210007091499216
2017-05-02,0.32219427381334764
2017-05-03,0.11238719298818367
2017-05-04,0.21302543040550015
2017-05-05,1.2266102080281671
2017-05-08,2.352765389745348
2017-05-09,0.48971528577266277
2017-05-10,1.5879088463940039
2017-05-11,0.8421962257246562
2017-05-12,0.24302501278868904
2017-05-15,0.30145849942011527
2017-05-16,2.1514199212611995
2017-05-17,0.5246183088804424
2017-05-18,0.6543135736529648
2017-05-19,0.23473313177687638
2017-05-22,2.3113240606771335
2017-05-23,3.2274152237315556
2017-05-24,0.4284656129348141
2017-05-25,0.4413439888429904
2017-05-26,0.04317671375935195
2017-05-31,0.2902214349054133
2017-06-01,2.9798051326516695
2017-06-02,1.060765455587398
2017-06-05,0.9486297910762165
2017-06-06,0.26928215613009066
2017-06-07,2.403956983536615
2017-06-08,0.09725465046845905
2017-06-09,0.1671942596029652
2017-06-12,2.0475180464679887
2017-06-13,1.6484224151576354
2017-06-14,0.148130875815089
2017-06-15,1.3565220298744185
2017-06-16,0.2863516508927133
2017-06-19,0.5689278373752327
2017-06-20,0.06642206515612425
2017-06-21,0.003032050811757614
2017-06-22,2.1994108983682037
2017-06-23,0.11860905359462048
2017-06-26,1.1853169089444782
2017-06-27,0.3020495998508954
2017-06-28,0.9965231645047923
2017-06-29,0.31833070889384363
2017-06-30,0.16958579288512965
2017-07-03,0.8702120341360864
2017-07-04,0.0963241143433935
2017-07-05,0.7795725242619067
2017-07-06,0.22817009703874902
2017-07-07,0.5253245162685882
2017-07-10,0.7629764738371847
2017-07-11,1.3798347464749616
2017-07-12,0.07169066798400348
2017-07-13,0.04506461970497089
2017-07-14,0.6214104961331901
2017-07-17,5.985806134567662
2017-07-18,0.954217029776161
2017-07-19,1.2178577449908357
2017-07-20,0.3145244460940999
2017-07-21,0.1570998068181284
2017-07-24,0.6994929676911399
2017-07-25,0.23843232849272145
2017-07-26,0.0647322962167296
2017-07-27,1.534523591187087
2017-07-28,0.09093138890039487
2017-07-31,0.6449555783184069
2017-08-01,0.0030131304662117664
2017-08-02,1.0235045234905038
2017-08-03,0.5186328762290637
2017-08-04,0.40473896000164933
2017-08-07,0.7486621343189448
2017-08-08,0.18709036150681424
2017-08-09,0.40638791126459406
2017-08-10,0.9043085567339793
2017-08-11,1.436753049146977
2017-08-14,1.7850211084525558
2017-08-15,0.47423583396832836
2017-08-16,0.5755989533461792
2017-08-17,0.7005072683802238
2017-08-18,0.2585301348733249
2017-08-21,0.7863473049616543
2017-08-22,0.6324712701511359
2017-08-23,0.36084686725128545
2017-08-24,0.6277967509594196
2017-08-25,0.9451221994339454
2017-08-28,1.11972633739168
2017-08-29,0.07201956091194006
2017-08-30,0.2236250324663791
2017-08-31,0.4613017039262646
2017-09-01,0.5848029981297076
2017-09-04,0.5110766560805002
2017-09-05,0.03855104265462206
2017-09-06,0.23551989417847086
2017-09-07,0.1714750855737246
2017-09-08,0.29206064358915373
2017-09-11,0.9360345312002805
2017-09-12,0.38628561994538124
2017-09-13,0.4980337388507339
2017-09-14,0.035356545316456156
2017-09-15,0.5526278358773729
2017-09-18,0.7219433640902606
2017-09-19,0.28346150108241597
2017-09-20,0.831239040627807
2017-09-21,0.9260839485793815
2017-09-22,0.2959989973938981
2017-09-25,1.3065163929583123
2017-09-26,0.0813250530361409
2017-09-27,0.8327534503777434
2017-09-28,0.5234736538774043
2017-09-29,0.9430662546390023
2017-10-09,1.097448792083311
2017-10-10,0.8813360274035231
2017-10-11,0.21043915630547527
2017-10-12,0.13465006182143968
2017-10-13,0.324342970670477
2017-10-16,2.2714728979122856
2017-10-17,0.06296636818268198
2017-10-18,1.0657708275619182
2017-10-19,1.2167156153828684
2017-10-20,1.2598556615965872
2017-10-23,0.6718349792220302
2017-10-24,0.8132537640898496
2017-10-25,0.7487728307628672
2017-10-26,0.49215365502979225
2017-10-27,0.7293840185087608
2017-10-30,2.57758033240455
2017-10-31,0.8849554655883551
2017-11-01,0.06538864911802555
2017-11-02,1.2529420502721766
2017-11-03,0.8170795811696441
2017-11-06,0.8880864045998971
2017-11-07,0.2525421023912955
2017-11-08,0.3648308191456895
2017-11-09,0.6327195322582968
2017-11-10,0.0901695002216707
2017-11-13,0.14975197191986478
2017-11-14,0.7906046719145632
2017-11-15,0.7258774089521136
2017-11-16,0.3677080391490506
2017-11-17,4.045054932433501
2017-11-20,0.020007706609059817
2017-11-21,0.19516920548753314
2017-11-22,0.19471023123535103
2017-11-23,2.0529309389626826
2017-11-24,0.2519967017372782
2017-11-27,1.0237316887536485
2017-11-28,1.359365064785023
2017-11-29,0.25728877069777223
2017-11-30,0.2729835230229627
2017-12-01,0.9794559764412458
2017-12-04,1.3999953401409027
2017-12-05,2.76267446175652
2017-12-06,0.8635771017580396
2017-12-07,0.041367782658852104
2017-12-08,1.0566224716285877
2017-12-11,0.8264016928666518
2017-12-12,1.1414660972378865
2017-12-13,0.6776372553516818
2017-12-14,0.14448465313203762
2017-12-15,0.058178145633147604
2017-12-18,0.623682605991327
2017-12-19,0.5862496573141307
2017-12-20,1.0705445625926902
2017-12-21,0.02541886068831989
2017-12-22,0.1847349119349806
2017-12-25,1.355536219738751
2017-12-26,0.8926360617789175
2017-12-27,0.4230776759519217
2017-12-28,0.39702277918363116
2017-12-29,0.7233650114486068
2018-01-02,0.8347011138647442
2018-01-03,0.8199834590126631
2018-01-04,0.022893946406754573
2018-01-05,0.027361061938413478
2018-01-08,0.015250610013517463
2018-01-09,0.14857134895086554
2018-01-10,0.8448867560275741
2018-01-11,0.5350819326068068
2018-01-12,0.47208496566996105
2018-01-15,2.4863671025999956
2018-01-16,0.5957067198323118
2018-01-17,0.03821059360029633
2018-01-18,0.33558105080739864
2018-01-19,0.24689902017558385
2018-01-22,0.47311530396108026
2018-01-23,0.13299759320721805
2018-01-24,0.37756180492904967
2018-01-25,0.1197233255894492
2018-01-26,0.40137066469304594
2018-01-29,1.322654927868483
2018-01-30,0.15575588506168137
2018-01-31,2.5671406824543497
2018-02-01,4.335706215229306
2018-02-02,1.1329335360695802
2018-02-05,0.6072106187382187
2018-02-06,5.113931748559386
2018-02-07,0.4994015380223038
2018-02-08,1.332580622017976
2018-02-09,2.7364264952026485
2018-02-12,2.4618497194222932
2018-02-13,0.007852744434222458
2018-02-14,0.3407013662036107
2018-02-22,1.508624256452995
2018-02-23,0.3732956369301821
2018-02-26,2.1076436146927113
2018-02-27,0.21952134428959713
2018-02-28,0.20227075091552305
2018-03-01,1.3312155060395403
2018-03-02,0.41738818780573395
2018-03-05,0.583134508847083
2018-03-06,1.1126414664795137
2018-03-07,0.4673005168666644
2018-03-08,0.9979108795758806
2018-03-09,1.5171656825681668
2018-03-12,1.5156535793014791
2018-03-13,0.42830819298474987
2018-03-14,0.9198840246430584
2018-03-15,0.9482118850356325
2018-03-16,0.05705050981923421
2018-03-19,0.41655625694145826
2018-03-20,0.3911658118223471
2018-03-21,0.5037885029791522
2018-03-22,0.2440938365075418
2018-03-23,5.495084402702421
2018-03-26,1.2636304320645664
2018-03-27,2.6291410128176373
2018-03-28,0.29194650946317013
2018-03-29,0.9584994784335832
2018-03-30,1.4994457712164122
2018-04-02,0.3654243398257595
2018-04-03,0.9065260222394733
2018-04-04,0.19507585442178899
2018-04-09,0.3258824405652172
2018-04-10,0.008762577950438555
2018-04-11,0.8889586588589182
2018-04-12,0.44087837383319783
2018-04-13,0.4130036120109093
2018-04-16,0.7109490942536989
2018-04-17,2.317145646859242
2018-04-18,0.9409844945585499
2018-04-19,0.1674224014136083
2018-04-20,2.303995637784162
2018-04-23,0.7155945747460146
2018-04-24,2.32749551239253
2018-04-25,0.5474352549900141
2018-04-26,1.9890428231036261
2018-04-27,0.08001067329308498
2018-05-02,0.5448678595763035
2018-05-03,1.0103369467566736
2018-05-04,0.02256127861608448
2018-05-07,1.983440943335757
2018-05-08,0.7854091457250245
2018-05-09,0.11501142634038342
2018-05-10,0.7383010374161891
2018-05-11,1.2566056388176983
2018-05-14,0.790364734511273
2018-05-15,1.205457688535927
2018-05-16,0.4262331401399422
2018-05-17,0.10734740287255962
2018-05-18,0.5050422370361796
2018-05-21,1.4299708824694335
2018-05-22,0.5127681413007679
2018-05-23,0.9836364688856847
2018-05-24,0.04675570939267626
2018-05-25,0.7264060045224952
2018-05-28,0.8093584677496213
2018-05-29,0.9515772822739077
2018-05-30,3.975509737299421
2018-05-31,1.903569610430722
2018-06-01,0.9709306153029895
2018-06-04,0.23456094412387385
2018-06-05,1.6098721239667269
2018-06-06,0.3672814861060081
2018-06-07,0.9182928771485077
2018-06-08,1.0122753448601363
2018-06-11,0.8825160458364123
2018-06-12,0.5306336423499536
2018-06-13,1.8843026990114087
2018-06-14,0.27966984944359785
2018-06-15,2.8444223541954194
2018-06-19,7.287026321415002
2018-06-20,1.4480345876539458
2018-06-21,2.8094647486606283
2018-06-22,1.506357296407601
2018-06-25,0.09413718549102779
2018-06-26,1.2919744644278142
2018-06-27,0.319998860802273
2018-06-28,1.1156785622528864
2018-06-29,2.8667379303487284
2018-07-02,1.1140110911206036
2018-07-03,1.7623990903317122
2018-07-04,2.1467771520067513
2018-07-05,3.009878918674147
2018-07-06,0.3012461537162503
2018-07-09,2.291323642857024
2018-07-10,1.136786785181143
2018-07-11,2.3035589878691476
2018-07-12,2.5248264066748405
2018-07-13,0.23285968304267435
2018-07-16,0.10034813895252181
2018-07-17,0.3894500519745936
2018-07-18,0.46701844446583873
2018-07-19,1.2329786535560827
2018-07-20,0.9592101268637743
2018-07-23,0.5262429577700178
2018-07-24,1.5917369982745955
2018-07-25,0.15903679288973294
2018-07-26,0.21057373072170815
2018-07-27,0.6488101824672743
2018-07-30,1.6794776712574566
2018-07-31,0.05823671018645449
2018-08-01,1.490857647264121
2018-08-02,2.7053378266098327
2018-08-03,1.2061931227252742
2018-08-06,1.9061325968338316
2018-08-07,2.6898464756873297
2018-08-08,1.5573864116337655
2018-08-09,2.275312385523942
2018-08-10,0.6064083387609553
2018-08-13,0.21050590877427222
2018-08-14,0.051713186021062896
2018-08-15,1.7694044890617655
2018-08-16,0.9735659365368687
2018-08-17,1.938510685470951
2018-08-20,0.5988074946682964
2018-08-21,1.0753567661295982
2018-08-22,1.202946515316028
2018-08-23,0.7629406548381512
2018-08-24,0.35661007493670294
2018-08-27,1.932568363930276
2018-08-28,0.1817687373871335
2018-08-29,0.565173470961644
2018-08-30,1.5535528199175253
2018-08-31,1.1099331828575143
2018-09-03,0.2191947129575933
2018-09-04,1.2544970422797563
2018-09-05,1.376454591745091
2018-09-06,0.310300767306837
2018-09-07,0.2109121467436692
2018-09-10,1.976084774633835
2018-09-11,0.3971271084143524
2018-09-12,0.06914236997890288
2018-09-13,0.9005736060237357
2018-09-14,1.1110252341769655
2018-09-17,1.661116309318611
2018-09-18,1.636161090453081
2018-09-19,1.135482010132205
2018-09-20,0.3149635231432524
2018-09-21,1.1115186326154936
2018-09-25,0.287993021921118
2018-09-26,0.3393310263746674
2018-09-27,1.893923924163654
2018-09-28,0.9648739897910819
2018-10-08,3.349548547132075
2018-10-09,0.46625733934384517
2018-10-10,0.6036213139288149
2018-10-11,7.527376383968809
2018-10-12,0.592161101151456
2018-10-15,1.0348539476937701
2018-10-16,1.8990215251313391
2018-10-17,0.7438025188804209
2018-10-18,3.2056782183016774
2018-10-19,1.999404409561345
2018-10-22,4.886742917494913
2018-10-23,1.166005352430144
2018-10-24,0.12527084994069515
2018-10-25,0.8844938880163022
2018-10-26,0.5094419343583123
2018-10-29,1.4030442695712741
2018-10-30,1.2717337382791127
2018-10-31,1.5269798433463544
2018-11-01,0.5045987153439624
2018-11-02,2.5803120483405717
2018-11-05,0.981758129906285
2018-11-06,0.20432016019195087
2018-11-07,0.10916634202019493
2018-11-08,0.011020238438697039
2018-11-09,0.10247949764385922
2018-11-12,2.9344813090708355
2018-11-13,1.8270163561392438
2018-11-14,0.011814687247158062
2018-11-15,2.1729797591333977
2018-11-16,1.0509397032427037
2018-11-19,0.5041918147985269
2018-11-20,2.7410153070928422
2018-11-21,0.7900308924450927
2018-11-22,0.18876175934785522
2018-11-23,4.582596833104979
2018-11-26,0.2264939888297568
2018-11-27,0.8409253203434996
2018-11-28,1.0757277689072087
2018-11-29,2.622914719203362
2018-11-30,0.5644134839708048
2018-12-03,3.1265485239890367
2018-12-04,0.9678000884083771
2018-12-05,0.9178736871970128
2018-12-06,1.7469412883369562
2018-12-07,0.08359331278620097
2018-12-10,1.2672928115009308
2018-12-11,0.9965483559736255
2018-12-12,0.003650258649146032
2018-12-13,0.8264576193693252
2018-12-14,2.6258289959521064
2018-12-17,0.20598700080043386
2018-12-18,0.6811008304806521
2018-12-19,1.254914286597586
2018-12-20,0.6614890302987675
2018-12-21,0.7098158557119039
2018-12-24,1.0417738707296786
2018-12-25,1.027855125137378
2018-12-26,0.016869312684175686
2018-12-27,1.7716745888577967
2018-12-28,0.02314338305895447
2019-01-02,0.07164617670158968
2019-01-03,0.6182717573094743
2019-01-04,2.401603388999507
2019-01-07,2.2127248541111033
2019-01-08,0.02040901373855375
2019-01-09,0.3442346394811002
2019-01-10,0.07092749886484784
2019-01-11,0.8405940800787937
2019-01-14,0.4651358630021085
2019-01-15,1.0964201986428446
2019-01-16,0.28397077032010776
2019-01-17,1.2805324305146248
2019-01-18,0.23246247267241227
2019-01-21,0.6832891214303638
2019-01-22,0.7302322438620501
2019-01-23,0.27615997431023054
2019-01-24,0.37967337520870004
2019-01-25,0.9009782195500415
2019-01-28,0.8254545816313352
2019-01-29,2.3767588425694375
2019-01-30,1.7851305168789633
2019-01-31,2.1856256723024936
2019-02-01,2.729250837782926
2019-02-11,2.7620299604690146
2019-02-12,1.5999608222698969
2019-02-13,1.7266493808029582
2019-02-14,0.6064625279418978
2019-02-15,0.07796648515503435
2019-02-18,3.3082541579741553
2019-02-19,0.4220584968400276
2019-02-20,0.3281828775772544
2019-02-21,0.14892920405987775
2019-02-22,2.2115186435564205
2019-02-25,4.805944795108008
2019-02-26,0.5285305473927804
2019-02-27,0.24997351139685042
2019-02-28,0.5733051451241034
2019-03-01,0.48412423943557936
2019-03-04,1.8877972007583343
2019-03-05,2.942148178059134
2019-03-06,2.2512518103737333
2019-03-07,1.8682969870475796
2019-03-08,4.570108763596092
2019-03-11,4.435114794042216
2019-03-12,2.1005643790867223
2019-03-13,1.9237266374304562
2019-03-14,3.0510428313469173
2019-03-15,1.6007083535772182
2019-03-18,2.146693731624727
2019-03-19,0.47933544654412685
2019-03-20,0.26219296974494544
2019-03-21,1.3680848264292722
2019-03-22,0.5675225642132853
2019-03-25,0.7200126916280247
2019-03-26,2.5632772025031003
2019-03-27,0.8161868953955098
2019-03-28,1.4530315372439206
2019-03-29,2.370932641534651
2019-04-01,3.6823927200295925
2019-04-02,0.8060556206057612
2019-04-03,0.9227037569702778
2019-04-04,0.3156403494058102
2019-04-08,0.2287927256115596
2019-04-09,0.7014771097295203
2019-04-10,0.1798703220088682
2019-04-11,1.7744309158410743
2019-04-12,0.0690948105636302
2019-04-15,0.9514864806450141
2019-04-16,2.0123943897392804
2019-04-17,0.9862092073947837
2019-04-18,0.8085409736989013
2019-04-19,0.78570842673098
2019-04-22,1.059050576826026
2019-04-23,2.0725285587152587
2019-04-24,1.0099369992846219
2019-04-25,4.262316090529728
2019-04-26,1.3954130730781444
2019-04-29,4.1413328832209935
2019-04-30,0.883488611382055
2019-05-06,7.754697283686641
2019-05-07,1.6694951204284214
2019-05-08,0.023023126589238885
2019-05-09,0.46285626803428404
2019-05-10,3.6898473048882385
2019-05-13,0.1706236470193523
2019-05-14,0.5648580027734607
2019-05-15,2.4164090416393114
2019-05-16,0.5468592513860226
2019-05-17,3.6714861900606244
2019-05-20,0.19591229183935077
2019-05-21,1.5429920236174066
2019-05-22,0.42689429090729814
2019-05-23,2.4884362180017994
2019-05-24,0.8024119013828379
2019-05-27,3.072273598765829
2019-05-28,0.2885949250303721
2019-05-29,0.49308672599326364
2019-05-30,0.9000598214138678
2019-05-31,0.0404665230207546
2019-06-03,1.4116439405783776
2019-06-04,1.7814082520071328
2019-06-05,0.3508107427708351
2019-06-06,2.7063339687512067
2019-06-10,1.1305904023728441
2019-06-11,3.649569899850369
2019-06-12,0.21026213387498327
2019-06-13,0.662295472847374
2019-06-14,2.434771797086155
2019-06-17,0.16774358129523215
2019-06-18,0.191836618937391
2019-06-19,1.4971544069718457
2019-06-20,1.3262377139310777
2019-06-21,2.204927476747165
2019-06-24,0.02302166115210058
2019-06-25,1.1558981275457958
2019-06-26,0.17186266455410104
2019-06-27,0.5692561614208502
2019-06-28,1.621534995861973
2019-07-01,2.979018381794951
2019-07-02,0.10603208214432502
2019-07-03,1.1104286382135453
2019-07-04,0.3421614841470966
2019-07-05,0.3854845652019545
2019-07-08,3.7465829640641046
2019-07-09,0.6611925072457003
2019-07-10,0.6753326478895483
2019-07-11,0.06247054568568888
2019-07-12,0.2694527521295731
2019-07-15,0.9448121446335334
2019-07-16,0.39671297049845844
2019-07-17,0.07618646371720939
2019-07-18,2.023152160386532
2019-07-19,0.4666983004718128
2019-07-22,3.38698004309288
2019-07-23,1.5713598072208068
2019-07-24,1.4869557737188677
2019-07-25,0.22824249069681724
2019-07-26,0.07099474082319368
2019-07-29,0.04972025818613668
2019-07-30,0.46424109602751784
2019-07-31,0.6657202871061974
2019-08-01,0.1541164628599434
2019-08-02,1.7789870811910635
2019-08-05,0.9842343318570257
2019-08-06,3.258959016981211
2019-08-07,0.4180655918303411
2019-08-08,0.6200735494857001
2019-08-09,1.2408768182422203
2019-08-12,1.9406139389915422
2019-08-13,0.6456269286294614
2019-08-14,0.7042909445670098
2019-08-15,0.4038484687514998
2019-08-16,0.5064387937502968
2019-08-19,3.106238609541312
2019-08-20,0.35777060412640616
2019-08-21,0.17852672145421966
2019-08-22,0.5837754076767343
2019-08-23,0.34983051095290874
2019-08-26,0.6807890281384621
2019-08-27,1.8395160414877987
2019-08-28,0.020225151440711464
2019-08-29,0.015172878462754724
2019-08-30,1.774498850698214
2019-09-02,2.6092578518417398
2019-09-03,0.8470808866808621
2019-09-04,0.7902529302211692
2019-09-05,0.9175780016251078
2019-09-06,0.4896167797325157
2019-09-09,2.492537637437242
2019-09-10,0.3319729649127634
2019-09-11,0.6344436371027329
2019-09-12,0.7107758161671196
2019-09-16,0.4520878087614699
2019-09-17,2.573193989828615
2019-09-18,0.11208518300602766
2019-09-19,1.3084071905214545
2019-09-20,0.04480141758306244
2019-09-23,0.7296074470144798
2019-09-24,0.32798728110883246
2019-09-25,2.114093869732825
2019-09-26,3.3031127619590817
2019-09-27,1.0254641875241388
2019-09-30,1.2046933013819983
2019-10-08,0.2849989109913187
2019-10-09,1.205041652269423
2019-10-10,1.3289728489189523
2019-10-11,0.25344307658894394
2019-10-14,1.6191830220076087
2019-10-15,1.050503027333305
2019-10-16,0.7551443324523399
2019-10-17,0.1269125172229768
2019-10-18,1.3385846262926604
2019-10-21,0.3514471165728117
2019-10-22,1.344423154708041
2019-10-23,0.6006982562670071
2019-10-24,0.05513827583844
2019-10-25,0.5322330482420368
2019-10-28,2.0920858947143905
2019-10-29,1.6400395425628655
2019-10-30,1.4839542460204802
2019-10-31,1.5106346399849646
2019-11-01,0.9903111109439422
2019-11-04,0.15259309795703224
2019-11-05,0.10798947443507734
2019-11-06,1.041843638000417
2019-11-07,0.7875501313742594
2019-11-08,0.2601864166934642
2019-11-11,2.5956329312557647
2019-11-12,0.32266418900184224
2019-11-13,0.39285202422888466
2019-11-14,0.8151685404385489
2019-11-15,1.4134645387202216
2019-11-18,0.7542500599153179
2019-11-19,1.7917112413010416
2019-11-20,0.6923998772450091
2019-11-21,0.1012653886330539
2019-11-22,1.0875361437229003
2019-11-25,0.8634056432332171
2019-11-26,0.1123984878576012
2019-11-27,0.04073317839121682
2019-11-28,0.2130508486144045
2019-11-29,0.07827147803260992
2019-12-02,0.17275777807679304
2019-12-03,0.710594767367434
2019-12-04,0.1403499960872745
2019-12-05,1.178814383519411
2019-12-06,0.6140707623468966
2019-12-09,0.33386166120121796
2019-12-10,0.5450363388010082
2019-12-11,0.1357688863640627
2019-12-12,0.050966202748936595
2019-12-13,1.016293777376731
2019-12-16,1.8158085141241287
2019-12-17,1.113902126251265
2019-12-18,0.27649913786516045
2019-12-19,0.7672161834213709
2019-12-20,1.1158749069747897
2019-12-23,2.3573138702020935
2019-12-24,1.7129850621821818
2019-12-25,0.47896243952536555
2019-12-26,0.8437600420354796
2019-12-27,0.9587549102171744
2019-12-30,0.29397264074115803
2019-12-31,0.5550075338530469
2020-01-02,2.071439819366283
2020-01-03,0.6824885674239889
2020-01-06,0.8280760358185146
2020-01-07,1.384772454808414
2020-01-08,1.5053063311994408
2020-01-09,1.789739944527513
2020-01-10,0.27381470647586115
2020-01-13,1.2427471627539655
2020-01-14,0.02021704200858565
2020-01-15,0.37666665983855374
2020-01-16,0.2781449205511599
2020-01-17,0.4492660321425146
2020-01-20,1.1333782512500834
2020-01-21,1.085942478026758
2020-01-22,0.11731944555446461
2020-01-23,3.4534324855301057
2020-02-03,8.872980053294032
2020-02-04,0.9374712968170829
2020-02-05,3.1412182949916323
2020-02-06,2.93886674506314
2020-02-07,1.4439025905621738
2020-02-10,1.5319801053533144
2020-02-11,0.8433042350029396
2020-02-12,1.6914444623217229
2020-02-13,1.0173169290843997
2020-02-14,0.2078807388070869
2020-02-17,3.7187143707207326
2020-02-18,2.485445713011547
2020-02-19,0.3989656793078278
2020-02-20,1.9687410652476256
2020-02-21,1.3251468214005246
2020-02-24,1.9940255987119349
2020-02-25,0.0614869994956635
2020-02-26,2.2919566532331515
2020-02-27,0.17225810621994686
2020-02-28,5.807812598423401
2020-03-02,4.385183673701687
2020-03-03,1.546685867148745
2020-03-04,0.8956309027636777
2020-03-05,1.8035857270619848
2020-03-06,0.07778658045718423
2020-03-09,3.3437079397635294
2020-03-10,2.2550664903284945
2020-03-11,0.9128212676560499
2020-03-12,1.9259455992926555
2020-03-13,1.2062550451973575
2020-03-16,3.876174331079818
2020-03-17,0.15560585936180704
2020-03-18,1.6524621742690204
2020-03-19,1.1452163045054142
2020-03-20,1.275217604578227
2020-03-23,4.063486346749556
2020-03-24,1.7952673127680896
2020-03-25,2.345516946873971
2020-03-26,1.1320551707987847
2020-03-27,0.7371945062551899
2020-03-30,2.390864569536033
2020-03-31,0.16627823447091794
2020-04-01,0.41664164202670495
2020-04-02,2.5909054885965954
2020-04-03,0.45906450363983886
2020-04-07,3.516719359166931
2020-04-08,0.37804708486044447
2020-04-09,0.7790711845175435
2020-04-10,2.9732617994522315
2020-04-13,0.7607785366009923
2020-04-14,1.8344862371983517
2020-04-15,0.6634467987655435
2020-04-16,0.4656455913817137
2020-04-17,0.2041262385119147
2020-04-20,1.3256340891216079
2020-04-21,0.2954613908520254
2020-04-22,1.1739413502275697
2020-04-23,0.574398365820028
2020-04-24,2.251786112828924
2020-04-27,0.8610122741160686
2020-04-28,2.498253165625741
2020-04-29,0.38316560989931636
2020-04-30,2.1492938039396225
2020-05-06,2.019707909160817
2020-05-07,0.19156021078219343
2020-05-08,1.1464342794429871
2020-05-11,0.1495391620073283
2020-05-12,0.058211986449441255
2020-05-13,0.6198872947507539
2020-05-14,0.831312152520014
2020-05-15,0.32644807713271273
2020-05-18,0.5635113020967086
2020-05-19,1.3144146145383617
2020-05-20,0.975301423037156
2020-05-21,1.3215478625979937
2020-05-22,1.7263296009607743
2020-05-25,0.05852110826203294
2020-05-26,2.307697281031018
2020-05-27,0.3002296051509479
2020-05-28,0.5253580566753402
2020-05-29,0.7917250812324195
2020-06-01,2.9825195183836195
2020-06-02,0.394636220092881
2020-06-03,0.27658127944609756
2020-06-04,0.19970265969078138
2020-06-05,0.09329556098155445
2020-06-08,0.19756608169784196
2020-06-09,0.3839946626034374
2020-06-10,0.13745647228742275
2020-06-11,0.08976157771629634
2020-06-12,0.1187193468597636
2020-06-15,0.1129726481081228
2020-06-16,1.8749198187263394
2020-06-17,0.5717205357803845
2020-06-18,0.5317093827348129
2020-06-19,0.294994020208561
2020-06-22,0.2521290209195559
2020-06-23,0.26936447633750804
2020-06-24,0.4917049382417882
2020-06-29,0.49902306510873906
2020-06-30,1.6059570313486038
2020-07-01,0.3115915164972005
2020-07-02,1.0212369549440936
2020-07-03,1.0753855632078757
2020-07-06,3.4650461560436385
2020-07-07,1.3500315660428974
2020-07-08,2.097993955219679
2020-07-09,2.860154278435245
2020-07-10,0.3132753847741254
2020-07-13,3.673852106839681
2020-07-14,0.5756645135767458
2020-07-15,2.607225691752446
2020-07-16,4.8175833336781775
2020-07-17,0.37325484431356415
2020-07-20,3.559671403887954
2020-07-21,0.5899650673543366
2020-07-22,0.4512671789763001
2020-07-23,0.11958270107089719
2020-07-24,4.42191670826908
2020-07-27,0.010798944277468081
2020-07-28,1.3302438434444896
2020-07-29,2.6006987731867603
2020-07-30,0.037164825579982796
2020-07-31,1.6287641572011902
2020-08-03,3.1748399977325814
2020-08-04,0.9343362612372341
2020-08-05,1.2537314707288916
2020-08-06,0.24280599124962832
2020-08-07,1.225810460270682
2020-08-10,0.8311372823765595
2020-08-11,2.158552721875595
2020-08-12,0.587705261452065
2020-08-13,0.7843416846495366
2020-08-14,0.4204500729770855
2020-08-17,1.983133768418499
2020-08-18,1.0353636372359976
2020-08-19,1.5930250807340784
2020-08-20,1.20378128268811
2020-08-21,0.645518542304524
2020-08-24,0.922446355717299
2020-08-25,0.02502305184037823
2020-08-26,2.3376557991155567
2020-08-27,1.6662334512055343
2020-08-28,0.83492436565753
2020-08-31,0.2563459919123101
2020-09-01,0.6986988872774935
2020-09-02,1.0881258137453331
2020-09-03,1.160843171032433
2020-09-04,0.37569852569518947
2020-09-07,0.6971998625391662
2020-09-08,1.1655860138940488
2020-09-09,3.1872106905340924
2020-09-10,4.875553849707071
2020-09-11,1.6320191310068788
2020-09-14,2.226767018762188
2020-09-15,0.21794147948548392
2020-09-16,0.9202832737186917
2020-09-17,0.23057832100348286
2020-09-18,1.2263728393515194
2020-09-21,0.09302410320266574
2020-09-22,1.4046119428119508
2020-09-23,0.759534159511599
2020-09-24,3.1019439771662882
2020-09-25,0.6939946347697235
2020-09-28,1.7326438174108616
2020-09-29,0.9344753558983898
2020-09-30,0.11499591484669391
2020-10-09,3.4292101669720854
2020-10-12,3.398419717824841
2020-10-13,0.6696850842188962
2020-10-14,0.3206063175396956
2020-10-15,1.0402197822288572
2020-10-16,0.34242765914946904
2020-10-19,0.4719009531661933
2020-10-20,1.1023650434309529
2020-10-21,1.5474549138224214
2020-10-22,0.24043251141653288
2020-10-23,1.4508679598421725
2020-10-26,0.5951145809227176
2020-10-27,0.039166307430948955
2020-10-28,0.11450851548961971
2020-10-29,0.3241206146366138
2020-10-30,3.237010232586557
2020-11-02,0.38851971211828484
2020-11-03,1.9337869732378055
2020-11-04,0.2135787788606458
2020-11-05,1.7439088731949548
2020-11-06,1.4638311992717146
2020-11-09,2.290589290127376
2020-11-10,1.4204867155374612
2020-11-11,1.5298363291676553
2020-11-12,0.09393824172589937
2020-11-13,0.006136317219840315
2020-11-16,0.7218934232453122
2020-11-17,0.9674567324934102
2020-11-18,0.5267268263197566
2020-11-19,0.37936211222835414
2020-11-20,0.43701656514052445
2020-11-23,0.12243424453757257
2020-11-24,0.05182277393247503
2020-11-25,1.3805313795169805
2020-11-26,0.6836815910065575
2020-11-27,0.2633317563253801
2020-11-30,0.3310697217968728
2020-12-01,1.2042812227034627
2020-12-02,0.09081003271775856
2020-12-03,0.1492088481800602
2020-12-04,0.2827073891938481
2020-12-07,0.2811093235066897
2020-12-08,0.10752738081010182
2020-12-09,2.0097404676098107
2020-12-10,0.006912127121871947
2020-12-11,1.643134399415691
2020-12-14,0.8829612311129331
2020-12-15,0.07052507010687492
2020-12-16,1.4683080694218753
2020-12-17,0.8993478377040676
2020-12-18,0.4023754351068942
2020-12-21,1.1780770525971596
2020-12-22,1.833355763858513
2020-12-23,0.6342589022909184
2020-12-24,2.105466670371403
2020-12-25,0.753618499851183
2020-12-28,1.1846288112181247
2020-12-29,0.6620219407782901
2020-12-30,0.27871138552040264
2020-12-31,1.3827252521870559
2021-01-04,1.719167112593789
2021-01-05,0.22762117977279672
2021-01-06,1.5680709941122806
2021-01-07,3.2255686585976773
2021-01-08,0.4417780694481399
2021-01-11,2.7112943992831595
2021-01-12,0.5396529580995679
2021-01-13,2.024509238599037
2021-01-14,0.13642964170150762
2021-01-15,1.6147017335840896
2021-01-18,1.9417282845846318
2021-01-19,0.4862297961358619
2021-01-20,0.3899994653102645
2021-01-21,0.5883877157337514
2021-01-22,1.0775532820406664
2021-01-25,1.6140618643269322
2021-01-26,0.8849366531034741
2021-01-27,0.09880263425303681
2021-01-28,1.2509797748685658
2021-01-29,1.6568081131136392
2021-02-01,0.4455504275475475
2021-02-02,0.22191609466493123
2021-02-03,1.4251193359679393
2021-02-04,2.2017351618310754
2021-02-05,1.7217483043060033
2021-02-08,0.07496839122780319
2021-02-09,1.8318905190894297
2021-02-10,0.49382011612546517
2021-02-18,2.7887951007593337
2021-02-19,2.9599410127204795
2021-02-22,1.2447113706830049
2021-02-23,0.6217599201524315
2021-02-24,0.10351443308136421
2021-02-25,0.9172200214824899
2021-02-26,0.25704317891497297
2021-03-01,2.481218670273777
2021-03-02,0.6581151076535452
2021-03-03,1.2705084943700928
2021-03-04,0.8129845726167373
2021-03-05,0.9651985595300117
2021-03-08,1.2668141274899125
2021-03-09,2.6964778703990278
2021-03-10,1.4086929540549908
2021-03-11,2.159487934271054
2021-03-12,0.221328986056335
2021-03-15,0.05902978737744036
2021-03-16,1.528346398054814
2021-03-17,0.5256570639258662
2021-03-18,0.12395835941884092
2021-03-19,0.2579095413993704
2021-03-22,1.7055398004880207
2021-03-23,1.3055038946594322
2021-03-24,0.837328533119186
2021-03-25,0.46782411203890595
2021-03-26,1.3265899340063392
2021-03-29,0.11890233348774704
2021-03-30,1.0261488787603135
2021-03-31,0.2503508945966404
2021-04-01,0.08992280369741756
2021-04-02,0.2086762851059909
2021-04-06,1.4126778393097172
2021-04-07,0.604203060714581
2021-04-08,0.9050834581354472
2021-04-09,0.1964939214576189
2021-04-12,1.307869758365876
2021-04-13,0.7151738591113066
2021-04-14,1.12510407936397
2021-04-15,0.14012211625217263
2021-04-16,1.8966177471923196
2021-04-19,1.2932757048962795
2021-04-20,0.40627637616037493
2021-04-21,0.3381152945892252
2021-04-22,0.4719597606120729
2021-04-23,0.9199916646270845
2021-04-26,0.2833925020200079
2021-04-27,0.6737283571587871
2021-04-28,0.09414483764913495
2021-04-29,0.5659550237715139
2021-04-30,0.4830845926404037
2021-05-06,0.716976907694078
2021-05-07,0.6028548430645708
2021-05-10,0.6909098061778085
2021-05-11,0.23882418136103034
2021-05-12,1.2486301497004693
2021-05-13,0.44242585955136526
2021-05-14,1.1168669858995006
2021-05-17,1.3068590345932218
2021-05-18,0.5526499771275173
2021-05-19,0.049737078895972786
2021-05-20,0.3185230221971924
2021-05-21,0.34670774464649057
2021-05-24,0.5540757762311888
2021-05-25,0.5592506271346886
2021-05-26,0.7721469804274683
2021-05-27,0.8733236271133871
2021-05-28,0.15671328763667836
2021-05-31,1.4448009237091108
2021-06-01,0.8496449114390181
2021-06-02,1.0057170005426608
2021-06-03,0.16769472724786905
2021-06-04,0.2788582891610991
2021-06-07,0.8855827380032322
2021-06-08,0.16929877935695226
2021-06-09,0.25027064851113057
2021-06-10,0.3737380785089117
2021-06-11,0.8013025828148113
2021-06-15,0.6672314310325889
2021-06-16,1.2236394432177278
2021-06-17,0.8220746892325437
2021-06-18,1.053954941464652
2021-06-21,1.4633132871766152
2021-06-22,0.68138095214334
2021-06-23,0.33387701436706774
2021-06-24,0.7039439352361843
2021-06-25,0.031181682663095067
2021-06-28,0.8846101194453393
2021-06-29,0.7819706156042328
2021-06-30,1.0026869873993816
2021-07-01,1.7485460420899268
2021-07-02,0.22416423247850759
2021-07-05,1.7039602340404025
2021-07-06,0.05237127244823725
2021-07-07,0.8782825644608305
2021-07-08,0.3026490819463046
2021-07-09,0.8316166344626286
2021-07-12,1.7762308260410586
2021-07-13,0.7347899327098784
2021-07-14,0.7795010789608314
2021-07-15,0.8491542396086182
2021-07-16,0.07800055394922012
2021-07-19,0.043227203971585304
2021-07-20,0.49984232584856514
2021-07-21,1.608323786482302
2021-07-22,1.092523803708767
2021-07-23,1.1692877939776691
2021-07-26,1.0416159888847365
2021-07-27,2.268774870555712
2021-07-28,2.929436953650777
2021-07-29,3.653551961440682
2021-07-30,1.5211336982333235
2021-08-02,2.0341802203600157
2021-08-03,1.0563423440181907
2021-08-04,1.5995097661208657
2021-08-05,0.9171845566700698
2021-08-06,0.4765205344408274
2021-08-09,0.774019753321431
2021-08-10,0.8590939422499888
2021-08-11,1.0700229992006483
2021-08-12,0.41440959781786635
2021-08-13,0.1332157537714762
2021-08-16,0.4776807625988644
2021-08-17,2.9256175669799322
2021-08-18,1.059743669953117
2021-08-19,0.25658870070935924
2021-08-20,0.12677485748414652
2021-08-23,3.030411941640354
2021-08-24,0.3968953902355743
2021-08-25,0.9056153732028838
2021-08-26,0.556798282767812
2021-08-27,0.12543231026254098
2021-08-30,0.360740672015325
2021-08-31,0.3018843137660432
2021-09-01,1.704462175128385
2021-09-02,1.79746964070302
2021-09-03,0.01988703287418847
2021-09-06,0.7725695746576555
2021-09-07,1.4330720198099778
2021-09-08,1.0040498131390851
2021-09-09,0.2789363649765453
2021-09-10,0.5809249478134992
2021-09-13,0.7835261524486548
2021-09-14,0.5926982853071916
2021-09-15,1.4525002135714837
2021-09-16,1.6905497072559172
2021-09-17,0.22626839856639824
2021-09-22,0.829488674328327
2021-09-23,0.026447212485924965
2021-09-24,2.3958417678845767
2021-09-27,3.9404112909906086
2021-09-28,0.5425363577886255
2021-09-29,3.507199406821271
2021-09-30,2.9167310421145176
2021-10-08,1.0125288077432737
2021-10-11,0.650300211335253
2021-10-12,2.0548414882033184
2021-10-13,0.06428943837464285
2021-10-14,1.0531683441376671
2021-10-15,0.9555332670053929
2021-10-18,1.395781008903918
2021-10-19,0.599469380534634
2021-10-20,0.18077174686594866
2021-10-21,0.42170790779920697
2021-10-22,1.3322044545446943
2021-10-25,1.4019350474797188
2021-10-26,0.16619325214224379
2021-10-27,1.2864067281221248
2021-10-28,2.394402971079568
2021-10-29,1.7844837490220922
2021-11-01,1.7622796005650976
2021-11-02,1.3723835730768186
2021-11-03,0.43909522845366755
2021-11-04,1.8765694116468667
2021-11-05,0.8684366390359965
2021-11-08,0.7969954243931099
2021-11-09,1.4415472085162584
2021-11-10,0.5828829423124127
2021-11-11,0.7054667999438324
2021-11-12,1.2055724720815508
2021-11-15,0.578829426158145
2021-11-16,0.9628655144362175
2021-11-17,2.0741894476522083
2021-11-18,0.4449914721328385
2021-11-19,1.190603855971073
2021-11-22,1.2864119271057461
2021-11-23,0.2122492054005498
2021-11-24,0.007410217100356498
2021-11-25,0.12238353364044663
2021-11-26,0.16715626687950902
2021-11-29,0.5491579990811957
2021-11-30,0.8792895678480184
2021-12-01,0.9610584946395884
2021-12-02,1.682546990740308
2021-12-03,0.4037085568936005
2021-12-06,1.7043950766481464
2021-12-07,1.4758275281055444
2021-12-08,1.667018275016674
2021-12-09,0.02578585318679938
2021-12-10,0.6142126405171089
2021-12-13,0.6338943531796648
2021-12-14,0.6593636538418046
2021-12-15,0.2464984952756044
2021-12-16,0.8606081070141158
2021-12-17,0.8430225875970754
2021-12-20,1.2895627082397776
2021-12-21,1.5815723732051534
2021-12-22,0.46729023323086594
2021-12-23,0.4437762062964645
2021-12-24,2.110945496235317
2021-12-27,0.6317583393997461
2021-12-28,0.9216299679124074
2021-12-29,0.09892800236863675
2021-12-30,1.0417136686189377
2021-12-31,0.5046355517515533
2022-01-04,1.153054142767962
2022-01-05,1.8067213698792939
2022-01-06,1.074409529462006
2022-01-07,2.372156403790715
2022-01-10,0.8524143201473988
2022-01-11,0.4011213219402565
2022-01-12,1.7112390505079844
2022-01-13,0.9219392560319783
2022-01-14,0.03127426590132654
2022-01-17,1.8928937953082592
2022-01-18,1.9416631888740765
2022-01-19,0.007543932630538208
2022-01-20,3.0799114385160142
2022-01-21,1.3176842469493355
2022-01-24,0.07333843159588183
2022-01-25,4.482328780452027
2022-01-26,0.6955740991534842
2022-01-27,3.3472375255460873
2022-01-28,1.6781287879503726
2022-02-07,1.154328980661723
2022-02-08,1.5124041173465663
2022-02-09,1.6142446067098026
2022-02-10,0.5926460678638001
2022-02-11,2.473450529718102
2022-02-14,0.29876161355850694
2022-02-15,0.4719819072914744
2022-02-16,1.4979750600993658
2022-02-17,0.11910851530601008
2022-02-18,0.6757571836923493
2022-02-21,1.7703462289013538
2022-02-22,0.9951492267200823
2022-02-23,1.9284567773423467
2022-02-24,2.5996617786571807
2022-02-25,1.104333512501765
2022-02-28,0.17022800917532166
2022-03-01,0.8914038401115931
2022-03-02,0.6213338627210963
2022-03-03,0.44242023106818573
2022-03-04,1.4190566684271433
2022-03-07,1.3341803737722202
2022-03-08,3.36701120234868
2022-03-09,1.0596373972995399
2022-03-10,1.9387352199550678
2022-03-11,0.6714525868168897
2022-03-14,2.8415949107375438
2022-03-15,4.849355140815092
2022-03-16,3.3156692962660994
2022-03-17,1.8062438784902657
2022-03-18,1.1443945535107192
2022-03-21,1.6970669403324923
2022-03-22,0.2527825970037978
2022-03-23,0.3206111873373718
2022-03-24,1.2301291038193218
2022-03-25,0.3860592635375082
2022-03-28,0.48839999315911653
2022-03-29,0.8306668883078183
2022-03-30,1.5286469667817881
2022-03-31,0.2026725330118606
2022-04-01,0.6291288120354288
2022-04-06,0.9779184749225678
2022-04-07,2.7777652750084147
2022-04-08,0.8862719095644289
2022-04-11,2.8833051192320935
2022-04-12,1.6054149063120526
2022-04-13,2.164162318112872
2022-04-14,0.9241229382143779
2022-04-15,2.2937648458455584
2022-04-18,0.8988446839364395
2022-04-19,0.8391599071326361
2022-04-20,1.1091550412083095
2022-04-21,4.307759731768601
2022-04-22,1.4737117273000422
2022-04-25,7.986865636416452
2022-04-26,3.923676495410844
2022-04-27,3.3261482005286336
2022-04-28,2.0235232977685924
2022-04-29,4.517344058236072
2022-05-05,2.0788453059886747
2022-05-06,0.8701794082635494
2022-05-09,1.923438892707341
2022-05-10,1.8968361788234134
2022-05-11,0.31095346313907424
2022-05-12,0.8490301984091619
2022-05-13,0.570486993692132
2022-05-16,0.25865537799432126
2022-05-17,0.18618700832888635
2022-05-18,0.9386769050789168
2022-05-19,0.8111045895702995
2022-05-20,1.0566748363166178
2022-05-23,1.7337321297098418
2022-05-24,4.461061475049344
2022-05-25,2.125868603054637
2022-05-26,0.34511710720064315
2022-05-27,0.18354651788599075
2022-05-30,0.8085257115485023
2022-05-31,0.9717869672662083
2022-06-01,0.6816255052358944
2022-06-02,0.9813592345044864
2022-06-06,1.7370620552533023
2022-06-07,0.6035092188869995
2022-06-08,0.20500540987736793
2022-06-09,1.874817512365179
2022-06-10,2.1464558614211926
2022-06-13,0.7476887403426113
2022-06-14,0.05474682522801366
2022-06-15,0.6338689246144114
2022-06-16,0.9967771251002455
2022-06-17,0.5977300236506222
2022-06-20,1.1938288230453287
2022-06-21,0.5853258147298757
2022-06-22,0.9356422330929259
2022-06-23,2.0510758976971077
2022-06-24,1.1216860391294325
2022-06-27,1.0044116833951344
2022-06-28,1.5021411750754776
2022-06-29,2.6460110052315966
2022-06-30,0.7248412694554229
2022-07-01,0.025445804353096957
2022-07-04,0.6970282873939304
2022-07-05,0.8610065615660356
2022-07-06,0.6755320714939672
2022-07-07,0.9583770208534625
2022-07-08,0.049898835874340186
2022-07-11,0.5650407674609337
2022-07-12,1.7647353241460162
2022-07-13,1.6724473698017217
2022-07-14,0.749599316193561
2022-07-15,1.7259009469007713
2022-07-18,2.84476862225167
2022-07-19,1.1375552321440274
2022-07-20,0.8960289048357106
2022-07-21,0.40050638069006883
2022-07-22,0.12815328731017317
2022-07-25,1.208314656116638
2022-07-26,1.2651397095007066
2022-07-27,1.2497374060086441
2022-07-28,0.8175295220914647
2022-07-29,0.21664637510306894
2022-08-01,0.5769284720590129
2022-08-02,4.305493318173692
2022-08-03,0.7565158019979812
2022-08-04,1.5471478202208733
2022-08-05,0.6907628473412641
2022-08-08,2.1436306145598882
2022-08-09,0.42959335138694765
2022-08-10,0.8852766485996311
2022-08-11,0.9368361780718537
2022-08-12,0.6122558469385364
2022-08-15,0.9360194358495999
2022-08-16,1.2280552633163078
2022-08-17,0.04660766073087963
2022-08-18,0.7269786928080224
2022-08-19,1.7469346830017995
2022-08-22,0.44610265180506925
2022-08-23,0.8879093542398797
2022-08-24,3.402968059524525
2022-08-25,1.0101314264635675
2022-08-26,0.6709446426545251
2022-08-29,1.1259050737848275
2022-08-30,0.9110620548370751
2022-08-31,3.659997588510211
2022-09-01,0.3598582128953254
2022-09-02,1.8191034508091564
2022-09-05,0.4900578184450888
2022-09-06,1.7452595914210445
2022-09-07,0.7341354396580124
2022-09-08,1.2207532104619334
2022-09-09,0.6040684375587024
2022-09-13,0.18105564407082664
2022-09-14,1.0429941109033947
2022-09-15,2.9943859771735193
2022-09-16,2.3115309943392948
2022-09-19,1.2206580248622756
2022-09-20,2.0519392615073295
2022-09-21,0.2764636590609104
2022-09-22,0.23842496217503228
2022-09-23,2.5052736379020724
2022-09-26,1.6113816917919022
2022-09-27,2.462003807273061
2022-09-28,3.238709747882218
2022-09-29,0.5251442182792609
2022-09-30,1.4586524262841682
2022-10-10,1.7879200458983946
2022-10-11,1.1560718436091522
2022-10-12,3.178525751491046
2022-10-13,0.9538139429218662
2022-10-14,2.21709080053194
2022-10-17,1.627213972948871
2022-10-18,0.4990884871752366
2022-10-19,0.735081878968058
2022-10-20,0.5916293779301585
2022-10-21,0.2535183080139225
2022-10-24,1.1030043595140815
2022-10-25,0.03988313523957121
2022-10-26,1.8888508041552399
2022-10-27,0.6222099026488181
2022-10-28,3.8889747234545746
2022-10-31,1.2689596006898674
2022-11-01,2.633230504478279
2022-11-02,1.4275257488090887
2022-11-03,0.6121476268778014
2022-11-04,1.7478844656846793
2022-11-07,0.7583610273775188
2022-11-08,0.05980011826157705
2022-11-09,0.21032350313976433
2022-11-10,0.4334062485602419
2022-11-11,0.04693577714851571
2022-11-14,0.3382532573418029
2022-11-15,2.062312108191966
2022-11-16,0.3850999876417016
2022-11-17,0.5013500243171265
2022-11-18,0.6963517699160593
2022-11-21,0.7284579433007199
2022-11-22,1.5542167378981286
2022-11-23,0.6643530152751764
2022-11-24,0.5384043965619201
2022-11-25,1.3438696912560166
2022-11-28,0.30773725859977175
2022-11-29,1.7440558580579246
2022-11-30,0.07358527389889069
2022-12-01,0.6692382346995984
2022-12-02,0.7834653430524696
2022-12-05,0.4693725830395401
2022-12-06,0.7228292101369105
2022-12-07,0.09239174015114315
2022-12-08,0.3835215311906226
2022-12-09,0.2914279196607361
2022-12-12,0.07432616641290801
2022-12-13,0.45485997529443045
2022-12-14,0.36580748987228295
2022-12-15,0.633018341452396
2022-12-16,1.2620142603945284
2022-12-19,2.2010329475704693
2022-12-20,0.3529028424862912
2022-12-21,0.8617760894899185
2022-12-22,1.6710502608361266
2022-12-23,0.46722917302139955
2022-12-26,2.1031871666506996
2022-12-27,0.43848461383577675
2022-12-28,1.301499510885129
2022-12-29,0.5174033983253667
2022-12-30,0.8407589168560214
2023-01-03,2.6147177690782675
2023-01-04,0.49842721305994875
2023-01-05,0.48121962726928036
2023-01-06,0.16242783072824007
2023-01-09,0.6602264029492044
2023-01-10,0.13513532924881444
2023-01-11,0.8500221257470186
2023-01-12,0.03135681033523685
2023-01-13,0.05084447034819917
2023-01-16,0.8434699166489201
2023-01-17,0.23891290569365564
2023-01-18,0.448030147182954
2023-01-19,0.4324638983751461
2023-01-20,0.9429155230596509
2023-01-30,1.7356726544061951
2023-01-31,0.5670985411178497
2023-02-01,1.8137118903161387
2023-02-02,0.2943476267044165
2023-02-03,0.07497219611773964
2023-02-06,0.03378027552716212
2023-02-07,0.8822519709050791
2023-02-08,0.4333576066181011
2023-02-09,1.2371856113936097
2023-02-10,0.19957119036249082
2023-02-13,1.0661735603495037
2023-02-14,0.00044224225044242615
2023-02-15,0.43772866013620515
2023-02-16,2.6560103302959326
2023-02-17,0.590993951623453
2023-02-20,1.1895377831965037
2023-02-21,0.4703044832109926
2023-02-22,0.08774648763767434
2023-02-23,0.2536219590479116
2023-02-24,0.2006858523159405
2023-02-27,0.9014741486701561
2023-02-28,0.9660108842533432
2023-03-01,0.9133845417210074
2023-03-02,0.5380727181618972
2023-03-03,0.14907408915135756
2023-03-06,0.16631174671857263
2023-03-07,2.238383480157069
2023-03-08,0.9418074278772615
2023-03-09,0.13020762934894403
2023-03-10,1.5157822469538451
2023-03-13,0.1868382743925645
2023-03-14,1.4515473272794122
2023-03-15,0.9165603998297911
2023-03-16,1.7538430141155192
2023-03-17,0.817188846482142
2023-03-20,0.23307164838235472
2023-03-21,1.666696828999803
2023-03-22,0.6672570168045899
2023-03-23,0.21171664670692758
2023-03-24,0.3122852122083408
2023-03-27,0.2152701569929638
2023-03-28,1.046393614415897
2023-03-29,0.38717428944764487
2023-03-30,0.6972580698018649
2023-03-31,1.3159284282000527
2023-04-03,1.102091367351088
2023-04-04,1.2702836594940647
2023-04-06,0.22889492209893225
2023-04-07,1.1027676337794334
2023-04-10,1.5333717680076742
2023-04-11,0.34357191568001877
2023-04-12,1.164407582348348
2023-04-13,0.6127264025395873
2023-04-14,0.18282803482738696
2023-04-17,0.29468533061938196
2023-04-18,0.6263903316832797
2023-04-19,0.14639900212471968
2023-04-20,0.24584332718298185
2023-04-21,2.9510310184849953
2023-04-24,0.1654841195033674
2023-04-25,2.165384913998414
2023-04-26,1.2760122101497684
2023-04-27,0.6147936940422261
2023-04-28,2.417637342976997
2023-05-04,0.8392255555999206
2023-05-05,0.988129586652442
2023-05-08,0.579097114796201
2023-05-09,1.824251929455012
2023-05-10,0.6796803745573454
2023-05-11,0.6800597024160693
2023-05-12,1.1585552214245065
2023-05-15,0.8078567934118874
2023-05-16,0.8717523042481412
2023-05-17,1.171761439250929
2023-05-18,0.7991421214493144
2023-05-19,0.06537271895654673
2023-05-22,0.39753122116692463
2023-05-23,1.1119572579519121
2023-05-24,0.25046950271836455
2023-05-25,0.0191014179311777
2023-05-26,0.7650964221854295
2023-05-29,0.3354427507683444
2023-05-30,0.7232279794845642
2023-05-31,0.19602683711410496
2023-06-01,0.4170596880238131
2023-06-02,0.5701158380317706
2023-06-05,0.6707754951300382
2023-06-06,2.1350404022833502
2023-06-07,0.7483356053873846
2023-06-08,0.622545720184553
2023-06-09,0.6498241383174452
2023-06-12,0.8631366401189444
2023-06-13,0.5051596765886845
2023-06-14,0.23186096314786742
2023-06-15,0.2532065603003453
2023-06-16,0.9518836156483301
2023-06-19,0.49010381654794877
2023-06-20,0.3213802556719658
2023-06-21,1.7928060348766262
2023-06-26,2.3902856631575875
2023-06-27,1.927246363478563
2023-06-28,0.5975995558236025
2023-06-29,1.2941503658009612
2023-06-30,1.1968378265171387
2023-07-03,0.029761897610902643
2023-07-04,0.6540024607912143
2023-07-05,0.8165236614392168
2023-07-06,0.07950426169469615
2023-07-07,0.7370079578139066
2023-07-10,0.19401427042108343
2023-07-11,0.7417231978328553
2023-07-12,1.4478457677089995
2023-07-13,1.003119895888882
2023-07-14,0.09888740178212174
2023-07-17,0.24923067079253292
2023-07-18,0.1679517221302329
2023-07-19,0.22772865319520275
2023-07-20,1.4232080846900974
2023-07-21,0.5558030078765541
2023-07-24,0.12515818523526345
2023-07-25,1.4716812026874138
2023-07-26,0.905543874187642
2023-07-27,0.800389207064578
2023-07-28,0.34140268824223163
2023-07-31,0.9344834129937363
2023-08-01,0.3116029768515438
2023-08-02,0.016693692204905464
2023-08-03,0.24240875419109242
2023-08-04,0.2725149026188589
2023-08-07,0.40644718551465786
2023-08-08,0.26668862299200624
2023-08-09,1.1691330955593715
2023-08-10,0.18856143636978295
2023-08-11,1.6139199774305557
2023-08-14,0.7276789749184553
2023-08-15,0.8206986666561167
2023-08-16,1.218065318833872
2023-08-17,1.5312150185996076
2023-08-18,1.7449333897753272
2023-08-21,0.4603342831030144
2023-08-22,0.7344443275919987
2023-08-23,1.670132223095544
2023-08-24,0.026344699959102158
2023-08-25,2.3166532459937272
2023-08-28,0.8640926318887354
2023-08-29,3.7491722327913424
2023-08-30,0.9249449943467214
2023-08-31,0.5723095928092392
2023-09-01,0.0685579132820302
2023-09-04,1.3568027623948486
2023-09-05,0.4076071539489301
2023-09-06,0.6319019595763198
2023-09-07,1.7385429756662796
2023-09-08,0.32983223535059114
2023-09-11,1.0491605528868853
2023-09-12,7.997616879862335e-05
2023-09-13,1.283427065328202
2023-09-14,0.9088745695444711
2023-09-15,0.14883144914765722
2023-09-18,0.6005681881899871
2023-09-19,1.2850717416064361
2023-09-20,0.8652366020462932
2023-09-21,0.6601318474281914
2023-09-22,2.1916111876079336
2023-09-25,0.24485245783234522
2023-09-26,0.292761633460803
2023-09-27,0.40498378945339475
2023-09-28,1.3464970271352517
2023-10-09,0.3007299637180383
2023-10-10,0.01815011860846205
2023-10-11,0.34678326867854103
2023-10-12,0.4523490221780335
2023-10-13,0.47858807621826704
2023-10-16,0.5674037314301605
2023-10-17,0.2979167267210481
2023-10-18,1.9199440224780484
2023-10-19,0.9514035861392878
2023-10-20,1.3376781090331802
2023-10-23,2.4240484482568436
2023-10-24,2.6048659105150307
2023-10-25,1.7710200612765403
2023-10-26,0.4875411225761628
2023-10-27,1.1452651636171707
2023-10-30,1.4447336662023025
2023-10-31,0.600651313881162
2023-11-01,0.2875902057394297
2023-11-02,1.124680433475811
2023-11-03,1.3042471001146305
2023-11-06,2.41232504138138
2023-11-07,0.963186639250524
2023-11-08,0.49170789365411416
2023-11-09,0.8246079909944304
2023-11-10,0.26413514962009277
2023-11-13,1.246876715008849
2023-11-14,0.8032693944973079
2023-11-15,0.6506957789697454
2023-11-16,0.5440296015632007
2023-11-17,0.9998113004764608
2023-11-20,1.0482732823115626
2023-11-21,0.680953028933895
2023-11-22,1.047541111230521
2023-11-23,0.8720440837584942
2023-11-24,1.261748466182644
2023-11-27,0.07406093668567149
2023-11-28,0.7147134821299028
2023-11-29,0.5184524983099403
2023-11-30,0.615104486672835
2023-12-01,0.9692628905411116
2023-12-04,0.15698729699784586
2023-12-05,1.8860653686667228
2023-12-06,0.5011683879286188
2023-12-07,0.3020779954749697
2023-12-08,1.0188282497412882
2023-12-11,1.070064703031437
2023-12-12,0.5304700769768411
2023-12-13,0.4188252812967197
2023-12-14,0.38043969679599776
2023-12-15,0.5303976696426016
2023-12-18,1.414801731666393
2023-12-19,0.24587660162334046
2023-12-20,1.2309780302963813
2023-12-21,0.7302725748034922
2023-12-22,1.8074293361303617
2023-12-25,0.2522873583175267
2023-12-26,1.5161029207796717
2023-12-27,0.8321043342780055
2023-12-28,1.6779643372861086
2023-12-29,1.934900055447808
2024-01-02,0.10674434822370849
2024-01-03,0.5338020807877375
2024-01-04,0.3017105441316392
2024-01-05,1.9786213445664558
2024-01-08,1.8880484713675094
2024-01-09,0.6187260390825511
2024-01-10,1.3177530868846654
2024-01-11,1.971689198882065
2024-01-12,0.9883353083110058
2024-01-15,0.1406611601412755
2024-01-16,0.5395500089958372
2024-01-17,2.5803495800795107
2024-01-18,0.7582673785490046
2024-01-19,1.4686354343261265
2024-01-22,6.184271101327409
2024-01-23,0.2516674236165084
2024-01-24,1.4341147273186916
2024-01-25,3.723343567878823
2024-01-26,0.36777544089426906
2024-01-29,3.4876474368376487
2024-01-30,3.186335705957277
2024-01-31,5.256308791092346
2024-02-01,1.6003294733936246
2024-02-02,4.469854553415143
2024-02-05,9.492015470630456
2024-02-06,2.0184597915518188
2024-02-07,2.8035601987236314
2024-02-08,8.754204460792959
2024-02-19,4.3749243118782255
2024-02-20,1.4543872837052163
2024-02-21,1.401682892245537
2024-02-22,2.553237454048607
2024-02-23,3.2344491254456598
2024-02-26,1.7455131569234839
2024-02-27,2.9482984254169065
2024-02-28,6.838111056326534
2024-02-29,4.122825046957868
2024-03-01,1.5307496935544895
2024-03-04,0.7756349603948998
2024-03-05,1.662253443753381
2024-03-06,1.20961504299959
2024-03-07,0.9619628208611286
2024-03-08,1.2953285049238206
2024-03-11,2.0044748129576906
2024-03-12,1.2849737597571576
2024-03-13,0.397014721597988
2024-03-14,0.7054077267648728
2024-03-15,1.401675728700713
2024-03-18,2.1668003066327213
2024-03-19,0.23296236197559717
2024-03-20,1.2782726771542796
2024-03-21,0.26696324832451435
2024-03-22,1.1603239690196943
2024-03-25,2.7933277450701732
2024-03-26,0.18097707737798618
2024-03-27,3.6117793927621933
2024-03-28,2.6927277891229506
2024-03-29,1.3074367564294809
2024-04-01,2.053218753178543
2024-04-02,0.44063838991387216
2024-04-03,1.0807458371000833
2024-04-08,2.247562468042219
2024-04-09,1.3624572537721757
2024-04-10,2.337765057312191
2024-04-11,0.22527819315758535
2024-04-12,0.7178231301148807
2024-04-15,4.071073880205245
2024-04-16,7.15820281402213
2024-04-17,6.655590495111929
2024-04-18,0.14932265594035377
2024-04-19,0.4053497427772612
2024-04-22,0.8043847053543107
2024-04-23,0.7219875097633333
2024-04-24,2.26492039663011
2024-04-25,0.25549111278451164
2024-04-26,1.5325222332744914
2024-04-29,2.7061736799842695
2024-04-30,0.594755727091234
2024-05-06,2.048198353425623
2024-05-07,0.6457557158487726
2024-05-08,1.3290419759767413
2024-05-09,1.1652119753301715
2024-05-10,1.1246046300813939
2024-05-13,1.7138925504929237
2024-05-14,0.844871032780703
2024-05-15,0.8547543102549571
2024-05-16,0.4387071192473391
2024-05-17,1.0619679824967365
2024-05-20,0.4833933042440286
2024-05-21,0.9943468719972648
2024-05-22,0.3934003509483919
2024-05-23,2.180848890349174
2024-05-24,1.0151384260129181
2024-05-27,0.5648444810722575
2024-05-28,0.8349175688719179
2024-05-29,0.1651208631066714
2024-05-30,0.742026516907146
2024-05-31,0.8719328686562555
2024-06-03,1.901027476915118
2024-06-04,0.991602010148751
2024-06-05,2.1899507764616244
2024-06-06,3.9205950410784562
2024-06-07,1.8271332644748117
2024-06-11,0.7785011471441061
2024-06-12,1.579580462468133
2024-06-13,0.47785014222014865
2024-06-14,0.18322689051104568
2024-06-17,0.432908743055449
2024-06-18,1.5213008398888173
2024-06-19,0.554022893382089
2024-06-20,2.338686789290645
2024-06-21,0.11478640883557656
2024-06-24,4.016130264459095
2024-06-25,0.09637941286659846
2024-06-26,2.9920083271326225
2024-06-27,2.037154276331876
2024-06-28,0.7502781950064374
2024-07-01,0.7881329663857572
2024-07-02,0.09032784875111499
2024-07-03,1.193309698440792
2024-07-04,2.7502791344752198
2024-07-05,1.057563019770802
2024-07-08,2.864992065826888
2024-07-09,2.0455616935213694
2024-07-10,0.7768587301373309
2024-07-11,3.364116682628948
2024-07-12,0.5108932056025806
2024-07-15,1.7222641998549393
2024-07-16,0.10113011664023563
2024-07-17,1.7265317769593724
2024-07-18,0.17033052538067972
2024-07-19,0.5616170480712501
2024-07-22,0.5699936084880841
2024-07-23,1.9440022468754314
2024-07-24,1.7048399216357146
2024-07-25,0.40762138877306064
2024-07-26,1.8968053297863996
2024-07-29,0.46550510453842175
2024-07-30,0.7109657976662742
2024-07-31,3.4633473760787403
2024-08-01,0.31426955508515597
2024-08-02,1.3376828865440227
2024-08-05,2.805943152454793
2024-08-06,2.0181884034320197
2024-08-07,0.2037380343063777
2024-08-08,0.6226981168825363
2024-08-09,0.6647466191526896
2024-08-12,0.9424257152608639
2024-08-13,0.7401493924776847
2024-08-14,0.25186334726887694
2024-08-15,1.0424556859194523
2024-08-16,0.20237205326210095
2024-08-19,0.5521174909505433
2024-08-20,1.7298283188295516
2024-08-21,0.16310892560794654
2024-08-22,1.7609789886545046
2024-08-23,0.5204224018643844
2024-08-26,1.1594591818196331
2024-08-27,1.8221906316766567
2024-08-28,0.4870483022393124
2024-08-29,1.6015079118836928
2024-08-30,2.140788443284225
2024-09-02,1.6217449289157138
2024-09-03,1.0690632629545505
2024-09-04,0.6840815649624132
2024-09-05,1.0506388212733864
2024-09-06,1.9296358718791207
2024-09-09,0.22529607633843263
2024-09-10,0.6233160126933424
2024-09-11,0.7717083885177889
2024-09-12,0.13343789497006764
2024-09-13,1.5081292136218338
2024-09-18,0.6389183070896864
2024-09-19,2.403642138491624
2024-09-20,0.12294965340936548
2024-09-23,0.35396616596654606
2024-09-24,3.180958346136431
2024-09-25,1.2495154565507427
2024-09-26,3.037795477985883
2024-09-27,4.749509331339641
2024-09-30,11.08509869288794
2024-10-08,8.669313551314485
2024-10-09,9.362953815891284
2024-10-10,0.10735573566238443
2024-10-11,3.986307884724516
2024-10-14,3.661490621613095
2024-10-15,1.1697137646436317
2024-10-16,0.5541768854542495
2024-10-17,0.08496034045614165
2024-10-18,3.0627587950802004
2024-10-21,2.538902489855177
2024-10-22,0.8725245625954781
2024-10-23,0.050777278501779044
2024-10-24,0.06550376670029223
2024-10-25,2.3745011167661367
2024-10-28,2.9717993644700513
2024-10-29,1.911698483235813
2024-10-30,0.5529202837753378
2024-10-31,1.835239276001266
2024-11-01,4.309163754104006
2024-11-04,2.044849826532258
2024-11-05,3.188824017393599
2024-11-06,0.8971525946434467
2024-11-07,2.3364144687498367
2024-11-08,0.3669033650364417
2024-11-11,2.2347887958963586
2024-11-12,1.1891190269329721
2024-11-13,0.056205230089489966
2024-11-14,3.1188596807305125
2024-11-15,2.1631253177224585
2024-11-18,2.9530018853207274
2024-11-19,3.1181766175947256
2024-11-20,2.7421542863825588
2024-11-21,0.36299411741922416
2024-11-22,3.371681547561445
2024-11-25,1.5483459894994667
2024-11-26,1.255447753994321
2024-11-27,1.722642231259086
2024-11-28,0.3727437110067955
2024-11-29,1.7933683963107683
2024-12-02,2.4540963960002937
2024-12-03,0.34511777396823984
2024-12-04,1.4073743431931574
2024-12-05,1.7034949305451352
2024-12-06,0.91270207808678
2024-12-09,0.15425518734318855
2024-12-10,0.9997039400518215
2024-12-11,1.6668110648119683
2024-12-12,1.0703984509212061
2024-12-13,1.5755067825341418
2024-12-16,0.7396534845248603
2024-12-17,4.419811653716399
2024-12-18,0.8361597702089218
2024-12-19,0.16330396453465568
2024-12-20,1.3338722281846627
2024-12-23,4.877031423753431
2024-12-24,1.003475766489892
2024-12-25,2.330596132322371
2024-12-26,1.7041934310591866
2024-12-27,0.7333122988453677
2024-12-30,1.1542536691653615
2024-12-31,2.9397813971608677
2025-01-02,1.4611000561090104
2025-01-03,4.440004800762121
2025-01-06,0.8410601852092636
2025-01-07,2.9299418952167144
2025-01-08,0.32402948684282507
2025-01-09,0.5411964891132159
2025-01-10,3.0473492331808627
2025-01-13,0.02480847180086343
2025-01-14,5.367333769980132
2025-01-15,0.2897131112388762
2025-01-16,0.7370729347467186
2025-01-17,0.10602393499540286
2025-01-20,1.2050419922377875
2025-01-21,0.20375159460901404
2025-01-22,1.3194202226104013
2025-01-23,0.2556926616017474
2025-01-24,1.4519049635968173
2025-01-27,1.6670164109145014
2025-02-05,1.3882713455690254
2025-02-06,2.8264029905509025
2025-02-07,1.5223599560776124
2025-02-10,2.2089640072940453
2025-02-11,0.28482873126454145
2025-02-12,1.3091008560609296
2025-02-13,1.0953050689227029
2025-02-14,0.15917399518402542
2025-02-17,1.784244126379697
2025-02-18,2.8226911009986644
2025-02-19,2.960244011377444
2025-02-20,1.242336269729627
2025-02-21,1.2846586224859458
2025-02-24,0.17998064920552448
2025-02-25,0.10305899034679378
2025-02-26,1.5829534839955528
2025-02-27,0.29506822113906095
2025-02-28,4.162473295940572
2025-03-03,0.18091887677003093
2025-03-04,1.5528098674562285
2025-03-05,0.732590906103936
2025-03-06,2.06112352665746
2025-03-07,0.5782211754273847
2025-03-10,0.3914842346477432
2025-03-11,0.29027582758163195
2025-03-12,0.7336742272334718
2025-03-13,1.8390078654713982
2025-03-14,1.7951153517051122
2025-03-17,0.7798721692075405
2025-03-18,0.5990284823730541
2025-03-19,0.5445284703223141
2025-03-20,0.1358939624444222
2025-03-21,2.114648100576444
2025-03-24,1.895149785292849
2025-03-25,0.9832868483661716
2025-03-26,1.179022608482727
2025-03-27,0.7272953292462914
2025-03-28,1.508366744459344
2025-03-31,1.2140429220904414
2025-04-01,0.888181674135291
2025-04-02,0.27254617281680105
2025-04-03,1.0250258228082565
2025-04-07,12.831464616875953
2025-04-08,0.5176582719922607
2025-04-09,2.987515062740287
2025-04-10,3.1231935280954026
2025-04-11,0.9704386736300252
2025-04-14,2.18198175962947
2025-04-15,0.04971696071143228
2025-04-16,1.7085327639980719
2025-04-17,0.5597204104213604
2025-04-18,0.19570034713550788
2025-04-21,2.2908585531183245
2025-04-22,0.015145085065526587
2025-04-23,1.1735322141932292
2025-04-24,1.026629598301676
2025-04-25,0.287131104961702
2025-04-28,1.4225997625415987
2025-04-29,0.9904879140508305
2025-04-30,1.2942564227681919
2025-05-06,3.2509835168692325
2025-05-07,0.740305660348195
2025-05-08,1.0895274634537877
2025-05-09,1.4919177923802485
2025-05-12,1.5961778486614175
2025-05-13,0.30424391731946887
2025-05-14,0.10907123970425037
2025-05-15,1.3152590464813319
2025-05-16,0.9011273392829144
2025-05-19,0.8590805150193281
2025-05-20,0.8394879144290712
2025-05-21,0.8002480336708251
2025-05-22,1.231108322603558
2025-05-23,1.1764213728248318
2025-05-26,1.2550313880070663
2025-05-27,0.20416836182159948
2025-05-28,0.34040994532168467
2025-05-29,1.7523412244179193
2025-05-30,1.751924921587289
2025-06-03,0.8225511065282465
2025-06-04,1.055400481577129
2025-06-05,0.5918619883524823
2025-06-06,0.1926135384010541
2025-06-09,1.437316348324602
2025-06-10,0.8168674824806765
2025-06-11,0.44085773530395667
2025-06-12,0.25542169609638066
2025-06-13,2.0316681356648547
2025-06-16,1.0702558952783159
2025-06-17,0.14169984868974694
2025-06-18,0.27961530839994975
2025-06-19,1.9508278509162147
2025-06-20,0.9099091652849944
2025-06-23,1.9420579686472594
2025-06-24,2.2225240626901677
2025-06-25,1.0019560299190822
2025-06-26,0.18331790161493222
2025-06-27,0.46884601667687154
2025-06-30,1.5388914465575887
2025-07-01,0.2840706992321085
2025-07-02,0.8471595753674066
2025-07-03,0.7138235102060353
2025-07-04,1.0776210569463873
2025-07-07,0.6718585017589707
2025-07-08,1.2874116623600607
2025-07-09,0.08162616649834975
2025-07-10,0.04619204849434233
2025-07-11,0.47713425958419986
2025-07-14,0.6366347658426807
2025-07-15,0.6865481881354385
2025-07-16,0.6412191308719395
2025-07-17,1.0865911641349646
2025-07-18,0.06186359139053188
2025-07-21,1.2729341694099672
2025-07-22,0.007125950827036043
2025-07-23,0.8846021757933031
2025-07-24,1.120122711943372
2025-07-25,0.29735944614146526
2025-07-28,0.71146516605336
2025-07-29,0.36901193021969814
2025-07-30,0.8961111161210678
2025-07-31,0.6448973850104567
2025-08-01,0.45857228688435114
2025-08-04,1.5619013867657516
2025-08-05,0.9000857757625491
2025-08-06,1.1931469967789488
2025-08-07,0.07153040130309929
2025-08-08,0.22590272048621518
2025-08-11,1.704159573410191
2025-08-12,0.057547900537868735
2025-08-13,1.039302093156591
2025-08-14,1.868053640591627
2025-08-15,2.0317405937158695
2025-08-18,2.142694836753911
2025-08-19,0.694985610619514
2025-08-20,0.4235007060753082
2025-08-21,0.7439027061020398
2025-08-22,0.6923422992638262
2025-08-25,1.1707093958252424
2025-08-26,0.01657168015272159
2025-08-27,2.317380925998247
2025-08-28,0.7259228395923634
2025-08-29,0.3448408595612351
2025-09-01,1.0700993485889265
2025-09-02,1.9884657495913505
2025-09-03,2.027375794749142
2025-09-04,1.4453419528155598
2025-09-05,2.7463988462500977
2025-09-08,1.2181670058747818
2025-09-09,1.2916785607775316
2025-09-10,0.3203037487234939
2025-09-11,1.9159679719939815
2025-09-12,0.009153248405957548
2025-09-15,0.10690979066124706
2025-09-16,1.6129693886519636
2025-09-17,0.4236552289014206
2025-09-18,1.0841736977731387
2025-09-19,0.8393298203203892
2025-09-22,0.42801088879589333
2025-09-23,1.4275946886070479
2025-09-24,1.3884243773739646
2025-09-25,0.6119684533499092
2025-09-26,1.547524599453931
2025-09-29,0.8385198065367971
2025-09-30,0.32353583147091136
2025-10-09,0.6366378672288731
2025-10-10,0.6914603020829468
2025-10-13,0.19218945795133058
2025-10-14,1.5753680912561463
2025-10-15,1.696729586115664
2025-10-16,1.2316433136511318
2025-10-17,2.855000014260334
2025-10-20,1.4315175342556996
2025-10-21,1.9327679594526748
2025-10-22,0.3720389826432524
2025-10-23,0.216557411694851
2025-10-24,0.9407825751388099
2025-10-27,0.9442993057095395
2025-10-28,0.17215270500430258
2025-10-29,0.3043392181684146
2025-10-30,1.5054157227847753
2025-10-31,1.0534110320682188
2025-11-03,0.7739569554587211
2025-11-04,0.8571789121550655
2025-11-05,0.7734308226099662
2025-11-06,0.6010816294862886
2025-11-07,0.4005100077879242
2025-11-10,0.6140251535087016
2025-11-11,0.40030133778394816
2025-11-12,0.6841939895210758
2025-11-13,1.2271649469341117
2025-11-14,0.6597877712649303
2025-11-17,0.628689072043187
2025-11-18,1.318823353908083
2025-11-19,1.4140334945354605
2025-11-20,0.8309435787023811
2025-11-21,3.9850421400248526
2025-11-24,1.8576370900228234
2025-11-25,1.7486231449023393
2025-11-26,0.33727010090479626
2025-11-27,0.3126208421544652
2025-11-28,1.3259655107764168
2025-12-01,0.6981869769282723
2025-12-02,0.47281017068696585
2025-12-03,1.0272595109861227
2025-12-04,0.7463891727163996
2025-12-05,1.8657387526125113
2025-12-08,1.4649003376529857
2025-12-09,0.532782567657275
2025-12-10,0.17657568390159195
2025-12-11,1.695976598972937
2025-12-12,0.663053600215946
2025-12-15,0.23661040784676013
2025-12-16,1.7264039629444672
2025-12-17,0.751607010329236
2025-12-18,0.07291781071625536
2025-12-19,1.4698698468077476
2025-12-22,0.8600419483111521
2025-12-23,0.6252518587554601
2025-12-24,1.5534652282930272
2025-12-25,1.3072965575053441
2025-12-26,0.05078020285896878
2025-12-29,0.01820982426724571
2025-12-30,0.17940208869385854
2025-12-31,0.0955072620236086
2026-01-05,1.6813831056065487
2026-01-06,1.2190818769082457
2026-01-07,0.5192403257088474
2026-01-08,1.2968436068102385
2026-01-09,1.6666012787960982
2026-01-12,2.7624050214869467
2026-01-13,1.7907173308105317
2026-01-14,0.9595821702078178
2026-01-15,0.9747991193095662
2026-01-16,0.046575175303797955
2026-01-19,1.142586661033862
2026-01-20,0.9933756778723213
2026-01-21,0.9961770452561636
2026-01-22,1.0010031614855697
2026-01-23,1.8565972246692208
2026-01-26,1.5837450344498682
2026-01-27,0.27153934879824426
2026-01-28,0.7303614297334504
2026-01-29,1.2120215532772094
2026-01-30,0.11899454067103576
2026-02-02,2.405019628180549
2026-02-03,2.8263860064610125
2026-02-04,0.11211324654489818
2026-02-05,1.224331940015777
2026-02-06,0.42384239249935174
2026-02-09,2.115596785272955
2026-02-10,0.10223120128596275
2026-02-11,0.4330441952479447
2026-02-12,0.26553088797942603
2026-02-13,0.6569971092229565
2026-02-24,1.2455082175018228
2026-02-25,1.044396736340425
