date,932000.CSI_占市场比重
2014-01-02,6.906216000012126
2014-01-03,6.76162986728235
2014-01-06,5.861526561101081
2014-01-07,5.795144841089867
2014-01-08,5.953938690148333
2014-01-09,5.690852505551051
2014-01-10,5.667401290867796
2014-01-13,4.9540962433089275
2014-01-14,5.935939697912482
2014-01-15,6.429787403155232
2014-01-16,7.037432561901345
2014-01-17,6.613669332513905
2014-01-20,6.998191663152712
2014-01-21,7.192701038551539
2014-01-22,6.169090212161786
2014-01-23,6.639679108163479
2014-01-24,6.125751160669099
2014-01-27,6.176856578495355
2014-01-28,6.1179100964064235
2014-01-29,5.628888966533394
2014-01-30,5.113686342107478
2014-02-07,5.250180915574701
2014-02-10,5.171000567088097
2014-02-11,4.913520640398264
2014-02-12,5.673559112411243
2014-02-13,5.1691099375877645
2014-02-14,5.803458255540958
2014-02-17,5.35856259823559
2014-02-18,5.764603492478561
2014-02-19,5.3799139064520975
2014-02-20,4.933548035174468
2014-02-21,5.446211188751654
2014-02-24,5.1137501669902505
2014-02-25,5.793629060581277
2014-02-26,5.655113142996876
2014-02-27,5.4279980740338205
2014-02-28,4.978378178094286
2014-03-03,5.1860063293021845
2014-03-04,5.179005205439811
2014-03-05,5.30851521914672
2014-03-06,5.271649496849819
2014-03-07,5.3122089048240895
2014-03-10,4.995961828089475
2014-03-11,5.185010826459886
2014-03-12,4.7796888194052585
2014-03-13,4.847880106881484
2014-03-14,5.098999856816219
2014-03-17,5.545791240718562
2014-03-18,5.781763530367892
2014-03-19,5.419681729246545
2014-03-20,5.66553860980215
2014-03-21,4.57643429909048
2014-03-24,4.437754970024358
2014-03-25,5.0202412260212
2014-03-26,5.452382053991448
2014-03-27,5.48989335562667
2014-03-28,5.2490436457416925
2014-03-31,5.014007931106229
2014-04-01,5.047649281545985
2014-04-02,4.655893896665576
2014-04-03,4.543247549404763
2014-04-04,4.9734970857507745
2014-04-08,4.096705545178459
2014-04-09,5.100026015286894
2014-04-10,4.667359890357982
2014-04-11,4.997806456844565
2014-04-14,5.591394790566094
2014-04-15,5.778795951654552
2014-04-16,5.9531852906246385
2014-04-17,5.856593272533281
2014-04-18,6.0422831645739885
2014-04-21,5.63475900313673
2014-04-22,5.43342309132114
2014-04-23,5.339837342119567
2014-04-24,5.819644740932043
2014-04-25,6.048375240086563
2014-04-28,5.660440503412693
2014-04-29,5.364445798024032
2014-04-30,5.4587744972749075
2014-05-05,6.210139313189178
2014-05-06,6.68337285326524
2014-05-07,6.76044529330392
2014-05-08,6.173066254796899
2014-05-09,6.03744569444855
2014-05-12,4.849456566152354
2014-05-13,5.081337334602884
2014-05-14,5.852416301719772
2014-05-15,5.657661580615157
2014-05-16,5.632513181938266
2014-05-19,4.746161221222642
2014-05-20,5.485518511839366
2014-05-21,5.774425103957687
2014-05-22,5.530696377162222
2014-05-23,5.6633583226970226
2014-05-26,5.899396635981565
2014-05-27,6.652447982437367
2014-05-28,6.35953733363748
2014-05-29,6.13089644011634
2014-05-30,6.083337454145264
2014-06-03,6.309215943244395
2014-06-04,6.301886133122736
2014-06-05,7.092442484488318
2014-06-06,7.929335565187655
2014-06-09,7.435548752896717
2014-06-10,7.04460800321047
2014-06-11,7.921772961315142
2014-06-12,8.088219247443183
2014-06-13,6.951670606694103
2014-06-16,5.786647932779946
2014-06-17,5.953907695290039
2014-06-18,6.19048340775726
2014-06-19,5.485165208515868
2014-06-20,5.725511606185157
2014-06-23,6.120505250575023
2014-06-24,5.935871308374632
2014-06-25,5.892402807131634
2014-06-26,6.0468776337417625
2014-06-27,5.9413811284514715
2014-06-30,5.859206492687827
2014-07-01,6.054328655626808
2014-07-02,6.225153491425667
2014-07-03,5.59875246575839
2014-07-04,5.9680913460974105
2014-07-07,5.901362114906117
2014-07-08,5.822728143462403
2014-07-09,5.9818669498449095
2014-07-10,5.729946821622117
2014-07-11,5.227417982758087
2014-07-14,5.149706422532924
2014-07-15,5.331853639414355
2014-07-16,5.2073339360539785
2014-07-17,4.901180844489959
2014-07-18,4.624421417136996
2014-07-21,5.037665535827371
2014-07-22,4.819404786092059
2014-07-23,4.959711686634689
2014-07-24,4.26164437502716
2014-07-25,4.132650800458553
2014-07-28,3.469034199775519
2014-07-29,4.105358484936246
2014-07-30,4.348697932421027
2014-07-31,4.412207662515335
2014-08-01,4.196161512554792
2014-08-04,3.993592238956796
2014-08-05,4.276283830122361
2014-08-06,4.224686837583147
2014-08-07,4.134193460258456
2014-08-08,4.189480542953258
2014-08-11,4.656613649718496
2014-08-12,4.871476033113015
2014-08-13,4.8004808284553455
2014-08-14,5.092553240049292
2014-08-15,5.04554744018378
2014-08-18,5.456270917190095
2014-08-19,5.473685393740769
2014-08-20,5.373753346857627
2014-08-21,4.852520619762688
2014-08-22,5.249606027175682
2014-08-25,5.021299742667008
2014-08-26,5.131851351736811
2014-08-27,4.993197858847763
2014-08-28,5.251348079632618
2014-08-29,5.848071587607614
2014-09-01,5.621139224457633
2014-09-02,4.978074411378271
2014-09-03,5.443589090547101
2014-09-04,5.295761828122679
2014-09-05,4.786696102369657
2014-09-09,5.003448433492421
2014-09-10,5.359013281929069
2014-09-11,5.31053225453901
2014-09-12,5.536270490664935
2014-09-15,5.278325143573304
2014-09-16,4.906518016091967
2014-09-17,4.6984920500851635
2014-09-18,5.16028642998023
2014-09-19,5.122432824690181
2014-09-22,4.966601515964399
2014-09-23,5.560912121385321
2014-09-24,5.802697053676475
2014-09-25,5.826899824294042
2014-09-26,5.66234941441746
2014-09-29,5.723342542375225
2014-09-30,5.6396569708419335
2014-10-08,5.3662747761784635
2014-10-09,5.330311488991413
2014-10-10,5.4632783931762505
2014-10-13,5.32866066347497
2014-10-14,5.570289993491293
2014-10-15,5.220516325517078
2014-10-16,5.329465479516862
2014-10-17,5.581174953021601
2014-10-20,5.457884563586814
2014-10-21,5.841163516832806
2014-10-22,5.698431741101941
2014-10-23,5.664910899905347
2014-10-24,5.530866865853896
2014-10-27,5.079823446400938
2014-10-28,5.5856660191094845
2014-10-29,4.927487272966943
2014-10-30,4.637671453932598
2014-10-31,3.973160473173161
2014-11-03,4.529980385242025
2014-11-04,4.297947091923666
2014-11-05,4.343151561635489
2014-11-06,4.448616778991955
2014-11-07,4.290237994767356
2014-11-10,3.5608342860506625
2014-11-11,3.551739189893373
2014-11-12,3.4805221786019054
2014-11-13,3.536358146125375
2014-11-14,3.4908712029828544
2014-11-17,3.595397305428242
2014-11-18,3.9339674437728003
2014-11-19,4.4191863746657045
2014-11-20,4.476259105579204
2014-11-21,3.911704414168973
2014-11-24,3.1215570547116163
2014-11-25,3.433435321791932
2014-11-26,3.6314607390848157
2014-11-27,3.631751259457646
2014-11-28,3.405114319473812
2014-12-01,3.1070967713108546
2014-12-02,2.745766164497869
2014-12-03,2.6512441769180075
2014-12-04,2.699379372962728
2014-12-05,2.5403120761038704
2014-12-08,2.352931653113663
2014-12-09,2.0490092265366577
2014-12-10,1.9451931608033681
2014-12-11,2.1451850659531373
2014-12-12,2.3772247277657192
2014-12-15,2.5678741677979353
2014-12-16,1.9637594630166857
2014-12-17,1.7231649125552033
2014-12-18,1.774439363460113
2014-12-19,1.8456814639847723
2014-12-22,1.7464536614031023
2014-12-23,1.672694016412628
2014-12-24,1.7650618418444488
2014-12-25,1.777344575838348
2014-12-26,1.5288040032886556
2014-12-29,1.5748689924673245
2014-12-30,1.6544320992221002
2014-12-31,1.5135155276693233
2015-01-05,1.3734475122959862
2015-01-06,1.5507778904478342
2015-01-07,1.5666567418916828
2015-01-08,1.9130151526085208
2015-01-09,1.7947420697567151
2015-01-12,1.786221692950768
2015-01-13,2.186103359864325
2015-01-14,2.1914722980300896
2015-01-15,1.9800897001516038
2015-01-16,1.9704844620607767
2015-01-19,2.4091575432556005
2015-01-20,2.4636821017702157
2015-01-21,2.5471560176428514
2015-01-22,2.7143607078019234
2015-01-23,2.5618661676451455
2015-01-26,2.5295289083413164
2015-01-27,2.4898612770384765
2015-01-28,2.830476480406497
2015-01-29,2.6346693637244005
2015-01-30,2.705130738667508
2015-02-02,2.6997449756772807
2015-02-03,2.6914595503725525
2015-02-04,2.686653972204368
2015-02-05,2.553570008147342
2015-02-06,2.9018403369215915
2015-02-09,2.7908972458227805
2015-02-10,2.49553336307516
2015-02-11,2.5765903814205284
2015-02-12,2.7382358227930648
2015-02-13,2.644214026318028
2015-02-16,2.8063789229047766
2015-02-17,2.6485146578411323
2015-02-25,3.0307027140079743
2015-02-26,2.7034627173575143
2015-02-27,2.859762540463395
2015-03-02,3.110739473549151
2015-03-03,2.9319939288369072
2015-03-04,3.1769893287647712
2015-03-05,3.4217419159819853
2015-03-06,3.5323265570075453
2015-03-09,3.2758271643333114
2015-03-10,3.774631847971477
2015-03-11,4.170617131209257
2015-03-12,3.4854888075669166
2015-03-13,3.1724021132205524
2015-03-16,3.4637913647601652
2015-03-17,3.2765856653485073
2015-03-18,3.069204884377043
2015-03-19,3.085341736735041
2015-03-20,2.8948919203374732
2015-03-23,3.1044248504699112
2015-03-24,3.3121836033302854
2015-03-25,3.3046574588761453
2015-03-26,3.6939333821980407
2015-03-27,3.257535492162226
2015-03-30,2.9316291997257697
2015-03-31,2.7947804401965803
2015-04-01,3.277490150348081
2015-04-02,3.462582027571843
2015-04-03,3.5581017442170944
2015-04-07,3.4909068649427546
2015-04-08,3.4560993815505854
2015-04-09,3.236982981196764
2015-04-10,3.374768000450961
2015-04-13,3.409485876549461
2015-04-14,3.2357923516457854
2015-04-15,3.1567645315405337
2015-04-16,2.8050851719397456
2015-04-17,2.554746402503379
2015-04-20,2.375023053703004
2015-04-21,2.4631917347813217
2015-04-22,2.699968661442553
2015-04-23,3.0904936367107045
2015-04-24,2.860204987073932
2015-04-27,2.75467757790838
2015-04-28,2.4877310752546533
2015-04-29,2.7232574647252505
2015-04-30,2.8849172255600695
2015-05-04,2.7358791092322114
2015-05-05,2.7297780327715055
2015-05-06,2.7744964683967517
2015-05-07,2.873681318014258
2015-05-08,3.1240812082763356
2015-05-11,3.1822772247608517
2015-05-12,3.4687729473234867
2015-05-13,3.498748847953688
2015-05-14,3.9833868327211053
2015-05-15,3.7319319758589287
2015-05-18,4.213896454728667
2015-05-19,3.9572732055649746
2015-05-20,4.046942684422204
2015-05-21,4.316373161259551
2015-05-22,3.9571640328695694
2015-05-25,3.779590065486852
2015-05-26,3.4835713015955623
2015-05-27,3.668858286233
2015-05-28,3.7160353703114595
2015-05-29,4.305169066213914
2015-06-01,3.929409653538083
2015-06-02,4.32035504567906
2015-06-03,4.5949492006349715
2015-06-04,4.14470790536294
2015-06-05,3.7680846726936714
2015-06-08,3.4389954921741612
2015-06-09,3.165393021696793
2015-06-10,3.6990419887551202
2015-06-11,3.8162348712503666
2015-06-12,3.8854332432834453
2015-06-15,4.8298421981851405
2015-06-16,4.970334598927282
2015-06-17,4.951728189615849
2015-06-18,5.07259716258482
2015-06-19,4.79455702010705
2015-06-23,4.742259669795063
2015-06-24,4.7393811216718555
2015-06-25,4.873789348232284
2015-06-26,4.015401515282925
2015-06-29,3.662148397500479
2015-06-30,4.245200511222656
2015-07-01,4.155053833545998
2015-07-02,3.5533225747339103
2015-07-03,3.6822416942431144
2015-07-06,3.2638917400288374
2015-07-07,1.2549582292889816
2015-07-08,1.987002774453624
2015-07-09,3.0421030828041187
2015-07-10,2.5643786323305235
2015-07-13,3.3121016196012607
2015-07-14,3.90365208022509
2015-07-15,4.197293791307002
2015-07-16,4.681704365000361
2015-07-17,4.547387487120153
2015-07-20,4.8118792780913955
2015-07-21,5.071678668385924
2015-07-22,5.292748593659134
2015-07-23,5.207522979988566
2015-07-24,4.915438035206843
2015-07-27,4.778177163367327
2015-07-28,4.72143683917331
2015-07-29,5.409317378568238
2015-07-30,5.529615049146477
2015-07-31,5.262268405347903
2015-08-03,4.627607328009807
2015-08-04,5.143706413756996
2015-08-05,5.659380628061483
2015-08-06,5.733970560731782
2015-08-07,5.610292261653694
2015-08-10,5.100947774846186
2015-08-11,5.322522622415213
2015-08-12,5.421247382345747
2015-08-13,5.562786972800512
2015-08-14,5.800340536538758
2015-08-17,5.648922779497817
2015-08-18,5.766098680561259
2015-08-19,5.788859284743236
2015-08-20,5.709769637995069
2015-08-21,5.2797502383298145
2015-08-24,4.255326711246595
2015-08-25,3.8553533474050226
2015-08-26,4.740998000236898
2015-08-27,4.425491025628415
2015-08-28,4.527628902034606
2015-08-31,4.760650255212054
2015-09-01,3.941448396464734
2015-09-02,3.7950035608259434
2015-09-07,4.61652639298583
2015-09-08,5.248629066000119
2015-09-09,4.958444918959051
2015-09-10,5.901386036178068
2015-09-11,5.910417773325564
2015-09-14,5.612427605813234
2015-09-15,5.382721072342994
2015-09-16,6.144930897283573
2015-09-17,5.940474449349282
2015-09-18,5.851216121874686
2015-09-21,5.751267529775044
2015-09-22,5.7604356849751595
2015-09-23,6.34388921918225
2015-09-24,7.3580294513630236
2015-09-25,6.786131461999123
2015-09-28,7.562166310984946
2015-09-29,7.448537423900628
2015-09-30,7.46815283655292
2015-10-08,6.765088734952028
2015-10-09,7.020259032107728
2015-10-12,6.240812765406002
2015-10-13,7.041953341471762
2015-10-14,7.364138596021684
2015-10-15,6.963478498771283
2015-10-16,6.59896090957839
2015-10-19,6.721041256147591
2015-10-20,6.92707000663567
2015-10-21,6.090954317899556
2015-10-22,6.531841667436371
2015-10-23,6.2845992274192355
2015-10-26,6.333054001822308
2015-10-27,6.556026444822558
2015-10-28,6.484909760255947
2015-10-29,6.822233620598284
2015-10-30,6.422452042071397
2015-11-02,6.131953109227558
2015-11-03,6.713442008143998
2015-11-04,5.828606789658506
2015-11-05,4.892249832215961
2015-11-06,5.464364310408899
2015-11-09,5.244923483245055
2015-11-10,5.230511848413129
2015-11-11,5.982303260427299
2015-11-12,6.277391738153253
2015-11-13,6.04396850457171
2015-11-16,6.166420565177636
2015-11-17,5.918700840719137
2015-11-18,6.352239923826315
2015-11-19,6.419537487636016
2015-11-20,6.638247062601929
2015-11-23,7.1216502698494235
2015-11-24,7.29285753351122
2015-11-25,7.046991382412629
2015-11-26,7.396227668361158
2015-11-27,6.580085931044119
2015-11-30,6.766424163371496
2015-12-01,7.1695080854373066
2015-12-02,6.172313009187979
2015-12-03,6.309349603043877
2015-12-04,7.3107085993888195
2015-12-07,7.617910370973482
2015-12-08,7.592652263751676
2015-12-09,7.155557946508169
2015-12-10,6.726752934101585
2015-12-11,6.9272135191796025
2015-12-14,8.406562927307059
2015-12-15,8.545988488815457
2015-12-16,9.552308238023203
2015-12-17,9.107805609685878
2015-12-18,9.741534718198622
2015-12-21,8.370645896477935
2015-12-22,9.088326067874169
2015-12-23,9.089072900778298
2015-12-24,9.698057019701919
2015-12-25,10.557490933474757
2015-12-28,9.496067289464806
2015-12-29,9.683311654706793
2015-12-30,9.21177217961228
2015-12-31,9.30806154187488
2016-01-04,8.48176172850466
2016-01-05,8.369773397190784
2016-01-06,8.546934562006566
2016-01-07,8.318121367487215
2016-01-08,8.200903225210295
2016-01-11,7.874889579742334
2016-01-12,8.148077490278864
2016-01-13,7.943435321743217
2016-01-14,8.085950173569628
2016-01-15,8.307135883973116
2016-01-18,8.710204012110093
2016-01-19,8.787683193966906
2016-01-20,8.981528305477362
2016-01-21,9.24775797823284
2016-01-22,9.147475269821708
2016-01-25,9.424568152033062
2016-01-26,8.535385933160429
2016-01-27,8.201341733591489
2016-01-28,8.321688775323775
2016-01-29,8.098190607409347
2016-02-01,8.945152653241866
2016-02-02,8.789826490747018
2016-02-03,8.895825596886189
2016-02-04,8.918282760885088
2016-02-05,9.545358622698684
2016-02-15,8.713854468416711
2016-02-16,8.835940237875004
2016-02-17,9.017582486916378
2016-02-18,9.28979102645707
2016-02-19,9.505298418904317
2016-02-22,8.893800562101315
2016-02-23,9.237214925389118
2016-02-24,9.586306519037047
2016-02-25,8.647412847537966
2016-02-26,9.074000819678506
2016-02-29,8.163697378990387
2016-03-01,8.61635597046572
2016-03-02,8.189836822473186
2016-03-03,7.734679884697406
2016-03-04,7.171809544198138
2016-03-07,8.083578322903342
2016-03-08,8.508213805328166
2016-03-09,8.338932383379703
2016-03-10,8.757379579037728
2016-03-11,8.586639401810487
2016-03-14,8.359509118144993
2016-03-15,8.342769935266324
2016-03-16,8.202429700505524
2016-03-17,8.178928024843257
2016-03-18,7.871512229363706
2016-03-21,7.618664686627123
2016-03-22,7.98799624466417
2016-03-23,8.062664198031353
2016-03-24,8.301610251907746
2016-03-25,9.208087143310774
2016-03-28,9.150829767396017
2016-03-29,8.638670273220479
2016-03-30,8.496252660212486
2016-03-31,9.584513752202138
2016-04-01,9.936557389321992
2016-04-05,8.915812291199105
2016-04-06,9.015004584181021
2016-04-07,9.141394793757192
2016-04-08,8.931968128535823
2016-04-11,8.610621276395996
2016-04-12,9.496305409368512
2016-04-13,8.177710169551485
2016-04-14,9.288891449967043
2016-04-15,9.827695700320545
2016-04-18,9.464821213396005
2016-04-19,10.333176601148496
2016-04-20,9.47285920890893
2016-04-21,10.355759302901069
2016-04-22,10.417640828434553
2016-04-25,10.660852162141005
2016-04-26,10.79438345856861
2016-04-27,10.989213732581355
2016-04-28,10.081358108563084
2016-04-29,10.137115390097
2016-05-03,9.547065800903138
2016-05-04,10.170425185229801
2016-05-05,10.37201156653677
2016-05-06,10.131134534080646
2016-05-09,9.733897070339966
2016-05-10,9.736700649795027
2016-05-11,10.018238902623864
2016-05-12,9.635356608292094
2016-05-13,9.7326432920879
2016-05-16,9.84070909987572
2016-05-17,9.799284853667691
2016-05-18,9.878122521971516
2016-05-19,9.62776646511088
2016-05-20,9.410780851995229
2016-05-23,9.678509018381119
2016-05-24,9.55255917439596
2016-05-25,9.550231033038893
2016-05-26,9.221488664497397
2016-05-27,9.688728622168979
2016-05-30,9.952719806201516
2016-05-31,8.655928931373055
2016-06-01,9.33140949381064
2016-06-02,9.387774612905913
2016-06-03,8.850113220888602
2016-06-06,9.22747213937792
2016-06-07,10.027188465707322
2016-06-08,10.447626760832959
2016-06-13,10.537775348300702
2016-06-14,10.749014948930894
2016-06-15,10.2130893553168
2016-06-16,10.51041808913567
2016-06-17,10.420096333394957
2016-06-20,11.373541656467216
2016-06-21,10.480773405598336
2016-06-22,10.823440354826785
2016-06-23,10.41612198813555
2016-06-24,10.243436880468796
2016-06-27,10.495795782031577
2016-06-28,10.696533648365685
2016-06-29,10.427393730653007
2016-06-30,11.160267162796018
2016-07-01,10.837666548076106
2016-07-04,9.628345306193827
2016-07-05,10.050341036662553
2016-07-06,10.132446687085537
2016-07-07,9.861354432311431
2016-07-08,10.082519584832667
2016-07-11,9.76665754746634
2016-07-12,8.70132136896975
2016-07-13,8.200216026334441
2016-07-14,9.395186847313568
2016-07-15,9.056179212091402
2016-07-18,9.26823628567894
2016-07-19,9.342628574404307
2016-07-20,10.737443799550185
2016-07-21,10.159018144883245
2016-07-22,9.245600053344894
2016-07-25,9.868780337520326
2016-07-26,9.457509211655045
2016-07-27,8.90631826151513
2016-07-28,8.661969395897467
2016-07-29,8.697066330843107
2016-08-01,9.042525248972614
2016-08-02,9.60043950629991
2016-08-03,9.324252577538353
2016-08-04,9.212912617485545
2016-08-05,8.979457656353112
2016-08-08,8.302325912577231
2016-08-09,8.566274984967794
2016-08-10,8.875366596509016
2016-08-11,8.86393296419655
2016-08-12,8.085676018647368
2016-08-15,7.246238278154013
2016-08-16,7.732451843056047
2016-08-17,9.416370990192311
2016-08-18,8.952989100625834
2016-08-19,9.83191748914384
2016-08-22,9.740826272576644
2016-08-23,10.074894436935542
2016-08-24,11.271487358285531
2016-08-25,10.040652615250623
2016-08-26,10.85936379904711
2016-08-29,11.259290917046295
2016-08-30,11.669030988755827
2016-08-31,11.400514615579475
2016-09-01,11.068418894906252
2016-09-02,10.327857989711145
2016-09-05,10.704560689334022
2016-09-06,10.790835191189123
2016-09-07,11.719216695406391
2016-09-08,11.384813217394903
2016-09-09,11.37688729470305
2016-09-12,10.09512525044552
2016-09-13,11.817261217644292
2016-09-14,11.985372597673521
2016-09-19,12.337581001563173
2016-09-20,12.939303016363976
2016-09-21,12.641208059125761
2016-09-22,11.629377185248794
2016-09-23,12.891658522202379
2016-09-26,11.847299715527177
2016-09-27,12.265524131741188
2016-09-28,12.223319109108663
2016-09-29,11.422497090104274
2016-09-30,11.899988684654723
2016-10-10,11.0411403887743
2016-10-11,12.088760166583969
2016-10-12,12.372417699294918
2016-10-13,12.427015932354497
2016-10-14,13.062009396603742
2016-10-17,12.756817918688757
2016-10-18,12.229641067783541
2016-10-19,13.364005012446745
2016-10-20,13.891925357387159
2016-10-21,12.52627809012807
2016-10-24,10.285201269362007
2016-10-25,11.157455447920393
2016-10-26,11.477210621510606
2016-10-27,11.262847968596999
2016-10-28,12.082962231384874
2016-10-31,11.744954053224872
2016-11-01,12.928672616585295
2016-11-02,12.922371136256908
2016-11-03,12.533557374511858
2016-11-04,12.474745394718886
2016-11-07,11.923900654713098
2016-11-08,11.528337681473344
2016-11-09,10.709477081356807
2016-11-10,10.692935722365265
2016-11-11,10.100828444989018
2016-11-14,9.58288950351373
2016-11-15,11.066389966565634
2016-11-16,11.64615498483554
2016-11-17,12.078535699591878
2016-11-18,11.854587610998935
2016-11-21,11.322247523519986
2016-11-22,11.171125703905021
2016-11-23,10.855670896654491
2016-11-24,11.653228580871785
2016-11-25,11.379653739312362
2016-11-28,9.468777463196764
2016-11-29,8.590288478875031
2016-11-30,9.143336883372141
2016-12-01,9.090130306256329
2016-12-02,9.038999439101481
2016-12-05,8.243912882521473
2016-12-06,9.731076549125733
2016-12-07,10.001878653232302
2016-12-08,10.697008846280651
2016-12-09,9.38091747744684
2016-12-12,11.603251887814032
2016-12-13,12.169275685595327
2016-12-14,12.913976683552663
2016-12-15,13.395946576741066
2016-12-16,15.090681472748274
2016-12-19,14.897937747829253
2016-12-20,15.38144668347529
2016-12-21,14.750299627944793
2016-12-22,14.354837190052782
2016-12-23,13.965774714164775
2016-12-26,13.574741865549703
2016-12-27,15.559472354726866
2016-12-28,16.203056544691922
2016-12-29,15.831598424695636
2016-12-30,15.30480562981591
2017-01-03,13.805957416580355
2017-01-04,14.354553791130053
2017-01-05,15.372648595764987
2017-01-06,14.871420331324614
2017-01-09,14.152171027699032
2017-01-10,14.741478248170436
2017-01-11,14.150636207549649
2017-01-12,14.551331298379697
2017-01-13,13.838775722360474
2017-01-16,11.667521331788144
2017-01-17,13.869412996866892
2017-01-18,14.221080494789136
2017-01-19,14.059888299912895
2017-01-20,14.00124739777617
2017-01-23,13.451899833793316
2017-01-24,14.07841140678985
2017-01-25,15.041592980516382
2017-01-26,13.292290030533465
2017-02-03,13.719133800726862
2017-02-06,13.583908478802954
2017-02-07,14.14753255091788
2017-02-08,13.667939698261131
2017-02-09,13.92517105747721
2017-02-10,13.032763618939638
2017-02-13,12.02836034963473
2017-02-14,12.405155170673671
2017-02-15,11.89647539176286
2017-02-16,11.892228648909635
2017-02-17,11.220622268407409
2017-02-20,10.76598958982305
2017-02-21,10.862662237330976
2017-02-22,12.043104239799131
2017-02-23,11.483789723222149
2017-02-24,10.884006168741577
2017-02-27,11.395343982076133
2017-02-28,11.27820941672172
2017-03-01,11.567873673933954
2017-03-02,11.685099008645613
2017-03-03,11.986902863578774
2017-03-06,11.960102901556747
2017-03-07,11.839589222829849
2017-03-08,12.230472899004853
2017-03-09,11.963298108131221
2017-03-10,12.711300024237776
2017-03-13,11.427162480602707
2017-03-14,11.976192041937692
2017-03-15,11.055434906640281
2017-03-16,10.623120272976761
2017-03-17,11.143716647015303
2017-03-20,11.149976680741597
2017-03-21,10.843021345703338
2017-03-22,10.269678241108998
2017-03-23,11.517249785193671
2017-03-24,10.92161142215399
2017-03-27,11.722764484492366
2017-03-28,11.317513076539475
2017-03-29,11.381623576204014
2017-03-30,11.678367754069324
2017-03-31,10.605956849946553
2017-04-05,8.497659522624634
2017-04-06,8.799150269640183
2017-04-07,8.820352329049541
2017-04-10,9.362215066264183
2017-04-11,8.508363404468774
2017-04-12,8.01787839085897
2017-04-13,8.434254204371985
2017-04-14,9.118324065257319
2017-04-17,9.17468113207132
2017-04-18,9.10942234570574
2017-04-19,8.890655955697381
2017-04-20,8.383126059579462
2017-04-21,7.9197777814146635
2017-04-24,7.8428101149982385
2017-04-25,7.986269074830759
2017-04-26,7.375144115267607
2017-04-27,8.145322897766153
2017-04-28,9.297454250878522
2017-05-02,8.933796675151811
2017-05-03,9.041829754571104
2017-05-04,8.401883983193938
2017-05-05,8.5807114171157
2017-05-08,7.92785876309743
2017-05-09,8.330654057984775
2017-05-10,8.06136578106412
2017-05-11,8.254005991347446
2017-05-12,7.912437238612095
2017-05-15,8.250717772470347
2017-05-16,8.543718454389381
2017-05-17,9.279460813323846
2017-05-18,8.842068205880281
2017-05-19,8.177226452954333
2017-05-22,7.66533922077685
2017-05-23,7.573555534501245
2017-05-24,7.60893919089424
2017-05-25,6.9971170521919674
2017-05-26,6.9502880340538935
2017-05-31,6.739507441490165
2017-06-01,7.177019667391722
2017-06-02,7.812066706400427
2017-06-05,7.648547597469932
2017-06-06,8.06570353949266
2017-06-07,8.313283143411123
2017-06-08,8.769899182726698
2017-06-09,9.047768686214328
2017-06-12,13.89550573551589
2017-06-13,14.380037382275884
2017-06-14,14.582711545192087
2017-06-15,15.284389227404796
2017-06-16,15.358045561117702
2017-06-19,14.344614614543328
2017-06-20,14.351615651717815
2017-06-21,13.493420578760249
2017-06-22,11.752232665007549
2017-06-23,12.02652285557464
2017-06-26,9.986327936392819
2017-06-27,12.13838964048229
2017-06-28,11.516770722549825
2017-06-29,11.395259435883178
2017-06-30,11.390926874274832
2017-07-03,10.672538082906126
2017-07-04,10.637132837439596
2017-07-05,10.998846299376618
2017-07-06,11.592251360508362
2017-07-07,12.899750734704805
2017-07-10,12.209560820566953
2017-07-11,11.425635180039915
2017-07-12,11.28709718131516
2017-07-13,10.559797189582001
2017-07-14,11.566303432971429
2017-07-17,10.70142341228322
2017-07-18,10.53244408149762
2017-07-19,9.206165146044949
2017-07-20,10.164516922876023
2017-07-21,9.91722081017106
2017-07-24,10.044428541506962
2017-07-25,9.947732063883274
2017-07-26,9.522481472981644
2017-07-27,10.513413838327622
2017-07-28,10.38896169616599
2017-07-31,9.674824544504478
2017-08-01,9.834766725156953
2017-08-02,9.574542478299753
2017-08-03,9.64042631036888
2017-08-04,9.211126855421558
2017-08-07,9.377050278369182
2017-08-08,9.260742537646568
2017-08-09,9.43873596933412
2017-08-10,10.218843112829003
2017-08-11,9.252741812996867
2017-08-14,9.632596393753575
2017-08-15,10.376159820107029
2017-08-16,10.180522910126127
2017-08-17,10.04305920949692
2017-08-18,10.608771252089365
2017-08-21,9.987975735583136
2017-08-22,9.875791343390064
2017-08-23,10.19780305645436
2017-08-24,10.814248875153465
2017-08-25,9.687668286462678
2017-08-28,8.75127331656914
2017-08-29,10.400518846525198
2017-08-30,9.800272695102908
2017-08-31,9.80342004189893
2017-09-01,9.367761063527826
2017-09-04,9.87709974434649
2017-09-05,9.748988379337732
2017-09-06,9.314747976933711
2017-09-07,10.731201933316417
2017-09-08,10.704403416184464
2017-09-11,9.988073395197963
2017-09-12,9.86057950866598
2017-09-13,10.41888709035176
2017-09-14,10.486065691008061
2017-09-15,9.67806295909646
2017-09-18,9.13140654877225
2017-09-19,10.051475682095614
2017-09-20,10.484355382246315
2017-09-21,10.8249355080736
2017-09-22,10.59523593087086
2017-09-25,10.593676697590237
2017-09-26,11.069294641511748
2017-09-27,10.739266871335719
2017-09-28,11.331377441682967
2017-09-29,11.157308756754981
2017-10-09,9.36953690022227
2017-10-10,10.354978882104746
2017-10-11,11.313395094240875
2017-10-12,11.690196636731176
2017-10-13,11.895530210091469
2017-10-16,11.260567715451362
2017-10-17,11.177680316624835
2017-10-18,10.983659683792887
2017-10-19,10.380100281124742
2017-10-20,11.23505067213222
2017-10-23,11.26798437846696
2017-10-24,10.432227004881561
2017-10-25,10.391735692471977
2017-10-26,9.374604916057566
2017-10-27,9.70634989681256
2017-10-30,9.063139844505747
2017-10-31,8.804201076519961
2017-11-01,8.750362087328616
2017-11-02,9.048928523500352
2017-11-03,8.906370978826445
2017-11-06,8.715606989684561
2017-11-07,8.322510315957905
2017-11-08,8.487043818281133
2017-11-09,9.320617019838009
2017-11-10,8.53269754221075
2017-11-13,8.381700388183608
2017-11-14,8.445890406204592
2017-11-15,8.114328689203756
2017-11-16,8.290980531731247
2017-11-17,7.899409784650517
2017-11-20,7.4088489165278935
2017-11-21,6.5396813288478555
2017-11-22,6.2768939381837265
2017-11-23,6.719887666948239
2017-11-24,7.134387894465336
2017-11-27,6.73524864147376
2017-11-28,7.495525602538312
2017-11-29,7.16569356751314
2017-11-30,7.777693106022196
2017-12-01,8.989733180278105
2017-12-04,8.181906554806336
2017-12-05,7.977659925347112
2017-12-06,7.768477322006635
2017-12-07,8.557980284480694
2017-12-08,8.383358892483662
2017-12-11,9.744807341669576
2017-12-12,10.262234278371016
2017-12-13,10.2307775784267
2017-12-14,10.800893902552012
2017-12-15,11.147253454874237
2017-12-18,11.19011587503052
2017-12-19,10.52566965534678
2017-12-20,10.576054601016759
2017-12-21,10.398552716660229
2017-12-22,10.423174439906978
2017-12-25,10.268816427875189
2017-12-26,11.000622455271234
2017-12-27,10.398936758449102
2017-12-28,10.495793218938624
2017-12-29,10.804154859688603
2018-01-02,9.409442192220808
2018-01-03,10.368650473298038
2018-01-04,10.686272117086816
2018-01-05,9.72761909809895
2018-01-08,8.99394381297759
2018-01-09,9.506816009852773
2018-01-10,9.581499880702351
2018-01-11,9.7460837577221
2018-01-12,9.661508458684015
2018-01-15,8.665323960145468
2018-01-16,7.958544251369832
2018-01-17,7.487445367628519
2018-01-18,7.9891328182639905
2018-01-19,7.985527427305597
2018-01-22,8.196535818570016
2018-01-23,7.792991050262478
2018-01-24,7.6873229966178735
2018-01-25,8.432210361225293
2018-01-26,8.22158263473597
2018-01-29,7.723792760514575
2018-01-30,7.735740666350879
2018-01-31,9.116122973123215
2018-02-01,8.539509573458423
2018-02-02,8.567236832607577
2018-02-05,7.070969822966163
2018-02-06,6.898167424320671
2018-02-07,6.835155699478052
2018-02-08,7.200940734062086
2018-02-09,6.658704666375774
2018-02-12,8.257413626594326
2018-02-13,8.562205574511395
2018-02-14,9.06446709554762
2018-02-22,8.186022232351133
2018-02-23,8.946559841693148
2018-02-26,9.093313896373097
2018-02-27,9.274181658065721
2018-02-28,9.026033848523202
2018-03-01,9.89619988816526
2018-03-02,9.990228514914174
2018-03-05,9.869533025398416
2018-03-06,9.717976573893006
2018-03-07,10.521814354402697
2018-03-08,11.997708056726871
2018-03-09,12.048474301232206
2018-03-12,11.231723979318224
2018-03-13,11.715543815516641
2018-03-14,11.699476357083755
2018-03-15,12.2247430819832
2018-03-16,11.186077923425414
2018-03-19,11.164183676095735
2018-03-20,12.578065858529575
2018-03-21,12.536431292681954
2018-03-22,12.673149103587637
2018-03-23,11.039297617576842
2018-03-26,10.97180419454747
2018-03-27,11.671830776535225
2018-03-28,12.089178635909693
2018-03-29,11.826908018423731
2018-03-30,13.069895001767573
2018-04-02,12.447620861972407
2018-04-03,12.962282192128011
2018-04-04,13.087220418233898
2018-04-09,13.659910431748697
2018-04-10,13.509206341895016
2018-04-11,14.035264423937907
2018-04-12,15.504666726734213
2018-04-13,14.88478963623662
2018-04-16,11.68292330833474
2018-04-17,12.724905077070966
2018-04-18,11.432319630991286
2018-04-19,11.574742785551614
2018-04-20,11.66104370624211
2018-04-23,11.287642850842989
2018-04-24,11.233806427306353
2018-04-25,13.16520084261921
2018-04-26,12.62528443417274
2018-04-27,11.767871651209317
2018-05-02,12.109973789740023
2018-05-03,11.804266315091175
2018-05-04,13.71701436629134
2018-05-07,13.584646736238065
2018-05-08,13.953244185593142
2018-05-09,16.075809481179856
2018-05-10,16.381511354309012
2018-05-11,15.442803766906765
2018-05-14,12.882320480765236
2018-05-15,13.941159061116526
2018-05-16,14.253180657608008
2018-05-17,15.334361878784787
2018-05-18,14.807024102102442
2018-05-21,14.546147740302917
2018-05-22,15.6512548029143
2018-05-23,14.760945046636307
2018-05-24,15.335499952655397
2018-05-25,15.561468181297625
2018-05-28,15.767429071265738
2018-05-29,14.787770590975354
2018-05-30,14.350853664260447
2018-05-31,12.669915818128704
2018-06-01,13.477367135271074
2018-06-04,12.302780298546544
2018-06-05,13.082028897932036
2018-06-06,13.925787754594927
2018-06-07,13.72980971838432
2018-06-08,12.826343663120104
2018-06-11,18.977256784700668
2018-06-12,19.424101361712122
2018-06-13,19.048066075686197
2018-06-14,18.47944759090895
2018-06-15,17.821159073347008
2018-06-19,13.316251457580638
2018-06-20,17.58457221643768
2018-06-21,17.209363228342777
2018-06-22,16.647279067426627
2018-06-25,16.33644483949465
2018-06-26,16.82243906095542
2018-06-27,17.45920555914825
2018-06-28,18.10089411605621
2018-06-29,18.777295090443058
2018-07-02,17.447869659280332
2018-07-03,16.952427541102736
2018-07-04,19.287544833189806
2018-07-05,17.34377833782764
2018-07-06,16.728785646262807
2018-07-09,16.73287167347016
2018-07-10,19.048314571680276
2018-07-11,19.555607679947315
2018-07-12,18.192201253909918
2018-07-13,19.13959065876398
2018-07-16,18.704710594419435
2018-07-17,18.76049133495749
2018-07-18,18.973614934801194
2018-07-19,18.984702742282003
2018-07-20,15.280386665799057
2018-07-23,14.394459965244133
2018-07-24,13.367221062157453
2018-07-25,15.804283855706997
2018-07-26,16.70986847881958
2018-07-27,17.51583183754341
2018-07-30,16.105110348805475
2018-07-31,15.830020744483194
2018-08-01,14.893432283207082
2018-08-02,14.872556362875608
2018-08-03,14.139601663047753
2018-08-06,14.02462528355676
2018-08-07,14.094411311697902
2018-08-08,15.812346755139536
2018-08-09,15.222374655622186
2018-08-10,16.492224968565722
2018-08-13,15.088291731983142
2018-08-14,16.521015374985268
2018-08-15,15.820261503712315
2018-08-16,15.17846292611161
2018-08-17,15.02782032932169
2018-08-20,14.349031207911878
2018-08-21,14.603115042194185
2018-08-22,16.172200456623706
2018-08-23,15.27889120281937
2018-08-24,15.360070017607466
2018-08-27,13.794152229287423
2018-08-28,14.846456689907656
2018-08-29,15.201249126205981
2018-08-30,14.973057719783553
2018-08-31,13.270066040186576
2018-09-03,14.10297683295592
2018-09-04,13.952412593970005
2018-09-05,15.379274662401826
2018-09-06,14.427660636136483
2018-09-07,13.949935746077823
2018-09-10,14.621445627524354
2018-09-11,14.50571879406002
2018-09-12,14.078423100318155
2018-09-13,13.589836735924067
2018-09-14,14.748320405866815
2018-09-17,15.727219857718397
2018-09-18,14.35378527793497
2018-09-19,14.008120869659695
2018-09-20,15.657614241326767
2018-09-21,13.419069262319328
2018-09-25,14.391995575067554
2018-09-26,13.17879111447111
2018-09-27,15.225183150879742
2018-09-28,13.400173912032665
2018-10-08,12.312653133663245
2018-10-09,13.893945476297192
2018-10-10,15.28568851071955
2018-10-11,14.244776902401926
2018-10-12,14.47800192234037
2018-10-15,15.407388722484683
2018-10-16,15.745180612308648
2018-10-17,15.363129081760432
2018-10-18,15.334590174311108
2018-10-19,13.203283920770254
2018-10-22,12.620739473509076
2018-10-23,13.356662631140356
2018-10-24,13.598769482376625
2018-10-25,12.955157476894005
2018-10-26,12.862833514965297
2018-10-29,11.658521755982054
2018-10-30,11.897779459231375
2018-10-31,13.490757568971809
2018-11-01,12.92291073485487
2018-11-02,12.639069207430232
2018-11-05,15.317838546423406
2018-11-06,16.003888707512598
2018-11-07,15.896143067269545
2018-11-08,16.787540434538258
2018-11-09,16.53050230854128
2018-11-12,16.741528504245885
2018-11-13,15.993969541778675
2018-11-14,16.731868071283216
2018-11-15,19.03613804637997
2018-11-16,17.387991297318152
2018-11-19,16.347206709114527
2018-11-20,16.440145472547655
2018-11-21,17.014846966018172
2018-11-22,17.860858133609874
2018-11-23,17.440836510612854
2018-11-26,17.718562621733764
2018-11-27,17.733307119911533
2018-11-28,16.872111231532553
2018-11-29,16.808441339061115
2018-11-30,16.9346528918514
2018-12-03,14.443337448761056
2018-12-04,17.20616201094487
2018-12-05,16.388642474419875
2018-12-06,15.249334034318963
2018-12-07,16.536170116009103
2018-12-10,16.48845821386479
2018-12-11,17.27343771971729
2018-12-12,17.871509633017062
2018-12-13,15.556837267149017
2018-12-14,15.527133317222502
2018-12-17,16.466812562525288
2018-12-18,18.172974604892207
2018-12-19,18.140413531948624
2018-12-20,16.777054184942333
2018-12-21,16.075134632614528
2018-12-24,18.96101810075849
2018-12-25,19.165878301542822
2018-12-26,21.811791731572587
2018-12-27,19.08977854019844
2018-12-28,17.62744156439142
2019-01-02,17.286930425981847
2019-01-03,17.92275877655732
2019-01-04,15.545780292287532
2019-01-07,16.612635069742197
2019-01-08,18.72499663791471
2019-01-09,17.425139232793192
2019-01-10,18.6866966205497
2019-01-11,19.31737435924024
2019-01-14,19.082350487947732
2019-01-15,17.55687135780973
2019-01-16,18.43978923757045
2019-01-17,17.878975670418562
2019-01-18,14.762359798214518
2019-01-21,14.28803380502266
2019-01-22,16.579350079328055
2019-01-23,18.138847051588574
2019-01-24,16.26092007344564
2019-01-25,16.23925429481428
2019-01-28,15.5334941155786
2019-01-29,15.891045378730043
2019-01-30,15.036521010101117
2019-01-31,14.2925182579486
2019-02-01,12.446139404590499
2019-02-11,12.411396054534686
2019-02-12,14.016982565147293
2019-02-13,13.510524569537901
2019-02-14,14.648481745436207
2019-02-15,14.845887868336233
2019-02-18,14.727509785223972
2019-02-19,15.247878099617262
2019-02-20,15.534465213929765
2019-02-21,15.570723254049879
2019-02-22,14.570580918458209
2019-02-25,13.138129731947185
2019-02-26,13.082147387597153
2019-02-27,12.804063114486707
2019-02-28,13.545430554273999
2019-03-01,12.758360924718703
2019-03-04,12.560794626482883
2019-03-05,14.6368020027736
2019-03-06,14.284391473800282
2019-03-07,14.217239969674388
2019-03-08,13.737496141776074
2019-03-11,14.287761625101583
2019-03-12,14.921131501988311
2019-03-13,15.468639011208655
2019-03-14,14.997657228314074
2019-03-15,15.056292279086481
2019-03-18,13.687771697418144
2019-03-19,14.720660952883858
2019-03-20,15.138868918378062
2019-03-21,15.493221983807093
2019-03-22,16.199768002317512
2019-03-25,15.212313820143542
2019-03-26,15.962041216297349
2019-03-27,16.41001635154996
2019-03-28,17.074286387874015
2019-03-29,13.994223161436025
2019-04-01,14.232830835878804
2019-04-02,15.459740587784983
2019-04-03,14.627515245906707
2019-04-04,14.438360362493574
2019-04-08,13.88083734429157
2019-04-09,15.543351493774221
2019-04-10,14.973515386037297
2019-04-11,15.226147492254288
2019-04-12,16.21376472006378
2019-04-15,14.366150380103178
2019-04-16,14.057696969072692
2019-04-17,15.310382856045576
2019-04-18,16.269051527277263
2019-04-19,15.653345183353078
2019-04-22,15.029598007327227
2019-04-23,14.759724658198703
2019-04-24,14.368084624508018
2019-04-25,15.344833019563708
2019-04-26,14.74241653458788
2019-04-29,13.806635095760816
2019-04-30,13.503143135791435
2019-05-06,11.76893420844376
2019-05-07,12.967447431792763
2019-05-08,14.024993293143808
2019-05-09,13.963748458476399
2019-05-10,14.590967885450166
2019-05-13,16.083196736264043
2019-05-14,15.67435881839621
2019-05-15,16.38899300049175
2019-05-16,16.58283737903873
2019-05-17,16.748904928463755
2019-05-20,16.015088748658485
2019-05-21,16.243497030675414
2019-05-22,16.837850979272634
2019-05-23,15.96468847256295
2019-05-24,16.02722610234572
2019-05-27,15.525737884686972
2019-05-28,16.450073387169763
2019-05-29,17.398855604601216
2019-05-30,17.51049526272862
2019-05-31,17.087592156850782
2019-06-03,16.393160330824898
2019-06-04,16.60171972754904
2019-06-05,16.857264216911528
2019-06-06,17.309884850135226
2019-06-10,15.810360580370308
2019-06-11,15.171536630932794
2019-06-12,17.295801717141163
2019-06-13,18.40204049799903
2019-06-14,16.957268499839167
2019-06-17,18.423373707910383
2019-06-18,18.902346155405983
2019-06-19,16.08096089808823
2019-06-20,14.89806074148442
2019-06-21,17.23258082454306
2019-06-24,19.146510956791534
2019-06-25,17.3295556013607
2019-06-26,18.853903376206677
2019-06-27,17.06302012012921
2019-06-28,18.769135930001287
2019-07-01,15.364498071481247
2019-07-02,17.007133800506626
2019-07-03,15.505185721268374
2019-07-04,15.834866300170654
2019-07-05,16.279082851489772
2019-07-08,16.64992976224663
2019-07-09,16.995568646078198
2019-07-10,18.361054935961857
2019-07-11,17.561810985678783
2019-07-12,17.185511973382702
2019-07-15,15.67605228082161
2019-07-16,17.419090082535465
2019-07-17,17.015273076368207
2019-07-18,17.406602794016646
2019-07-19,16.443218673247596
2019-07-22,16.129274551676694
2019-07-23,16.768699759805394
2019-07-24,16.74310124656986
2019-07-25,16.409352793024294
2019-07-26,16.345537805547078
2019-07-29,15.935510571722261
2019-07-30,15.720076671285996
2019-07-31,16.143131217342802
2019-08-01,16.438584731712982
2019-08-02,14.176601150982327
2019-08-05,13.704956631866889
2019-08-06,13.69126972652153
2019-08-07,14.687927034749116
2019-08-08,14.063749037122545
2019-08-09,14.654881255405996
2019-08-12,14.489553279071549
2019-08-13,14.927970450283034
2019-08-14,14.457732300218689
2019-08-15,14.700006480228161
2019-08-16,14.413392430971031
2019-08-19,14.134519376237481
2019-08-20,16.404212069083254
2019-08-21,16.573068050591374
2019-08-22,16.421550980644962
2019-08-23,15.851232231865668
2019-08-26,14.621907232207723
2019-08-27,14.118039380199438
2019-08-28,15.636908916575468
2019-08-29,15.440522223438059
2019-08-30,15.057369893734174
2019-09-02,14.465483249496872
2019-09-03,15.162656972623708
2019-09-04,14.664954976238779
2019-09-05,14.68537981099541
2019-09-06,15.313122017724046
2019-09-09,15.770393998018736
2019-09-10,16.514253340494598
2019-09-11,16.209941853593442
2019-09-12,17.06808074402038
2019-09-16,16.905782188069328
2019-09-17,16.930393927431314
2019-09-18,16.900656255382824
2019-09-19,17.332414141904735
2019-09-20,16.762649353514067
2019-09-23,16.093661059197263
2019-09-24,16.752761689014378
2019-09-25,17.064151312821927
2019-09-26,16.526322012989727
2019-09-27,17.101964384407147
2019-09-30,15.887612715961751
2019-10-08,15.346378077773903
2019-10-09,16.111787797301076
2019-10-10,16.008953930268806
2019-10-11,16.263223260859213
2019-10-14,15.432077624317882
2019-10-15,17.481326257101244
2019-10-16,16.52887211550003
2019-10-17,17.510477915332167
2019-10-18,16.35954274312449
2019-10-21,16.543443313452382
2019-10-22,17.51796090091828
2019-10-23,17.70268317609673
2019-10-24,16.923763646127824
2019-10-25,15.599575231094786
2019-10-28,15.471195342837913
2019-10-29,16.575751084206484
2019-10-30,16.241476945749113
2019-10-31,15.061261865688932
2019-11-01,14.20236718908274
2019-11-04,13.664201807933814
2019-11-05,12.980061762979506
2019-11-06,13.852585937366202
2019-11-07,15.361128435298557
2019-11-08,14.78701642121853
2019-11-11,15.462558658943266
2019-11-12,15.709616159118022
2019-11-13,15.19263597513267
2019-11-14,15.426150416388051
2019-11-15,15.352851688094745
2019-11-18,15.178753611340998
2019-11-19,15.242571404927393
2019-11-20,15.143048345357451
2019-11-21,15.240798843096304
2019-11-22,13.30017328727148
2019-11-25,12.395544162173051
2019-11-26,11.62203527707028
2019-11-27,12.98111009082036
2019-11-28,15.353391120876658
2019-11-29,13.341008392091577
2019-12-02,13.973308637625435
2019-12-03,14.456095857712404
2019-12-04,14.564008268391342
2019-12-05,14.276800471766038
2019-12-06,15.034769000197276
2019-12-09,14.720990320109792
2019-12-10,15.200022330722698
2019-12-11,15.203255706414012
2019-12-12,15.865107893362243
2019-12-13,13.171488072468525
2019-12-16,14.496906769491021
2019-12-17,13.96887434670554
2019-12-18,15.287861110402456
2019-12-19,17.00193399386887
2019-12-20,16.562584279558315
2019-12-23,15.945423674861829
2019-12-24,16.583028959247123
2019-12-25,16.257189821847533
2019-12-26,16.75305571133196
2019-12-27,14.824948682302075
2019-12-30,13.734474636878538
2019-12-31,14.401430156981663
2020-01-02,13.023398744222229
2020-01-03,15.954063394121809
2020-01-06,14.765126175605372
2020-01-07,16.17431607908625
2020-01-08,15.98189223280387
2020-01-09,16.036730128871586
2020-01-10,16.813828455765844
2020-01-13,15.484963261171321
2020-01-14,16.325779278179724
2020-01-15,16.846154485281918
2020-01-16,16.331695426193598
2020-01-17,15.863742406239483
2020-01-20,14.930421925837086
2020-01-21,14.785546716971657
2020-01-22,14.70338426349418
2020-01-23,13.993796471998074
2020-02-03,8.612429966519038
2020-02-04,13.522643505914852
2020-02-05,13.345219225450537
2020-02-06,13.851617443822326
2020-02-07,15.00580317305057
2020-02-10,15.209471762524238
2020-02-11,15.645613554902681
2020-02-12,14.909917109930454
2020-02-13,14.781959405861347
2020-02-14,14.47649712850959
2020-02-17,14.648715306846984
2020-02-18,16.289115688853133
2020-02-19,16.23472362335675
2020-02-20,15.331485821500316
2020-02-21,15.614576455984587
2020-02-24,15.215545718847146
2020-02-25,15.061158394489436
2020-02-26,14.795598594375592
2020-02-27,15.082032416345761
2020-02-28,14.631247116367366
2020-03-02,14.524565694171947
2020-03-03,15.393896805721882
2020-03-04,15.921891332025048
2020-03-05,15.444988046829575
2020-03-06,17.551968203907254
2020-03-09,16.078268803140585
2020-03-10,16.52501559189191
2020-03-11,17.696478163519952
2020-03-12,17.93388956759568
2020-03-13,16.12318820565129
2020-03-16,16.09924212202204
2020-03-17,16.201074592627656
2020-03-18,16.671051008810426
2020-03-19,15.01836966259735
2020-03-20,17.1920690354908
2020-03-23,16.993399786916292
2020-03-24,16.955476681731632
2020-03-25,16.3803962866916
2020-03-26,17.605070313281235
2020-03-27,17.099701029774113
2020-03-30,16.777356334687955
2020-03-31,17.102161643503862
2020-04-01,16.652475078037536
2020-04-02,16.67826024973436
2020-04-03,18.216347342022836
2020-04-07,16.949025771504534
2020-04-08,19.25469737218793
2020-04-09,19.165849455148347
2020-04-10,18.43595732124433
2020-04-13,18.200199057039622
2020-04-14,16.323942029334333
2020-04-15,17.189702459541877
2020-04-16,17.819749023455515
2020-04-17,15.864150224639104
2020-04-20,16.586477640703475
2020-04-21,17.13143776982303
2020-04-22,18.985515554110957
2020-04-23,18.644877418250054
2020-04-24,18.76820174611306
2020-04-27,17.285119593974244
2020-04-28,15.836391015417457
2020-04-29,15.898885129346555
2020-04-30,13.774364664460181
2020-05-06,13.148068895833633
2020-05-07,15.24015167738666
2020-05-08,14.876677519123504
2020-05-11,15.23255197061412
2020-05-12,15.821182641035156
2020-05-13,16.069922206982195
2020-05-14,16.050304217272735
2020-05-15,15.110155504595122
2020-05-18,14.458669584443165
2020-05-19,15.391148131001986
2020-05-20,15.85269045254583
2020-05-21,15.902474085785615
2020-05-22,15.8291790667057
2020-05-25,16.575293973288225
2020-05-26,17.30832438375776
2020-05-27,17.778098368924443
2020-05-28,16.8563323273717
2020-05-29,16.016738564118967
2020-06-01,14.717203627841732
2020-06-02,15.221482770988798
2020-06-03,15.890283046119254
2020-06-04,16.793921412687084
2020-06-05,16.634139923707238
2020-06-08,15.43709451910348
2020-06-09,15.263814133149683
2020-06-10,14.906704100464466
2020-06-11,14.565936199785842
2020-06-12,14.109211321565136
2020-06-15,13.927312448314513
2020-06-16,14.56094698392383
2020-06-17,15.958365491755156
2020-06-18,14.433926261477072
2020-06-19,12.996303901315295
2020-06-22,12.71325583839779
2020-06-23,13.175991237523874
2020-06-24,13.318111169638652
2020-06-29,12.977784574611679
2020-06-30,13.33608287701723
2020-07-01,12.458153135805835
2020-07-02,10.632263763542818
2020-07-03,10.782133821747296
2020-07-06,11.234609716768942
2020-07-07,11.567371535683174
2020-07-08,11.861297807753544
2020-07-09,12.659211767695028
2020-07-10,12.505024539623696
2020-07-13,12.864010301143447
2020-07-14,13.06051238366103
2020-07-15,12.798686595524952
2020-07-16,11.611439792973052
2020-07-17,11.760259451674216
2020-07-20,11.62436453249268
2020-07-21,12.635714284157896
2020-07-22,12.364676700429657
2020-07-23,12.511505678959189
2020-07-24,12.533809994050968
2020-07-27,12.528351077696787
2020-07-28,13.366314289979684
2020-07-29,12.790359911700245
2020-07-30,13.692186564378792
2020-07-31,13.540106459854215
2020-08-03,13.745520243677426
2020-08-04,14.138728283202648
2020-08-05,13.976846562842537
2020-08-06,12.717665506472514
2020-08-07,12.753696731726999
2020-08-10,12.676271860366262
2020-08-11,13.6222408361172
2020-08-12,13.383666495740393
2020-08-13,15.320150072222816
2020-08-14,15.06877706941962
2020-08-17,12.600354270083338
2020-08-18,14.657103243920902
2020-08-19,15.014648728395954
2020-08-20,14.709190082273723
2020-08-21,14.861948521572863
2020-08-24,14.516280578739648
2020-08-25,16.00799685386339
2020-08-26,14.968345074177181
2020-08-27,16.46188410810145
2020-08-28,15.416350616054055
2020-08-31,14.110684766831898
2020-09-01,15.809828856377989
2020-09-02,17.46419303622876
2020-09-03,17.181168001155193
2020-09-04,17.796951257153058
2020-09-07,17.53136019277993
2020-09-08,18.650810574929977
2020-09-09,19.750615462929193
2020-09-10,19.405578416394928
2020-09-11,17.424140246133042
2020-09-14,17.832599381021243
2020-09-15,18.52263213259857
2020-09-16,17.29449811506341
2020-09-17,15.842836453530182
2020-09-18,15.01935006174429
2020-09-21,15.690695220511259
2020-09-22,16.669507236341346
2020-09-23,17.140351564681936
2020-09-24,17.01147224860724
2020-09-25,16.85648717737952
2020-09-28,16.144726989988413
2020-09-29,16.51476463563489
2020-09-30,16.38201309655033
2020-10-09,15.28442905729756
2020-10-12,15.191101984033287
2020-10-13,17.825851122690402
2020-10-14,18.62891397628018
2020-10-15,18.67231689642619
2020-10-16,18.844520735704236
2020-10-19,18.13377626858105
2020-10-20,18.94154749294363
2020-10-21,19.29689027352574
2020-10-22,18.764061504944227
2020-10-23,19.13754940437757
2020-10-26,18.813500217065116
2020-10-27,19.72731246020672
2020-10-28,18.23288524032007
2020-10-29,18.194968889394893
2020-10-30,16.835518018114094
2020-11-02,14.792904161586328
2020-11-03,15.95015220923863
2020-11-04,17.689545122190015
2020-11-05,16.204517749724186
2020-11-06,14.770942579524165
2020-11-09,13.682701837446034
2020-11-10,14.342172291370089
2020-11-11,13.462068675120925
2020-11-12,14.712113350289261
2020-11-13,13.482931062735975
2020-11-16,13.662919417626584
2020-11-17,13.687190230098375
2020-11-18,13.517258942960131
2020-11-19,14.964461047850449
2020-11-20,14.903575705933012
2020-11-23,13.116762826482557
2020-11-24,13.52529225503328
2020-11-25,13.630707301360228
2020-11-26,14.448779387680638
2020-11-27,14.311507170333302
2020-11-30,11.113501571725717
2020-12-01,12.222295842000017
2020-12-02,12.535552272905667
2020-12-03,13.221022693978805
2020-12-04,13.330826457446626
2020-12-07,12.999648212145946
2020-12-08,13.522743124977477
2020-12-09,13.333184384434894
2020-12-10,13.3889814795252
2020-12-11,13.047138909310968
2020-12-14,13.83924412566364
2020-12-15,13.612429760413644
2020-12-16,14.62207672004547
2020-12-17,13.474922900199427
2020-12-18,13.325134009108936
2020-12-21,12.844896124233305
2020-12-22,13.411181697508187
2020-12-23,13.325975875182532
2020-12-24,15.312396428014512
2020-12-25,14.193983471585458
2020-12-28,13.283622026405054
2020-12-29,13.283626641404723
2020-12-30,11.837524247382154
2020-12-31,11.033096337352982
2021-01-04,10.654131364225199
2021-01-05,10.389675296361284
2021-01-06,11.248307947995517
2021-01-07,10.808981830257334
2021-01-08,9.441426819247841
2021-01-11,8.83568734498489
2021-01-12,8.275496547440865
2021-01-13,8.272345463944616
2021-01-14,7.912763790703215
2021-01-15,8.147758775842487
2021-01-18,9.201723151512997
2021-01-19,9.493025176346698
2021-01-20,9.909548080529744
2021-01-21,9.520403097990831
2021-01-22,9.14464579943769
2021-01-25,8.469869180958126
2021-01-26,8.350137731272286
2021-01-27,8.788380504030808
2021-01-28,8.991705862978531
2021-01-29,8.969176004462598
2021-02-01,8.917624405821178
2021-02-02,8.111474949453601
2021-02-03,8.40616974109282
2021-02-04,8.37255857843087
2021-02-05,8.054198322392933
2021-02-08,7.699765654434561
2021-02-09,7.513788633174714
2021-02-10,6.899099328439162
2021-02-18,7.03028956663883
2021-02-19,7.887022291017424
2021-02-22,8.780379337566401
2021-02-23,8.973439289579291
2021-02-24,8.397068321255384
2021-02-25,9.031691348082008
2021-02-26,9.236579406118265
2021-03-01,10.265992852637384
2021-03-02,9.7259868543869
2021-03-03,10.066429841487512
2021-03-04,10.149854252653185
2021-03-05,11.067572215165445
2021-03-08,10.227846231726462
2021-03-09,9.909218309598266
2021-03-10,10.348105106770577
2021-03-11,9.698420622929984
2021-03-12,10.207921172348087
2021-03-15,9.99627032816285
2021-03-16,12.221672345373962
2021-03-17,12.740737687740037
2021-03-18,12.42442782091765
2021-03-19,11.883203712517997
2021-03-22,12.4061347962024
2021-03-23,12.901922544047794
2021-03-24,12.027334971843636
2021-03-25,13.088705509763196
2021-03-26,11.936495155784739
2021-03-29,12.021468600831286
2021-03-30,12.44458104606143
2021-03-31,12.099729326052849
2021-04-01,13.221449922087148
2021-04-02,11.754338833446324
2021-04-06,12.984480698959864
2021-04-07,12.013800653111508
2021-04-08,12.84230034027803
2021-04-09,12.695378203829025
2021-04-12,11.89579805548868
2021-04-13,13.286574604410397
2021-04-14,13.118098970041176
2021-04-15,13.476912009257905
2021-04-16,14.448026413968584
2021-04-19,12.703724478257278
2021-04-20,13.32214971046463
2021-04-21,13.588370225661928
2021-04-22,13.221926110369358
2021-04-23,12.789297899055121
2021-04-26,11.650330892606286
2021-04-27,13.168317836293195
2021-04-28,12.261580359645318
2021-04-29,11.596832025976651
2021-04-30,10.787525487647082
2021-05-06,11.039255052531164
2021-05-07,10.989572811046925
2021-05-10,11.376072618550834
2021-05-11,11.883918673729307
2021-05-12,13.666999511168513
2021-05-13,13.65714540385473
2021-05-14,12.14851055986145
2021-05-17,11.6666752344565
2021-05-18,12.703617992210525
2021-05-19,12.857243482549977
2021-05-20,12.497081974882423
2021-05-21,12.908989256446896
2021-05-24,12.22035026936691
2021-05-25,10.616677131915694
2021-05-26,11.501695615263332
2021-05-27,12.469650631877036
2021-05-28,12.371979559134264
2021-05-31,12.515798754973812
2021-06-01,13.052083868144864
2021-06-02,13.321888522719963
2021-06-03,12.41529425217423
2021-06-04,12.112956399362401
2021-06-07,12.39193647714896
2021-06-08,12.400555533798551
2021-06-09,13.277594488517458
2021-06-10,12.48106909144924
2021-06-11,11.27727680052451
2021-06-15,13.633989432220469
2021-06-16,13.907898256714368
2021-06-17,14.346945617286913
2021-06-18,13.40043404987491
2021-06-21,14.045194374195823
2021-06-22,15.116660207063482
2021-06-23,14.265934736585164
2021-06-24,14.795920410345934
2021-06-25,13.158897272747042
2021-06-28,13.476672057975161
2021-06-29,14.076161991146229
2021-06-30,14.769148339152624
2021-07-01,14.727895760413844
2021-07-02,13.311504985126016
2021-07-05,13.804499223783537
2021-07-06,13.545735212910397
2021-07-07,13.523190301469484
2021-07-08,13.547802328378536
2021-07-09,13.660984676475147
2021-07-12,13.297564826875636
2021-07-13,14.423450784440991
2021-07-14,14.455693395959457
2021-07-15,13.692499909681533
2021-07-16,13.231514037954584
2021-07-19,13.872182232165093
2021-07-20,14.81851398379988
2021-07-21,14.152274852401447
2021-07-22,14.645972755373467
2021-07-23,14.236338472734014
2021-07-26,13.175469289312183
2021-07-27,12.898908347266106
2021-07-28,13.455380538364889
2021-07-29,13.711613821870856
2021-07-30,14.514401150083769
2021-08-02,13.348090828388425
2021-08-03,14.462912304225956
2021-08-04,13.972363982553423
2021-08-05,14.13094076544312
2021-08-06,14.164349246840787
2021-08-09,14.018765979491738
2021-08-10,15.037370546488727
2021-08-11,15.750505650844303
2021-08-12,15.827624818626257
2021-08-13,15.784534408199722
2021-08-16,16.329262937962362
2021-08-17,15.821945003792845
2021-08-18,14.87282872820656
2021-08-19,14.279459632754318
2021-08-20,13.979337987489096
2021-08-23,15.256186754563819
2021-08-24,15.253521508277379
2021-08-25,15.569148317699652
2021-08-26,15.906806893159256
2021-08-27,15.847196943450745
2021-08-30,14.066399829972658
2021-08-31,13.692766515717889
2021-09-01,12.494087215256805
2021-09-02,13.373692489175653
2021-09-03,13.883463823587741
2021-09-06,13.490149155377415
2021-09-07,14.08509776741683
2021-09-08,14.80500207580852
2021-09-09,15.072488368001613
2021-09-10,13.537519825997215
2021-09-13,13.963428993320079
2021-09-14,14.631078958591434
2021-09-15,15.28006912161088
2021-09-16,15.865325004667714
2021-09-17,16.093192358461337
2021-09-22,16.634170488317025
2021-09-23,16.204013788064913
2021-09-24,15.380580801030867
2021-09-27,14.141837277337736
2021-09-28,14.0490588488731
2021-09-29,13.875300585185974
2021-09-30,14.397121752809014
2021-10-08,13.867131242129089
2021-10-11,13.782153052482926
2021-10-12,14.148799599201325
2021-10-13,13.4977695654824
2021-10-14,14.608666705646803
2021-10-15,13.513345828721482
2021-10-18,13.20110295344447
2021-10-19,14.243462570021345
2021-10-20,14.746733290273696
2021-10-21,14.783219653414806
2021-10-22,14.533176359905783
2021-10-25,14.362751361522639
2021-10-26,14.895892466716504
2021-10-27,14.802294664749274
2021-10-28,13.898310785163387
2021-10-29,13.102024123128858
2021-11-01,13.684479129405853
2021-11-02,14.365346776659607
2021-11-03,14.623339799674358
2021-11-04,15.50632317026253
2021-11-05,16.424418940948833
2021-11-08,16.17834671089006
2021-11-09,17.14286451391321
2021-11-10,16.151151697827707
2021-11-11,16.639863258070875
2021-11-12,17.080259080180895
2021-11-15,18.008849177056003
2021-11-16,17.96318657357139
2021-11-17,18.729023813465005
2021-11-18,18.773677542838623
2021-11-19,17.98749359708299
2021-11-22,16.492044381924416
2021-11-23,17.490846638763013
2021-11-24,17.460290600229577
2021-11-25,18.49440833438973
2021-11-26,18.712483927705197
2021-11-29,17.75312459821557
2021-11-30,18.520091258465392
2021-12-01,19.031278572433454
2021-12-02,18.930904994192073
2021-12-03,16.781442666816375
2021-12-06,16.27858261248167
2021-12-07,15.756425192081188
2021-12-08,15.677489746077422
2021-12-09,14.523898604539188
2021-12-10,14.820210276171512
2021-12-13,16.509562685428154
2021-12-14,19.197823322300085
2021-12-15,19.8246318227462
2021-12-16,19.959656740794077
2021-12-17,20.359843773398943
2021-12-20,19.85749388501081
2021-12-21,20.737882734303575
2021-12-22,21.66546417676348
2021-12-23,20.157633925375603
2021-12-24,20.7260708021793
2021-12-27,20.34585645334277
2021-12-28,19.790141121346807
2021-12-29,19.773060008143066
2021-12-30,20.406019721157563
2021-12-31,20.620451166793977
2022-01-04,19.605515867008624
2022-01-05,20.06400073943507
2022-01-06,19.739585096481463
2022-01-07,20.19095718781968
2022-01-10,18.184059395962006
2022-01-11,19.784941817433726
2022-01-12,19.725540996956752
2022-01-13,20.338031158706315
2022-01-14,20.71268157878779
2022-01-17,20.79024435041265
2022-01-18,21.764278294071794
2022-01-19,20.106150644578552
2022-01-20,20.58153632084945
2022-01-21,18.913727152507185
2022-01-24,17.67692297744489
2022-01-25,19.795284948802003
2022-01-26,18.374873164019707
2022-01-27,18.403454057847643
2022-01-28,17.3213744611
2022-02-07,17.277726990097825
2022-02-08,17.681918083882604
2022-02-09,18.403236340653685
2022-02-10,18.643087674476146
2022-02-11,18.703806096279756
2022-02-14,18.69661892409166
2022-02-15,19.293522563161805
2022-02-16,21.70287215184162
2022-02-17,21.89441441361707
2022-02-18,20.69956861948191
2022-02-21,21.269420056863083
2022-02-22,21.203706518620926
2022-02-23,20.908454681676737
2022-02-24,21.264979217316817
2022-02-25,20.259769850036477
2022-02-28,20.635941363503594
2022-03-01,20.365053631972632
2022-03-02,22.573420178927698
2022-03-03,21.95158186509469
2022-03-04,21.594536103592272
2022-03-07,19.103477930465587
2022-03-08,19.44576457190975
2022-03-09,18.37613472421038
2022-03-10,20.084003088316674
2022-03-11,19.60105572718891
2022-03-14,21.362009533745226
2022-03-15,19.198422546202274
2022-03-16,18.26340021714309
2022-03-17,19.870399776342026
2022-03-18,20.56941958996258
2022-03-21,21.614919314095175
2022-03-22,23.04353535928892
2022-03-23,23.310911321887755
2022-03-24,22.433432549309376
2022-03-25,23.542592633781435
2022-03-28,21.870339422003465
2022-03-29,22.595149325550537
2022-03-30,20.68114228778156
2022-03-31,22.643556628882607
2022-04-01,21.77501682219278
2022-04-06,20.62800624801973
2022-04-07,21.355839969208557
2022-04-08,20.21071146908681
2022-04-11,19.276493738218793
2022-04-12,19.036485679135605
2022-04-13,20.373797327978938
2022-04-14,18.24218807310661
2022-04-15,20.513534569408606
2022-04-18,19.104099430176767
2022-04-19,19.96760468452946
2022-04-20,20.29518308623404
2022-04-21,20.333341911097072
2022-04-22,19.221800775223787
2022-04-25,18.419694491162332
2022-04-26,17.54366128395142
2022-04-27,16.003412260560605
2022-04-28,16.116959001484172
2022-04-29,15.36689522585133
2022-05-05,15.956084016156302
2022-05-06,18.53767484944557
2022-05-09,19.804441451670478
2022-05-10,18.258007229053298
2022-05-11,18.565701611135648
2022-05-12,20.631530217839313
2022-05-13,20.610137288619203
2022-05-16,20.16546245938504
2022-05-17,19.05905596802918
2022-05-18,20.05689343969109
2022-05-19,20.010785759622138
2022-05-20,17.954873538628046
2022-05-23,19.16918661580998
2022-05-24,19.629879983864633
2022-05-25,19.66676809254427
2022-05-26,19.144892833982425
2022-05-27,19.896367346616582
2022-05-30,19.767307148747967
2022-05-31,18.750148390308155
2022-06-01,19.878119874302357
2022-06-02,19.33140179136711
2022-06-06,17.469567439693986
2022-06-07,18.240881105882274
2022-06-08,17.06234961870579
2022-06-09,17.57690742112062
2022-06-10,16.999369677242107
2022-06-13,18.775096771326396
2022-06-14,19.041465547692287
2022-06-15,16.986705475469627
2022-06-16,18.50806523991281
2022-06-17,18.61999127483226
2022-06-20,18.606471464231074
2022-06-21,20.403344021383468
2022-06-22,20.264584386403442
2022-06-23,20.010568236084026
2022-06-24,19.86178993310266
2022-06-27,19.312244009959464
2022-06-28,20.532332831865503
2022-06-29,20.288970841270423
2022-06-30,20.18774621435315
2022-07-01,20.35792170278453
2022-07-04,18.990461563761727
2022-07-05,18.953840277034057
2022-07-06,18.674466857975506
2022-07-07,19.618870913341645
2022-07-08,20.41728635168679
2022-07-11,20.208582208796958
2022-07-12,20.79651394301389
2022-07-13,20.98068321882782
2022-07-14,21.23243379913496
2022-07-15,21.045021584269225
2022-07-18,21.875001567229646
2022-07-19,24.54225651444645
2022-07-20,24.016200461834366
2022-07-21,23.149889764493825
2022-07-22,23.73158373030569
2022-07-25,23.553230873876128
2022-07-26,24.092800752088408
2022-07-27,25.08947656704295
2022-07-28,23.931655482831403
2022-07-29,23.55938776920395
2022-08-01,23.552167994763725
2022-08-02,23.528853426760165
2022-08-03,23.254215582510803
2022-08-04,23.58712668482587
2022-08-05,21.81701216438358
2022-08-08,22.746016597312227
2022-08-09,23.681588802611945
2022-08-10,24.17533318020223
2022-08-11,23.23341870221681
2022-08-12,24.502966339935163
2022-08-15,23.11775463004562
2022-08-16,25.077657263700324
2022-08-17,24.991166920882655
2022-08-18,25.95885848214332
2022-08-19,25.56685081714938
2022-08-22,23.671054309498047
2022-08-23,24.835083830379077
2022-08-24,25.15335890386701
2022-08-25,24.366035520541267
2022-08-26,23.956449826509022
2022-08-29,24.116651085577576
2022-08-30,24.578945125267673
2022-08-31,21.665074617924475
2022-09-01,23.038691993027747
2022-09-02,23.707729505486206
2022-09-05,22.9335548379768
2022-09-06,22.945301002334393
2022-09-07,25.271497401127007
2022-09-08,25.83545235230819
2022-09-09,22.209205462499003
2022-09-13,21.717066202065823
2022-09-14,22.71376589630089
2022-09-15,21.372573417191493
2022-09-16,19.88781768212878
2022-09-19,21.596550191492415
2022-09-20,22.89830045748108
2022-09-21,23.1733523669242
2022-09-22,23.042149952770803
2022-09-23,22.719313733181604
2022-09-26,21.866045161716404
2022-09-27,21.65156593756456
2022-09-28,22.8815626844261
2022-09-29,21.740264623008372
2022-09-30,21.357333688972293
2022-10-10,19.892680924553037
2022-10-11,21.06819553610498
2022-10-12,20.7718763985256
2022-10-13,21.657046966250668
2022-10-14,20.005152717860053
2022-10-17,21.705424965402308
2022-10-18,24.224975856765266
2022-10-19,24.137190798251925
2022-10-20,22.381384479249213
2022-10-21,22.747097044606935
2022-10-24,21.320349743459868
2022-10-25,23.3160038636224
2022-10-26,22.39586813069039
2022-10-27,21.8597004428476
2022-10-28,21.955118663398967
2022-10-31,19.83405239339097
2022-11-01,20.235707000064817
2022-11-02,21.147839844934357
2022-11-03,22.476881855730106
2022-11-04,20.49382558017547
2022-11-07,22.01674572059528
2022-11-08,24.263446139209837
2022-11-09,25.046725417045202
2022-11-10,25.494676408079886
2022-11-11,22.440092781454904
2022-11-14,21.37287412647381
2022-11-15,21.627167417757505
2022-11-16,23.728633403569983
2022-11-17,23.156264307918086
2022-11-18,24.116605110317927
2022-11-21,25.663816660621347
2022-11-22,25.060644180446246
2022-11-23,23.957521814746674
2022-11-24,26.211279400813105
2022-11-25,24.226264368031515
2022-11-28,22.87248485336802
2022-11-29,21.477612401759323
2022-11-30,23.219266629680373
2022-12-01,22.026160855990092
2022-12-02,25.13269241040852
2022-12-05,22.02441238111163
2022-12-06,22.138564072760396
2022-12-07,21.9490692117582
2022-12-08,23.989486681425216
2022-12-09,20.42492017763983
2022-12-12,23.85327616515089
2022-12-13,26.39287012808654
2022-12-14,25.726912345469138
2022-12-15,26.79781756811787
2022-12-16,28.199278638715146
2022-12-19,26.942885003904532
2022-12-20,26.075430154558315
2022-12-21,28.714006181190065
2022-12-22,27.06600188781168
2022-12-23,29.18086135157365
2022-12-26,27.50295282857141
2022-12-27,27.714403140020178
2022-12-28,26.46533110108245
2022-12-29,26.65259157381629
2022-12-30,27.419410756317642
2023-01-03,24.9630015808966
2023-01-04,26.744351325396714
2023-01-05,24.980968691402282
2023-01-06,25.566298620109745
2023-01-09,23.565480099331136
2023-01-10,24.04575342236509
2023-01-11,25.164019991579583
2023-01-12,25.639375439732504
2023-01-13,23.83107894738458
2023-01-16,18.670103960396297
2023-01-17,23.315012638661695
2023-01-18,24.21944298259563
2023-01-19,22.563053930622274
2023-01-20,21.13548419034966
2023-01-30,21.509400375466704
2023-01-31,24.304938674542623
2023-02-01,24.693045183890494
2023-02-02,25.094017274181997
2023-02-03,25.973198966730394
2023-02-06,26.206106886201923
2023-02-07,28.928406131583863
2023-02-08,29.869603037791315
2023-02-09,26.74525396117212
2023-02-10,27.607145243151372
2023-02-13,24.941785759468836
2023-02-14,27.894988391030445
2023-02-15,27.01409294397618
2023-02-16,26.332033604568327
2023-02-17,25.399674352014408
2023-02-20,22.21849857656554
2023-02-21,23.44321311420924
2023-02-22,24.88637563083495
2023-02-23,24.76608959919283
2023-02-24,24.21219356927321
2023-02-27,24.626656646863264
2023-02-28,24.224021308261015
2023-03-01,23.73599161546259
2023-03-02,25.462138218851884
2023-03-03,23.998938399143583
2023-03-06,21.704453373463664
2023-03-07,22.45635659625784
2023-03-08,23.598242793981107
2023-03-09,24.85889893725005
2023-03-10,23.369121899032276
2023-03-13,22.07653120458804
2023-03-14,21.448319230090522
2023-03-15,22.010362383818784
2023-03-16,20.82437824082244
2023-03-17,19.594908411738913
2023-03-20,20.016473024757637
2023-03-21,21.15441736650071
2023-03-22,22.331726026392694
2023-03-23,20.21886622612049
2023-03-24,21.317771705964482
2023-03-27,21.10820989789852
2023-03-28,21.811601269408936
2023-03-29,20.970151531259813
2023-03-30,20.515368881742223
2023-03-31,19.998348097927973
2023-04-03,18.808024225762523
2023-04-04,18.580432581850445
2023-04-06,18.742279275732933
2023-04-07,20.030532161956767
2023-04-10,19.554093905843033
2023-04-11,18.44354028271899
2023-04-12,19.751340427398866
2023-04-13,21.15426729971053
2023-04-14,19.788072183229737
2023-04-17,18.278670370026294
2023-04-18,18.047072144146632
2023-04-19,18.845071631826794
2023-04-20,18.938647332926635
2023-04-21,19.62672351281808
2023-04-24,18.772290352723306
2023-04-25,19.322774907949196
2023-04-26,19.822471823953133
2023-04-27,20.150376317771652
2023-04-28,19.671627432208506
2023-05-04,19.6612609202889
2023-05-05,19.71949882189304
2023-05-08,18.678450907810536
2023-05-09,18.011898153967458
2023-05-10,19.43162476001696
2023-05-11,21.93715656223539
2023-05-12,21.829829963860572
2023-05-15,20.794266309780813
2023-05-16,23.042261606805965
2023-05-17,24.36934480499102
2023-05-18,23.53729488514005
2023-05-19,22.83375877025649
2023-05-22,24.014101411639476
2023-05-23,24.246357128603506
2023-05-24,24.283268886935886
2023-05-25,25.106329067045298
2023-05-26,25.884180820761767
2023-05-29,23.439280091435133
2023-05-30,23.96030207701041
2023-05-31,24.269394830800174
2023-06-01,24.567802159276
2023-06-02,24.949462459536033
2023-06-05,24.896160445155225
2023-06-06,25.852586563025902
2023-06-07,26.475640278713026
2023-06-08,26.972766005125433
2023-06-09,23.62353766146778
2023-06-12,26.47851701299928
2023-06-13,27.19461236022957
2023-06-14,27.190123520569898
2023-06-15,26.0973960145731
2023-06-16,26.06844249916762
2023-06-19,27.12721837462526
2023-06-20,27.209575346285426
2023-06-21,27.455532975831876
2023-06-26,26.53445064372989
2023-06-27,27.91065253283645
2023-06-28,28.403196370977142
2023-06-29,28.503777186042417
2023-06-30,28.269316660803074
2023-07-03,26.43086265266576
2023-07-04,27.16934363441224
2023-07-05,27.8617910507731
2023-07-06,27.470983157583973
2023-07-07,28.527912212159816
2023-07-10,26.561711610326235
2023-07-11,26.69331352077465
2023-07-12,27.388770201857067
2023-07-13,26.416835518555903
2023-07-14,27.379931306798944
2023-07-17,27.37059929919828
2023-07-18,28.26116295559683
2023-07-19,28.694554804264786
2023-07-20,27.295021193004953
2023-07-21,27.442124782856116
2023-07-24,27.015871825091036
2023-07-25,22.012581362764678
2023-07-26,25.720634495886397
2023-07-27,24.629132148389633
2023-07-28,20.524917114413128
2023-07-31,19.39122002210103
2023-08-01,21.855301338965983
2023-08-02,23.162568367652415
2023-08-03,21.78480680012327
2023-08-04,19.89129700210887
2023-08-07,22.73809740923049
2023-08-08,24.107342025866775
2023-08-09,24.40677533909939
2023-08-10,22.77228442720709
2023-08-11,22.520495989814094
2023-08-14,22.838726240005528
2023-08-15,24.15419083910919
2023-08-16,24.042294551751038
2023-08-17,24.304133000323148
2023-08-18,24.639132301981796
2023-08-21,24.105259622810344
2023-08-22,24.04829276204842
2023-08-23,26.471228999705048
2023-08-24,25.30040278707757
2023-08-25,26.281365733251498
2023-08-28,21.46559866030053
2023-08-29,23.840326021337397
2023-08-30,25.57331738952808
2023-08-31,25.838362859671715
2023-09-01,26.34454140624922
2023-09-04,23.372532210265458
2023-09-05,26.121059251132255
2023-09-06,26.94841214876005
2023-09-07,27.527480001032067
2023-09-08,28.50709174927186
2023-09-11,25.921907137927242
2023-09-12,29.05537665059747
2023-09-13,29.524861339422976
2023-09-14,27.553112676386576
2023-09-15,25.252896905185
2023-09-18,26.960312704303764
2023-09-19,27.48051467213717
2023-09-20,27.13528528495697
2023-09-21,25.57441373580612
2023-09-22,24.479463951766135
2023-09-25,26.06292767840405
2023-09-26,28.599901675320226
2023-09-27,26.992389366023655
2023-09-28,27.030944393112538
2023-10-09,26.924853467044414
2023-10-10,28.48521511544612
2023-10-11,27.763950330731703
2023-10-12,26.113175951952478
2023-10-13,27.517902904436163
2023-10-16,27.690845522926878
2023-10-17,27.75106212778844
2023-10-18,26.908985244399503
2023-10-19,24.932522262596656
2023-10-20,25.12077688487327
2023-10-23,25.315945339438922
2023-10-24,25.3070970035232
2023-10-25,25.35324451206033
2023-10-26,28.090003956438643
2023-10-27,27.01792946253736
2023-10-30,25.756044933653875
2023-10-31,27.626362051509428
2023-11-01,26.75727229703658
2023-11-02,29.560298028289616
2023-11-03,28.276338016083997
2023-11-06,26.38048075527345
2023-11-07,29.8789151938952
2023-11-08,30.38041466925821
2023-11-09,30.840051064019587
2023-11-10,29.655424865149776
2023-11-13,30.030386228587158
2023-11-14,30.415326775295604
2023-11-15,29.607793914195106
2023-11-16,32.48404475575157
2023-11-17,33.35059597621593
2023-11-20,31.900153481149516
2023-11-21,31.99185361245686
2023-11-22,33.09905705276277
2023-11-23,32.30016224850342
2023-11-24,32.43815802882211
2023-11-27,30.15875204363318
2023-11-28,30.791696985348484
2023-11-29,30.472107280919463
2023-11-30,31.458258852220304
2023-12-01,30.517400131079757
2023-12-04,30.436178419301534
2023-12-05,30.68155384379426
2023-12-06,30.344564201277795
2023-12-07,29.792477715619302
2023-12-08,27.01753989351075
2023-12-11,26.65146924714478
2023-12-12,30.035114624642585
2023-12-13,31.213569361193482
2023-12-14,31.60884389114641
2023-12-15,29.641130844725634
2023-12-18,30.498831085154794
2023-12-19,30.532119369098492
2023-12-20,29.13695975182453
2023-12-21,27.752390295658273
2023-12-22,28.386732774816064
2023-12-25,29.588797852170984
2023-12-26,30.441417082441063
2023-12-27,29.2383125741037
2023-12-28,25.199796219528558
2023-12-29,28.218520698000134
2024-01-02,28.740658472974424
2024-01-03,30.067746182815615
2024-01-04,28.90279932038402
2024-01-05,28.234808880982058
2024-01-08,26.964238727573857
2024-01-09,27.967071520922705
2024-01-10,28.756646443667112
2024-01-11,26.278048390944452
2024-01-12,28.35670533822407
2024-01-15,28.169852734958052
2024-01-16,28.132353901993273
2024-01-17,27.007823169273227
2024-01-18,25.116010073881935
2024-01-19,25.56286161846195
2024-01-22,25.35330181621598
2024-01-23,24.70959444304954
2024-01-24,24.573491533322915
2024-01-25,23.52647488462665
2024-01-26,23.78136795631028
2024-01-29,23.27761042624184
2024-01-30,23.201318121954255
2024-01-31,23.830210344152235
2024-02-01,23.527646296138993
2024-02-02,23.17651232929028
2024-02-05,20.762976512432715
2024-02-06,21.2734177748657
2024-02-07,19.39035809471775
2024-02-08,21.11118417733667
2024-02-19,21.594875342414117
2024-02-20,22.436129312180874
2024-02-21,22.376340041171954
2024-02-22,24.35634407810636
2024-02-23,25.470036601047063
2024-02-26,26.828444746986108
2024-02-27,25.536537361830725
2024-02-28,26.333775385218882
2024-02-29,24.23426977842796
2024-03-01,24.154760104193844
2024-03-04,24.29993193143202
2024-03-05,23.983321403501193
2024-03-06,25.629984499818537
2024-03-07,26.233730995753014
2024-03-08,25.64003969237028
2024-03-11,23.475051574006343
2024-03-12,23.88533622300232
2024-03-13,25.88622847936407
2024-03-14,25.674400769293715
2024-03-15,24.86225993097609
2024-03-18,25.00204969596634
2024-03-19,26.906370991526806
2024-03-20,27.118206960246756
2024-03-21,27.933878534637046
2024-03-22,27.00149455938267
2024-03-25,26.701882945452926
2024-03-26,26.303260028396043
2024-03-27,25.813970564253008
2024-03-28,25.503036697110915
2024-03-29,26.284972481841006
2024-04-01,24.233820393210127
2024-04-02,25.824802701541095
2024-04-03,24.95291424930232
2024-04-08,23.087933402735185
2024-04-09,25.17867618043817
2024-04-10,26.216133125523903
2024-04-11,24.44094389883742
2024-04-12,24.306527793792778
2024-04-15,23.622192320103995
2024-04-16,23.028381419025806
2024-04-17,23.03334245430835
2024-04-18,21.9381914913505
2024-04-19,22.316438841470703
2024-04-22,21.5817088970039
2024-04-23,22.313463098900815
2024-04-24,23.93402862784984
2024-04-25,25.21124695173478
2024-04-26,21.594916716871083
2024-04-29,20.77007235615146
2024-04-30,22.583980527088052
2024-05-06,21.213992282766235
2024-05-07,23.665774104036196
2024-05-08,25.327460027422777
2024-05-09,23.648173005192398
2024-05-10,24.991781454557348
2024-05-13,23.760483364994514
2024-05-14,24.048350380623667
2024-05-15,24.67747260902383
2024-05-16,23.172710687997142
2024-05-17,23.253173775818066
2024-05-20,22.623989134092405
2024-05-21,24.742135811667573
2024-05-22,24.05208380309686
2024-05-23,24.4819432264364
2024-05-24,25.573865335275375
2024-05-27,24.631572129289854
2024-05-28,25.521756609656123
2024-05-29,26.088986147817273
2024-05-30,25.301643268373645
2024-05-31,25.848475573829077
2024-06-03,23.95752789221031
2024-06-04,24.777494612097744
2024-06-05,23.774931744359158
2024-06-06,24.273486027603546
2024-06-07,22.225060281257562
2024-06-11,20.320990547958427
2024-06-12,22.5732445723721
2024-06-13,22.18010309982339
2024-06-14,18.595123449950286
2024-06-17,19.915209092368226
2024-06-18,22.567227721397714
2024-06-19,24.09700985776742
2024-06-20,23.92714822460146
2024-06-21,22.35685160341107
2024-06-24,22.514959827604955
2024-06-25,22.126636810784923
2024-06-26,23.263455153646223
2024-06-27,23.653145623830806
2024-06-28,22.259286547458647
2024-07-01,22.3295801809441
2024-07-02,22.57725678301945
2024-07-03,23.250954842588595
2024-07-04,23.090637096021656
2024-07-05,20.677802358938205
2024-07-08,20.341279812090676
2024-07-09,20.625770093940016
2024-07-10,20.694432574694304
2024-07-11,21.097035816789
2024-07-12,21.349067127639938
2024-07-15,21.64814499345235
2024-07-16,19.4510591564064
2024-07-17,18.95009321022352
2024-07-18,19.38111242492926
2024-07-19,18.906097257101788
2024-07-22,18.523792534513515
2024-07-23,20.23891088974665
2024-07-24,21.476040368179696
2024-07-25,20.2592180381221
2024-07-26,21.678172443683792
2024-07-29,22.336584534582144
2024-07-30,23.97571601156522
2024-07-31,22.95402950408202
2024-08-01,24.849915504578867
2024-08-02,26.26619605249318
2024-08-05,24.136908155772197
2024-08-06,24.001367108772616
2024-08-07,26.823353981582983
2024-08-08,26.513097301661436
2024-08-09,25.267813593916742
2024-08-12,26.091058189685874
2024-08-13,24.994744313843587
2024-08-14,26.25346962700285
2024-08-15,26.41377132753408
2024-08-16,28.47367406823072
2024-08-19,27.317193690688303
2024-08-20,26.559151686997744
2024-08-21,27.290820113163424
2024-08-22,26.713367847946976
2024-08-23,27.13224438733829
2024-08-26,24.70839028045836
2024-08-27,25.211806161685452
2024-08-28,24.301423130468272
2024-08-29,22.796628165996392
2024-08-30,21.714590521907603
2024-09-02,23.048714783476125
2024-09-03,23.58768065396475
2024-09-04,24.936513525272275
2024-09-05,25.880958178873787
2024-09-06,26.253190992393666
2024-09-09,23.173349306433533
2024-09-10,23.03475305380541
2024-09-11,22.116682391792526
2024-09-12,24.38628504511324
2024-09-13,23.592304814598343
2024-09-18,23.647713450419737
2024-09-19,21.29161870194824
2024-09-20,22.80068423946829
2024-09-23,24.48099555627253
2024-09-24,20.554464943583245
2024-09-25,21.377797651432743
2024-09-26,19.727674025139752
2024-09-27,20.767951871565764
2024-09-30,20.326717303435807
2024-10-08,20.151856158771864
2024-10-09,17.51409725928537
2024-10-10,17.486572552155145
2024-10-11,19.143885349983407
2024-10-14,18.600714307574062
2024-10-15,20.763949169487
2024-10-16,21.221670986467295
2024-10-17,22.47676913749509
2024-10-18,19.512777591505056
2024-10-21,21.178954424871037
2024-10-22,23.331953017573806
2024-10-23,21.69490938497502
2024-10-24,22.676950514302156
2024-10-25,22.84898821807897
2024-10-28,25.150684872343408
2024-10-29,24.51811061566446
2024-10-30,23.975613224379373
2024-10-31,22.921887142698445
2024-11-01,22.327946067517875
2024-11-04,20.87972054094567
2024-11-05,20.53019022339467
2024-11-06,21.11736597704086
2024-11-07,21.063735391446382
2024-11-08,21.252959765921112
2024-11-11,21.007255500186545
2024-11-12,21.416638561310997
2024-11-13,21.924701775745817
2024-11-14,21.814127872819146
2024-11-15,21.77225209812909
2024-11-18,21.273856841743687
2024-11-19,22.500836932238155
2024-11-20,24.942550846136026
2024-11-21,25.48350157645997
2024-11-22,25.157565685905563
2024-11-25,25.06280219753917
2024-11-26,28.468457672200337
2024-11-27,25.852228527964066
2024-11-28,27.727033855546185
2024-11-29,26.761966229870556
2024-12-02,27.154751708407797
2024-12-03,28.902788156099234
2024-12-04,29.045694846341068
2024-12-05,29.424479279996213
2024-12-06,28.358566138927554
2024-12-09,29.119487614003823
2024-12-10,27.127686216909584
2024-12-11,29.785460038502553
2024-12-12,30.295252792463096
2024-12-13,27.88099771023138
2024-12-16,29.632244719371993
2024-12-17,29.73848589741565
2024-12-18,29.014541048755554
2024-12-19,28.05693219197399
2024-12-20,28.042217453056445
2024-12-23,27.727116640850802
2024-12-24,26.85182315601285
2024-12-25,27.639266990024154
2024-12-26,26.478371639007143
2024-12-27,26.59357855957003
2024-12-30,26.587919173494612
2024-12-31,25.149931281242623
2025-01-02,24.620722840520948
2025-01-03,27.58472371868168
2025-01-06,26.25447282376533
2025-01-07,26.904286658274867
2025-01-08,27.588018950129328
2025-01-09,28.47924473108861
2025-01-10,28.261729872741437
2025-01-13,27.147625627994902
2025-01-14,25.956676098073316
2025-01-15,27.865754683478123
2025-01-16,28.04476118895175
2025-01-17,27.997290350199517
2025-01-20,28.006867980501255
2025-01-21,28.29933664196242
2025-01-22,27.051124835347366
2025-01-23,26.4784523234314
2025-01-24,27.055706922845218
2025-01-27,26.02501180902321
2025-02-05,23.91815414098021
2025-02-06,24.853329990405694
2025-02-07,24.865071248095067
2025-02-10,26.046406799021643
2025-02-11,26.652924163926134
2025-02-12,26.34261253568111
2025-02-13,25.847696206303024
2025-02-14,25.12568815955907
2025-02-17,24.44188747409943
2025-02-18,25.75051725535583
2025-02-19,26.250772313034034
2025-02-20,28.10807341631625
2025-02-21,25.001529722084463
2025-02-24,24.968584800979336
2025-02-25,26.315400589759147
2025-02-26,27.71702812119251
2025-02-27,27.06220977666176
2025-02-28,26.535663338012082
2025-03-03,25.662988980314772
2025-03-04,26.737057954522914
2025-03-05,27.785916164619252
2025-03-06,26.505320122873382
2025-03-07,27.268789188885638
2025-03-10,27.14067357415908
2025-03-11,27.124298747883746
2025-03-12,28.413418628375187
2025-03-13,28.372411573120292
2025-03-14,25.199080505571995
2025-03-17,27.691755257725585
2025-03-18,28.5854300398045
2025-03-19,29.924171184637245
2025-03-20,31.41588654754115
2025-03-21,30.231340359616105
2025-03-24,30.37958414980515
2025-03-25,29.45818148650549
2025-03-26,30.087727979813767
2025-03-27,30.070247978427638
2025-03-28,29.528575704533743
2025-03-31,27.51366101721683
2025-04-01,27.66748609059708
2025-04-02,30.059976941991735
2025-04-03,27.81548490984058
2025-04-07,20.981829272865934
2025-04-08,23.269982306434905
2025-04-09,24.297093942412207
2025-04-10,25.59592797846171
2025-04-11,25.960215954349668
2025-04-14,26.79015563685895
2025-04-15,28.673613214898463
2025-04-16,27.842498059601667
2025-04-17,28.883793896717506
2025-04-18,29.4939554935915
2025-04-21,28.54684376018477
2025-04-22,28.732329186823545
2025-04-23,29.632017016907948
2025-04-24,30.804401280034572
2025-04-25,29.38063495110027
2025-04-28,29.249879708540078
2025-04-29,29.03605099431482
2025-04-30,28.933080864543285
2025-05-06,28.466752963600435
2025-05-07,30.045283617149465
2025-05-08,31.278806296066726
2025-05-09,31.279254355557708
2025-05-12,28.063604036575345
2025-05-13,29.198523848861896
2025-05-14,28.44467485075613
2025-05-15,29.83195120528154
2025-05-16,33.07822302702354
2025-05-19,33.25261906434317
2025-05-20,32.37452704611173
2025-05-21,31.422731766056117
2025-05-22,32.1757768357566
2025-05-23,31.600647435680994
2025-05-26,31.78884311157483
2025-05-27,33.78921756573795
2025-05-28,35.08450101707648
2025-05-29,33.125703509065424
2025-05-30,33.26065770072131
2025-06-03,29.85530853730766
2025-06-04,31.88610995626828
2025-06-05,31.173250147629833
2025-06-06,31.88916456859267
2025-06-09,30.329100076233473
2025-06-10,32.157822291370394
2025-06-11,30.944488240598144
2025-06-12,30.43553799538766
2025-06-13,28.322490887020958
2025-06-16,28.25613365391566
2025-06-17,30.07916630120607
2025-06-18,29.29152831466773
2025-06-19,30.396242327658168
2025-06-20,30.35231666725406
2025-06-23,29.723431053906012
2025-06-24,29.450454817081052
2025-06-25,27.63091349705067
2025-06-26,28.10191060155731
2025-06-27,26.89622775937516
2025-06-30,28.28470116939597
2025-07-01,30.557423744412983
2025-07-02,29.638630817327073
2025-07-03,28.730247246280392
2025-07-04,28.21917873562795
2025-07-07,29.297386140089763
2025-07-08,28.50423548881698
2025-07-09,29.86774329661108
2025-07-10,27.807054833615542
2025-07-11,24.835048923834858
2025-07-14,27.337409739776465
2025-07-15,27.39078001423628
2025-07-16,28.049600028094957
2025-07-17,27.493009168196785
2025-07-18,26.22154639530907
2025-07-21,26.05885881722015
2025-07-22,24.76272199435956
2025-07-23,24.12345418724388
2025-07-24,22.902468284492823
2025-07-25,24.22253442533271
2025-07-28,24.73421569117784
2025-07-29,25.211448456405645
2025-07-30,24.262841065249212
2025-07-31,23.767195810173256
2025-08-01,25.324932694423108
2025-08-04,27.257614446251427
2025-08-05,28.573430071211707
2025-08-06,29.15966345318082
2025-08-07,28.257748272914835
2025-08-08,29.46438082438411
2025-08-11,28.41290623206679
2025-08-12,28.4015228852278
2025-08-13,27.05242917482023
2025-08-14,26.574928659483238
2025-08-15,25.04168262872204
2025-08-18,24.520312760272624
2025-08-19,26.557756327446196
2025-08-20,25.5103172670342
2025-08-21,25.502412203269113
2025-08-22,22.883558578243427
2025-08-25,22.35193652832244
2025-08-26,23.503794279754242
2025-08-27,22.90413325126103
2025-08-28,22.62266299384789
2025-08-29,20.476535336525057
2025-09-01,20.65482534762506
2025-09-02,22.02738894024744
2025-09-03,21.105515381814158
2025-09-04,20.550049126866764
2025-09-05,20.893205706426617
2025-09-08,20.7550480426867
2025-09-09,22.073738228474237
2025-09-10,22.20824726826144
2025-09-11,21.029764678690707
2025-09-12,21.294340861269585
2025-09-15,21.08471853844605
2025-09-16,22.828646504852117
2025-09-17,23.04236646835624
2025-09-18,21.792681331146355
2025-09-19,22.038260184737478
2025-09-22,21.399644943066157
2025-09-23,21.049348840200093
2025-09-24,20.416197991869726
2025-09-25,20.139374212674195
2025-09-26,20.187143168874037
2025-09-29,17.97818984542486
2025-09-30,18.037812171458295
2025-10-09,17.44429790863233
2025-10-10,18.540955229338138
2025-10-13,19.069993373793455
2025-10-14,19.039953210377142
2025-10-15,20.232750759663578
2025-10-16,21.016067462615784
2025-10-17,20.649466598275446
2025-10-20,20.573706034381924
2025-10-21,21.0002017084444
2025-10-22,22.277806005464264
2025-10-23,22.252609874459274
2025-10-24,20.57705712619181
2025-10-27,19.576058399038825
2025-10-28,21.142378131924882
2025-10-29,20.127951251706843
2025-10-30,19.469188325582245
2025-10-31,19.273710904671837
2025-11-03,21.112310962506246
2025-11-04,22.720329202421397
2025-11-05,24.263093876732448
2025-11-06,23.133698890249192
2025-11-07,23.335877848225703
2025-11-10,22.47622157273681
2025-11-11,24.511102666608593
2025-11-12,23.83856422521745
2025-11-13,23.629863308340223
2025-11-14,24.59193615613785
2025-11-17,24.468899703760492
2025-11-18,24.200410161438228
2025-11-19,25.341090195722966
2025-11-20,24.059982210676782
2025-11-21,24.20677751916137
2025-11-24,23.73795931711933
2025-11-25,24.38538190624175
2025-11-26,24.898147438556016
2025-11-27,24.670964013441
2025-11-28,26.47188875434445
2025-12-01,23.610243132861527
2025-12-02,25.50506759372863
2025-12-03,25.805070145773062
2025-12-04,25.655427691148187
2025-12-05,24.711018708316175
2025-12-08,24.018837518994204
2025-12-09,24.646821074352097
2025-12-10,25.579636303782667
2025-12-11,24.45022368929026
2025-12-12,22.601845371866442
2025-12-15,23.051727377676514
2025-12-16,24.207581047695513
2025-12-17,23.30571412278456
2025-12-18,24.62267859423757
2025-12-19,24.960723878395957
2025-12-22,23.410622960634143
2025-12-23,24.27759733024342
2025-12-24,24.16713350063604
2025-12-25,25.193212854488845
2025-12-26,24.299702500350037
2025-12-29,23.295294734346836
2025-12-30,23.783941898175982
2025-12-31,24.397587822261883
2026-01-05,21.759196996709584
2026-01-06,20.98937510695375
2026-01-07,21.540270639685687
2026-01-08,22.298242612020292
2026-01-09,22.73906110996111
2026-01-12,22.275843257851438
2026-01-13,22.42422600925201
2026-01-14,21.678113317802286
2026-01-15,21.504091142977725
2026-01-16,20.794809667388865
2026-01-19,21.77819762940048
2026-01-20,21.82481929116374
2026-01-21,21.181533302908445
2026-01-22,20.96730608885878
2026-01-23,21.155523356341575
2026-01-26,20.879634153833667
2026-01-27,20.59558178694207
2026-01-28,19.363659753862343
2026-01-29,19.22998269800597
2026-01-30,19.788293414110196
2026-02-02,20.1376727336262
2026-02-03,20.18230055643056
2026-02-04,21.000582851933014
2026-02-05,21.55227828606221
2026-02-06,23.131877004763552
2026-02-09,23.12023889804693
2026-02-10,23.485219312210212
2026-02-11,22.718489716094485
2026-02-12,22.374699615261555
2026-02-13,21.7160391273962
2026-02-24,21.877006696502267
2026-02-25,20.864829381427338
