date,932000.CSI_年化波动率_20日
2014-01-30,20.1171044319572
2014-02-07,20.80171175279837
2014-02-10,18.628934825525977
2014-02-11,18.607370076691605
2014-02-12,19.036878705104684
2014-02-13,19.083491109014883
2014-02-14,18.13368155676198
2014-02-17,18.69332925612493
2014-02-18,18.332636640951062
2014-02-19,18.49620412986326
2014-02-20,20.361959254299762
2014-02-21,20.074367187002984
2014-02-24,19.642263530828387
2014-02-25,25.18735270275699
2014-02-26,24.746824756784054
2014-02-27,25.565350500518598
2014-02-28,25.5905280672989
2014-03-03,26.44024500039836
2014-03-04,26.32451365203552
2014-03-05,26.248438859753314
2014-03-06,26.11218390139013
2014-03-07,25.6789009846718
2014-03-10,28.004468247205196
2014-03-11,27.96601947553416
2014-03-12,27.213355629221763
2014-03-13,26.935638561085312
2014-03-14,25.501274381367267
2014-03-17,25.746133167555698
2014-03-18,25.906014289177058
2014-03-19,25.99017152745087
2014-03-20,27.24053320833927
2014-03-21,27.838004638656937
2014-03-24,27.451607041720134
2014-03-25,23.567044673303975
2014-03-26,23.596086715085036
2014-03-27,24.293660436782925
2014-03-28,25.8063947498848
2014-03-31,24.282210421101404
2014-04-01,25.335477816065783
2014-04-02,25.32130946558232
2014-04-03,25.34549049492651
2014-04-04,25.704804011164946
2014-04-08,21.99738587170188
2014-04-09,22.34784635662637
2014-04-10,22.290054294809476
2014-04-11,21.966745075119324
2014-04-14,22.18938264426368
2014-04-15,20.698516128685814
2014-04-16,20.53739694502321
2014-04-17,20.46450496990077
2014-04-18,17.57838506510629
2014-04-21,17.883664381853734
2014-04-22,18.204092721605058
2014-04-23,18.217673719142148
2014-04-24,18.036871756210132
2014-04-25,17.848733436342474
2014-04-28,19.120821483576393
2014-04-29,19.703778617223506
2014-04-30,18.917723948362205
2014-05-05,19.702720205676226
2014-05-06,19.890401537286788
2014-05-07,20.55177295118017
2014-05-08,20.273425708147467
2014-05-09,19.60689168564951
2014-05-12,20.948596127039526
2014-05-13,20.95651428027495
2014-05-14,20.57199115633856
2014-05-15,21.46753556868693
2014-05-16,21.4338558403231
2014-05-19,21.361388525730323
2014-05-20,21.48199845719672
2014-05-21,21.438499213847617
2014-05-22,21.234705916119413
2014-05-23,21.596510730934497
2014-05-26,22.242344757786757
2014-05-27,20.748368822600284
2014-05-28,16.40198357511214
2014-05-29,16.850466973509665
2014-05-30,16.641422583978898
2014-06-03,15.999217005202263
2014-06-04,15.911014379225524
2014-06-05,14.878551776989784
2014-06-06,14.931045627783213
2014-06-09,14.594134864246325
2014-06-10,13.80102554547008
2014-06-11,13.866763006360419
2014-06-12,13.862749468617574
2014-06-13,11.390226193336481
2014-06-16,11.1458850187979
2014-06-17,11.519381763611582
2014-06-18,12.339467265775223
2014-06-19,15.94304863671474
2014-06-20,16.340911902805924
2014-06-23,16.435076648706158
2014-06-24,15.792727672222915
2014-06-25,15.863638855405862
2014-06-26,16.259244746493117
2014-06-27,15.818792081967448
2014-06-30,16.010665936315817
2014-07-01,15.913279187941134
2014-07-02,15.679826530725723
2014-07-03,15.307357713828203
2014-07-04,15.213558088523186
2014-07-07,15.091097731082732
2014-07-08,14.832655891424357
2014-07-09,15.975834570369097
2014-07-10,15.989881716180276
2014-07-11,15.973943830124412
2014-07-14,16.37767925493659
2014-07-15,16.323913904108224
2014-07-16,16.49984077320031
2014-07-17,12.334408677361768
2014-07-18,12.16492925417701
2014-07-21,11.958310855926653
2014-07-22,12.321357117993271
2014-07-23,13.014014718439542
2014-07-24,12.599407528041123
2014-07-25,12.377374851618606
2014-07-28,12.847104759195638
2014-07-29,13.210548380798492
2014-07-30,13.141285384562698
2014-07-31,13.278447092562276
2014-08-01,13.911668920243919
2014-08-04,14.45056402578389
2014-08-05,14.415195827127361
2014-08-06,13.16563375645439
2014-08-07,13.858722193977203
2014-08-08,13.864841385560686
2014-08-11,13.960021937141716
2014-08-12,13.695142676358307
2014-08-13,12.677065018693492
2014-08-14,12.809505256321163
2014-08-15,13.111831618267884
2014-08-18,13.871055884904496
2014-08-19,13.638003611478707
2014-08-20,12.56908589935414
2014-08-21,11.838665968486051
2014-08-22,11.864008375892848
2014-08-25,12.036483025057372
2014-08-26,14.582335922609726
2014-08-27,14.665175190569176
2014-08-28,15.041394843758383
2014-08-29,14.573361261190298
2014-09-01,15.36213210232155
2014-09-02,15.879777022573782
2014-09-03,15.951188071341353
2014-09-04,15.062572817740726
2014-09-05,15.062689350908908
2014-09-09,14.870420603495054
2014-09-10,14.958446204173603
2014-09-11,14.987960379792966
2014-09-12,14.855632906924615
2014-09-15,14.982454497419578
2014-09-16,20.05870782419326
2014-09-17,20.1933400972544
2014-09-18,20.22994971869343
2014-09-19,20.399380885286714
2014-09-22,20.799317668165404
2014-09-23,20.94232511783733
2014-09-24,18.902863642792887
2014-09-25,18.961933371759372
2014-09-26,18.200483212900508
2014-09-29,18.232173945650423
2014-09-30,17.690730912262858
2014-10-08,17.76601007618666
2014-10-09,17.809130584990342
2014-10-10,18.176994532296742
2014-10-13,18.32928499935252
2014-10-14,18.4954123839306
2014-10-15,18.426028275570737
2014-10-16,19.312177794218012
2014-10-17,20.35370292072986
2014-10-20,20.43750312354268
2014-10-21,15.76303013866369
2014-10-22,16.647298911960714
2014-10-23,18.623543450976506
2014-10-24,18.13160688850117
2014-10-27,18.16240604319628
2014-10-28,20.0603108317082
2014-10-29,20.0211369988153
2014-10-30,20.04819110205958
2014-10-31,20.061499084563067
2014-11-03,20.018796274152503
2014-11-04,20.229178085287636
2014-11-05,19.34151053946255
2014-11-06,19.614634726271905
2014-11-07,19.886654667332884
2014-11-10,19.91821819889751
2014-11-11,24.28743380208126
2014-11-12,24.893165445110558
2014-11-13,25.407909128908695
2014-11-14,24.749497133386413
2014-11-17,24.895607507481056
2014-11-18,24.814752378370546
2014-11-19,24.591491204261377
2014-11-20,23.116625879901896
2014-11-21,23.29735582870129
2014-11-24,23.19732667668854
2014-11-25,21.04721687225614
2014-11-26,20.653645498138314
2014-11-27,20.82636943752436
2014-11-28,20.727503921058954
2014-12-01,20.9240998413854
2014-12-02,20.72335133269658
2014-12-03,20.723359507146075
2014-12-04,20.623606092790226
2014-12-05,23.50017170274328
2014-12-08,23.58456533329263
2014-12-09,26.193676673551046
2014-12-10,27.514037082252933
2014-12-11,26.99221495304775
2014-12-12,27.155300879658817
2014-12-15,27.18338480076415
2014-12-16,27.35896595280623
2014-12-17,28.008472286275538
2014-12-18,28.10277340363599
2014-12-19,28.7142376667261
2014-12-22,35.68160538732788
2014-12-23,35.36463370443575
2014-12-24,36.65826653295259
2014-12-25,36.79332214433605
2014-12-26,36.78916876129183
2014-12-29,37.299349959356505
2014-12-30,37.11216737928555
2014-12-31,37.33718523764156
2015-01-05,37.16770910738603
2015-01-06,37.01688864824856
2015-01-07,37.013527917972915
2015-01-08,32.89164189332187
2015-01-09,31.08796800752704
2015-01-12,30.750696560315838
2015-01-13,31.091609637259648
2015-01-14,29.965341387462207
2015-01-15,30.212397987639143
2015-01-16,30.41469040290285
2015-01-19,30.724115177702977
2015-01-20,33.05727200121119
2015-01-21,24.623727479637235
2015-01-22,24.122035438515997
2015-01-23,23.44172379113682
2015-01-26,23.855447117470042
2015-01-27,23.863059769065607
2015-01-28,21.806617836941182
2015-01-29,20.616061767626658
2015-01-30,21.350665983359168
2015-02-02,21.40844113948797
2015-02-03,21.03563131102079
2015-02-04,20.928511030044284
2015-02-05,21.056404619529996
2015-02-06,21.976320763601162
2015-02-09,21.38474879712005
2015-02-10,20.916115878445215
2015-02-11,21.09123673166949
2015-02-12,21.205870311818035
2015-02-13,21.376817365980948
2015-02-16,20.60653409386149
2015-02-17,17.400651747524456
2015-02-25,16.53928188441975
2015-02-26,16.065671334642897
2015-02-27,15.627708082231436
2015-03-02,16.34714697861863
2015-03-03,16.432173057690804
2015-03-04,17.33116464564398
2015-03-05,17.07812036857605
2015-03-06,17.080839673861075
2015-03-09,17.127078174598637
2015-03-10,17.245193440401867
2015-03-11,17.10514146772404
2015-03-12,17.69503121333087
2015-03-13,15.509856329996325
2015-03-16,16.133750427615542
2015-03-17,16.224921848560953
2015-03-18,16.384260626885315
2015-03-19,16.427284755020022
2015-03-20,16.367753288881843
2015-03-23,17.263492180581103
2015-03-24,17.153961269577366
2015-03-25,16.934231271233223
2015-03-26,19.17733641757648
2015-03-27,19.201183566119408
2015-03-30,18.839476587351307
2015-03-31,18.454158936674958
2015-04-01,18.705194835818897
2015-04-02,19.454215412474994
2015-04-03,18.240847593294536
2015-04-07,18.446879795169107
2015-04-08,19.67884928955046
2015-04-09,21.031027164724044
2015-04-10,20.23422546929289
2015-04-13,20.524193653362726
2015-04-14,19.70732547061365
2015-04-15,25.863954632869753
2015-04-16,25.698250244822802
2015-04-17,25.765650215270647
2015-04-20,27.930453793196623
2015-04-21,28.79905374846417
2015-04-22,30.050611831823375
2015-04-23,29.946881088647544
2015-04-24,28.917883662495253
2015-04-27,28.955109004659963
2015-04-28,32.13527296973813
2015-04-29,32.667579719237835
2015-04-30,32.136793156285975
2015-05-04,31.457708383751026
2015-05-05,32.28766547443167
2015-05-06,31.89478409156733
2015-05-07,32.66320746923906
2015-05-08,35.025308442681606
2015-05-11,37.103444763078805
2015-05-12,37.386727384079265
2015-05-13,37.566816046885684
2015-05-14,34.22089416893123
2015-05-15,34.41960348491202
2015-05-18,35.395463349421355
2015-05-19,33.80974446104606
2015-05-20,33.43631216957268
2015-05-21,34.072541128687305
2015-05-22,34.08264118336395
2015-05-25,33.82625682865085
2015-05-26,34.75310883866197
2015-05-27,30.31613582226819
2015-05-28,37.51116996000666
2015-05-29,37.4164452477639
2015-06-01,39.3377773035248
2015-06-02,37.78042199821219
2015-06-03,36.62929298662166
2015-06-04,35.93531914418024
2015-06-05,35.42091946999319
2015-06-08,37.55151093256306
2015-06-09,37.65400466948156
2015-06-10,37.77973959094688
2015-06-11,37.85273920544625
2015-06-12,37.36524463940765
2015-06-15,37.97321214663321
2015-06-16,43.23224706133953
2015-06-17,42.701361201570464
2015-06-18,43.49518781314141
2015-06-19,51.37707709525221
2015-06-23,51.262630416218
2015-06-24,50.19345086275504
2015-06-25,51.06537166410155
2015-06-26,56.55062064029863
2015-06-29,61.392431240327284
2015-06-30,59.267655683081124
2015-07-01,58.18556648601092
2015-07-02,60.10683633205732
2015-07-03,62.2886482704258
2015-07-06,62.42766525491047
2015-07-07,63.58460105923696
2015-07-08,62.75365199921441
2015-07-09,63.76947043846914
2015-07-10,65.45334269669638
2015-07-13,68.68534746285498
2015-07-14,71.03752591532921
2015-07-15,70.89556068147417
2015-07-16,69.92114545557492
2015-07-17,74.28031514148728
2015-07-20,73.47756842501538
2015-07-21,74.8938666065657
2015-07-22,74.50209682819272
2015-07-23,75.94567029321394
2015-07-24,71.11391721772834
2015-07-27,69.90213909404811
2015-07-28,69.53526288268095
2015-07-29,69.29091108301854
2015-07-30,65.83111497840483
2015-07-31,62.105275449574584
2015-08-03,61.849054225212626
2015-08-04,61.055037770771
2015-08-05,59.57649373194077
2015-08-06,58.85898103187457
2015-08-07,58.76852179674541
2015-08-10,58.6801844624558
2015-08-11,58.175875292250915
2015-08-12,55.818470799298616
2015-08-13,56.32302467062452
2015-08-14,54.370707648078444
2015-08-17,54.00912655519999
2015-08-18,58.934728166447904
2015-08-19,59.154609563825275
2015-08-20,59.18020441398307
2015-08-21,61.64035722912515
2015-08-24,62.52969087640706
2015-08-25,65.23725237339518
2015-08-26,63.179156802066075
2015-08-27,64.15976302696157
2015-08-28,67.55212419732169
2015-08-31,65.79299895710305
2015-09-01,64.28414403186855
2015-09-02,65.25806552843659
2015-09-07,65.88618610516404
2015-09-08,66.69844009263481
2015-09-09,65.94110404164033
2015-09-10,65.38117813683594
2015-09-11,65.8034314610428
2015-09-14,66.98463669096185
2015-09-15,67.27230617196678
2015-09-16,71.28224371553694
2015-09-17,68.8133712646082
2015-09-18,67.86498546930481
2015-09-21,69.24707980856472
2015-09-22,67.88970395081869
2015-09-23,63.627576914665596
2015-09-24,59.43903556913413
2015-09-25,59.49693028062282
2015-09-28,59.28635464620097
2015-09-29,55.72260997815406
2015-09-30,54.81493732076493
2015-10-08,52.570770055537984
2015-10-09,50.24350115396176
2015-10-12,51.75744868842248
2015-10-13,49.97511167679145
2015-10-14,48.4345359524401
2015-10-15,48.98141210181704
2015-10-16,49.11401613345386
2015-10-19,41.801411555894035
2015-10-20,35.56494659072484
2015-10-21,40.262137349171965
2015-10-22,40.62212037797629
2015-10-23,41.40985648190466
2015-10-26,40.564274848929394
2015-10-27,40.57293010076592
2015-10-28,41.53025812479283
2015-10-29,41.49688818111436
2015-10-30,38.03166010999837
2015-11-02,39.35848180017059
2015-11-03,38.550997813536966
2015-11-04,40.6448578360219
2015-11-05,39.63003522406069
2015-11-06,40.20708764588273
2015-11-09,38.53878701419553
2015-11-10,38.41209861440612
2015-11-11,38.279511063459765
2015-11-12,37.580746885791754
2015-11-13,38.85675686264574
2015-11-16,39.51593068654379
2015-11-17,39.593927550285244
2015-11-18,31.517928649546416
2015-11-19,30.59963867135254
2015-11-20,29.870834960383526
2015-11-23,30.055931569984995
2015-11-24,30.158309936152083
2015-11-25,28.730000870099975
2015-11-26,29.033621635807105
2015-11-27,37.55299503790611
2015-11-30,36.01689055597602
2015-12-01,36.0613336007244
2015-12-02,33.83497308875238
2015-12-03,35.10857175466899
2015-12-04,34.046767314197126
2015-12-07,34.14623244254745
2015-12-08,34.794245510364725
2015-12-09,34.24299714432467
2015-12-10,34.21182631972446
2015-12-11,33.42319957023127
2015-12-14,32.66973880629795
2015-12-15,32.811682894686136
2015-12-16,32.23082210967475
2015-12-17,32.59077881423994
2015-12-18,31.953200278303672
2015-12-21,31.9242806260798
2015-12-22,31.881177555384188
2015-12-23,31.443305083774792
2015-12-24,31.40253974091246
2015-12-25,21.491780986479775
2015-12-28,24.266348863668526
2015-12-29,24.33589712183453
2015-12-30,23.269890738571704
2015-12-31,22.988062299878674
2016-01-04,38.77036228795302
2016-01-05,39.02728536617743
2016-01-06,40.500913951054294
2016-01-07,50.10495955599985
2016-01-08,50.22701863320701
2016-01-11,55.84119170069205
2016-01-12,55.1629489058133
2016-01-13,55.50007145143431
2016-01-14,57.3881038237944
2016-01-15,55.87565900672965
2016-01-18,57.38917633672669
2016-01-19,59.789608295780695
2016-01-20,59.238963166358694
2016-01-21,60.2705394090851
2016-01-22,60.98050342576295
2016-01-25,61.257544432224485
2016-01-26,65.10734083364997
2016-01-27,64.37471470194495
2016-01-28,64.53885621575373
2016-01-29,67.38463913455828
2016-02-01,62.34960317264453
2016-02-02,64.55128227349721
2016-02-03,63.27076782414617
2016-02-04,58.007000417704646
2016-02-05,57.90518095503593
2016-02-15,52.080825193700484
2016-02-16,54.059201114624585
2016-02-17,52.19616750454609
2016-02-18,50.73221084360245
2016-02-19,48.70240280292005
2016-02-22,48.52980541627711
2016-02-23,46.75367017586935
2016-02-24,46.74735872300115
2016-02-25,52.57626101895122
2016-02-26,52.09370399772485
2016-02-29,56.211385480704514
2016-03-01,50.35819370389384
2016-03-02,52.73904103718393
2016-03-03,49.20447704690097
2016-03-04,49.8992775949745
2016-03-07,50.474166890325854
2016-03-08,48.84081451100128
2016-03-09,49.35060227742763
2016-03-10,48.77420184400307
2016-03-11,48.71406770196358
2016-03-14,50.60317324475847
2016-03-15,48.46437582505596
2016-03-16,48.02701898285471
2016-03-17,49.858743940012495
2016-03-18,51.535714143531074
2016-03-21,51.80790706880589
2016-03-22,51.78489365301051
2016-03-23,51.941910886364006
2016-03-24,42.990624938511445
2016-03-25,42.95228654327197
2016-03-28,34.724320524329706
2016-03-29,35.73874241611566
2016-03-30,34.629347307098186
2016-03-31,34.67308619302661
2016-04-01,30.976555117039716
2016-04-05,31.025054735018028
2016-04-06,31.015423213012582
2016-04-07,30.523139793595792
2016-04-08,29.75951549755796
2016-04-11,29.93887579485345
2016-04-12,28.456890754045826
2016-04-13,28.190084994304115
2016-04-14,27.587547389770666
2016-04-15,25.99680339326121
2016-04-18,24.45252948946919
2016-04-19,23.201816449564713
2016-04-20,28.518102551432868
2016-04-21,28.78257826092862
2016-04-22,28.585265188579314
2016-04-25,28.550619182478737
2016-04-26,28.809759305455664
2016-04-27,27.568629108375852
2016-04-28,24.45871152571708
2016-04-29,24.195563406348654
2016-05-03,26.066712837077677
2016-05-04,24.498866215452583
2016-05-05,24.524988092909542
2016-05-06,28.117305060612125
2016-05-09,32.36219147526494
2016-05-10,31.173315737703422
2016-05-11,31.344812127985477
2016-05-12,30.58971350829647
2016-05-13,29.635050197561146
2016-05-16,30.87959685614629
2016-05-17,30.85446617755945
2016-05-18,32.37899352864434
2016-05-19,29.617551950080617
2016-05-20,29.752524171954832
2016-05-23,30.390972081072775
2016-05-24,30.486237700303104
2016-05-25,29.888688694658672
2016-05-26,29.98585031562831
2016-05-27,30.057571449419996
2016-05-30,29.98821041542048
2016-05-31,31.281764584635695
2016-06-01,31.616658722391044
2016-06-02,31.79040962379787
2016-06-03,28.35563515684746
2016-06-06,22.63884283588416
2016-06-07,22.477506147054147
2016-06-08,21.754404535197576
2016-06-13,29.484741726740047
2016-06-14,29.473555379603766
2016-06-15,31.14782270397361
2016-06-16,31.133631376569916
2016-06-17,28.010184286986643
2016-06-20,28.004771755042903
2016-06-21,28.434416938836094
2016-06-22,28.393318861013224
2016-06-23,28.186502620966365
2016-06-24,28.322095378851508
2016-06-27,29.18922127998226
2016-06-28,29.36358748063751
2016-06-29,29.190694893422087
2016-06-30,26.762324186362314
2016-07-01,26.65916536463132
2016-07-04,26.978933860426253
2016-07-05,26.99370296599329
2016-07-06,26.9898700389343
2016-07-07,26.99727329568805
2016-07-08,26.99239568582028
2016-07-11,17.67080747998697
2016-07-12,17.66684804007085
2016-07-13,13.83059521435063
2016-07-14,13.829052185040632
2016-07-15,14.009354184383632
2016-07-18,14.267121710203307
2016-07-19,13.333788452805326
2016-07-20,12.412687222973245
2016-07-21,12.06876176684949
2016-07-22,12.452017143967307
2016-07-25,10.055684780973639
2016-07-26,9.745989496550132
2016-07-27,21.149476279519266
2016-07-28,21.172167813485164
2016-07-29,21.29972763967406
2016-08-01,20.903894972730992
2016-08-02,21.18954407142661
2016-08-03,21.256621842586007
2016-08-04,21.53652643550333
2016-08-05,21.595850134538953
2016-08-08,21.761286921042817
2016-08-09,22.0940711872882
2016-08-10,21.894823095382794
2016-08-11,22.38013677451556
2016-08-12,22.69530425047642
2016-08-15,23.970173695092477
2016-08-16,24.100135723538635
2016-08-17,24.14222030158976
2016-08-18,24.15046748787732
2016-08-19,23.940871946856497
2016-08-22,24.315481803285387
2016-08-23,23.984126480632508
2016-08-24,15.24981638697891
2016-08-25,15.31266784021757
2016-08-26,14.995012051256687
2016-08-29,13.150859860633918
2016-08-30,12.929077267978927
2016-08-31,12.888502934677298
2016-09-01,13.032587675228477
2016-09-02,12.851792986503623
2016-09-05,12.761665763126398
2016-09-06,13.229315584749784
2016-09-07,13.155238360618455
2016-09-08,11.258471392625834
2016-09-09,11.531489725152726
2016-09-12,14.585669018519212
2016-09-13,14.871213255724081
2016-09-14,14.872641890552835
2016-09-19,15.48919103374818
2016-09-20,15.49211092162341
2016-09-21,14.76865080949999
2016-09-22,14.886611894558307
2016-09-23,14.868474730878154
2016-09-26,17.049114425387756
2016-09-27,17.089577927976347
2016-09-28,17.065016446703652
2016-09-29,17.08380300732345
2016-09-30,17.210434284594093
2016-10-10,18.74563957218902
2016-10-11,18.768964910630558
2016-10-12,18.728084948618566
2016-10-13,18.074371015574915
2016-10-14,18.07540518514618
2016-10-17,18.46561793013633
2016-10-18,19.290626947618748
2016-10-19,15.45713788820666
2016-10-20,15.093781574684531
2016-10-21,15.04606625762854
2016-10-24,14.734777505897256
2016-10-25,14.745585601641528
2016-10-26,14.870511285183023
2016-10-27,14.77067547570483
2016-10-28,15.39629460511496
2016-10-31,12.329926162543217
2016-11-01,12.970187836926856
2016-11-02,13.041808339122834
2016-11-03,13.110198998439088
2016-11-04,13.256880902869451
2016-11-07,11.219237331600322
2016-11-08,11.05736353381544
2016-11-09,11.4244980258725
2016-11-10,12.431665173213101
2016-11-11,12.439069378837997
2016-11-14,11.578618296514
2016-11-15,10.292625368458575
2016-11-16,10.312369147873698
2016-11-17,10.49372859769836
2016-11-18,10.243762586657603
2016-11-21,10.171726110174058
2016-11-22,10.50815067598683
2016-11-23,10.733934115960562
2016-11-24,10.994922070260102
2016-11-25,9.979731958089017
2016-11-28,10.153137952360701
2016-11-29,11.040584939837286
2016-11-30,11.027287968987606
2016-12-01,10.857802050778139
2016-12-02,13.065900301557578
2016-12-05,13.220326252198467
2016-12-06,13.088595200641528
2016-12-07,13.733041500929549
2016-12-08,12.628659566469397
2016-12-09,12.531122350170001
2016-12-12,23.30936095599471
2016-12-13,23.255071468303534
2016-12-14,23.200871967385
2016-12-15,23.94193489681453
2016-12-16,24.551747522708393
2016-12-19,24.389346416320656
2016-12-20,23.982987983855427
2016-12-21,24.343421069224256
2016-12-22,24.33792805319096
2016-12-23,24.580833031388384
2016-12-26,24.823466941293514
2016-12-27,24.483255805543617
2016-12-28,24.488042878535833
2016-12-29,24.368844629876914
2016-12-30,23.477403535592543
2017-01-03,23.799564858805635
2017-01-04,24.223727469240824
2017-01-05,23.74974126724181
2017-01-06,23.89638999035846
2017-01-09,23.912253777468003
2017-01-10,11.347943451511638
2017-01-11,12.3856293050042
2017-01-12,12.949520597701666
2017-01-13,14.21591972895479
2017-01-16,20.81407973329153
2017-01-17,21.480120776598223
2017-01-18,21.40257346289837
2017-01-19,20.967474389474503
2017-01-20,22.262224539444748
2017-01-23,22.487229621579267
2017-01-24,22.27604054664388
2017-01-25,22.133170285507266
2017-01-26,22.325425018240093
2017-02-03,22.322385187022885
2017-02-06,22.956546502175616
2017-02-07,22.597660883676763
2017-02-08,22.261825658862083
2017-02-09,22.640668786143177
2017-02-10,22.456494329412422
2017-02-13,22.542779242642233
2017-02-14,22.543996155055385
2017-02-15,22.37381003057938
2017-02-16,22.27239295229235
2017-02-17,21.34631360937454
2017-02-20,12.37870539958727
2017-02-21,12.096958627383085
2017-02-22,11.799613328060486
2017-02-23,11.43308085074227
2017-02-24,10.254666941635948
2017-02-27,10.376731828424377
2017-02-28,10.250626001526877
2017-03-01,10.2540462482314
2017-03-02,10.602111777839204
2017-03-03,10.467103328839125
2017-03-06,10.258476887073991
2017-03-07,10.248450110028775
2017-03-08,10.084460717692943
2017-03-09,9.857772163044249
2017-03-10,9.790887702996077
2017-03-13,9.76658348092841
2017-03-14,9.72578450212325
2017-03-15,9.013006305192675
2017-03-16,9.476834315655147
2017-03-17,8.929983947458638
2017-03-20,8.854053430110632
2017-03-21,8.517109625437797
2017-03-22,8.753930384587647
2017-03-23,8.685009147595544
2017-03-24,8.623788007706727
2017-03-27,8.168705390896227
2017-03-28,8.187078789236494
2017-03-29,8.830293814838134
2017-03-30,12.60930629624905
2017-03-31,12.530961156002224
2017-04-05,13.533319295705661
2017-04-06,13.573676939468408
2017-04-07,13.549435424033037
2017-04-10,14.264543062517927
2017-04-11,14.44577790737614
2017-04-12,14.545869274187734
2017-04-13,14.596192194927665
2017-04-14,15.457199362559873
2017-04-17,15.861005620121874
2017-04-18,16.043893619318155
2017-04-19,16.25224173142201
2017-04-20,15.994104843817079
2017-04-21,15.998400821715212
2017-04-24,18.810487540975647
2017-04-25,19.004670722159172
2017-04-26,19.324098637513636
2017-04-27,19.836960023196205
2017-04-28,20.4417981092538
2017-05-02,19.14816559743226
2017-05-03,19.135501509570634
2017-05-04,17.343398084809927
2017-05-05,17.110169927679824
2017-05-08,18.06755269663598
2017-05-09,18.322997550551676
2017-05-10,18.10590733400478
2017-05-11,18.08563530406172
2017-05-12,17.8669262613602
2017-05-15,17.908681704764927
2017-05-16,19.545461076670207
2017-05-17,19.65316442053107
2017-05-18,19.203523248548784
2017-05-19,19.1471782156868
2017-05-22,20.406246470967286
2017-05-23,19.972583411552723
2017-05-24,20.000502121529838
2017-05-25,20.03266322466845
2017-05-26,19.762258914423914
2017-05-31,19.275048497422333
2017-06-01,21.031001376738864
2017-06-02,21.759054541352167
2017-06-05,22.3495160364385
2017-06-06,22.322731710535994
2017-06-07,23.102169119381028
2017-06-08,22.99867558264815
2017-06-09,22.43830578401123
2017-06-12,23.33637878516451
2017-06-13,24.159618668441613
2017-06-14,24.135189314663965
2017-06-15,23.36449166243225
2017-06-16,23.249575107767733
2017-06-19,23.307459413678156
2017-06-20,23.308873757070955
2017-06-21,21.800313070846833
2017-06-22,19.990077233656145
2017-06-23,19.95140669740929
2017-06-26,20.28861400247173
2017-06-27,20.29833282626035
2017-06-28,20.628953274080764
2017-06-29,17.206546994346628
2017-06-30,16.952954423901012
2017-07-03,16.91197673004409
2017-07-04,16.941372727716256
2017-07-05,15.122358704684466
2017-07-06,15.128428909341437
2017-07-07,15.196156277981606
2017-07-10,13.36177350669024
2017-07-11,13.348162834654694
2017-07-12,13.347910182891926
2017-07-13,12.447882569300777
2017-07-14,12.587774121931766
2017-07-17,24.52026517503331
2017-07-18,24.919830457989832
2017-07-19,25.48394328127272
2017-07-20,24.539215217155743
2017-07-21,24.5180080770704
2017-07-24,24.235332870912348
2017-07-25,24.166132884286025
2017-07-26,24.01412555155599
2017-07-27,24.683767362943367
2017-07-28,24.662581037777905
2017-07-31,24.56017338096063
2017-08-01,24.564241195468632
2017-08-02,24.517013827385874
2017-08-03,24.605106187705267
2017-08-04,24.46535813849153
2017-08-07,24.6268368476364
2017-08-08,24.246750904349174
2017-08-09,24.310410097440283
2017-08-10,24.48159227851355
2017-08-11,24.86270377460055
2017-08-14,12.841898371048199
2017-08-15,12.610094445675285
2017-08-16,12.155281127428507
2017-08-17,12.281291238637218
2017-08-18,12.324054937524492
2017-08-21,12.372271985580538
2017-08-22,12.625070659180466
2017-08-23,12.761100693941192
2017-08-24,12.005317671870117
2017-08-25,12.380013596079309
2017-08-28,12.744309884846997
2017-08-29,12.737270271573578
2017-08-30,12.010000001490464
2017-08-31,11.991996257741304
2017-09-01,11.8590034707677
2017-09-04,11.75859593751384
2017-09-05,11.776452632649463
2017-09-06,11.757196069405515
2017-09-07,11.12550795197682
2017-09-08,9.233156613491772
2017-09-11,7.946549112601504
2017-09-12,8.256297160145575
2017-09-13,8.22210192357373
2017-09-14,8.10428509841861
2017-09-15,8.382238997116485
2017-09-18,8.32790216555781
2017-09-19,7.966106429871422
2017-09-20,7.954287363918984
2017-09-21,8.440838216926974
2017-09-22,8.253985345131586
2017-09-25,9.082951466919226
2017-09-26,9.098340831718685
2017-09-27,9.47080177882153
2017-09-28,9.603781815080445
2017-09-29,9.931945877264974
2017-10-09,10.45820156749636
2017-10-10,10.805957633846932
2017-10-11,10.863367340224936
2017-10-12,10.851912203392477
2017-10-13,10.85925333713029
2017-10-16,13.298686617147476
2017-10-17,13.244297675545505
2017-10-18,13.57688562342027
2017-10-19,14.12006428920539
2017-10-20,14.860615141210651
2017-10-23,14.827818967095407
2017-10-24,15.037748462688427
2017-10-25,14.975911746758666
2017-10-26,14.793907595750907
2017-10-27,14.968701123680479
2017-10-30,16.910335635735656
2017-10-31,17.26680131645407
2017-11-01,16.96008530511439
2017-11-02,17.376832845115057
2017-11-03,17.049999958685305
2017-11-06,16.85860428564369
2017-11-07,16.463397716667558
2017-11-08,16.61390356754624
2017-11-09,16.89191641826492
2017-11-10,16.817145325027017
2017-11-13,15.002803716097565
2017-11-14,15.16851700369962
2017-11-15,14.950714101403682
2017-11-16,14.448621611974891
2017-11-17,19.34206712410118
2017-11-20,19.028172572680756
2017-11-21,18.97729509438937
2017-11-22,18.551111340091587
2017-11-23,19.09314356401627
2017-11-24,19.275217766833023
2017-11-27,17.790357411780185
2017-11-28,18.293497970853977
2017-11-29,18.366475062443996
2017-11-30,18.083812089972415
2017-12-01,18.539663669712912
2017-12-04,18.48035424050851
2017-12-05,20.172001495591914
2017-12-06,20.516512287245014
2017-12-07,20.181156117009092
2017-12-08,20.817553151260814
2017-12-11,21.278804866302586
2017-12-12,21.392892464274887
2017-12-13,21.70706056709399
2017-12-14,21.7807393304602
2017-12-15,16.806321872344203
2017-12-18,16.877481259969638
2017-12-19,17.081253217757705
2017-12-20,17.39344667535862
2017-12-21,15.951995159537901
2017-12-22,15.910944289783263
2017-12-25,16.202189056154573
2017-12-26,15.744780696113999
2017-12-27,15.706991411593336
2017-12-28,15.822627716033555
2017-12-29,15.619027230099563
2018-01-02,15.254588979857612
2018-01-03,11.671739736009403
2018-01-04,11.37795340219849
2018-01-05,11.369365183342376
2018-01-08,10.833148802501015
2018-01-09,10.474795341981004
2018-01-10,10.100163503341008
2018-01-11,9.994420160934826
2018-01-12,10.120534551610797
2018-01-15,13.3456634410216
2018-01-16,13.456065806878167
2018-01-17,13.24463882585247
2018-01-18,12.83379794596896
2018-01-19,12.85183852218686
2018-01-22,12.96727377607585
2018-01-23,11.996407383121218
2018-01-24,11.672052952023495
2018-01-25,11.568481287057752
2018-01-26,11.594274549586519
2018-01-29,12.167395015239066
2018-01-30,11.68399199745418
2018-01-31,13.930598528955851
2018-02-01,19.89338203257478
2018-02-02,19.884186443005884
2018-02-05,19.76967638186953
2018-02-06,25.366665089658063
2018-02-07,25.81797214346612
2018-02-08,26.481395848851747
2018-02-09,27.342898724175193
2018-02-12,28.963790807051794
2018-02-13,28.71569035743769
2018-02-14,28.82981158633528
2018-02-22,29.61221347802145
2018-02-23,29.784000579883653
2018-02-26,31.005671591841704
2018-02-27,31.029126349060448
2018-02-28,30.973338369148422
2018-03-01,31.594029986679455
2018-03-02,31.59396602997655
2018-03-05,31.59214870927867
2018-03-06,31.98092680913172
2018-03-07,30.83422230007023
2018-03-08,26.75362363812005
2018-03-09,26.75474535748721
2018-03-12,26.901584101777892
2018-03-13,17.798844733523463
2018-03-14,18.568483727117744
2018-03-15,19.003048223345473
2018-03-16,15.113412197469522
2018-03-19,13.454753408369605
2018-03-20,13.359771548220934
2018-03-21,13.781299551577709
2018-03-22,13.220587522202216
2018-03-23,24.754581151965397
2018-03-26,24.04944451808088
2018-03-27,25.663111001488904
2018-03-28,25.705767676520285
2018-03-29,25.516839243224847
2018-03-30,25.88470253523067
2018-04-02,25.854281241521566
2018-04-03,25.888225452479478
2018-04-04,25.831680662125173
2018-04-09,25.639872384518426
2018-04-10,25.089046703706696
2018-04-11,24.70156354683615
2018-04-12,24.704111094969004
2018-04-13,24.53588234868425
2018-04-16,24.433815698994323
2018-04-17,25.746318775086262
2018-04-18,25.949148079701562
2018-04-19,25.90689854773398
2018-04-20,27.014438898140103
2018-04-23,27.018809187966365
2018-04-24,20.03195005187353
2018-04-25,19.680223020913186
2018-04-26,18.772485447120456
2018-04-27,18.77353655375179
2018-05-02,18.42177865706491
2018-05-03,17.936138932375247
2018-05-04,17.83807908456003
2018-05-07,19.168132746079255
2018-05-08,19.38946585379859
2018-05-09,19.354864425521484
2018-05-10,19.540150453570345
2018-05-11,19.731368540013133
2018-05-14,19.845109785130827
2018-05-15,20.33149374647429
2018-05-16,20.235453645804238
2018-05-17,18.387026358828777
2018-05-18,18.19165577029698
2018-05-21,18.796425262800305
2018-05-22,16.532517212986956
2018-05-23,16.76261999630061
2018-05-24,14.99482611684291
2018-05-25,15.209232978402165
2018-05-28,13.604926863738731
2018-05-29,14.126447019033595
2018-05-30,20.12518427181766
2018-05-31,20.952340213755743
2018-06-01,21.196126310140084
2018-06-04,19.806825012397958
2018-06-05,20.51540928608387
2018-06-06,20.577987349640086
2018-06-07,20.472996561984928
2018-06-08,20.33257030926245
2018-06-11,20.36822569954675
2018-06-12,19.898551020141024
2018-06-13,20.699310176135597
2018-06-14,20.683682094136003
2018-06-15,22.215539371365757
2018-06-19,32.059126684513366
2018-06-20,32.75630549475649
2018-06-21,33.44029767318508
2018-06-22,34.38966281583523
2018-06-25,34.5721418626966
2018-06-26,35.3965431888135
2018-06-27,35.4280944596808
2018-06-28,33.360760635111546
2018-06-29,34.40267485652595
2018-07-02,34.428236110494666
2018-07-03,35.35461051266678
2018-07-04,34.96920164902634
2018-07-05,35.70449927816752
2018-07-06,35.91893166815524
2018-07-09,37.41852981168444
2018-07-10,37.882837382097634
2018-07-11,38.190225379603035
2018-07-12,39.39796191261762
2018-07-13,39.463338113138185
2018-07-16,38.42661817227784
2018-07-17,27.58701909468811
2018-07-18,27.24073531945071
2018-07-19,25.586991185662455
2018-07-20,25.28606875452997
2018-07-23,25.329263930025604
2018-07-24,25.522155262085345
2018-07-25,25.467410498771514
2018-07-26,25.077591431307454
2018-07-27,23.30275054087939
2018-07-30,23.744944731487305
2018-07-31,22.875602392101097
2018-08-01,22.20700990518935
2018-08-02,21.686860650359474
2018-08-03,22.027407901569962
2018-08-06,21.077738321190452
2018-08-07,22.99109527295571
2018-08-08,22.251031017649584
2018-08-09,21.888033706610983
2018-08-10,22.022915600604712
2018-08-13,22.04514864041131
2018-08-14,21.96316748974989
2018-08-15,22.62924462300426
2018-08-16,22.504635810629868
2018-08-17,22.77887800011842
2018-08-20,22.817820236860715
2018-08-21,22.317275749307257
2018-08-22,22.36622330633999
2018-08-23,22.775759389515805
2018-08-24,22.76544561920787
2018-08-27,23.6640394294131
2018-08-28,23.6886242674041
2018-08-29,23.27750366568275
2018-08-30,21.963490673221187
2018-08-31,21.905498970884974
2018-09-03,20.913742116458128
2018-09-04,19.08745892710743
2018-09-05,18.9200362274884
2018-09-06,16.828283033267173
2018-09-07,16.630849645207626
2018-09-10,17.57881919670378
2018-09-11,17.72462005708369
2018-09-12,16.97485227676704
2018-09-13,17.216749588063607
2018-09-14,16.329020986854893
2018-09-17,16.949974173030846
2018-09-18,17.591121699992453
2018-09-19,17.779918616570477
2018-09-20,17.513396427249027
2018-09-21,18.02236913717615
2018-09-25,16.489767319704924
2018-09-26,16.543233793566596
2018-09-27,17.576494957329604
2018-09-28,17.35255181709994
2018-10-08,20.563383538775255
2018-10-09,20.706353016620056
2018-10-10,20.24960763063685
2018-10-11,33.187000375899785
2018-10-12,33.17533816550522
2018-10-15,33.087222386865314
2018-10-16,33.04698584644137
2018-10-17,33.20410432295671
2018-10-18,34.33758214304282
2018-10-19,35.20470242773129
2018-10-22,39.99214474468829
2018-10-23,39.83017375033281
2018-10-24,39.19662186020594
2018-10-25,38.77050329145113
2018-10-26,38.94660038158029
2018-10-29,38.57874362450627
2018-10-30,39.14348975492987
2018-10-31,39.706624769306494
2018-11-01,39.5203060450548
2018-11-02,40.5895228917617
2018-11-05,39.189934766424564
2018-11-06,39.13491889177465
2018-11-07,39.04153081870374
2018-11-08,27.20413987875402
2018-11-09,27.0711385425575
2018-11-12,28.13616407882753
2018-11-13,27.132853177870235
2018-11-14,27.211165416471804
2018-11-15,23.760592944723598
2018-11-16,23.41848014243082
2018-11-19,18.392582269737556
2018-11-20,21.02287309424204
2018-11-21,20.991684043974512
2018-11-22,20.37677523293289
2018-11-23,27.47725400560474
2018-11-26,26.8128132822319
2018-11-27,26.679297563153654
2018-11-28,26.482578994508692
2018-11-29,28.472854903285118
2018-11-30,27.198764360270015
2018-12-03,28.983251957053113
2018-12-04,29.056217381891962
2018-12-05,29.3262985773032
2018-12-06,30.128009533678103
2018-12-07,30.116044821774953
2018-12-10,28.735298248628556
2018-12-11,28.191968738453372
2018-12-12,28.19156286026635
2018-12-13,27.20197090900361
2018-12-14,28.133948450247086
2018-12-17,28.037469675662706
2018-12-18,26.656494166129836
2018-12-19,26.5804696560488
2018-12-20,26.755583887902233
2018-12-21,21.60449901323136
2018-12-24,21.98648762629847
2018-12-25,21.953975271785758
2018-12-26,21.489803684538515
2018-12-27,20.42362024801368
2018-12-28,20.25737751332626
2019-01-02,16.360719611647543
2019-01-03,15.637384470680251
2019-01-04,18.31987430190379
2019-01-07,19.3655138106988
2019-01-08,19.35772954621399
2019-01-09,18.903369859639074
2019-01-10,18.54866909457305
2019-01-11,18.808131839242975
2019-01-14,18.609768832574268
2019-01-15,16.430154798591428
2019-01-16,16.481297747274915
2019-01-17,16.967338410957744
2019-01-18,16.2733884716392
2019-01-21,16.282569596455286
2019-01-22,16.29625224150308
2019-01-23,15.967578438565026
2019-01-24,15.4498508259057
2019-01-25,15.882489877806636
2019-01-28,14.727129503958528
2019-01-29,17.232613796855304
2019-01-30,18.385174179772058
2019-01-31,19.789745011111876
2019-02-01,20.328415837084403
2019-02-11,21.169975624165442
2019-02-12,21.95920606586334
2019-02-13,22.739815550206952
2019-02-14,22.81123839036563
2019-02-15,22.648823545027508
2019-02-18,25.1183116038258
2019-02-19,24.937872162536586
2019-02-20,24.87434455083538
2019-02-21,24.291296506095804
2019-02-22,25.161508928827146
2019-02-25,29.278604732906633
2019-02-26,29.16963259564604
2019-02-27,29.302458987302593
2019-02-28,29.293355086475657
2019-03-01,28.785287754656775
2019-03-04,28.539394788626748
2019-03-05,26.884601747508018
2019-03-06,25.01331837674929
2019-03-07,21.59362859825378
2019-03-08,29.878115531541678
2019-03-11,31.48540795572613
2019-03-12,31.61353445096179
2019-03-13,33.36639945246176
2019-03-14,36.30624044093479
2019-03-15,36.28688797748364
2019-03-18,35.5611155239275
2019-03-19,35.55289513896385
2019-03-20,35.566026161548706
2019-03-21,35.41282945411712
2019-03-22,35.12499758815411
2019-03-25,32.521195167547994
2019-03-26,34.16755045103076
2019-03-27,34.08195156527192
2019-03-28,34.77374002059475
2019-03-29,35.411653527441864
2019-04-01,36.75807296808721
2019-04-02,35.79991050717739
2019-04-03,35.28070292455498
2019-04-04,34.89623397474308
2019-04-08,29.780183195914724
2019-04-09,26.426189246179703
2019-04-10,25.753131490489718
2019-04-11,25.590666744521762
2019-04-12,22.42434120813003
2019-04-15,22.523773860111962
2019-04-16,22.39393926566941
2019-04-17,22.508816685885087
2019-04-18,22.86331663611776
2019-04-19,22.605440919103707
2019-04-22,23.029665396959686
2019-04-23,24.17702452233823
2019-04-24,22.212593333311307
2019-04-25,27.33989375814237
2019-04-26,27.299974548701343
2019-04-29,29.682123496875235
2019-04-30,26.436108424210598
2019-05-06,37.04530552373913
2019-05-07,37.585321838709454
2019-05-08,37.48452645037826
2019-05-09,37.4434479949963
2019-05-10,40.27574939838715
2019-05-13,40.277345681560114
2019-05-14,40.08768104109364
2019-05-15,41.41338562682969
2019-05-16,41.55173830398069
2019-05-17,42.01109763736007
2019-05-20,41.58893071781311
2019-05-21,42.38115593995049
2019-05-22,42.051028510980295
2019-05-23,42.489129433379894
2019-05-24,42.236271705058954
2019-05-27,43.868703025959356
2019-05-28,41.81732931432897
2019-05-29,41.775573698173396
2019-05-30,39.360758975683694
2019-05-31,39.17772625571549
2019-06-03,27.190478462655754
2019-06-04,27.352230508855264
2019-06-05,27.38806202877099
2019-06-06,28.940913424511056
2019-06-10,25.935237069149164
2019-06-11,29.217749494284114
2019-06-12,29.170281648054242
2019-06-13,27.904991051594248
2019-06-14,28.882904201111643
2019-06-17,26.030441190837273
2019-06-18,26.030283836588445
2019-06-19,25.994358683910484
2019-06-20,26.434213039553555
2019-06-21,25.846014420314507
2019-06-24,25.598480844345957
2019-06-25,23.88992846655226
2019-06-26,23.881328174747534
2019-06-27,23.902183766927827
2019-06-28,24.39034397908812
2019-07-01,26.468698616845458
2019-07-02,25.876882647757267
2019-07-03,25.31194148751054
2019-07-04,25.38379430997154
2019-07-05,22.994605902975014
2019-07-08,26.95889948917889
2019-07-09,23.891670721053497
2019-07-10,23.98813588717906
2019-07-11,23.846880109679567
2019-07-12,22.23148316980384
2019-07-15,22.44976532668897
2019-07-16,22.45289910793502
2019-07-17,21.87841800362286
2019-07-18,22.488136997430473
2019-07-19,20.982886023767715
2019-07-22,23.771997247064906
2019-07-23,24.516357268364864
2019-07-24,25.244367418374363
2019-07-25,25.14545914600084
2019-07-26,24.580423758334906
2019-07-29,21.921351081622255
2019-07-30,22.060513437343143
2019-07-31,21.88516014691418
2019-08-01,21.880076826041858
2019-08-02,22.447746805932375
2019-08-05,18.644806618560192
2019-08-06,21.3348528630741
2019-08-07,21.30530940833569
2019-08-08,21.529063419242856
2019-08-09,21.644559212664312
2019-08-12,22.66347737154408
2019-08-13,22.51645150757563
2019-08-14,22.789155681080537
2019-08-15,22.07920033398337
2019-08-16,22.09590793856248
2019-08-19,21.680587578481752
2019-08-20,21.028759653035195
2019-08-21,20.357249715440005
2019-08-22,20.45497519172332
2019-08-23,20.485481312170556
2019-08-26,20.606547986806355
2019-08-27,21.57776771017521
2019-08-28,21.441205188471294
2019-08-29,21.43156709964887
2019-08-30,21.426601696445665
2019-09-02,22.799414743466837
2019-09-03,18.8521451891279
2019-09-04,18.632665217036127
2019-09-05,18.68835575341042
2019-09-06,17.56503643899855
2019-09-09,18.17875695272871
2019-09-10,17.626146261562166
2019-09-11,18.191015667998293
2019-09-12,18.18146604830426
2019-09-16,18.186334132163154
2019-09-17,19.105736031624197
2019-09-18,19.119007860267047
2019-09-19,19.41660838094982
2019-09-20,19.450082691058576
2019-09-23,19.66549205565745
2019-09-24,19.323185221141827
2019-09-25,20.399459492966145
2019-09-26,23.812020346493636
2019-09-27,24.07514110449839
2019-09-30,23.590938559821453
2019-10-08,21.779869681915535
2019-10-09,21.995696740796404
2019-10-10,22.319762687242502
2019-10-11,22.0962158365583
2019-10-14,22.758295392015285
2019-10-15,21.212173985757307
2019-10-16,21.239936436404218
2019-10-17,21.179847376248524
2019-10-18,21.297832593105174
2019-10-21,21.1314971553326
2019-10-22,20.111913277851002
2019-10-23,20.16115833442981
2019-10-24,19.45502534312685
2019-10-25,19.62407063112069
2019-10-28,21.01576106227991
2019-10-29,21.678387705101564
2019-10-30,21.035500109934066
2019-10-31,18.21448759979042
2019-11-01,18.18935956735549
2019-11-04,17.671755575956585
2019-11-05,17.654847433708465
2019-11-06,17.471423053719068
2019-11-07,17.012628474132026
2019-11-08,16.962776393799768
2019-11-11,17.770417469017463
2019-11-12,17.727279455525572
2019-11-13,17.649603769556943
2019-11-14,18.044672318827743
2019-11-15,18.106729840692072
2019-11-18,18.414304906686016
2019-11-19,18.930086506377947
2019-11-20,18.960865478815048
2019-11-21,18.958450895278137
2019-11-22,19.0493300515115
2019-11-25,17.161324950374755
2019-11-26,16.536594632061117
2019-11-27,15.971360871099453
2019-11-28,15.261594080349855
2019-11-29,14.70271565273846
2019-12-02,14.709298309293109
2019-12-03,15.054421856425035
2019-12-04,14.740131621336452
2019-12-05,15.098299878913036
2019-12-06,15.28047564732644
2019-12-09,12.045487261877124
2019-12-10,12.122603536076717
2019-12-11,12.019486818754492
2019-12-12,11.759580723689583
2019-12-13,10.812307338155415
2019-12-16,12.038923999764965
2019-12-17,11.153441566912923
2019-12-18,10.640434888854768
2019-12-19,10.684767048943177
2019-12-20,10.733071468681263
2019-12-23,13.73247295039371
2019-12-24,14.571578033399327
2019-12-25,14.518052515043479
2019-12-26,14.460412664274603
2019-12-27,15.192881140145802
2019-12-30,15.180718809027487
2019-12-31,15.14453228409274
2020-01-02,16.228929475904614
2020-01-03,16.036927060320757
2020-01-06,16.086449721045803
2020-01-07,16.41185450882679
2020-01-08,17.81788280102813
2020-01-09,18.34572658290543
2020-01-10,18.443313582960823
2020-01-13,18.544218302533448
2020-01-14,17.94813070583455
2020-01-15,17.930366118433692
2020-01-16,18.047609747358955
2020-01-17,18.12980103272332
2020-01-20,17.68742868883534
2020-01-21,15.602398378640098
2020-01-22,14.878889898673325
2020-01-23,19.95670298348261
2020-02-03,38.14189830298611
2020-02-04,38.137823965680155
2020-02-05,39.97062184840042
2020-02-06,41.372640375521065
2020-02-07,41.01329216774025
2020-02-10,41.33486993878992
2020-02-11,41.259244465779005
2020-02-12,41.419144974544594
2020-02-13,41.25200919100655
2020-02-14,40.67260362485326
2020-02-17,42.86139680427835
2020-02-18,43.529194551588766
2020-02-19,43.55357567909733
2020-02-20,44.04738215205756
2020-02-21,44.21519462905863
2020-02-24,44.56802416104737
2020-02-25,44.47494127640055
2020-02-26,45.15025858046327
2020-02-27,45.1493672788067
2020-02-28,48.43602139954018
2020-03-02,36.54832611141238
2020-03-03,36.09250396349678
2020-03-04,35.176607575973264
2020-03-05,34.52954777299559
2020-03-06,34.49358695204408
2020-03-09,37.063879376737724
2020-03-10,37.286108929372666
2020-03-11,37.38583892403869
2020-03-12,37.974552988989366
2020-03-13,38.37727085024636
2020-03-16,39.057012150748854
2020-03-17,37.947749415900525
2020-03-18,38.286895668040316
2020-03-19,37.79062820002155
2020-03-20,37.76409165861491
2020-03-23,39.03861133859135
2020-03-24,39.86492273228386
2020-03-25,40.46855754663827
2020-03-26,40.532749512305955
2020-03-27,34.992947846197424
2020-03-30,31.922382215033135
2020-03-31,31.124753808566368
2020-04-01,30.699424414910588
2020-04-02,31.562316921212837
2020-04-03,31.482358666645467
2020-04-07,32.6503032713
2020-04-08,31.487941660709236
2020-04-09,31.631092881382685
2020-04-10,32.575459614870816
2020-04-13,32.45057996382322
2020-04-14,30.238792573967544
2020-04-15,30.32836767833331
2020-04-16,29.74252591178293
2020-04-17,29.511571547463806
2020-04-20,29.538563370985564
2020-04-21,25.327094784370054
2020-04-22,24.936193898267696
2020-04-23,23.808607108583477
2020-04-24,24.842110249744735
2020-04-27,24.892974832585075
2020-04-28,25.031281626181595
2020-04-29,25.059419879969504
2020-04-30,26.09457529683481
2020-05-06,25.490295932303255
2020-05-07,25.435827377557608
2020-05-08,22.650951533438104
2020-05-11,22.612680541358834
2020-05-12,22.414225321487205
2020-05-13,19.759442492900643
2020-05-14,19.800503574522406
2020-05-15,18.802863609921914
2020-05-18,18.75927877782537
2020-05-19,19.231931335568046
2020-05-20,19.55856345553451
2020-05-21,19.50693583128742
2020-05-22,20.32027170990624
2020-05-25,19.745398624676913
2020-05-26,21.529751500440803
2020-05-27,20.013458570364097
2020-05-28,19.858975677424624
2020-05-29,17.64606988631921
2020-06-01,19.901294258140386
2020-06-02,18.82619048827366
2020-06-03,17.73663915605376
2020-06-04,17.682253270767866
2020-06-05,17.371103257346153
2020-06-08,17.411979612171418
2020-06-09,17.419587583714947
2020-06-10,17.359207825012927
2020-06-11,17.03190904140697
2020-06-12,17.019814497969573
2020-06-15,16.824797834619186
2020-06-16,17.397643673580216
2020-06-17,16.885841130565403
2020-06-18,16.129384031826273
2020-06-19,14.265612728708208
2020-06-22,14.21903546382706
2020-06-23,12.67174788692299
2020-06-24,12.805115140119817
2020-06-29,12.783865006386097
2020-06-30,13.468724658066385
2020-07-01,9.517135454493118
2020-07-02,9.914360837899187
2020-07-03,10.333188951645598
2020-07-06,15.006366126154546
2020-07-07,15.193215558469397
2020-07-08,15.895977090676666
2020-07-09,17.603944024670742
2020-07-10,17.72617698118935
2020-07-13,20.056384750819912
2020-07-14,20.549242433633612
2020-07-15,23.83415293755786
2020-07-16,30.56245921383797
2020-07-17,30.556557741120688
2020-07-20,32.17195476847415
2020-07-21,32.153091396162566
2020-07-22,32.13226407079901
2020-07-23,32.08348901169682
2020-07-24,36.618882480752575
2020-07-27,36.497021970105074
2020-07-28,36.40095878159325
2020-07-29,37.13879894762091
2020-07-30,37.13899309885649
2020-07-31,37.29339324640454
2020-08-03,37.02932990661421
2020-08-04,37.23096652485102
2020-08-05,36.86560053693709
2020-08-06,35.78668849946786
2020-08-07,36.09884757451223
2020-08-10,33.94928935841522
2020-08-11,34.759649883906185
2020-08-12,33.527774657077835
2020-08-13,28.1786879005818
2020-08-14,28.180053255339555
2020-08-17,26.437029840233134
2020-08-18,26.552106990437235
2020-08-19,27.334321309912372
2020-08-20,27.74503122585998
2020-08-21,21.945739839183023
2020-08-24,21.978644299059894
2020-08-25,21.777009018398463
2020-08-26,22.15740459902506
2020-08-27,22.792487710887986
2020-08-28,22.3268653204869
2020-08-31,19.513783154374302
2020-09-01,19.330554144532076
2020-09-02,19.21397341476891
2020-09-03,19.67699516181007
2020-09-04,19.143457768308306
2020-09-07,19.15801217852417
2020-09-08,17.690500335332928
2020-09-09,21.252698908604632
2020-09-10,27.41994021877342
2020-09-11,28.082361299679608
2020-09-14,28.322813828343985
2020-09-15,28.034014969075034
2020-09-16,27.691656419879624
2020-09-17,27.44022754625728
2020-09-18,27.70436643374767
2020-09-21,27.477522310897086
2020-09-22,27.852689447558078
2020-09-23,26.813451486481338
2020-09-24,28.186608923905375
2020-09-25,27.938425267037854
2020-09-28,28.27192433994266
2020-09-29,28.40186253957181
2020-09-30,27.8977214342077
2020-10-09,30.785446360262426
2020-10-12,33.18872762298398
2020-10-13,33.21565382891402
2020-10-14,32.93690457330328
2020-10-15,31.11370868149986
2020-10-16,25.156340584882958
2020-10-19,24.77665590237944
2020-10-20,23.90145083137253
2020-10-21,24.5886493767882
2020-10-22,24.36790222821559
2020-10-23,24.917185402324314
2020-10-26,24.611046195275026
2020-10-27,24.61315013714527
2020-10-28,24.10637434571883
2020-10-29,23.979787624314625
2020-10-30,24.214633281239774
2020-11-02,24.13326465754297
2020-11-03,24.088652320762556
2020-11-04,23.9744375510748
2020-11-05,24.573941744531037
2020-11-06,22.374795448744393
2020-11-09,20.56022005734309
2020-11-10,20.903558534885327
2020-11-11,21.44188163776496
2020-11-12,21.25447277068945
2020-11-13,21.18311046680901
2020-11-16,21.384231400044758
2020-11-17,21.083074236795444
2020-11-18,20.65440170660713
2020-11-19,20.72363808971225
2020-11-20,20.176414801800796
2020-11-23,20.0655395585925
2020-11-24,20.064283756736298
2020-11-25,20.60140057098626
2020-11-26,20.688512914227662
2020-11-27,17.166477633605766
2020-11-30,17.156670822361285
2020-12-01,16.29106114782077
2020-12-02,16.285120479727215
2020-12-03,14.959488472808886
2020-12-04,14.164650426304567
2020-12-07,11.398141404639652
2020-12-08,10.40920418618239
2020-12-09,11.367886632439186
2020-12-10,11.34905189601638
2020-12-11,12.517131517730023
2020-12-14,12.679320562532107
2020-12-15,12.364675361696726
2020-12-16,12.912305804582116
2020-12-17,13.35328943588841
2020-12-18,13.137377137582826
2020-12-21,14.015697992280677
2020-12-22,15.09609188612794
2020-12-23,14.890026135743446
2020-12-24,16.26076369189901
2020-12-25,16.652356258962154
2020-12-28,16.984765060830593
2020-12-29,16.146438153270985
2020-12-30,16.226980005854756
2020-12-31,17.303220046372207
2021-01-04,18.554336010566217
2021-01-05,18.55261447811988
2021-01-06,19.150336641088444
2021-01-07,21.006054666850268
2021-01-08,20.972009840174824
2021-01-11,22.140457348012767
2021-01-12,21.91651087425288
2021-01-13,22.563910747458188
2021-01-14,22.40192902788587
2021-01-15,23.068806923241368
2021-01-18,24.465738738256203
2021-01-19,24.052285900873215
2021-01-20,23.512740185772834
2021-01-21,23.49210037065945
2021-01-22,22.682594372200327
2021-01-25,22.953349582556097
2021-01-26,22.826269068368656
2021-01-27,22.81636606517832
2021-01-28,22.997088949437718
2021-01-29,22.580881406910645
2021-02-01,21.431919444130727
2021-02-02,21.569897925679136
2021-02-03,21.483896960429195
2021-02-04,20.01345541818773
2021-02-05,20.50747073858134
2021-02-08,18.838932046965866
2021-02-09,20.11339539833751
2021-02-10,19.255335207683963
2021-02-18,21.79958706609045
2021-02-19,23.49072364946255
2021-02-22,22.891171415892344
2021-02-23,22.899439505224215
2021-02-24,22.84578814031821
2021-02-25,22.872479320105555
2021-02-26,22.667448471179682
2021-03-01,23.601977707791633
2021-03-02,23.49343630893761
2021-03-03,23.833269946157117
2021-03-04,23.543950637515913
2021-03-05,22.658764083128226
2021-03-08,23.319027878156643
2021-03-09,25.50379912631004
2021-03-10,25.491192308212746
2021-03-11,24.958127633710166
2021-03-12,23.820245364720552
2021-03-15,23.79046359531411
2021-03-16,23.587774743094663
2021-03-17,23.589687818787777
2021-03-18,22.003193138440373
2021-03-19,19.766399253191906
2021-03-22,20.159828712562362
2021-03-23,20.620944038839188
2021-03-24,20.86918397972751
2021-03-25,20.663136757257902
2021-03-26,21.11750102492791
2021-03-29,19.30751548563493
2021-03-30,19.510050976858526
2021-03-31,18.97036725423312
2021-04-01,18.775738897848882
2021-04-02,18.44566958849564
2021-04-06,18.579297981588255
2021-04-07,15.575516450394545
2021-04-08,14.980062434445559
2021-04-09,13.294487659398646
2021-04-12,14.237518744660656
2021-04-13,14.503726702852578
2021-04-14,14.045712668468704
2021-04-15,13.930359670475728
2021-04-16,15.396218830256364
2021-04-19,15.886162912631368
2021-04-20,14.963714956369678
2021-04-21,14.189882954224279
2021-04-22,13.803467522862494
2021-04-23,14.158839415269181
2021-04-26,13.557764674390544
2021-04-27,13.800063737891513
2021-04-28,13.24264830611839
2021-04-29,13.417273148228078
2021-04-30,13.53710332603363
2021-05-06,13.73754943858819
2021-05-07,12.973019094768325
2021-05-10,13.03156644058922
2021-05-11,12.669968747846417
2021-05-12,13.366231305274997
2021-05-13,12.537480180734233
2021-05-14,12.61828321557021
2021-05-17,13.185438524906104
2021-05-18,13.259592353264352
2021-05-19,11.573476236977257
2021-05-20,10.648321082462257
2021-05-21,10.658173733419222
2021-05-24,10.771802189124884
2021-05-25,10.822016080382554
2021-05-26,10.526669112581406
2021-05-27,10.738148913533635
2021-05-28,10.363334438866149
2021-05-31,11.21187092902386
2021-06-01,10.955689142294647
2021-06-02,11.590275613507089
2021-06-03,11.600562757478189
2021-06-04,11.158678461305142
2021-06-07,11.262754836030583
2021-06-08,11.387064380562641
2021-06-09,10.847878695266337
2021-06-10,10.55508239832669
2021-06-11,10.751065590514756
2021-06-15,9.790192096709708
2021-06-16,10.926632749797092
2021-06-17,11.175704543830827
2021-06-18,11.419447263508706
2021-06-21,12.173328042202234
2021-06-22,12.215158056206704
2021-06-23,12.180326238987735
2021-06-24,12.519638778439802
2021-06-25,12.301209761045973
2021-06-28,12.47241668097273
2021-06-29,12.121159651454922
2021-06-30,12.24822897132321
2021-07-01,13.366277388796377
2021-07-02,13.340828736294377
2021-07-05,14.431715197016237
2021-07-06,14.202069215843006
2021-07-07,14.380117412661683
2021-07-08,14.477745756527383
2021-07-09,14.648774619290863
2021-07-12,15.15652287486979
2021-07-13,14.781691235575353
2021-07-14,14.230706349999062
2021-07-15,14.785888311194888
2021-07-16,14.560169073834519
2021-07-19,13.929995859282887
2021-07-20,13.864306378056252
2021-07-21,14.703579018661431
2021-07-22,14.539529846976071
2021-07-23,15.444494054908711
2021-07-26,15.936739498276056
2021-07-27,17.855071889091008
2021-07-28,20.48339728688343
2021-07-29,23.196677504226045
2021-07-30,23.65658079108618
2021-08-02,23.934636888634316
2021-08-03,24.36612058220343
2021-08-04,24.739854028932466
2021-08-05,25.003917636656052
2021-08-06,24.92213269408806
2021-08-09,24.35843574479155
2021-08-10,24.40041401583115
2021-08-11,24.351605987198525
2021-08-12,24.02559645890735
2021-08-13,24.019841554892018
2021-08-16,24.1474306886326
2021-08-17,26.635959138140624
2021-08-18,26.31566688188891
2021-08-19,26.07595801932325
2021-08-20,25.718807453714117
2021-08-23,27.27265196939841
2021-08-24,25.606762559580186
2021-08-25,22.452897727037673
2021-08-26,19.904136762493433
2021-08-27,19.541268885163817
2021-08-30,18.5223346605836
2021-08-31,18.032130880774755
2021-09-01,18.59857012897926
2021-09-02,19.082602510441834
2021-09-03,19.08015318302284
2021-09-06,19.079612920295173
2021-09-07,19.423923066958775
2021-09-08,19.389765581198006
2021-09-09,19.45726427137928
2021-09-10,19.646198089013627
2021-09-13,19.61087774499903
2021-09-14,16.1107888673355
2021-09-15,16.3826863641657
2021-09-16,17.794874611632867
2021-09-17,17.828049182831304
2021-09-22,15.026299249032702
2021-09-23,15.013067701734498
2021-09-24,17.21736192110333
2021-09-27,22.13840689910799
2021-09-28,22.28011979965327
2021-09-29,25.151887450906695
2021-09-30,27.53263348549857
2021-10-08,27.22807935324103
2021-10-11,26.4507757988939
2021-10-12,27.257740912502143
2021-10-13,27.023833753922105
2021-10-14,26.747938992174475
2021-10-15,26.377280616198952
2021-10-18,27.11944744499684
2021-10-19,27.29561392658128
2021-10-20,27.077155941074476
2021-10-21,27.060898338842428
2021-10-22,26.500689485991476
2021-10-25,26.809293382883066
2021-10-26,26.811854412639015
2021-10-27,26.707719453964028
2021-10-28,27.56643477652485
2021-10-29,27.72111029054272
2021-11-01,24.997279836285625
2021-11-02,25.344998128061874
2021-11-03,21.990520341234884
2021-11-04,20.590860461669465
2021-11-05,20.502188292090405
2021-11-08,20.582925922718804
2021-11-09,19.634256684102773
2021-11-10,19.673654031652333
2021-11-11,19.524499205779442
2021-11-12,19.332536712861735
2021-11-15,18.959517843177093
2021-11-16,19.390037798905958
2021-11-17,20.44367226556133
2021-11-18,20.454120937520802
2021-11-19,19.77566315326355
2021-11-22,19.707315082220024
2021-11-23,19.611807615608416
2021-11-24,18.6600146281554
2021-11-25,15.42282238244635
2021-11-26,14.893087066022897
2021-11-29,14.218280716859724
2021-11-30,12.533200737555262
2021-12-01,12.584294599064888
2021-12-02,14.088804664302094
2021-12-03,13.255118753432418
2021-12-06,15.272028330564261
2021-12-07,16.050915123413134
2021-12-08,16.76899899956234
2021-12-09,16.72701781609079
2021-12-10,16.422882316136725
2021-12-13,16.43933666869874
2021-12-14,15.90984752884598
2021-12-15,14.557133530310173
2021-12-16,14.515956122775265
2021-12-17,14.613373799048121
2021-12-20,14.876124139839447
2021-12-21,15.79247340514863
2021-12-22,15.834481792052962
2021-12-23,15.962434316007219
2021-12-24,17.756066586305103
2021-12-27,17.79110584153126
2021-12-28,17.818124395134046
2021-12-29,17.47664710019059
2021-12-30,16.75846966291166
2021-12-31,16.78589275711067
2022-01-04,15.767475932636327
2022-01-05,16.271966117424146
2022-01-06,15.735559943261073
2022-01-07,18.141676816158544
2022-01-10,18.249262574173972
2022-01-11,18.210036720210844
2022-01-12,19.004289568167827
2022-01-13,19.31411141936403
2022-01-14,19.074935479723433
2022-01-17,19.89225750069518
2022-01-18,20.615753063698115
2022-01-19,19.89152961680328
2022-01-20,22.59057860002221
2022-01-21,22.933389976950263
2022-01-24,21.828767536545875
2022-01-25,26.596885535059556
2022-01-26,26.469708752897876
2022-01-27,28.394787333879023
2022-01-28,28.922613737238546
2022-02-07,29.298977369900975
2022-02-08,29.57642600694675
2022-02-09,29.98513448276962
2022-02-10,29.57035255423735
2022-02-11,29.66243236951319
2022-02-14,29.42986335831185
2022-02-15,29.592932480844382
2022-02-16,29.41409179248195
2022-02-17,29.359604792517867
2022-02-18,29.549300071713507
2022-02-21,29.438465078392582
2022-02-22,28.942263282114006
2022-02-23,29.918214068000953
2022-02-24,29.340949521878713
2022-02-25,29.317076213252346
2022-02-28,29.324802934794047
2022-03-01,24.199837415346636
2022-03-02,24.184185236358378
2022-03-03,20.376533851226228
2022-03-04,20.768367296266014
2022-03-07,21.192074562201842
2022-03-08,23.863063789599988
2022-03-09,23.197932054170884
2022-03-10,24.355640260059015
2022-03-11,22.8779503740953
2022-03-14,24.9738586030628
2022-03-15,29.96913650801073
2022-03-16,31.966671945398765
2022-03-17,32.79663317822104
2022-03-18,32.99730266373471
2022-03-21,32.9438943711588
2022-03-22,32.815706255558325
2022-03-23,31.99083907398675
2022-03-24,31.01628696124154
2022-03-25,30.66823150737685
2022-03-28,30.639273938692174
2022-03-29,30.386607448477605
2022-03-30,30.913988711615414
2022-03-31,30.913387879460245
2022-04-01,30.669398499245553
2022-04-06,30.696565767046046
2022-04-07,29.935208746942184
2022-04-08,29.87128999083266
2022-04-11,30.414755045329684
2022-04-12,30.9766228004363
2022-04-13,30.329798594026368
2022-04-14,25.20921289719315
2022-04-15,23.476278998480602
2022-04-18,22.6722132058818
2022-04-19,22.450184790795646
2022-04-20,21.350536818124528
2022-04-21,25.34125121782153
2022-04-22,25.220976821667897
2022-04-25,36.46880838043296
2022-04-26,37.69878424674627
2022-04-27,40.86033190692798
2022-04-28,40.9741865471305
2022-04-29,44.48719524271746
2022-05-05,45.69583881497168
2022-05-06,45.68482650225784
2022-05-09,46.28813167123308
2022-05-10,46.65915252621362
2022-05-11,46.76391082652852
2022-05-12,46.19079218131287
2022-05-13,45.7660461987693
2022-05-16,45.36706903126453
2022-05-17,45.14459357783196
2022-05-18,44.776705771821554
2022-05-19,44.750312609866796
2022-05-20,44.821095606229946
2022-05-23,45.17185466782946
2022-05-24,45.371001344148304
2022-05-25,45.66455044601698
2022-05-26,33.65750467450808
2022-05-27,29.332947217404637
2022-05-30,27.848548259459786
2022-05-31,26.084770848154186
2022-06-01,22.421724204059192
2022-06-02,21.8278964304637
2022-06-06,21.55873060364167
2022-06-07,21.488740733525173
2022-06-08,21.053183039239613
2022-06-09,22.561031626619553
2022-06-10,23.360166242545176
2022-06-13,23.385386500042397
2022-06-14,23.41162667667101
2022-06-15,23.60357681440276
2022-06-16,23.622072863315896
2022-06-17,23.58336055325097
2022-06-20,23.638784500634117
2022-06-21,23.31506834709234
2022-06-22,16.068246751869815
2022-06-23,15.972833547898793
2022-06-24,16.146285199739683
2022-06-27,16.21400466868795
2022-06-28,16.547029297445714
2022-06-29,19.881119561364045
2022-06-30,19.89050564193239
2022-07-01,19.800309083127686
2022-07-04,19.17997489526475
2022-07-05,19.349320472367733
2022-07-06,19.55837469074185
2022-07-07,18.089138061264936
2022-07-08,16.92112327561606
2022-07-11,17.05778695757326
2022-07-12,18.39278721542496
2022-07-13,18.94141014752903
2022-07-14,18.832818801348857
2022-07-15,19.938517145350275
2022-07-18,21.782533457143828
2022-07-19,21.841702904960208
2022-07-20,21.490777033944696
2022-07-21,20.716375377738956
2022-07-22,20.4867447100301
2022-07-25,20.78292241880371
2022-07-26,20.591958552442808
2022-07-27,18.388533684485992
2022-07-28,18.42216149183981
2022-07-29,18.469560066367766
2022-08-01,18.436174943216912
2022-08-02,24.279869086075383
2022-08-03,24.31264154263805
2022-08-04,24.67075879654683
2022-08-05,24.76233634175058
2022-08-08,25.582625661339986
2022-08-09,24.489881944827104
2022-08-10,24.107809263632056
2022-08-11,24.15898487955765
2022-08-12,23.233659928711585
2022-08-15,21.597745944221018
2022-08-16,21.644582309971018
2022-08-17,21.544215002575857
2022-08-18,21.468529778441944
2022-08-19,22.609044447958134
2022-08-22,21.99414363318917
2022-08-23,21.82591336677505
2022-08-24,25.09107396944049
2022-08-25,25.188809540791063
2022-08-26,25.27928576962032
2022-08-29,25.52424381112173
2022-08-30,20.272223753990602
2022-08-31,24.19730854413259
2022-09-01,23.54446148248933
2022-09-02,24.329008541418283
2022-09-05,23.105966687431945
2022-09-06,23.93633167344745
2022-09-07,23.866314217063593
2022-09-08,23.889572226077664
2022-09-09,23.887690278778255
2022-09-13,23.582963521604622
2022-09-14,23.13553613308892
2022-09-15,24.91479022603184
2022-09-16,25.29387166716896
2022-09-19,25.059066837803513
2022-09-20,26.47923176898897
2022-09-21,26.14700859716555
2022-09-22,23.904523340483603
2022-09-23,24.96376380456522
2022-09-26,25.275350657385037
2022-09-27,26.734526176417855
2022-09-28,28.471195664663533
2022-09-29,26.035232781900593
2022-09-30,26.287589768419455
2022-10-10,25.281411996927783
2022-10-11,25.76213660294381
2022-10-12,27.770532194319458
2022-10-13,27.90881816651762
2022-10-14,29.33752121484494
2022-10-17,30.11679074195761
2022-10-18,30.195920769782152
2022-10-19,30.109688884408946
2022-10-20,28.35091096939107
2022-10-21,27.15961112266887
2022-10-24,27.09280365261045
2022-10-25,26.085804717427436
2022-10-26,26.93174229915549
2022-10-27,27.010303051218298
2022-10-28,29.09159781788401
2022-10-31,28.87226581738641
2022-11-01,29.052035884878734
2022-11-02,26.62377112433842
2022-11-03,26.463552906043674
2022-11-04,25.977667335550912
2022-11-07,24.541956538888662
2022-11-08,24.590268266564067
2022-11-09,22.783834571784542
2022-11-10,22.902354382649364
2022-11-11,21.945060528363708
2022-11-14,21.461455478283657
2022-11-15,22.415041192722242
2022-11-16,22.251520857728277
2022-11-17,22.040449473204763
2022-11-18,22.322140804081872
2022-11-21,21.78564947028909
2022-11-22,22.780533248072803
2022-11-23,22.2266248463721
2022-11-24,22.075817978608487
2022-11-25,17.08320921977752
2022-11-28,16.878864357438978
2022-11-29,15.565571534942475
2022-11-30,14.938151204966916
2022-12-01,14.961561808762985
2022-12-02,14.020047846868843
2022-12-05,13.886065085130861
2022-12-06,14.169929853135852
2022-12-07,14.160002414455356
2022-12-08,14.139032776540283
2022-12-09,14.18755274454067
2022-12-12,14.126167001346785
2022-12-13,12.199971285518618
2022-12-14,12.193706567308492
2022-12-15,12.279313769170468
2022-12-16,12.807632074015174
2022-12-19,14.431191470822672
2022-12-20,13.599180355280987
2022-12-21,13.70797600211017
2022-12-22,14.380614644237543
2022-12-23,13.87262055311473
2022-12-26,16.065469221034025
2022-12-27,14.732613056547187
2022-12-28,15.188367109002188
2022-12-29,14.816187235229508
2022-12-30,14.871419811900868
2023-01-03,17.824957051897954
2023-01-04,17.88777782212151
2023-01-05,18.00667656658375
2023-01-06,17.984279010249267
2023-01-09,18.17465618272379
2023-01-10,18.175749722764582
2023-01-11,18.33232389783824
2023-01-12,18.311044142091518
2023-01-13,18.13419030440486
2023-01-16,17.89832251805696
2023-01-17,15.990223347838592
2023-01-18,15.946547301748648
2023-01-19,15.543026574603703
2023-01-20,14.102559305937579
2023-01-30,14.56991743126178
2023-01-31,13.294002289567066
2023-02-01,14.199499699076195
2023-02-02,12.709938086596429
2023-02-03,12.255731128975397
2023-02-06,12.328282686592452
2023-02-07,9.844344384801802
2023-02-08,10.272164966976629
2023-02-09,10.695805777506614
2023-02-10,10.721854334359616
2023-02-13,10.93149342962834
2023-02-14,10.853035332538534
2023-02-15,9.779134646390132
2023-02-16,14.755669609069107
2023-02-17,15.09429960711261
2023-02-20,15.28765470659796
2023-02-21,15.139772202855593
2023-02-22,15.171694040626452
2023-02-23,15.31953948480205
2023-02-24,15.255494312072662
2023-02-27,14.809517691604396
2023-02-28,15.016442258383018
2023-03-01,14.071963113533725
2023-03-02,14.236127354213279
2023-03-03,14.257520252905238
2023-03-06,14.261378349683387
2023-03-07,16.068676799222285
2023-03-08,16.395565908441775
2023-03-09,15.763983781512838
2023-03-10,16.556660913747947
2023-03-13,16.020486092570668
2023-03-14,16.60468355965417
2023-03-15,16.936527650492607
2023-03-16,15.470645842802744
2023-03-17,15.770555775242098
2023-03-20,15.03800211597406
2023-03-21,16.213302356057703
2023-03-22,16.433725361015522
2023-03-23,16.429313941442263
2023-03-24,16.484483791496494
2023-03-27,16.220443746537445
2023-03-28,16.18910815475203
2023-03-29,15.76671825396629
2023-03-30,15.822949705845247
2023-03-31,16.65790283906089
2023-04-03,17.164478244944263
2023-04-04,15.851613183388011
2023-04-06,15.469292795565561
2023-04-07,15.991534434692808
2023-04-10,16.012948010782964
2023-04-11,16.049149336900122
2023-04-12,15.638461908206985
2023-04-13,15.540126752519889
2023-04-14,14.072364977486796
2023-04-17,13.913273299786999
2023-04-18,14.091144626768074
2023-04-19,12.824191003890698
2023-04-20,12.579406131942438
2023-04-21,16.163509265694078
2023-04-24,16.04819049403318
2023-04-25,17.301863150362237
2023-04-26,17.99583906746742
2023-04-27,18.03596279719045
2023-04-28,20.1524759074125
2023-05-04,19.794940606728787
2023-05-05,19.47945405761177
2023-05-08,19.280221367063227
2023-05-09,20.16920693071205
2023-05-10,19.870693206732362
2023-05-11,19.515563663283096
2023-05-12,19.752633229329668
2023-05-15,19.47831380330056
2023-05-16,19.56588404264537
2023-05-17,20.124788911317253
2023-05-18,20.40684399872737
2023-05-19,20.326808097989613
2023-05-22,20.40054375618639
2023-05-23,20.7150201743151
2023-05-24,17.86044884110975
2023-05-25,17.846191534925097
2023-05-26,15.990979704072759
2023-05-29,15.588862601498885
2023-05-30,15.48302536473051
2023-05-31,13.238340942808332
2023-06-01,13.000574885879201
2023-06-02,12.560140713709163
2023-06-05,12.607257003363417
2023-06-06,13.264728825703509
2023-06-07,13.30468034290867
2023-06-08,13.357808195403672
2023-06-09,12.754863087589557
2023-06-12,12.793302585217356
2023-06-13,12.302520333262136
2023-06-14,11.786855126702813
2023-06-15,11.558394468410512
2023-06-16,11.878018334330703
2023-06-19,11.904135369038144
2023-06-20,11.092172641735548
2023-06-21,13.14471759201314
2023-06-26,15.837912136595536
2023-06-27,17.002669034285866
2023-06-28,17.104148178281147
2023-06-29,17.498419100754607
2023-06-30,17.8897684269722
2023-07-03,17.86402589243914
2023-07-04,17.89302911380789
2023-07-05,18.06431839228836
2023-07-06,16.157421650446043
2023-07-07,16.29895094862688
2023-07-10,16.127474197869894
2023-07-11,16.16939554671908
2023-07-12,16.80473000399135
2023-07-13,17.080154624496362
2023-07-14,17.065649796362756
2023-07-17,17.066102216340916
2023-07-18,16.706659702898452
2023-07-19,16.58937594326825
2023-07-20,17.21636608215512
2023-07-21,16.20740134186292
2023-07-24,13.795572442394327
2023-07-25,13.089651395361868
2023-07-26,13.316329212560468
2023-07-27,12.706109294802644
2023-07-28,11.91932365751705
2023-07-31,12.491847475934545
2023-08-01,12.192543531822253
2023-08-02,11.952494366217808
2023-08-03,11.938286237283272
2023-08-04,11.799222923502336
2023-08-07,11.84856530987487
2023-08-08,11.46133882857534
2023-08-09,11.083887981228463
2023-08-10,10.37172905656117
2023-08-11,11.48457006554781
2023-08-14,11.979155059076001
2023-08-15,12.169015523651282
2023-08-16,12.643904149348103
2023-08-17,13.387344468594847
2023-08-18,14.474480272227899
2023-08-21,14.450203493138183
2023-08-22,13.558595261575102
2023-08-23,14.27549185507976
2023-08-24,14.19799429243374
2023-08-25,15.731075688883003
2023-08-28,15.657770937229259
2023-08-29,21.145351316217116
2023-08-30,21.498220906844573
2023-08-31,21.546310475032644
2023-09-01,21.48951769163501
2023-09-04,22.11962784457596
2023-09-05,22.138640684297773
2023-09-06,21.918791814747923
2023-09-07,22.713387401960627
2023-09-08,22.064148873243212
2023-09-11,22.227815240920958
2023-09-12,22.02290784766404
2023-09-13,22.072519890773727
2023-09-14,21.60872847565145
2023-09-15,20.72525152727289
2023-09-18,20.745557199218805
2023-09-19,21.10818540632379
2023-09-20,20.479115694871684
2023-09-21,20.609032313063263
2023-09-22,20.129814158161267
2023-09-25,20.031236549361626
2023-09-26,15.292353010313139
2023-09-27,14.972969890329143
2023-09-28,15.639605123620026
2023-10-09,15.675465069591757
2023-10-10,14.88037836478294
2023-10-11,14.891779905608505
2023-10-12,14.80369136219071
2023-10-13,13.532557681176213
2023-10-16,13.635536686616387
2023-10-17,13.090248143665267
2023-10-18,14.57821238266023
2023-10-19,14.297356196526003
2023-10-20,14.660433197543055
2023-10-23,16.568042638665162
2023-10-24,19.17595014009626
2023-10-25,19.92153409123375
2023-10-26,19.784874683818245
2023-10-27,20.007935121628524
2023-10-30,19.18321324518786
2023-10-31,19.29391611642646
2023-11-01,19.273694279530034
2023-11-02,19.664705230009925
2023-11-03,19.62874685562769
2023-11-06,21.28167886720334
2023-11-07,21.47509046122557
2023-11-08,21.49631288898918
2023-11-09,21.745217114026097
2023-11-10,21.683676781020516
2023-11-13,21.862631038996636
2023-11-14,21.870496898184744
2023-11-15,20.347333007106943
2023-11-16,20.048029457892998
2023-11-17,19.055981775729123
2023-11-20,15.653202825885067
2023-11-21,14.787959854561587
2023-11-22,15.084061985241991
2023-11-23,15.168675147448035
2023-11-24,16.01286332907328
2023-11-27,15.479272984144563
2023-11-28,15.246790356329884
2023-11-29,15.512220217486517
2023-11-30,15.02005517641612
2023-12-01,14.778785757467505
2023-12-04,12.589803857839376
2023-12-05,14.117894840056772
2023-12-06,14.121967698454894
2023-12-07,13.83746547923128
2023-12-08,14.29644684246601
2023-12-11,14.115912891604601
2023-12-12,13.949647826825661
2023-12-13,13.793362409298481
2023-12-14,13.733155525068241
2023-12-15,13.253188082044145
2023-12-18,13.22860251061471
2023-12-19,13.247387374229882
2023-12-20,13.411313026575113
2023-12-21,13.273374030694422
2023-12-22,13.947599961401158
2023-12-25,13.893939577063872
2023-12-26,14.046631393364198
2023-12-27,14.656627819873643
2023-12-28,16.143377889391758
2023-12-29,17.320234650306283
2024-01-02,17.309421417350368
2024-01-03,16.17275893270933
2024-01-04,16.037695127112478
2024-01-05,17.299876601330517
2024-01-08,18.077351034356283
2024-01-09,17.722327982513324
2024-01-10,17.811394707181037
2024-01-11,19.565946173373266
2024-01-12,19.729566935456564
2024-01-15,19.715447264324226
2024-01-16,19.291494912372727
2024-01-17,20.89826855806104
2024-01-18,20.710479353861054
2024-01-19,20.676863625472347
2024-01-22,28.948634580825715
2024-01-23,29.09695693576347
2024-01-24,29.777637850845984
2024-01-25,32.86175515937558
2024-01-26,32.00908259772829
2024-01-29,32.459923704645554
2024-01-30,33.41381580011671
2024-01-31,36.82534046209947
2024-02-01,36.720805534061654
2024-02-02,38.465754375899046
2024-02-05,48.80021484315208
2024-02-06,49.87933603493369
2024-02-07,50.01993539014159
2024-02-08,60.105450428580085
2024-02-19,63.31733071375064
2024-02-20,63.884045304169646
2024-02-21,64.44872537674271
2024-02-22,65.27866556584331
2024-02-23,66.68995215518655
2024-02-26,67.0501642845231
2024-02-27,64.18709088512092
2024-02-28,68.84096973017813
2024-02-29,70.2554699310077
2024-03-01,69.16409293219773
2024-03-04,69.25550017054735
2024-03-05,68.40420329658622
2024-03-06,67.5572722188123
2024-03-07,64.6490065017459
2024-03-08,64.32343657300149
2024-03-11,61.758815300639746
2024-03-12,47.503470349091096
2024-03-13,47.559600919202424
2024-03-14,45.74199703142877
2024-03-15,37.91451474015625
2024-03-18,36.283703847930795
2024-03-19,36.454380415521236
2024-03-20,36.43394681361513
2024-03-21,35.95605307870145
2024-03-22,35.363027456749926
2024-03-25,36.89917783137523
2024-03-26,35.65284944389516
2024-03-27,28.024312442833033
2024-03-28,26.017900120902254
2024-03-29,25.89057338082273
2024-04-01,26.591218794950162
2024-04-02,25.763447356430504
2024-04-03,26.027840833086874
2024-04-08,27.168278405369673
2024-04-09,27.203919910510937
2024-04-10,27.718717355267657
2024-04-11,27.31893559860955
2024-04-12,27.338473378381533
2024-04-15,30.66050139162963
2024-04-16,38.67165902446851
2024-04-17,45.142997048236424
2024-04-18,45.151447140726134
2024-04-19,44.66622805962582
2024-04-22,44.5475754993987
2024-04-23,44.76987964022264
2024-04-24,45.00929166428965
2024-04-25,45.05400629312107
2024-04-26,43.71950950493573
2024-04-29,43.72987451466039
2024-04-30,43.479398484067104
2024-05-06,43.47625867137053
2024-05-07,43.547011385734464
2024-05-08,43.62863699620584
2024-05-09,43.08825952030023
2024-05-10,43.008308671418995
2024-05-13,42.62884940159093
2024-05-14,42.72921012734561
2024-05-15,42.76165279396346
2024-05-16,39.975026430655284
2024-05-17,28.547699839819145
2024-05-20,19.109699642460054
2024-05-21,19.615632502885514
2024-05-22,19.440530280957105
2024-05-23,21.04142258694793
2024-05-24,21.444465867339606
2024-05-27,20.16048775035874
2024-05-28,20.416497980328284
2024-05-29,19.70812183609448
2024-05-30,17.205485750623758
2024-05-31,17.51050801229442
2024-06-03,16.73503110163871
2024-06-04,16.51728359124202
2024-06-05,17.41430930287545
2024-06-06,20.392768915981417
2024-06-07,22.084095399527083
2024-06-11,22.092949344902042
2024-06-12,22.755249218769023
2024-06-13,22.6926518040874
2024-06-14,22.594997980934558
2024-06-17,21.976548951451168
2024-06-18,22.80800860342491
2024-06-19,22.711707915897723
2024-06-20,23.53149739055883
2024-06-21,22.730876752336794
2024-06-24,26.059289793432004
2024-06-25,25.851374686894818
2024-06-26,28.59636578272284
2024-06-27,29.078546087033036
2024-06-28,29.3874882872109
2024-07-01,29.34187982159259
2024-07-02,28.88107260387744
2024-07-03,28.948737369395094
2024-07-04,29.48392484650827
2024-07-05,26.686903874791433
2024-07-08,27.361980241503005
2024-07-09,28.35107877750664
2024-07-10,27.546407033244236
2024-07-11,30.437665070811686
2024-07-12,30.414173369963276
2024-07-15,30.84254151448095
2024-07-16,30.155071608136826
2024-07-17,30.513957571728202
2024-07-18,29.709748130081753
2024-07-19,29.86946675389476
2024-07-22,26.56617069998269
2024-07-23,27.345882010880874
2024-07-24,25.279368516208734
2024-07-25,24.688362223587184
2024-07-26,25.59340943329051
2024-07-29,25.45422320340049
2024-07-30,25.65054511497673
2024-07-31,28.28102071346448
2024-08-01,26.36763223965733
2024-08-02,26.656253413657065
2024-08-05,26.571295005056893
2024-08-06,26.54600021074242
2024-08-07,26.3767276797497
2024-08-08,23.681748363430493
2024-08-09,23.721921753138254
2024-08-12,23.18476911695141
2024-08-13,23.349963302114247
2024-08-14,22.52702528235164
2024-08-15,22.776687201951653
2024-08-16,22.733137678436258
2024-08-19,22.74711054226854
2024-08-20,22.51860289481019
2024-08-21,21.627068275364515
2024-08-22,22.534677658799243
2024-08-23,21.482120840430426
2024-08-26,21.858526854116185
2024-08-27,22.440180876234475
2024-08-28,18.337202192521136
2024-08-29,19.452199860364626
2024-08-30,20.796927406493015
2024-09-02,19.15212440778136
2024-09-03,18.10768448162989
2024-09-04,18.1652939471426
2024-09-05,18.559140386384996
2024-09-06,19.575830936165996
2024-09-09,19.36246000425412
2024-09-10,19.301422809072353
2024-09-11,19.43150493213848
2024-09-12,18.942730763781913
2024-09-13,19.485481377756305
2024-09-18,19.503895810077424
2024-09-19,20.777593043902826
2024-09-20,20.775782715804958
2024-09-23,19.84583391416482
2024-09-24,22.433609419763812
2024-09-25,22.482793632470177
2024-09-26,23.10665822861628
2024-09-27,27.29089517562555
2024-09-30,43.775377821955004
2024-10-08,50.38103318179723
2024-10-09,63.17383340212195
2024-10-10,63.294845072170126
2024-10-11,65.4719669443509
2024-10-14,66.19451186265637
2024-10-15,65.82183199385908
2024-10-16,65.69901677896188
2024-10-17,65.79644500535188
2024-10-18,65.84321578693469
2024-10-21,65.82724330579637
2024-10-22,65.05126544407352
2024-10-23,64.81844393367439
2024-10-24,64.92495666687532
2024-10-25,64.7959604675569
2024-10-28,64.86525240073992
2024-10-29,65.69598832765172
2024-10-30,65.74969405214598
2024-10-31,65.48668354566914
2024-11-01,67.01382623729418
2024-11-04,57.06127679585491
2024-11-05,50.29491214987088
2024-11-06,34.81250089775289
2024-11-07,35.180033146642465
2024-11-08,30.529495019137947
2024-11-11,29.36696418500405
2024-11-12,29.38469090935027
2024-11-13,29.508866960141816
2024-11-14,32.57081811485612
2024-11-15,32.91703784006222
2024-11-18,34.096030622112366
2024-11-19,35.4935410562288
2024-11-20,36.45299862017977
2024-11-21,36.41024900922914
2024-11-22,38.0737449314783
2024-11-25,37.07757277520472
2024-11-26,36.68611516290963
2024-11-27,37.07792591536778
2024-11-28,36.600871988125434
2024-11-29,33.04272313419911
2024-12-02,33.319258798671626
2024-12-03,31.814050168386483
2024-12-04,32.27238075861638
2024-12-05,31.819745683684687
2024-12-06,31.922842027999753
2024-12-09,31.0507607863291
2024-12-10,30.859124583940318
2024-12-11,31.283380597331963
2024-12-12,28.76157841375036
2024-12-13,28.128649290591373
2024-12-16,25.54462097923781
2024-12-17,29.532905729456076
2024-12-18,28.215820408946772
2024-12-19,28.203220434517252
2024-12-20,25.284417988401707
2024-12-23,30.977711008128068
2024-12-24,30.774690899641442
2024-12-25,31.38313685887435
2024-12-26,31.944825659659386
2024-12-27,31.407732508640347
2024-12-30,30.268241612519418
2024-12-31,31.650025682994553
2025-01-02,31.67303809823095
2025-01-03,33.79193076934262
2025-01-06,33.26993007715308
2025-01-07,35.61705898188205
2025-01-08,35.29891138803911
2025-01-09,34.56767907172069
2025-01-10,34.83973995467436
2025-01-13,34.89414835615622
2025-01-14,40.83180137359903
2025-01-15,38.17626881019404
2025-01-16,38.13890500002153
2025-01-17,38.10357110400023
2025-01-20,38.03395570747176
2025-01-21,34.08024247682721
2025-01-22,34.07115868377863
2025-01-23,33.17434332288572
2025-01-24,33.01181490789166
2025-01-27,33.26592118463086
2025-02-05,33.56288495398784
2025-02-06,33.32503181526004
2025-02-07,33.0856458854231
2025-02-10,28.49504938125206
2025-02-11,28.188725095980853
2025-02-12,27.11674016000626
2025-02-13,27.739716579584577
2025-02-14,27.838814883548302
2025-02-17,24.86099860140761
2025-02-18,27.745090239035008
2025-02-19,23.684737117627026
2025-02-20,23.657186596056405
2025-02-21,23.787553327191034
2025-02-24,23.70453629672523
2025-02-25,23.70837139391825
2025-02-26,23.95134926380846
2025-02-27,23.154799915658668
2025-02-28,28.64517473679427
2025-03-03,28.418880898470427
2025-03-04,27.645716565953748
2025-03-05,27.486250306392463
2025-03-06,26.81117638018147
2025-03-07,26.762502706077402
2025-03-10,25.922393214785632
2025-03-11,25.841276204846693
2025-03-12,25.636431470864867
2025-03-13,26.27888291499599
2025-03-14,26.76704303610979
2025-03-17,26.30848359183222
2025-03-18,23.65496421894153
2025-03-19,22.083421214087807
2025-03-20,21.810201710583804
2025-03-21,22.926807434195847
2025-03-24,23.920535016480862
2025-03-25,24.14451337909654
2025-03-26,23.833213485827166
2025-03-27,23.923982888777864
2025-03-28,19.390038621671227
2025-03-31,19.8362334421121
2025-04-01,19.28277415707267
2025-04-02,19.097220937988943
2025-04-03,17.59917918990144
2025-04-07,50.0524369387336
2025-04-08,49.84576888431233
2025-04-09,51.53175688427514
2025-04-10,53.067434971291505
2025-04-11,53.21092091705998
2025-04-14,53.44160336627204
2025-04-15,53.253722922874594
2025-04-16,53.19590106138139
2025-04-17,53.3816007230535
2025-04-18,53.33027578538581
2025-04-21,53.99932348651453
2025-04-22,53.75463609588584
2025-04-23,53.961999923508394
2025-04-24,53.75926437758935
2025-04-25,53.78983281198016
2025-04-28,53.76601450683014
2025-04-29,53.84213091663784
2025-04-30,53.96395622279605
2025-05-06,55.22786929805348
2025-05-07,55.16726202893955
2025-05-08,22.339991901672583
2025-05-09,23.31398267919401
2025-05-12,22.12467097825826
2025-05-13,20.50926062143837
2025-05-14,20.47847625909238
2025-05-15,20.378213986639654
2025-05-16,20.44673580486168
2025-05-19,19.067289097640344
2025-05-20,19.10989306750569
2025-05-21,19.494249254626737
2025-05-22,19.131675527463344
2025-05-23,19.77321919926075
2025-05-26,19.82474636978883
2025-05-27,19.294283907774577
2025-05-28,19.413042323026968
2025-05-29,19.05253661905283
2025-05-30,20.34357289428496
2025-06-03,20.108797028131296
2025-06-04,17.272944762412166
2025-06-05,17.214907674810657
2025-06-06,16.88112006685696
2025-06-09,16.490159896912267
2025-06-10,16.054085431991197
2025-06-11,16.029940808759008
2025-06-12,16.03590069552348
2025-06-13,17.048186869240283
2025-06-16,17.157783951089428
2025-06-17,16.952657728658107
2025-06-18,16.74219263032084
2025-06-19,17.907163676573134
2025-06-20,17.668444508115712
2025-06-23,18.400895351727044
2025-06-24,19.416234334956766
2025-06-25,19.633100603782193
2025-06-26,19.585298549470004
2025-06-27,18.805975308693327
2025-06-30,18.01275736785969
2025-07-01,17.91608847728744
2025-07-02,18.099412293024642
2025-07-03,18.138531696019207
2025-07-04,18.638445117847102
2025-07-07,18.157386226247446
2025-07-08,18.25277906238287
2025-07-09,18.261829103847862
2025-07-10,18.278416553671963
2025-07-11,16.368368075267924
2025-07-14,16.180595975322426
2025-07-15,16.47190538746583
2025-07-16,16.402919492346417
2025-07-17,14.328263526116425
2025-07-18,13.522700026850668
2025-07-21,12.81580019034799
2025-07-22,11.214054215436347
2025-07-23,11.751393915116777
2025-07-24,11.986363521293619
2025-07-25,11.975878525897413
2025-07-28,11.241355929399651
2025-07-29,11.245620644103417
2025-07-30,11.310195534640586
2025-07-31,11.634523648536868
2025-08-01,10.63919069695068
2025-08-04,11.4486646082199
2025-08-05,11.118738113204508
2025-08-06,11.413055740286682
2025-08-07,11.364500074223558
2025-08-08,11.553348954657942
2025-08-11,12.434643623587357
2025-08-12,11.858201944578742
2025-08-13,12.021288495445477
2025-08-14,14.283533343939606
2025-08-15,15.415648285863876
2025-08-18,16.28345788479825
2025-08-19,16.21987837988892
2025-08-20,15.42719751088049
2025-08-21,15.912321133751206
2025-08-22,15.920417463270816
2025-08-25,16.082487589019507
2025-08-26,16.16557670674139
2025-08-27,18.370015943954254
2025-08-28,17.979603152382076
2025-08-29,18.207312834678486
2025-09-01,17.905848235380702
2025-09-02,19.674198851797808
2025-09-03,20.931237354215654
2025-09-04,21.627527224605267
2025-09-05,23.51108603740199
2025-09-08,23.17543732503485
2025-09-09,23.722172548464947
2025-09-10,23.487678726831028
2025-09-11,23.20072226660178
2025-09-12,22.280402809539797
2025-09-15,21.07302099768727
2025-09-16,21.66556810348135
2025-09-17,21.665599683417533
2025-09-18,21.86322810755153
2025-09-19,21.947490801980337
2025-09-22,21.587861290947856
2025-09-23,22.111171317948553
2025-09-24,21.132506885591738
2025-09-25,21.1068818591446
2025-09-26,21.764628479369033
2025-09-29,21.626371543726364
2025-09-30,20.471806654517074
2025-10-09,19.075894574320497
2025-10-10,18.42261030505064
2025-10-13,16.007623466946303
2025-10-14,16.402815601314277
2025-10-15,16.84950725062212
2025-10-16,17.418605354389
2025-10-17,18.67663352198647
2025-10-20,19.549369678035657
2025-10-21,20.861674505894527
2025-10-22,19.952044979900492
2025-10-23,19.83191822598718
2025-10-24,19.934255524595315
2025-10-27,20.057980367240095
2025-10-28,20.005783003438747
2025-10-29,19.349751612747077
2025-10-30,19.45438882436666
2025-10-31,19.73718711697165
2025-11-03,19.049412609174436
2025-11-04,19.144201134841886
2025-11-05,19.29455878296941
2025-11-06,19.281328103806974
2025-11-07,19.164251671615045
2025-11-10,19.23153818872783
2025-11-11,18.220649311301997
2025-11-12,17.624848637096306
2025-11-13,17.345185579486575
2025-11-14,13.585507849777107
2025-11-17,13.034676179035692
2025-11-18,12.731436773090483
2025-11-19,13.733190726618439
2025-11-20,14.05886890782062
2025-11-21,19.635264475504304
2025-11-24,20.539697003641848
2025-11-25,21.56434014111703
2025-11-26,21.529500519976686
2025-11-27,20.955712879492165
2025-11-28,21.152755425290064
2025-12-01,21.118524296424756
2025-12-02,20.965494563510376
2025-12-03,21.054705668793886
2025-12-04,21.011201587088518
2025-12-05,22.113349934767857
2025-12-08,22.62241962155499
2025-12-09,22.64168797931795
2025-12-10,22.533362163474784
2025-12-11,22.798923038388487
2025-12-12,22.89020374157971
2025-12-15,22.741835087688305
2025-12-16,23.06173274620289
2025-12-17,22.775698138488202
2025-12-18,22.593848827071845
2025-12-19,17.540741593693557
2025-12-22,16.737711512415203
2025-12-23,16.028924386475467
2025-12-24,16.68300530034486
2025-12-25,17.113545566071938
2025-12-26,16.684404839322774
2025-12-29,16.589409865451724
2025-12-30,16.48028741989336
2025-12-31,15.895743400175204
2026-01-05,16.24138034351863
2026-01-06,15.626974407972732
2026-01-07,15.081494677034446
2026-01-08,15.190638898787531
2026-01-09,15.82861888125892
2026-01-12,15.724563055571089
2026-01-13,17.891057599487663
2026-01-14,17.72524927794093
2026-01-15,16.61586827717427
2026-01-16,16.72650506595586
2026-01-19,16.719685266312798
2026-01-20,17.358323997320092
2026-01-21,17.398243735747705
2026-01-22,16.94121292232341
2026-01-23,17.18119983336247
2026-01-26,18.61489892106815
2026-01-27,18.53264927848186
2026-01-28,18.94492589951676
2026-01-29,19.718112360372448
2026-01-30,19.774773125372093
2026-02-02,21.48000010881303
2026-02-03,23.076824427929058
2026-02-04,23.063576148176367
2026-02-05,23.27746579080602
2026-02-06,22.629814933684887
2026-02-09,21.772449057841282
2026-02-10,20.726314294989955
2026-02-11,20.569183146333447
2026-02-12,20.234471180810942
2026-02-13,20.408435759480103
2026-02-24,20.479092652164262
2026-02-25,20.34555021411274
